{
"type": "FeatureCollection",
"name": "blackspots",
"crs": { "type": "name", "properties": { "name": "urn:ogc:def:crs:OGC:1.3:CRS84" } },
"features": [
{ "type": "Feature", "properties": { "fid": 1, "OBJECTID": 1, "density_cluster": 62, "lat": 77.541541, "long": 12.853516, "Crash_IDs": "363_06/2022,364_71/2022,365_89/2022,228_110/2023,229_234/2023,194_39/2024,195_83/2024,196_94/2024,197_186/2024", "Crash_Count": 9, "Fatal_Crashes": 3, "GI_Crashes": 6, "MI_Crashes": 0, "Karnataka_SI": 60, "WSI": 147, "Corporation": "South", "fclass": "motorway", "ref": "NICE", "b_code": "S-NICE-01" }, "geometry": { "type": "MultiPolygon", "coordinates": [ [ [ [ 77.543842767194747, 12.853493688692803 ], [ 77.543833886746071, 12.853316560523018 ], [ 77.543810869957312, 12.853140662016241 ], [ 77.54377385876208, 12.852967077636217 ], [ 77.543723081371724, 12.852796877577493 ], [ 77.543658850867857, 12.852631111167559 ], [ 77.543581563271388, 12.852470800397725 ], [ 77.543491695100599, 12.85231693362253 ], [ 77.543389800432792, 12.852170459466572 ], [ 77.543276507488102, 12.852032280976299 ], [ 77.543152514756002, 12.851903250052796 ], [ 77.543018586689001, 12.851784162199927 ], [ 77.542875548989585, 12.851675751620137 ], [ 77.542724283519675, 12.851578686688182 ], [ 77.542565722864012, 12.851493565830712 ], [ 77.542400844580911, 12.851420913837005 ], [ 77.542230665175708, 12.851361178623719 ], [ 77.542056233834359, 12.851314728473501 ], [ 77.541878625955462, 12.85128184976451 ], [ 77.541698936520774, 12.851262745204876 ], [ 77.541518273345076, 12.851257532582931 ], [ 77.541337750246768, 12.851266244040948 ], [ 77.54115848018165, 12.851288825876857 ], [ 77.540981568381852, 12.851325138875156 ], [ 77.540808105542382, 12.851374959165016 ], [ 77.540639161097246, 12.851437979600242 ], [ 77.540475776626636, 12.851513811652614 ], [ 77.540318959435581, 12.851601987806974 ], [ 77.540169676344021, 12.851701964443244 ], [ 77.54002884772629, 12.851813125187642 ], [ 77.539897341836792, 12.851934784712462 ], [ 77.539775969456983, 12.852066192960972 ], [ 77.539665478896538, 12.852206539771384 ], [ 77.539566551379536, 12.852354959871468 ], [ 77.539479796844176, 12.852510538212892 ], [ 77.539405750181899, 12.852672315612557 ], [ 77.539344867939064, 12.852839294666055 ], [ 77.539297525501638, 12.853010445896807 ], [ 77.539264014780116, 12.853184714103028 ], [ 77.539244542409079, 12.853361024863336 ], [ 77.539239228472582, 12.853538291160891 ], [ 77.539248105762908, 12.853715420085315 ], [ 77.539271119577776, 12.853891319570923 ], [ 77.539308128056817, 12.85406490512986 ], [ 77.539358903055515, 12.854235106538566 ], [ 77.539423131551203, 12.854400874436289 ], [ 77.539500417572384, 12.854561186795104 ], [ 77.539590284639573, 12.854715055221334 ], [ 77.539692178702637, 12.854861531049735 ], [ 77.539805471556349, 12.854999711192674 ], [ 77.539929464713467, 12.855128743708372 ], [ 77.540063393710994, 12.855247833053763 ], [ 77.540206432823581, 12.855356244989645 ], [ 77.540357700154487, 12.855453311107873 ], [ 77.540516263073101, 12.855538432952589 ], [ 77.540681143965472, 12.855611085710207 ], [ 77.540851326261958, 12.85567082144525 ], [ 77.541025760705409, 12.855717271862236 ], [ 77.54120337182087, 12.85575015057643 ], [ 77.541383064546864, 12.855769254879576 ], [ 77.54156373098759, 12.855774466989658 ], [ 77.541744257244247, 12.855765754777002 ], [ 77.541923530283242, 12.855743171962269 ], [ 77.542100444799246, 12.855706857785052 ], [ 77.54227391003036, 12.855657036145214 ], [ 77.542442856483675, 12.855594014222197 ], [ 77.542606242529587, 12.855518180580845 ], [ 77.542763060824242, 12.855430002775446 ], [ 77.542912344520531, 12.855330024466733 ], [ 77.543053173229254, 12.855218862069673 ], [ 77.543184678693734, 12.855097200952654 ], [ 77.543306050142988, 12.854965791211628 ], [ 77.543416539290277, 12.854825443045119 ], [ 77.543515464946296, 12.854677021758761 ], [ 77.543602217218677, 12.854521442430093 ], [ 77.543676261271713, 12.854359664266518 ], [ 77.543737140623264, 12.854192684691261 ], [ 77.543784479958575, 12.854021533193741 ], [ 77.543817987443546, 12.853847264982315 ], [ 77.543837456523264, 12.853670954478499 ], [ 77.543842767194747, 12.853493688692803 ] ] ] ] } },
{ "type": "Feature", "properties": { "fid": 2, "OBJECTID": 2, "density_cluster": 61, "lat": 77.51241991000001, "long": 12.86400014, "Crash_IDs": "360_09/2022,361_51/2022,362_97/2022,226_264/2023,227_289/2023,193_92/2024", "Crash_Count": 6, "Fatal_Crashes": 3, "GI_Crashes": 3, "MI_Crashes": 0, "Karnataka_SI": 45, "WSI": 135, "Corporation": "South", "fclass": "motorway", "ref": "NICE", "b_code": "S-NICE-02" }, "geometry": { "type": "MultiPolygon", "coordinates": [ [ [ [ 77.514721824704836, 12.863978066388912 ], [ 77.514712962732744, 12.863800933624995 ], [ 77.514689963396805, 12.863625029087062 ], [ 77.514652968523038, 12.863451437276106 ], [ 77.514602206222264, 12.863281228432536 ], [ 77.514537989483074, 12.863115451938063 ], [ 77.514460714241608, 12.862955129846206 ], [ 77.514370856940047, 12.862801250581349 ], [ 77.514268971588777, 12.862654762845105 ], [ 77.514155686350506, 12.862516569767665 ], [ 77.514031699667342, 12.862387523340061 ], [ 77.513897775954533, 12.862268419161722 ], [ 77.513754740887791, 12.86215999153573 ], [ 77.513603476312881, 12.862062908941917 ], [ 77.513444914809085, 12.86197776991577 ], [ 77.513280033939964, 12.861905099358552 ], [ 77.513109850226854, 12.861845345301306 ], [ 77.512935412882271, 12.861798876142796 ], [ 77.512757797341877, 12.861765978378324 ], [ 77.512578098634634, 12.861746854833422 ], [ 77.512397424632496, 12.861741623413412 ], [ 77.512216889220582, 12.861750316376391 ], [ 77.512037605430564, 12.861772880134257 ], [ 77.511860678579168, 12.861809175582898 ], [ 77.511687199454144, 12.861858978959633 ], [ 77.511518237589826, 12.861921983222485 ], [ 77.511354834673725, 12.861997799942909 ], [ 77.511197998124544, 12.862085961700242 ], [ 77.511048694881495, 12.86218592496313 ], [ 77.510907845443057, 12.862297073440248 ], [ 77.510776318191944, 12.862418721879509 ], [ 77.510654924041233, 12.862550120292537 ], [ 77.510544411434765, 12.862690458578209 ], [ 77.510445461732445, 12.862838871516875 ], [ 77.510358685009251, 12.862994444104395 ], [ 77.510284616293319, 12.8631562171932 ], [ 77.510223712266992, 12.863323193405494 ], [ 77.510176348450472, 12.863494343282298 ], [ 77.510142816886074, 12.863668611630226 ], [ 77.510123324336888, 12.863844924027088 ], [ 77.51011799101137, 12.864022193446033 ], [ 77.510126849821376, 12.86419932695749 ], [ 77.510149846178592, 12.864375232467571 ], [ 77.510186838330313, 12.86454882545134 ], [ 77.510237598232763, 12.864719035639505 ], [ 77.510301812956399, 12.864884813617255 ], [ 77.510379086614691, 12.86504513729454 ], [ 77.510468942804494, 12.865199018207949 ], [ 77.51057082754275, 12.865345507615265 ], [ 77.51068411268183, 12.865483702345148 ], [ 77.510808099782139, 12.865612750365898 ], [ 77.510942024418085, 12.865731856038831 ], [ 77.511085060891276, 12.865840285024078 ], [ 77.511236327321285, 12.865937368808334 ], [ 77.511394891083171, 12.866022508826797 ], [ 77.511559774557767, 12.86609518015378 ], [ 77.51172996115956, 12.866154934739269 ], [ 77.511904401604909, 12.866201404171504 ], [ 77.512082020381854, 12.866234301948445 ], [ 77.512261722381652, 12.866253425244247 ], [ 77.512442399651349, 12.866258656159722 ], [ 77.512622938225334, 12.866249962449199 ], [ 77.512802224994076, 12.866227397719189 ], [ 77.512979154567532, 12.866191101097737 ], [ 77.513152636090879, 12.866141296376405 ], [ 77.513321599970752, 12.866078290630275 ], [ 77.513485004469999, 12.866002472324421 ], [ 77.513641842130966, 12.865914308918542 ], [ 77.513791145987028, 12.86581434398458 ], [ 77.513931995524644, 12.865703193855014 ], [ 77.514063522358626, 12.865581543822614 ], [ 77.514184915586185, 12.865450143914989 ], [ 77.514295426786219, 12.865309804270062 ], [ 77.514394374633426, 12.865161390140956 ], [ 77.514481149098543, 12.865005816561114 ], [ 77.514555215209015, 12.864844042702556 ], [ 77.514616116346659, 12.86467706596201 ], [ 77.514663477062385, 12.864505915811485 ], [ 77.514697005390246, 12.864331647451088 ], [ 77.514716494646862, 12.864155335303321 ], [ 77.514721824704836, 12.863978066388912 ] ] ] ] } },
{ "type": "Feature", "properties": { "fid": 3, "OBJECTID": 3, "density_cluster": 49, "lat": 77.6380948, "long": 12.8664788, "Crash_IDs": "194_82/2023,195_011/2023,196_236/2023,151_98/2024,152_101/2024", "Crash_Count": 5, "Fatal_Crashes": 0, "GI_Crashes": 5, "MI_Crashes": 0, "Karnataka_SI": 25, "WSI": 20, "Corporation": "South", "fclass": "motorway", "ref": "NICE", "b_code": "S-NICE-03" }, "geometry": { "type": "MultiPolygon", "coordinates": [ [ [ [ 77.640396508727434, 12.866455619104347 ], [ 77.64038755882693, 12.866278507390234 ], [ 77.640364473376508, 12.866102630598775 ], [ 77.640327394733077, 12.865929073059624 ], [ 77.640276551523826, 12.865758904801622 ], [ 77.640212257235945, 12.865593174956022 ], [ 77.640134908283557, 12.865432905288511 ], [ 77.640044981563008, 12.865279083900081 ], [ 77.639943031512416, 12.865132659135373 ], [ 77.639829686693091, 12.86499453373623 ], [ 77.639705645914177, 12.864865559276357 ], [ 77.639571673924138, 12.864746530911468 ], [ 77.639428596696021, 12.864638182477263 ], [ 77.639277296335223, 12.864541181965389 ], [ 77.639118705641394, 12.864456127405399 ], [ 77.638953802357761, 12.864383543177944 ], [ 77.638783603143665, 12.864323876782006 ], [ 77.638609157306988, 12.864277496076118 ], [ 77.638431540335546, 12.86424468701048 ], [ 77.638251847267085, 12.864225651864048 ], [ 77.638071185938642, 12.864220507997414 ], [ 77.637890670157248, 12.86422928712917 ], [ 77.637711412833539, 12.864251935140242 ], [ 77.637534519121147, 12.864288312407348 ], [ 77.63736107960365, 12.864338194663635 ], [ 77.637192163571356, 12.86440127438105 ], [ 77.637028812429406, 12.864477162666061 ], [ 77.636872033277527, 12.864565391656967 ], [ 77.63672279270132, 12.864665417408059 ], [ 77.636582010813214, 12.864776623242832 ], [ 77.636450555579742, 12.864898323555652 ], [ 77.636329237470278, 12.865029768038333 ], [ 77.636218804460157, 12.86517014630569 ], [ 77.63611993741884, 12.865318592891501 ], [ 77.636033245911932, 12.865474192584065 ], [ 77.635959264442505, 12.865635986068538 ], [ 77.635898449155178, 12.865802975841204 ], [ 77.635851175023262, 12.865974132359238 ], [ 77.635817733536285, 12.866148400388063 ], [ 77.635798330902119, 12.866324705507193 ], [ 77.635793086774896, 12.866501960734357 ], [ 77.635802033516569, 12.866679073227205 ], [ 77.635825115996667, 12.866854951021134 ], [ 77.635862191931452, 12.867028509761811 ], [ 77.635913032760442, 12.867198679390809 ], [ 77.635977325054995, 12.86736441074312 ], [ 77.636054672450143, 12.867524682015945 ], [ 77.636144598087853, 12.867678505068781 ], [ 77.636246547556667, 12.86782493151599 ], [ 77.636359892309571, 12.867963058574309 ], [ 77.636483933539125, 12.868092034629173 ], [ 77.636617906485711, 12.868211064485594 ], [ 77.636760985152762, 12.868319414271154 ], [ 77.63691228739944, 12.868416415960915 ], [ 77.637070880379653, 12.868501471496339 ], [ 77.637235786293871, 12.868574056472749 ], [ 77.637405988417996, 12.868633723372712 ], [ 77.637580437372478, 12.8686801043253 ], [ 77.637758057592734, 12.868712913374225 ], [ 77.63793775396104, 12.868731948240951 ], [ 77.63811841855906, 12.868737091571765 ], [ 77.638298937499314, 12.868728311661281 ], [ 77.638478197793319, 12.868705662647745 ], [ 77.638655094214343, 12.868669284179111 ], [ 77.638828536112129, 12.868619400551825 ], [ 77.638997454137723, 12.868556319327704 ], [ 77.639160806836927, 12.868480429437373 ], [ 77.639317587071673, 12.868392198782061 ], [ 77.639466828229644, 12.868292171348472 ], [ 77.639607610184157, 12.86818096385452 ], [ 77.639739064966989, 12.86805926194671 ], [ 77.639860382119892, 12.867927815972497 ], [ 77.639970813691107, 12.867787436353785 ], [ 77.64006967884653, 12.867638988590084 ], [ 77.640156368067053, 12.867483387922089 ], [ 77.640230346905895, 12.867321593688663 ], [ 77.640291159283194, 12.867154603411969 ], [ 77.640338430297305, 12.866983446647243 ], [ 77.640371868535468, 12.866809178635123 ], [ 77.640391267869802, 12.8666328737957 ], [ 77.640396508727434, 12.866455619104347 ] ] ] ] } },
{ "type": "Feature", "properties": { "fid": 4, "OBJECTID": 4, "density_cluster": 48, "lat": 77.4761342, "long": 12.8957302, "Crash_IDs": "98_44958.0,99_251/2023,132_36/2024,133_81/2024,134_131/2024", "Crash_Count": 5, "Fatal_Crashes": 3, "GI_Crashes": 2, "MI_Crashes": 0, "Karnataka_SI": 40, "WSI": 131, "Corporation": "West", "fclass": "motorway", "ref": "NICE", "b_code": "W-NICE-01" }, "geometry": { "type": "MultiPolygon", "coordinates": [ [ [ [ 77.478436468298369, 12.895708392143684 ], [ 77.478427626261663, 12.895531254065661 ], [ 77.478404644557699, 12.895355342608156 ], [ 77.478367664903928, 12.895181742314904 ], [ 77.478316915317421, 12.895011523478674 ], [ 77.478252708708496, 12.894845735542829 ], [ 77.478175440950963, 12.89468540063147 ], [ 77.47808558844099, 12.894531507248034 ], [ 77.477983705159517, 12.894385004181204 ], [ 77.477870419256632, 12.894246794655675 ], [ 77.477746429178595, 12.894117730763863 ], [ 77.47761249936174, 12.893998608212854 ], [ 77.47746945551944, 12.893890161418948 ], [ 77.477318179551659, 12.893793058980094 ], [ 77.477159604107953, 12.893707899554066 ], [ 77.476994706837857, 12.893635208167822 ], [ 77.476824504363861, 12.893575432980743 ], [ 77.476650046014129, 12.893528942521776 ], [ 77.476472407353768, 12.893496023417452 ], [ 77.476292683554306, 12.893476878624782 ], [ 77.476111982642252, 12.89347162618 ], [ 77.475931418668623, 12.893480298470738 ], [ 77.475752104841078, 12.893502842036266 ], [ 77.475575146661427, 12.893539117896896 ], [ 77.475401635110444, 12.893588902410654 ], [ 77.475232639922311, 12.893651888651803 ], [ 77.475069202989843, 12.893727688302873 ], [ 77.474912331941326, 12.893815834048409 ], [ 77.474762993928579, 12.89391578245578 ], [ 77.474622109664338, 12.89402691732524 ], [ 77.47449054774593, 12.894148553488625 ], [ 77.47436911930005, 12.89427994103327 ], [ 77.474258572981924, 12.894420269925112 ], [ 77.474159590359221, 12.894568675002461 ], [ 77.474072781709836, 12.894724241309724 ], [ 77.473998682258738, 12.894886009738123 ], [ 77.473937748877702, 12.895052982938685 ], [ 77.473890357267976, 12.895224131471075 ], [ 77.473856799643215, 12.895398400150301 ], [ 77.473837282927221, 12.895574714552211 ], [ 77.473831927477519, 12.895751987637686 ], [ 77.473840766342448, 12.895929126454639 ], [ 77.473863745056732, 12.896105038876541 ], [ 77.473900721976591, 12.896278640335925 ], [ 77.473951469152212, 12.896448860511303 ], [ 77.474015673732666, 12.896614649926336 ], [ 77.474092939894064, 12.896774986420501 ], [ 77.474182791279588, 12.896928881451384 ], [ 77.474284673935941, 12.897075386189746 ], [ 77.474397959728449, 12.897213597369722 ], [ 77.474521950213571, 12.897342662858163 ], [ 77.474655880944951, 12.897461786908677 ], [ 77.474798926186665, 12.897570235068027 ], [ 77.47495020400433, 12.897667338704649 ], [ 77.475108781702829, 12.897752499131276 ], [ 77.475273681577107, 12.897825191296308 ], [ 77.475443886940553, 12.897884967021195 ], [ 77.475618348393837, 12.897931457763741 ], [ 77.475795990295452, 12.897964376890435 ], [ 77.475975717394064, 12.897983521443717 ], [ 77.476156421581877, 12.897988773393246 ], [ 77.476336988727283, 12.897980100363581 ], [ 77.476516305544479, 12.897957555833649 ], [ 77.476693266458071, 12.897921278806889 ], [ 77.476866780419925, 12.897871492953985 ], [ 77.477035777636544, 12.897808505233648 ], [ 77.477199216165147, 12.897732703999775 ], [ 77.477356088338112, 12.897644556606787 ], [ 77.477505426975981, 12.897544606527887 ], [ 77.477646311350583, 12.897433470003978 ], [ 77.477777872861921, 12.897311832243963 ], [ 77.477899300393275, 12.897180443199819 ], [ 77.478009845311988, 12.897040112942534 ], [ 77.478108826084792, 12.896891706667413 ], [ 77.478195632479384, 12.89673613935955 ], [ 77.4782697293263, 12.896574370152363 ], [ 77.478330659817885, 12.896407396413991 ], [ 77.478378048324075, 12.896236247598024 ], [ 77.478411602707595, 12.896061978896427 ], [ 77.47843111612444, 12.895885664733909 ], [ 77.478436468298369, 12.895708392143684 ] ] ] ] } },
{ "type": "Feature", "properties": { "fid": 5, "OBJECTID": 5, "density_cluster": 25, "lat": 77.47203507, "long": 12.90578572, "Crash_IDs": "216_284/2022,217_339/2022,100_265/2023,101_25/2023,102_26/2023,103_44/2023,104_56/2023,105_89/2023,106_183/2023,107_281/2023,108_374/2023,176_374/2023,135_27/2024,136_104/2024", "Crash_Count": 14, "Fatal_Crashes": 6, "GI_Crashes": 8, "MI_Crashes": 0, "Karnataka_SI": 100, "WSI": 278, "Corporation": "West", "fclass": "trunk", "ref": "NH275", "b_code": "W-NH275-01" }, "geometry": { "type": "MultiPolygon", "coordinates": [ [ [ [ 77.474337437423245, 12.905763931534395 ], [ 77.474328596560113, 12.905586792980811 ], [ 77.474305615411339, 12.905410880931186 ], [ 77.474268635690933, 12.905237279932912 ], [ 77.474217885416437, 12.905067060283102 ], [ 77.474153677502429, 12.904901271430143 ], [ 77.474076407830793, 12.904740935503794 ], [ 77.473986552809507, 12.904587041013739 ], [ 77.473884666435055, 12.904440536755478 ], [ 77.473771376876556, 12.904302325961048 ], [ 77.473647382602877, 12.904173260730678 ], [ 77.473513448076176, 12.904054136779697 ], [ 77.473370399038913, 12.903945688533019 ], [ 77.473219117423056, 12.903848584597542 ], [ 77.473060535913021, 12.90376342364025 ], [ 77.472895632195716, 12.903690730697521 ], [ 77.472725422933337, 12.903630953938331 ], [ 77.47255095749594, 12.903584461901294 ], [ 77.472373311492291, 12.903551541222654 ], [ 77.472193580139148, 12.903532394869128 ], [ 77.472012871509619, 12.903527140886549 ], [ 77.471832299702257, 12.903535811672031 ], [ 77.471652977972965, 12.903558353774102 ], [ 77.471476011872269, 12.903594628222104 ], [ 77.471302492429743, 12.903644411382759 ], [ 77.471133489428212, 12.903707396338675 ], [ 77.47097004480861, 12.903783194780305 ], [ 77.470813166246614, 12.903871339399657 ], [ 77.470663820940345, 12.903971286771046 ], [ 77.470522929647473, 12.904082420701119 ], [ 77.470391361008637, 12.904204056027513 ], [ 77.470269926192003, 12.904335442842738 ], [ 77.470159373892002, 12.904475771117239 ], [ 77.470060385713239, 12.904624175693145 ], [ 77.469973571967827, 12.90477974161797 ], [ 77.469899467912171, 12.904941509785305 ], [ 77.469838530446452, 12.905108482847812 ], [ 77.469791135297115, 12.905279631366012 ], [ 77.469757574699614, 12.905453900155013 ], [ 77.469738055596167, 12.905630214790007 ], [ 77.469732698358996, 12.905807488230444 ], [ 77.469741536047493, 12.905984627522063 ], [ 77.469764514203689, 12.906160540535415 ], [ 77.469801491187212, 12.906334142699388 ], [ 77.469852239047938, 12.906504363688162 ], [ 77.469916444930703, 12.906670154020377 ], [ 77.469993713003646, 12.906830491529863 ], [ 77.470083566898168, 12.906984387667938 ], [ 77.470185452645552, 12.907130893598532 ], [ 77.470298742092055, 12.907269106048423 ], [ 77.47042273677161, 12.907398172876622 ], [ 77.470556672212055, 12.907517298328465 ], [ 77.470699722648419, 12.907625747942067 ], [ 77.470851006114302, 12.90772285307688 ], [ 77.471009589879742, 12.907808015036386 ], [ 77.471174496202281, 12.907880708759524 ], [ 77.471344708355559, 12.907940486058118 ], [ 77.471519176898354, 12.90798697838026 ], [ 77.471696826145447, 12.90801989908268 ], [ 77.471876560800183, 12.908039045198089 ], [ 77.472057272708184, 12.90804429868651 ], [ 77.472237847690181, 12.908035627163001 ], [ 77.472417172412051, 12.908013084097199 ], [ 77.47259414124963, 12.9079768084835 ], [ 77.472767663105927, 12.907927023983881 ], [ 77.472936668138701, 12.907864037548702 ], [ 77.473100114356981, 12.90778823752394 ], [ 77.473256994045741, 12.907700091256569 ], [ 77.473406339979107, 12.907600142212846 ], [ 77.473547231383961, 12.907489006627314 ], [ 77.47367879961692, 12.907367369703085 ], [ 77.47380023351981, 12.907235981387 ], [ 77.47391078442071, 12.90709565174558 ], [ 77.474009770749433, 12.906947245970336 ], [ 77.474096582239454, 12.906791679043295 ], [ 77.474170683689877, 12.906629910095544 ], [ 77.474231618264682, 12.906462936493641 ], [ 77.474279010308635, 12.906291787690339 ], [ 77.474312567662693, 12.906117518877554 ], [ 77.474332083464532, 12.905941204480676 ], [ 77.474337437423245, 12.905763931534395 ] ] ] ] } },
{ "type": "Feature", "properties": { "fid": 6, "OBJECTID": 6, "density_cluster": 26, "lat": 77.48575252000001, "long": 12.91299295, "Crash_IDs": "218_120/2022,219_216/2022,220_70/2022,221_139/2022,222_185/2022,223_214/2022,224_246/2022,109_438/2023,110_16/2023,111_171/2023,112_176/2023,113_188/2023,114_225/2023,115_294/2023,116_302/2023,117_320/2023,118_377/2023,119_380/2023,137_65/2024,138_96/2024,139_110/2024,140_151/2024", "Crash_Count": 22, "Fatal_Crashes": 7, "GI_Crashes": 15, "MI_Crashes": 0, "Karnataka_SI": 145, "WSI": 347, "Corporation": "West", "fclass": "trunk", "ref": "NH275", "b_code": "W-NH275-02" }, "geometry": { "type": "MultiPolygon", "coordinates": [ [ [ [ 77.488054929362676, 12.912971028744236 ], [ 77.488046077698144, 12.912793892546997 ], [ 77.488023085556193, 12.912617983657887 ], [ 77.487986094718678, 12.91244438660477 ], [ 77.487935333271636, 12.912274171660416 ], [ 77.487871114198555, 12.91210838824416 ], [ 77.487793833450127, 12.911948058452211 ], [ 77.487703967502554, 12.911794170756419 ], [ 77.487602070419669, 12.911647673910355 ], [ 77.487488770436642, 12.911509471100354 ], [ 77.487364766086529, 12.911380414377399 ], [ 77.487230821893604, 12.911261299404353 ], [ 77.487087763659872, 12.911152860550775 ], [ 77.486936473374001, 12.911055766365653 ], [ 77.486777883773755, 12.910970615455868 ], [ 77.486612972595921, 12.910897932795853 ], [ 77.486442756548669, 12.910838166491207 ], [ 77.486268285043835, 12.910791685016104 ], [ 77.486090633727557, 12.9107587749417 ], [ 77.485910897849308, 12.91073963916935 ], [ 77.485730185510107, 12.910734395679693 ], [ 77.485549610831313, 12.910743076805165 ], [ 77.485370287086567, 12.910765629030593 ], [ 77.485193319838757, 12.910801913322926 ], [ 77.485019800124576, 12.910851705988231 ], [ 77.484850797728484, 12.910914700050547 ], [ 77.484687354587734, 12.910990507144211 ], [ 77.484530478368882, 12.911078659907913 ], [ 77.484381136255621, 12.911178614865777 ], [ 77.484240248985969, 12.9112897557777 ], [ 77.484108685175784, 12.91141139743829 ], [ 77.483987255963484, 12.911542789901008 ], [ 77.483876710009, 12.911683123101485 ], [ 77.48377772887784, 12.91183153185149 ], [ 77.483690922838719, 12.911987101172786 ], [ 77.483616827100562, 12.912148871938015 ], [ 77.483555898512307, 12.912315846783807 ], [ 77.483508512745672, 12.912486996259675 ], [ 77.483474961978374, 12.912661265174794 ], [ 77.483455453091963, 12.912837579103556 ], [ 77.483450106395736, 12.913014851009736 ], [ 77.483458954884128, 12.91319198794849 ], [ 77.483481944032576, 12.913367897804861 ], [ 77.483518932132952, 12.913541496027159 ], [ 77.483569691166608, 12.913711712313827 ], [ 77.483633908209484, 12.913877497212479 ], [ 77.483711187360896, 12.9140378285904 ], [ 77.483801052183935, 12.914191717936697 ], [ 77.483902948642481, 12.914338216457145 ], [ 77.484016248516724, 12.914476420924192 ], [ 77.48414025327628, 12.914605479246049 ], [ 77.484274198386828, 12.914724595720484 ], [ 77.484417258023726, 12.914833035940962 ], [ 77.484568550163786, 12.914930131324844 ], [ 77.484727142023559, 12.915015283235736 ], [ 77.484892055810647, 12.915087966674541 ], [ 77.485062274752622, 12.915147733516497 ], [ 77.485236749366379, 12.915194215274189 ], [ 77.485414403929212, 12.915227125369512 ], [ 77.485594143111683, 12.915246260900584 ], [ 77.485774858731489, 12.915251503892724 ], [ 77.485955436586437, 12.91524282202573 ], [ 77.486134763324685, 12.915220268833046 ], [ 77.48631173330962, 12.915183983371531 ], [ 77.486485255437188, 12.915134189363911 ], [ 77.486654259863471, 12.9150711938192 ], [ 77.486817704601251, 12.914995385139562 ], [ 77.486974581944636, 12.914907230725358 ], [ 77.487123924682237, 12.914807274093105 ], [ 77.487264812060687, 12.914696131524137 ], [ 77.487396375461415, 12.91457448826465 ], [ 77.487517803756091, 12.914443094300541 ], [ 77.48762834830741, 12.914302759733161 ], [ 77.487727327584381, 12.914154349784397 ], [ 77.487814131363962, 12.913998779462 ], [ 77.487888224492877, 12.913837007917977 ], [ 77.487949150186409, 12.913670032534874 ], [ 77.487996532844136, 12.913498882776416 ], [ 77.488030080364894, 12.913324613840382 ], [ 77.488049585947039, 12.913148300152892 ], [ 77.488054929362676, 12.912971028744236 ] ] ] ] } },
{ "type": "Feature", "properties": { "fid": 7, "OBJECTID": 7, "density_cluster": 28, "lat": 77.626051, "long": 12.911913, "Crash_IDs": "323_22/2022,324_38/2022,325_40/2022,326_27/2022,188_44927.0,189_187/2023,190_18/2023,191_337/2023,143_150/2024,144_023/2024,145_026/2024,146_087/2024", "Crash_Count": 12, "Fatal_Crashes": 5, "GI_Crashes": 7, "MI_Crashes": 0, "Karnataka_SI": 85, "WSI": 233, "Corporation": "South", "fclass": "trunk", "ref": "NH44", "b_code": "S-NH44-01" }, "geometry": { "type": "MultiPolygon", "coordinates": [ [ [ [ 77.628353146173211, 12.911889844790544 ], [ 77.628344196634757, 12.911712731886256 ], [ 77.628321108847146, 12.911536853753848 ], [ 77.62828402518177, 12.911363294731244 ], [ 77.628233174296895, 12.911193124856444 ], [ 77.628168869727176, 12.911027393270651 ], [ 77.628091507950188, 12.910867121750281 ], [ 77.62800156594146, 12.910713298407716 ], [ 77.627899598233469, 12.910566871599618 ], [ 77.627786233496437, 12.910428744080392 ], [ 77.627662170662347, 12.910299767436761 ], [ 77.627528174615676, 12.91018073683786 ], [ 77.627385071477818, 12.9100723861331 ], [ 77.627233743513926, 12.909975383328076 ], [ 77.627075123693757, 12.909890326466416 ], [ 77.626910189940133, 12.909817739942897 ], [ 77.626739959100163, 12.909758071270607 ], [ 77.626565480676646, 12.909711688322064 ], [ 77.62638783035824, 12.909678877061234 ], [ 77.626208103388151, 12.909659839780563 ], [ 77.626027407812373, 12.909654693853767 ], [ 77.625846857648924, 12.909663471012104 ], [ 77.62566756602034, 12.909686117148645 ], [ 77.625490638291623, 12.90972249265166 ], [ 77.625317165255936, 12.909772373265159 ], [ 77.625148216410139, 12.909835451471229 ], [ 77.62498483336158, 12.90991133838566 ], [ 77.624828023406607, 12.909999566155232 ], [ 77.624678753320666, 12.910099590841796 ], [ 77.624537943398025, 12.910210795775447 ], [ 77.624406461778008, 12.910332495356155 ], [ 77.624285119092661, 12.910463939280298 ], [ 77.624174663468807, 12.910604317166186 ], [ 77.624075775915344, 12.910752763550008 ], [ 77.623989066124352, 12.910908363221372 ], [ 77.623915068711668, 12.911070156865621 ], [ 77.623854239920263, 12.911237146978106 ], [ 77.623806954806781, 12.911408304013969 ], [ 77.623773504928522, 12.911582572735492 ], [ 77.623754096545213, 12.911758878717961 ], [ 77.623748849346526, 12.91193613497382 ], [ 77.623757795713459, 12.912113248654403 ], [ 77.623780880517998, 12.912289127787814 ], [ 77.623817961462137, 12.912462688011471 ], [ 77.623868809954672, 12.912632859257805 ], [ 77.623933112519808, 12.912798592351841 ], [ 77.624010472729367, 12.912958865480023 ], [ 77.624100413646389, 12.913112690490383 ], [ 77.624202380765311, 12.913259118985188 ], [ 77.62431574543038, 12.913397248168511 ], [ 77.624439808711401, 12.913526226412637 ], [ 77.62457380571287, 12.91364525850903 ], [ 77.624716910289905, 12.913753610571408 ], [ 77.624868240141936, 12.913850614560745 ], [ 77.625026862252682, 12.913935672404254 ], [ 77.625191798642916, 12.914008259682978 ], [ 77.625362032400645, 12.914067928865222 ], [ 77.625536513951175, 12.914114312065939 ], [ 77.625714167528884, 12.914147123314928 ], [ 77.6258938978103, 12.914166160320047 ], [ 77.626074596667905, 12.914171305714364 ], [ 77.626255150002848, 12.914162527779727 ], [ 77.626434444614517, 12.914139880642189 ], [ 77.626611375064471, 12.91410350393812 ], [ 77.626784850492513, 12.914053621953087 ], [ 77.626953801342864, 12.913990542238777 ], [ 77.627117185958866, 12.913914653716526 ], [ 77.627273997005545, 12.91382642427916 ], [ 77.627423267680584, 12.913726397905888 ], [ 77.627564077675174, 12.913615191308146 ], [ 77.627695558848274, 12.913493490126942 ], [ 77.627816900578793, 12.913362044705305 ], [ 77.627927354763472, 12.913221665461798 ], [ 77.628026240428795, 12.913073217893661 ], [ 77.628112947929225, 12.912917617240453 ], [ 77.628186942705284, 12.912755822841005 ], [ 77.628247768578944, 12.912588832218557 ], [ 77.628295050565413, 12.912417674930527 ], [ 77.628328497184356, 12.912243406220838 ], [ 77.628347902256337, 12.912067100513921 ], [ 77.628353146173211, 12.911889844790544 ] ] ] ] } },
{ "type": "Feature", "properties": { "fid": 8, "OBJECTID": 8, "density_cluster": 63, "lat": 77.665206, "long": 12.92086, "Crash_IDs": "327_0063/2022,328_0076/2022,348_0005/2022,199_0168/2023,154_0066/2024,155_0080/2024", "Crash_Count": 6, "Fatal_Crashes": 1, "GI_Crashes": 5, "MI_Crashes": 0, "Karnataka_SI": 35, "WSI": 61, "Corporation": "East", "fclass": "trunk", "ref": "ORR", "b_code": "E-ORR-01" }, "geometry": { "type": "MultiPolygon", "coordinates": [ [ [ [ 77.667508154920455, 12.920836483944729 ], [ 77.667499176425366, 12.92065937790772 ], [ 77.667476059806333, 12.920483508824919 ], [ 77.667438947612524, 12.92030996097837 ], [ 77.667388068678051, 12.920139804337085 ], [ 77.6673237367105, 12.919974087960595 ], [ 77.667246348356286, 12.919813833531473 ], [ 77.667156380754733, 12.919660029056661 ], [ 77.667054388596043, 12.919513622776448 ], [ 77.666941000701115, 12.919375517318626 ], [ 77.666816916144597, 12.919246564133882 ], [ 77.666682899944817, 12.919127558246702 ], [ 77.6665397783473, 12.919019233354142 ], [ 77.666388433730901, 12.918922257302665 ], [ 77.666229799167994, 12.918837227970982 ], [ 77.66606485267215, 12.918764669584192 ], [ 77.66589461116898, 12.918705029481952 ], [ 77.665720124226951, 12.918658675360696 ], [ 77.665542467587159, 12.918625893006745 ], [ 77.665362736531733, 12.918606884534391 ], [ 77.665182039131807, 12.918601767139837 ], [ 77.665001489416653, 12.918610572378514 ], [ 77.664822200505995, 12.91863324597046 ], [ 77.664645277748079, 12.918669648134756 ], [ 77.664471811905472, 12.918719554451133 ], [ 77.66430287243071, 12.918782657243282 ], [ 77.664139500873404, 12.9188585674755 ], [ 77.663982704459116, 12.918946817150854 ], [ 77.663833449879903, 12.919046862196197 ], [ 77.663692657334494, 12.91915808581615 ], [ 77.663561194855177, 12.919279802295504 ], [ 77.663439872956076, 12.919411261226461 ], [ 77.663329439635945, 12.919551652134819 ], [ 77.663230575766306, 12.919700109476455 ], [ 77.663143890893309, 12.919855717973393 ], [ 77.663069919479213, 12.920017518256525 ], [ 77.663009117606833, 12.920184512780221 ], [ 77.662961860166916, 12.920355671972358 ], [ 77.662928438546203, 12.920529940581856 ], [ 77.662909058830252, 12.920706244184602 ], [ 77.662903840532067, 12.920883495807635 ], [ 77.662912815854455, 12.921060602630758 ], [ 77.662935929490885, 12.921236472724262 ], [ 77.662973038965646, 12.921410021781213 ], [ 77.663023915511545, 12.921580179802801 ], [ 77.663088245479827, 12.921745897695503 ], [ 77.663165632273319, 12.921906153739419 ], [ 77.663255598791096, 12.922059959887831 ], [ 77.663357590369685, 12.92220636785926 ], [ 77.663470978202426, 12.922344474984254 ], [ 77.663595063216235, 12.922473429771079 ], [ 77.663729080381486, 12.922592437155803 ], [ 77.663872203428923, 12.922700763404501 ], [ 77.664023549943977, 12.922797740637307 ], [ 77.664182186807508, 12.922882770946419 ], [ 77.664347135949313, 12.92295533008269 ], [ 77.664517380378612, 12.923014970687987 ], [ 77.664691870454902, 12.923061325053499 ], [ 77.664869530359923, 12.923094107386895 ], [ 77.665049264731095, 12.923113115574372 ], [ 77.665229965415691, 12.923118232426759 ], [ 77.665410518303545, 12.923109426401972 ], [ 77.665589810196792, 12.923086751799323 ], [ 77.66576673567377, 12.923050348424617 ], [ 77.665940203904952, 12.923000440727941 ], [ 77.666109145378968, 12.922937336419576 ], [ 77.666272518496996, 12.922861424572572 ], [ 77.666429315995046, 12.922773173223611 ], [ 77.666578571154389, 12.922673126487055 ], [ 77.666719363761985, 12.922561901199929 ], [ 77.66685082578401, 12.922440183118493 ], [ 77.666972146717612, 12.922308722689989 ], [ 77.667082578587838, 12.922168330425503 ], [ 77.667181440558821, 12.922019871902533 ], [ 77.667268123131208, 12.921864262428162 ], [ 77.667342091899329, 12.921702461395551 ], [ 77.667402890845594, 12.921535466368796 ], [ 77.667450145151236, 12.921364306932409 ], [ 77.667483563506735, 12.921190038343472 ], [ 77.667502939906925, 12.921013735025593 ], [ 77.667508154920455, 12.920836483944729 ] ] ] ] } },
{ "type": "Feature", "properties": { "fid": 9, "OBJECTID": 9, "density_cluster": 20, "lat": 77.5261915, "long": 12.9431665, "Crash_IDs": "116_253/2022,117_254/2022,118_46/2022,119_55/2022,120_68/2022,121_103/2022,122_84/2022,123_175/2022,125_59/2022,127_72/2022,87_145/2023,88_82/2023,89_220/2023,90_304/2023,91_399/2023,109_166/2024,110_30/2024,111_177/2024,112_160/2024,113_180/2024,114_144/2024,115_26/2024,116_45/2024,117_46/2024,118_132/2024,119_161/2024,120_185/2024,121_142/2024,122_90/2024,123_136/2024", "Crash_Count": 30, "Fatal_Crashes": 14, "GI_Crashes": 16, "MI_Crashes": 0, "Karnataka_SI": 220, "WSI": 638, "Corporation": "West", "fclass": "trunk", "ref": "NH275", "b_code": "W-NH275-03" }, "geometry": { "type": "MultiPolygon", "coordinates": [ [ [ [ 77.528494114347382, 12.943144171395817 ], [ 77.528485229249881, 12.942967042374697 ], [ 77.528462202618016, 12.942791143128938 ], [ 77.528425176446305, 12.942617558126845 ], [ 77.528374379038695, 12.94244735756679 ], [ 77.528310123600363, 12.942281590779334 ], [ 77.528232806306164, 12.942121279758069 ], [ 77.528142903857656, 12.941967412859029 ], [ 77.528040970543628, 12.941820938707503 ], [ 77.527927634822547, 12.941682760349821 ], [ 77.527803595447736, 12.941553729686168 ], [ 77.527669617159319, 12.941434642218695 ], [ 77.527526525969392, 12.94132623214737 ], [ 77.527375204069685, 12.94122916784371 ], [ 77.527216584392761, 12.941144047730374 ], [ 77.52705164486072, 12.941071396591949 ], [ 77.526881402356423, 12.941011662339717 ], [ 77.526706906454677, 12.94096521325031 ], [ 77.526529232951944, 12.940932335695265 ], [ 77.526349477234376, 12.940913232375518 ], [ 77.52616874752519, 12.940908021071712 ], [ 77.525988158052783, 12.940916733917943 ], [ 77.525808822181929, 12.94093931720356 ], [ 77.525631845550237, 12.940975631704113 ], [ 77.525458319252209, 12.941025453539526 ], [ 77.525289313112921, 12.941088475554093 ], [ 77.52512586909269, 12.941164309209904 ], [ 77.524968994863542, 12.941252486981975 ], [ 77.524819657596922, 12.941352465240319 ], [ 77.524678778001061, 12.941463627601243 ], [ 77.524547224644593, 12.941585288727165 ], [ 77.524425808601563, 12.941716698551579 ], [ 77.524315278450828, 12.941857046903095 ], [ 77.524216315660595, 12.942005468500087 ], [ 77.524129530386574, 12.942161048285106 ], [ 77.524055457709821, 12.942322827066256 ], [ 77.523994554337236, 12.942489807430711 ], [ 77.523947195785169, 12.942660959893901 ], [ 77.523913674063664, 12.942835229246537 ], [ 77.523894195875314, 12.943011541060226 ], [ 77.523888881340241, 12.943188808311703 ], [ 77.523897763254681, 12.943365938084735 ], [ 77.523920786888041, 12.943541838308443 ], [ 77.523957810319644, 12.943715424490426 ], [ 77.524008605313014, 12.943885626403262 ], [ 77.52407285872242, 12.94405139468309 ], [ 77.524150174422957, 12.944211707299567 ], [ 77.524240075752317, 12.944365575857377 ], [ 77.524342008449295, 12.944512051690392 ], [ 77.52445534407056, 12.944650231710868 ], [ 77.524579383865287, 12.944779263977685 ], [ 77.524713363082995, 12.944898352949208 ], [ 77.524856455688706, 12.945006764388445 ], [ 77.525007779455848, 12.945103829890193 ], [ 77.525166401405869, 12.945188951002288 ], [ 77.52533134356068, 12.945261602915556 ], [ 77.525501588972858, 12.945321337699628 ], [ 77.52567608799599, 12.945367787064789 ], [ 77.525853764756747, 12.945400664632698 ], [ 77.526033523788755, 12.945419767702106 ], [ 77.526214256787199, 12.945424978498545 ], [ 77.526394849442681, 12.945416264900397 ], [ 77.52657418831204, 12.945393680636839 ], [ 77.526751167683827, 12.945357364956395 ], [ 77.526924696396094, 12.945307541768194 ], [ 77.527093704564322, 12.945244518261255 ], [ 77.527257150178201, 12.945168683010229 ], [ 77.527414025526497, 12.945080503579391 ], [ 77.527563363410181, 12.944980523639561 ], [ 77.527704243105859, 12.944869359615845 ], [ 77.52783579604241, 12.944747696886761 ], [ 77.527957211156135, 12.944616285558292 ], [ 77.528067739891071, 12.944475935838859 ], [ 77.528166700813884, 12.944327513043779 ], [ 77.528253483814808, 12.944171932260003 ], [ 77.528327553868777, 12.944010152704015 ], [ 77.528388454333495, 12.943843171807719 ], [ 77.528435809764176, 12.943672019068778 ], [ 77.528469328227672, 12.943497749703278 ], [ 77.528488803101553, 12.943321438139922 ], [ 77.528494114347382, 12.943144171395817 ] ] ] ] } },
{ "type": "Feature", "properties": { "fid": 10, "OBJECTID": 10, "density_cluster": 60, "lat": 77.528377, "long": 12.945422, "Crash_IDs": "116_253/2022,117_254/2022,118_46/2022,119_55/2022,120_68/2022,121_103/2022,122_84/2022,123_175/2022,125_59/2022,126_64/2022,127_72/2022,87_145/2023,88_82/2023,89_220/2023,90_304/2023,91_399/2023,109_166/2024,110_30/2024,111_177/2024,112_160/2024,113_180/2024,114_144/2024,115_26/2024,116_45/2024,117_46/2024,118_132/2024,119_161/2024,120_185/2024,121_142/2024,122_90/2024,123_136/2024", "Crash_Count": 31, "Fatal_Crashes": 14, "GI_Crashes": 17, "MI_Crashes": 0, "Karnataka_SI": 225, "WSI": 642, "Corporation": "West", "fclass": "trunk", "ref": "ORR", "b_code": "W-ORR-01" }, "geometry": { "type": "MultiPolygon", "coordinates": [ [ [ [ 77.530679631147308, 12.945399648275549 ], [ 77.530670744132053, 12.945222519656687 ], [ 77.53064771549073, 12.945046620953248 ], [ 77.530610687230237, 12.944873036630204 ], [ 77.530559887667408, 12.944702836881721 ], [ 77.53049563002071, 12.944537071033356 ], [ 77.530418310478623, 12.944376761072908 ], [ 77.530328405756521, 12.94422289534986 ], [ 77.53022647015726, 12.94407642248224 ], [ 77.53011313215336, 12.943938245508479 ], [ 77.529989090512245, 12.943809216320208 ], [ 77.529855109987963, 12.943690130410486 ], [ 77.529712016606439, 12.943581721969675 ], [ 77.529560692572872, 12.943484659359235 ], [ 77.529402070832987, 12.943399540991384 ], [ 77.529237129321587, 12.943326891639954 ], [ 77.529066884933741, 12.94326715920521 ], [ 77.528892387255851, 12.943220711952577 ], [ 77.528714712095322, 12.943187836242272 ], [ 77.528534954848524, 12.943168734763866 ], [ 77.528354223748096, 12.943163525286643 ], [ 77.528173633031003, 12.943172239933455 ], [ 77.527994296069693, 12.943194824982545 ], [ 77.527817318508482, 12.943231141198604 ], [ 77.52764379144763, 12.943280964690983 ], [ 77.527474784716873, 12.943343988293757 ], [ 77.527311340280193, 12.943419823459246 ], [ 77.527154465812188, 12.943508002653147 ], [ 77.527005128485783, 12.943607982236724 ], [ 77.526864249009577, 12.943719145818106 ], [ 77.526732695951466, 12.943840808052204 ], [ 77.526611280383648, 12.943972218865673 ], [ 77.526500750882079, 12.944112568081033 ], [ 77.526401788910945, 12.944260990411328 ], [ 77.52631500462094, 12.944416570794585 ], [ 77.526240933087067, 12.944578350035231 ], [ 77.526180031009133, 12.944745330717593 ], [ 77.526132673895574, 12.944916483355151 ], [ 77.526099153747538, 12.945090752737526 ], [ 77.526079677257954, 12.945267064436146 ], [ 77.526074364536441, 12.945444331428449 ], [ 77.526083248368096, 12.945621460799794 ], [ 77.526106274010488, 12.945797360481771 ], [ 77.526143299530546, 12.945970945985319 ], [ 77.52619409667895, 12.946141147087191 ], [ 77.526258352296665, 12.946306914428522 ], [ 77.526335670245189, 12.946467225984742 ], [ 77.526425573848343, 12.946621093367076 ], [ 77.526527508830867, 12.946767567916634 ], [ 77.526640846735404, 12.946905746553577 ], [ 77.526764888797004, 12.947034777345317 ], [ 77.526898870251216, 12.947153864759313 ], [ 77.527041965049278, 12.947262274568168 ], [ 77.527193290951061, 12.94735933837673 ], [ 77.527351914964868, 12.947444457743279 ], [ 77.52751685909989, 12.947517107869395 ], [ 77.527687106396456, 12.947576840835735 ], [ 77.52786160719657, 12.947623288363786 ], [ 77.52803928561589, 12.947656164086553 ], [ 77.528219046177838, 12.94767526531415 ], [ 77.528399780568179, 12.947680474283473 ], [ 77.528580374468874, 12.94767175888418 ], [ 77.528759714429128, 12.947649172856549 ], [ 77.528936694730746, 12.947612855459985 ], [ 77.529110224206036, 12.947563030614218 ], [ 77.529279232965777, 12.947500005518474 ], [ 77.529442678996034, 12.947424168757218 ], [ 77.529599554582987, 12.947335987904033 ], [ 77.529748892526115, 12.947236006638516 ], [ 77.529889772101683, 12.947124841393951 ], [ 77.530021324739337, 12.947003177556383 ], [ 77.530142739377183, 12.946871765238638 ], [ 77.530253267462228, 12.946731414655238 ], [ 77.530352227565146, 12.946582991126823 ], [ 77.530439009581215, 12.946427409744864 ], [ 77.530513078491495, 12.946265629729535 ], [ 77.530573977660694, 12.946098648515576 ], [ 77.530621331652043, 12.945927495602598 ], [ 77.530654848541275, 12.945753226207762 ], [ 77.530674321715694, 12.94557691475995 ], [ 77.530679631147308, 12.945399648275549 ] ] ] ] } },
{ "type": "Feature", "properties": { "fid": 11, "OBJECTID": 12, "density_cluster": 7, "lat": 77.69767455, "long": 12.94393566, "Crash_IDs": "32_0011/2022,33_64/2022,35_16/2022,36_23/2022,37_42/2022,40_87/2022,38_121/2023,39_105/2023,40_108/2023,41_118/2023,42_120/2023,43_193/2023,45_36/2024,46_193/2024,47_16/2024", "Crash_Count": 15, "Fatal_Crashes": 5, "GI_Crashes": 10, "MI_Crashes": 0, "Karnataka_SI": 100, "WSI": 245, "Corporation": "East", "fclass": "trunk", "ref": "ORR ", "b_code": "E-ORR-09" }, "geometry": { "type": "MultiPolygon", "coordinates": [ [ [ [ 77.69997685498204, 12.943911816051378 ], [ 77.699967849617892, 12.943734716072459 ], [ 77.699944705370882, 12.943558855031988 ], [ 77.699907564960512, 12.943385317162347 ], [ 77.699856657394861, 12.943215172370964 ], [ 77.699792296558073, 12.943049469644226 ], [ 77.699714879274509, 12.942889230580489 ], [ 77.699624882861869, 12.942735443091886 ], [ 77.699522862187905, 12.942589055313917 ], [ 77.699409446249263, 12.942450969760259 ], [ 77.699285334293464, 12.942322037758839 ], [ 77.699151291507633, 12.942203054203516 ], [ 77.69900814430116, 12.942094752653631 ], [ 77.698856775210686, 12.941997800811739 ], [ 77.698698117459372, 12.941912796407292 ], [ 77.698533149203655, 12.941840263511716 ], [ 77.698362887503194, 12.941780649307551 ], [ 77.698188382050901, 12.941734321331591 ], [ 77.698010708701901, 12.941701565209014 ], [ 77.697830962841266, 12.941682582892462 ], [ 77.69765025263132, 12.941677491416927 ], [ 77.697469692180235, 12.941686322178125 ], [ 77.697290394673928, 12.941709020738809 ], [ 77.697113465513596, 12.941745447164205 ], [ 77.696939995501211, 12.94179537688454 ], [ 77.696771054115061, 12.941858502079294 ], [ 77.696607682916522, 12.94193443357471 ], [ 77.696450889129011, 12.942022703242838 ], [ 77.69630163942837, 12.942122766887314 ], [ 77.696160853983372, 12.942234007598154 ], [ 77.696029400782564, 12.942355739554811 ], [ 77.695908090282956, 12.942487212254097 ], [ 77.695797670413072, 12.942627615136944 ], [ 77.695698821961628, 12.942776082585407 ], [ 77.695612154379802, 12.942931699259189 ], [ 77.695538202023386, 12.943093505738755 ], [ 77.695477420857728, 12.943260504440239 ], [ 77.69543018564606, 12.943431665765722 ], [ 77.695396787638174, 12.943605934450911 ], [ 77.69537743277408, 12.943782236071177 ], [ 77.695372240413647, 12.943959483665704 ], [ 77.695381242599865, 12.94413658443907 ], [ 77.695404383860605, 12.944312446498781 ], [ 77.695441521549853, 12.94448598558736 ], [ 77.695492426726517, 12.944656131767371 ], [ 77.69555678556533, 12.944821836018223 ], [ 77.695634201291071, 12.944982076704045 ], [ 77.695724196624468, 12.94513586587275 ], [ 77.695826216724285, 12.945282255347475 ], [ 77.695939632608017, 12.945420342572763 ], [ 77.696063745029534, 12.945549276179525 ], [ 77.696197788790201, 12.945668261234379 ], [ 77.69634093745664, 12.945776564141049 ], [ 77.696492308456286, 12.945873517163578 ], [ 77.696650968518952, 12.945958522543446 ], [ 77.696815939431261, 12.946031056185198 ], [ 77.696986204068139, 12.946090670887932 ], [ 77.697160712664427, 12.946136999102574 ], [ 77.697338389287538, 12.946169755198069 ], [ 77.697518138471793, 12.946188737222435 ], [ 77.697698851973016, 12.946193828147891 ], [ 77.697879415602017, 12.946184996592248 ], [ 77.698058716094607, 12.946162297012327 ], [ 77.698235647976077, 12.946125869367989 ], [ 77.69840912037742, 12.946075938259028 ], [ 77.698578063761559, 12.946012811540159 ], [ 77.698741436517892, 12.945936878422662 ], [ 77.698898231384675, 12.945848607074431 ], [ 77.699047481659463, 12.945748541733197 ], [ 77.699188267159357, 12.945637299350725 ], [ 77.699319719894447, 12.945515565788726 ], [ 77.699441029419233, 12.945384091589911 ], [ 77.699551447829123, 12.945243687350279 ], [ 77.699650294371409, 12.945095218721178 ], [ 77.699736959641896, 12.944939601071978 ], [ 77.699810909341736, 12.944777793846232 ], [ 77.699871687570919, 12.944610794646175 ], [ 77.69991891963862, 12.944439633082018 ], [ 77.699952314372396, 12.944265364423909 ], [ 77.699971665912869, 12.944089063095824 ], [ 77.69997685498204, 12.943911816051378 ] ] ] ] } },
{ "type": "Feature", "properties": { "fid": 12, "OBJECTID": 13, "density_cluster": 58, "lat": 77.52576245, "long": 12.94645941, "Crash_IDs": "116_253/2022,117_254/2022,118_46/2022,119_55/2022,120_68/2022,121_103/2022,122_84/2022,123_175/2022,125_59/2022,126_64/2022,87_145/2023,88_82/2023,89_220/2023,90_304/2023,91_399/2023,109_166/2024,110_30/2024,111_177/2024,112_160/2024,113_180/2024,114_144/2024,115_26/2024,116_45/2024,117_46/2024,118_132/2024,119_161/2024,120_185/2024,122_90/2024,123_136/2024", "Crash_Count": 29, "Fatal_Crashes": 14, "GI_Crashes": 15, "MI_Crashes": 0, "Karnataka_SI": 215, "WSI": 634, "Corporation": "West", "fclass": "trunk", "ref": "ORR", "b_code": "W-ORR-02" }, "geometry": { "type": "MultiPolygon", "coordinates": [ [ [ [ 77.528065095338391, 12.946437079606733 ], [ 77.528056209978118, 12.946259950576804 ], [ 77.528033182894035, 12.946084051333333 ], [ 77.527996156083461, 12.945910466344621 ], [ 77.527945357854279, 12.945740265808952 ], [ 77.527881101416739, 12.945574499056733 ], [ 77.527803782951878, 12.945414188081335 ], [ 77.527713879168473, 12.945260321238514 ], [ 77.527611944363514, 12.945113847153202 ], [ 77.527498607004731, 12.944975668871322 ], [ 77.527374565855496, 12.944846638292589 ], [ 77.527240585666888, 12.944727550918628 ], [ 77.527097492462715, 12.944619140948824 ], [ 77.526946168447125, 12.944522076754058 ], [ 77.526787546565728, 12.944436956756324 ], [ 77.526622604754223, 12.944364305739485 ], [ 77.526452359909484, 12.944304571614081 ], [ 77.52627786162077, 12.944258122655942 ], [ 77.526100185699235, 12.944225245235804 ], [ 77.525920427545984, 12.944206142053771 ], [ 77.525739695399182, 12.944200930889631 ], [ 77.525559103502275, 12.944209643876615 ], [ 77.525379765234959, 12.944232227303203 ], [ 77.525202786249636, 12.944268541944087 ], [ 77.525029257655305, 12.944318363918317 ], [ 77.52486024929118, 12.944381386069331 ], [ 77.524696803131278, 12.944457219858386 ], [ 77.52453992686084, 12.944545397759672 ], [ 77.524390587663888, 12.944645376142415 ], [ 77.524249706260534, 12.944756538622148 ], [ 77.524118151230553, 12.944878199860568 ], [ 77.523996733658322, 12.945009609790485 ], [ 77.523886202132104, 12.945149958239858 ], [ 77.523787238128605, 12.945298379926452 ], [ 77.52370045181101, 12.945453959792273 ], [ 77.523626378266826, 12.945615738644936 ], [ 77.523565474208269, 12.945782719071177 ], [ 77.523518115155966, 12.945953871586054 ], [ 77.523484593123044, 12.946128140979946 ], [ 77.523465114814002, 12.946304452824219 ], [ 77.523459800349741, 12.946481720095418 ], [ 77.523468682526044, 12.946658849877196 ], [ 77.523491706610727, 12.946834750098608 ], [ 77.52352873068034, 12.947008336267277 ], [ 77.523579526494458, 12.947178538155866 ], [ 77.523643780902333, 12.947344306400652 ], [ 77.523721097772892, 12.947504618971511 ], [ 77.523811000436623, 12.947658487473403 ], [ 77.523912934624065, 12.947804963240545 ], [ 77.524026271882775, 12.947943143185595 ], [ 77.52415031345177, 12.948072175367898 ], [ 77.524284294569654, 12.948191264246331 ], [ 77.524427389189754, 12.948299675584476 ], [ 77.524578715073062, 12.948396740977747 ], [ 77.52473733922794, 12.948481861974646 ], [ 77.524902283662755, 12.948554513766702 ], [ 77.525072531416001, 12.948614248424295 ], [ 77.525247032826826, 12.948660697658484 ], [ 77.52542471200718, 12.948693575091736 ], [ 77.525604473475752, 12.948712678023631 ], [ 77.52578520891268, 12.948717888680537 ], [ 77.525965803993572, 12.948709174941699 ], [ 77.526145145260287, 12.948686590537164 ], [ 77.526322126986571, 12.948650274716325 ], [ 77.526495657995966, 12.948600451389177 ], [ 77.526664668389756, 12.948537427745599 ], [ 77.526828116143946, 12.948461592361081 ], [ 77.526984993534072, 12.948373412800725 ], [ 77.527134333348513, 12.948273432736153 ], [ 77.527275214851969, 12.948162268593247 ], [ 77.527406769462189, 12.948040605751254 ], [ 77.527528186105144, 12.947909194316866 ], [ 77.527638716215421, 12.94776884449916 ], [ 77.527737678351215, 12.947620421614058 ], [ 77.527824462395316, 12.947464840749072 ], [ 77.527898533316204, 12.947303061121183 ], [ 77.52795943446624, 12.947136080162755 ], [ 77.528006790396446, 12.94696492737183 ], [ 77.528040309170549, 12.946790657964826 ], [ 77.52805978416427, 12.946614346370691 ], [ 77.528065095338391, 12.946437079606733 ] ] ] ] } },
{ "type": "Feature", "properties": { "fid": 13, "OBJECTID": 14, "density_cluster": 3, "lat": 77.64083867, "long": 12.9480185, "Crash_IDs": "3_20/2022,4_157/2023,6_26/2023,7_138/2023,9_146/2023,13_165/2023,9_45/2024,10_075/2024,14_007/2024,17_91/2024", "Crash_Count": 10, "Fatal_Crashes": 3, "GI_Crashes": 7, "MI_Crashes": 0, "Karnataka_SI": 65, "WSI": 151, "Corporation": "Central", "fclass": "primary", "ref": "ART", "b_code": "C-ART-01" }, "geometry": { "type": "MultiPolygon", "coordinates": [ [ [ [ 77.643141119632347, 12.947995150608794 ], [ 77.643132153351416, 12.947818040909754 ], [ 77.643109047053954, 12.947642167160144 ], [ 77.643071943225593, 12.947468613670839 ], [ 77.643021070648899, 12.947298450445674 ], [ 77.642956742992411, 12.947132726584806 ], [ 77.642879356876009, 12.946972463816969 ], [ 77.642789389425346, 12.946818650200528 ], [ 77.642687395329745, 12.946672234032132 ], [ 77.642574003422169, 12.946534118000528 ], [ 77.642449912802036, 12.946405153621578 ], [ 77.642315888525147, 12.94628613598876 ], [ 77.642172756886865, 12.946177798871489 ], [ 77.642021400328005, 12.946080810191576 ], [ 77.641862751994566, 12.945995767905526 ], [ 77.641697789985074, 12.945923196318248 ], [ 77.641527531320747, 12.945863542850729 ], [ 77.641353025675841, 12.945817175281736 ], [ 77.641175348906742, 12.945784379480436 ], [ 77.640995596419657, 12.945765357643978 ], [ 77.640814876417778, 12.945760227050879 ], [ 77.640634303069646, 12.945769019337895 ], [ 77.640454989640645, 12.945791680304854 ], [ 77.640278041630097, 12.945828070248638 ], [ 77.640104549956163, 12.945877964824282 ], [ 77.639935584230543, 12.945941056427827 ], [ 77.63977218616462, 12.946016956092532 ], [ 77.639615363147286, 12.946105195886608 ], [ 77.639466082034517, 12.946205231797828 ], [ 77.639325263188567, 12.946316447087135 ], [ 77.639193774803829, 12.946438156090696 ], [ 77.639072427554041, 12.946569608446845 ], [ 77.638961969594206, 12.946709993721942 ], [ 77.638863081947733, 12.946858446406644 ], [ 77.638776374307312, 12.947014051251736 ], [ 77.638702381275607, 12.947175848910689 ], [ 77.63864155906866, 12.947342841854109 ], [ 77.638594282702655, 12.947514000519671 ], [ 77.63856084368102, 12.947688269659613 ], [ 77.638541448196634, 12.947864574846623 ], [ 77.638536215859773, 12.948041829098019 ], [ 77.638545178959887, 12.948218939577469 ], [ 77.638568282265865, 12.948394814332769 ], [ 77.638605383365743, 12.948568369028294 ], [ 77.63865625354407, 12.9487385336305 ], [ 77.638720579191457, 12.948904259005332 ], [ 77.638797963737431, 12.94906452338677 ], [ 77.638887930095038, 12.949218338676721 ], [ 77.638989923601841, 12.949364756537328 ], [ 77.639103315439414, 12.949502874238169 ], [ 77.639227406510031, 12.949631840222285 ], [ 77.639361431746792, 12.949750859356683 ], [ 77.639504564830744, 12.949859197834959 ], [ 77.639655923285446, 12.949956187701796 ], [ 77.639814573918216, 12.950041230971461 ], [ 77.639979538573897, 12.95011380331483 ], [ 77.640149800166142, 12.950173457292294 ], [ 77.640324308948593, 12.95021982511253 ], [ 77.64050198898758, 12.950252620900184 ], [ 77.640681744796424, 12.950271642458446 ], [ 77.640862468090106, 12.95027677251565 ], [ 77.641043044619039, 12.950267979448229 ], [ 77.641222361039524, 12.950245317475577 ], [ 77.641399311778571, 12.950208926325569 ], [ 77.641572805850856, 12.950159030372886 ], [ 77.641741773585579, 12.950095937255375 ], [ 77.641905173221943, 12.950020035977069 ], [ 77.642061997332334, 12.949931794509482 ], [ 77.642211279033887, 12.949831756906054 ], [ 77.642352097949839, 12.949720539947506 ], [ 77.642483585884108, 12.949598829338775 ], [ 77.642604932173995, 12.949467375481053 ], [ 77.64271538868816, 12.949326988844952 ], [ 77.64281427443882, 12.949178534973326 ], [ 77.64290097977991, 12.949022929144613 ], [ 77.642974970165412, 12.948861130729572 ], [ 77.643035789444426, 12.94869413727621 ], [ 77.643083062672915, 12.948522978359405 ], [ 77.643116498424646, 12.948348709233104 ], [ 77.643135890587274, 12.948172404324293 ], [ 77.643141119632347, 12.947995150608794 ] ] ] ] } },
{ "type": "Feature", "properties": { "fid": 14, "OBJECTID": 15, "density_cluster": 41, "lat": 77.745793, "long": 12.948552, "Crash_IDs": "45_005/2022,46_0038/2022,411_20/2022,412_57/2022,413_70/2022,414_83/2022,415_164/2022,416_168/2022,417_185/2022,49_004/2023,304_54/2023,305_89/2023,306_90/2023,307_122/2023,308_198/2023,309_214/2023,310_220/2023,311_250/2023,312_270/2023,53_188/2024,55_059/2024,56_078/02024,236_001/2024,237_44/2024,238_71/2024,239_86/2024,240_101/2024,241_133/2024,242_209/2024,243_225/2024,244_226/2024,245_236/2024,246_252/2024,247_262/2024", "Crash_Count": 34, "Fatal_Crashes": 13, "GI_Crashes": 21, "MI_Crashes": 0, "Karnataka_SI": 235, "WSI": 617, "Corporation": "East", "fclass": "residential", "ref": "SH35", "b_code": "E-SH35-01" }, "geometry": { "type": "MultiPolygon", "coordinates": [ [ [ [ 77.748095254835306, 12.948527722746778 ], [ 77.74808621492835, 12.948350631288619 ], [ 77.748063036661378, 12.948174781387733 ], [ 77.748025862963672, 12.94800125720772 ], [ 77.747974923048517, 12.947831128571492 ], [ 77.747910530999391, 12.947665444365754 ], [ 77.747833083833072, 12.947505226074574 ], [ 77.747743059051373, 12.947351461481949 ], [ 77.747641011696871, 12.94720509858216 ], [ 77.7475275709306, 12.947067039735453 ], [ 77.747403436153007, 12.946938136105077 ], [ 77.747269372691861, 12.946819182409948 ], [ 77.747126207083852, 12.946710912025335 ], [ 77.746974821978966, 12.946613992461659 ], [ 77.74681615069899, 12.946529021249416 ], [ 77.746651171483677, 12.946456522255442 ], [ 77.746480901460146, 12.946396942453333 ], [ 77.746306390372553, 12.946350649167867 ], [ 77.746128714110668, 12.946317927810442 ], [ 77.745948968077514, 12.946298980119451 ], [ 77.745768260436421, 12.946293922916523 ], [ 77.745587705279704, 12.946302787386182 ], [ 77.74540841576065, 12.946325518883469 ], [ 77.745231497231217, 12.946361977270653 ], [ 77.745058040427892, 12.946411937781001 ], [ 77.744889114747579, 12.946475092404265 ], [ 77.744725761654891, 12.946551051785338 ], [ 77.74456898826169, 12.946639347624412 ], [ 77.744419761118209, 12.946739435563842 ], [ 77.744279000254224, 12.946850698543889 ], [ 77.744147573506851, 12.946972450606744 ], [ 77.744026291170144, 12.947103941125269 ], [ 77.743915900999099, 12.947244359430517 ], [ 77.743817083599438, 12.947392839809449 ], [ 77.743730448231034, 12.947548466842001 ], [ 77.743656529051137, 12.947710281044715 ], [ 77.743595781820702, 12.947877284786037 ], [ 77.743548581093762, 12.948048448436889 ], [ 77.743515217907586, 12.948222716718567 ], [ 77.743495897987572, 12.948399015208805 ], [ 77.743490740478165, 12.948576256965996 ], [ 77.743499777207504, 12.94875334923058 ], [ 77.743522952490466, 12.948929200162423 ], [ 77.743560123471298, 12.949102725572544 ], [ 77.743611061003605, 12.949272855607736 ], [ 77.743675451062558, 12.949438541346847 ], [ 77.743752896680391, 12.949598761268062 ], [ 77.743842920393448, 12.949752527547238 ], [ 77.743944967185442, 12.949898892148566 ], [ 77.744058407909179, 12.950036952669896 ], [ 77.744182543165294, 12.950165857906766 ], [ 77.744316607614195, 12.950284813100678 ], [ 77.744459774694903, 12.950393084839472 ], [ 77.744611161721139, 12.950490005579381 ], [ 77.744769835323851, 12.950574977760946 ], [ 77.744934817206044, 12.950647477493458 ], [ 77.745105090174945, 12.950707057785136 ], [ 77.745279604413895, 12.950753351299158 ], [ 77.745457283955488, 12.950786072618492 ], [ 77.745637033316001, 12.950805020005678 ], [ 77.745817744250118, 12.950810076646565 ], [ 77.745998302584468, 12.950801211370484 ], [ 77.746177595087531, 12.950778478842235 ], [ 77.746354516333838, 12.950742019224949 ], [ 77.74652797552001, 12.950692057315631 ], [ 77.746696903190497, 12.950628901158993 ], [ 77.746860257831656, 12.950552940147888 ], [ 77.747017032293499, 12.950464642622265 ], [ 77.747166259999489, 12.9503645529813 ], [ 77.747307020906007, 12.950253288326616 ], [ 77.747438447174858, 12.950131534657277 ], [ 77.747559728523825, 12.950000042639966 ], [ 77.747670117222157, 12.949859622980535 ], [ 77.747768932700467, 12.94971114142537 ], [ 77.74785556574615, 12.949555513423503 ], [ 77.747929482259167, 12.94939369848225 ], [ 77.747990226544232, 12.949226694251353 ], [ 77.748037424119815, 12.949055530371943 ], [ 77.748070784026254, 12.948881262128367 ], [ 77.748090100618938, 12.948704963941932 ], [ 77.748095254835306, 12.948527722746778 ] ] ] ] } },
{ "type": "Feature", "properties": { "fid": 15, "OBJECTID": 16, "density_cluster": 22, "lat": 77.5210322, "long": 12.951978, "Crash_IDs": "138_44/2022,92_45261.0,93_373/2023,94_409/2023,124_165/2024,126_113/2024", "Crash_Count": 6, "Fatal_Crashes": 1, "GI_Crashes": 5, "MI_Crashes": 0, "Karnataka_SI": 35, "WSI": 61, "Corporation": "West", "fclass": "trunk", "ref": "ORR", "b_code": "W-ORR-03" }, "geometry": { "type": "MultiPolygon", "coordinates": [ [ [ [ 77.523334904444908, 12.951955702052215 ], [ 77.523326021457436, 12.951778572347854 ], [ 77.52330299636705, 12.951602672234106 ], [ 77.523265971158793, 12.95142908618465 ], [ 77.523215174130698, 12.95125888440432 ], [ 77.523150918485641, 12.951093116231197 ], [ 77.523073600399783, 12.950932803667428 ], [ 77.522983696579544, 12.950778935078546 ], [ 77.522881761322211, 12.950632459100262 ], [ 77.52276842309827, 12.950494278790163 ], [ 77.522644380676496, 12.950365246060464 ], [ 77.522510398815768, 12.950246156426051 ], [ 77.522367303550283, 12.950137744100225 ], [ 77.52221597709682, 12.950040677468403 ], [ 77.522057352416113, 12.94995555496757 ], [ 77.521892407461038, 12.949882901397034 ], [ 77.521722159147913, 12.949823164683052 ], [ 77.521547657087339, 12.949776713117407 ], [ 77.52136997711375, 12.949743833086899 ], [ 77.521190214653174, 12.949724727307707 ], [ 77.521009477970381, 12.949719513575623 ], [ 77.520828881336712, 12.949728224039703 ], [ 77.520649538161123, 12.949750805003969 ], [ 77.520472554126201, 12.949787117258278 ], [ 77.520299020372079, 12.949836936936396 ], [ 77.520130006769747, 12.949899956895909 ], [ 77.519966555325539, 12.949975788611578 ], [ 77.519809673757223, 12.950063964570379 ], [ 77.519660329281479, 12.950163941153509 ], [ 77.51951944265096, 12.950275101987611 ], [ 77.519387882477631, 12.950396761744518 ], [ 77.519266459877571, 12.950528170366177 ], [ 77.519155923470052, 12.950668517688632 ], [ 77.519056954761837, 12.950816938436596 ], [ 77.518970163945156, 12.950972517557881 ], [ 77.518896086135214, 12.951134295864701 ], [ 77.518835178070546, 12.951301275947163 ], [ 77.518787815296463, 12.951472428322463 ], [ 77.518754289849042, 12.951646697781852 ], [ 77.518734808453885, 12.951823009896302 ], [ 77.518729491250909, 12.952000277640709 ], [ 77.518738371052763, 12.952177408095816 ], [ 77.518761393141958, 12.952353309186536 ], [ 77.51879841560735, 12.952526896415147 ], [ 77.518849210218434, 12.95269709954778 ], [ 77.518913463831865, 12.95286286921305 ], [ 77.518990780321502, 12.953023183372071 ], [ 77.519080683020221, 12.953177053620031 ], [ 77.519182617658345, 12.953323531280365 ], [ 77.519295955780649, 12.953461713254063 ], [ 77.519419998620876, 12.953590747587958 ], [ 77.519553981409786, 12.953709838727663 ], [ 77.519697078090402, 12.953818252422799 ], [ 77.519848406411029, 12.953915320254245 ], [ 77.520007033365019, 12.954000443755463 ], [ 77.520171980943502, 12.954073098102526 ], [ 77.520342232165532, 12.954132835350054 ], [ 77.520516737348899, 12.954179287193117 ], [ 77.520694420582288, 12.954212167238103 ], [ 77.520874186359379, 12.954231272768453 ], [ 77.52105492633379, 12.954236485994519 ], [ 77.521235526153049, 12.954227774779699 ], [ 77.521414872329828, 12.954205192838453 ], [ 77.521591859107616, 12.954168879404984 ], [ 77.521765395278763, 12.954119058374566 ], [ 77.521934410912706, 12.954056036922905 ], [ 77.522097863953149, 12.953980203611986 ], [ 77.522254746642986, 12.953892025994104 ], [ 77.52240409173794, 12.953792047728927 ], [ 77.522544978470094, 12.953680885231226 ], [ 77.522676538224985, 12.953559223870121 ], [ 77.522797959896835, 12.953427813743172 ], [ 77.522908494889236, 12.953287465051412 ], [ 77.523007461730259, 12.953139043103823 ], [ 77.523094250273687, 12.952983462982147 ], [ 77.523168325460233, 12.952821683898799 ], [ 77.523229230615996, 12.952654703282793 ], [ 77.523276590267272, 12.952483550630074 ], [ 77.523310112454894, 12.952309281156213 ], [ 77.523329590533507, 12.9521329692906 ], [ 77.523334904444908, 12.951955702052215 ] ] ] ] } },
{ "type": "Feature", "properties": { "fid": 16, "OBJECTID": 17, "density_cluster": 59, "lat": 77.544005, "long": 12.954267, "Crash_IDs": "109_82/2022,110_115/2022,111_16/2022,112_17/2022,113_37/2022,115_29/2022,84_15/2023,85_112/2023,86_368/2023,103_20/2024,104_32/2024,105_112/2024,106_123/2024,107_133/2024", "Crash_Count": 14, "Fatal_Crashes": 4, "GI_Crashes": 10, "MI_Crashes": 0, "Karnataka_SI": 90, "WSI": 204, "Corporation": "West", "fclass": "trunk", "ref": "NH275", "b_code": "W-NH275-04" }, "geometry": { "type": "MultiPolygon", "coordinates": [ [ [ [ 77.546307684365971, 12.954244495182017 ], [ 77.546298784875077, 12.954067369310792 ], [ 77.546275743507181, 12.953891474281917 ], [ 77.546238702347679, 12.953717894537679 ], [ 77.54618788979289, 12.953547700243977 ], [ 77.546123619141426, 12.953381940692699 ], [ 77.54604628666192, 12.953221637832783 ], [ 77.545956369149508, 12.953067779969913 ], [ 77.545854420985833, 12.952921315673633 ], [ 77.545741070720908, 12.952783147929489 ], [ 77.545617017197657, 12.952654128572208 ], [ 77.545483025243414, 12.952535053034216 ], [ 77.54533992095449, 12.952426655441929 ], [ 77.545188586603274, 12.952329604089915 ], [ 77.545029955199112, 12.952244497320999 ], [ 77.544865004736309, 12.952171859837501 ], [ 77.544694752165071, 12.952112139466532 ], [ 77.544520247122236, 12.952065704399166 ], [ 77.544342565460568, 12.952032840920516 ], [ 77.544162802616498, 12.952013751644778 ], [ 77.543982066857112, 12.952008554266035 ], [ 77.543801472448109, 12.952017280832575 ], [ 77.543622132784648, 12.952039877549193 ], [ 77.543445153527742, 12.952076205108684 ], [ 77.543271625788051, 12.952126039550498 ], [ 77.543102619399519, 12.952189073641241 ], [ 77.542939176324055, 12.9522649187686 ], [ 77.542782304227842, 12.952353107336894 ], [ 77.54263297026921, 12.952453095649606 ], [ 77.542492095136026, 12.952564267261076 ], [ 77.542360547369441, 12.952685936776719 ], [ 77.542239138009109, 12.952817354078316 ], [ 77.542128615592702, 12.952957708948386 ], [ 77.542029661540781, 12.953106136065113 ], [ 77.54194288595528, 12.953261720337007 ], [ 77.541868823857541, 12.95342350254451 ], [ 77.541807931889281, 12.95359048525364 ], [ 77.541760585496618, 12.953761638965366 ], [ 77.541727076614649, 12.953935908462652 ], [ 77.541707611866883, 12.95411221931619 ], [ 77.541702311290592, 12.954289484508593 ], [ 77.541711207595952, 12.95446661113629 ], [ 77.54173424596371, 12.95464250714774 ], [ 77.541771284382349, 12.954816088076482 ], [ 77.541822094523013, 12.954986283727436 ], [ 77.541886363146546, 12.955152044775303 ], [ 77.541963694034251, 12.95531234923428 ], [ 77.542053610430202, 12.955466208759329 ], [ 77.542155557980209, 12.955612674739964 ], [ 77.54226890814941, 12.955750844149168 ], [ 77.542392962097196, 12.955879865111214 ], [ 77.542526954985831, 12.955998942154158 ], [ 77.542670060695954, 12.956107341114537 ], [ 77.542821396920189, 12.956204393664082 ], [ 77.54298003060309, 12.956289501430501 ], [ 77.543144983694219, 12.956362139686897 ], [ 77.543315239178668, 12.956421860587124 ], [ 77.543489747347863, 12.956468295927086 ], [ 77.543667432272045, 12.956501159414954 ], [ 77.543847198434463, 12.956520248436304 ], [ 77.544027937486305, 12.956525445303322 ], [ 77.544208535080855, 12.956516717980316 ], [ 77.544387877744441, 12.956494120281114 ], [ 77.544564859742209, 12.956457791537122 ], [ 77.544738389896025, 12.95640795573806 ], [ 77.544907398312475, 12.956344920150727 ], [ 77.545070842979754, 12.956269073424302 ], [ 77.545227716192443, 12.956180883193833 ], [ 77.545377050764728, 12.956080893196768 ], [ 77.54551792599365, 12.95596971992024 ], [ 77.545649473335658, 12.955848048799831 ], [ 77.545770881761626, 12.955716629993278 ], [ 77.545881402756848, 12.955576273755115 ], [ 77.545980354935722, 12.955427845440855 ], [ 77.546067128242498, 12.955272260171462 ], [ 77.54614118771191, 12.955110477191065 ], [ 77.546202076766974, 12.954943493952673 ], [ 77.546249420033277, 12.954772339968354 ], [ 77.546282925652719, 12.954598070461849 ], [ 77.546302387082136, 12.954421759862695 ], [ 77.546307684365971, 12.954244495182017 ] ] ] ] } },
{ "type": "Feature", "properties": { "fid": 17, "OBJECTID": 18, "density_cluster": 4, "lat": 77.64124954, "long": 12.95461345, "Crash_IDs": "4_47/2022,5_53/2022,6_90/2022,7_128/2022,2_35/2023,3_44/2023,5_16/2023,8_141/2023,9_146/2023,10_150/2023,11_152/2023,12_161/2023,11_083/2024,12_085/2024,13_090/2024,14_007/2024,15_038/2024,16_050/2024", "Crash_Count": 18, "Fatal_Crashes": 7, "GI_Crashes": 8, "MI_Crashes": 3, "Karnataka_SI": 113, "WSI": 322, "Corporation": "Central", "fclass": "primary", "ref": "ART", "b_code": "C-ART-02" }, "geometry": { "type": "MultiPolygon", "coordinates": [ [ [ [ 77.643552049427896, 12.95459008530038 ], [ 77.643543081687511, 12.954412975796934 ], [ 77.643519973570974, 12.954237102336135 ], [ 77.643482867575102, 12.954063549227056 ], [ 77.643431992495906, 12.953893386471195 ], [ 77.643367662017283, 12.953727663165806 ], [ 77.643290272776625, 12.953567401036189 ], [ 77.643200301918782, 12.953413588136776 ], [ 77.643098304154123, 12.95326717275978 ], [ 77.642984908338207, 12.95312905758907 ], [ 77.642860813594595, 12.953000094135184 ], [ 77.64272678500447, 12.952881077485891 ], [ 77.642583648889826, 12.952772741404543 ], [ 77.642432287719004, 12.952675753806544 ], [ 77.642273634666509, 12.952590712641738 ], [ 77.642108667859887, 12.952518142208095 ], [ 77.641938404349958, 12.952458489919506 ], [ 77.641763893840832, 12.95241212354745 ], [ 77.641586212218868, 12.95237932895372 ], [ 77.641406454920144, 12.952360308328013 ], [ 77.641225730177567, 12.95235517894138 ], [ 77.641045152188838, 12.952363972423141 ], [ 77.640865834247947, 12.952386634565764 ], [ 77.640688881882014, 12.952423025658881 ], [ 77.640515386036057, 12.952472921350438 ], [ 77.640346416347469, 12.952536014029617 ], [ 77.640183014552051, 12.952611914723041 ], [ 77.640026188061682, 12.952700155492584 ], [ 77.639876903753773, 12.95280019232001 ], [ 77.639736082010245, 12.952911408460638 ], [ 77.639604591043323, 12.953033118245378 ], [ 77.63948324154272, 12.953164571307752 ], [ 77.639372781677295, 12.953304957209783 ], [ 77.639273892482194, 12.953453410438268 ], [ 77.639187183659701, 12.953609015740643 ], [ 77.639113189819753, 12.953770813767568 ], [ 77.639052367183396, 12.953937806987378 ], [ 77.639005090769459, 12.954108965836063 ], [ 77.638971652081693, 12.954283235064727 ], [ 77.638952257310947, 12.954459540245505 ], [ 77.638947026063079, 12.954636794395769 ], [ 77.638955990620886, 12.954813904679799 ], [ 77.638979095744233, 12.954989779146601 ], [ 77.63901619901003, 12.955163333462318 ], [ 77.639067071689453, 12.955333497595754 ], [ 77.639131400157694, 12.955499222415728 ], [ 77.639208787826902, 12.955659486159648 ], [ 77.639298757590907, 12.955813300733331 ], [ 77.639400754766257, 12.955959717803339 ], [ 77.639514150511914, 12.95609783464411 ], [ 77.639638245706053, 12.956226799703993 ], [ 77.639772275256377, 12.956345817855667 ], [ 77.639915412817302, 12.95645415529879 ], [ 77.64006677588479, 12.956551144084424 ], [ 77.64022543123771, 12.956636186233485 ], [ 77.640390400691814, 12.95670875742376 ], [ 77.640560667131155, 12.956768410222738 ], [ 77.640735180779444, 12.956814776846361 ], [ 77.64091286567303, 12.95684757142665 ], [ 77.641092626295276, 12.956866591774242 ], [ 77.64127335433146, 12.956871720624921 ], [ 77.641453935502781, 12.956862926362575 ], [ 77.641633256436847, 12.956840263213953 ], [ 77.641810211532871, 12.956803870914191 ], [ 77.641983709778614, 12.956753973845059 ], [ 77.642152681477555, 12.956690879651298 ], [ 77.642316084844424, 12.956614977343573 ], [ 77.64247291242863, 12.956526734899755 ], [ 77.642622197325849, 12.956426696379319 ], [ 77.642763019139636, 12.95631547856863 ], [ 77.642894509656031, 12.956193767177899 ], [ 77.643015858196435, 12.95606231261314 ], [ 77.643126316615593, 12.955921925349337 ], [ 77.643225203914014, 12.955773470933211 ], [ 77.643311910436083, 12.955617864646584 ], [ 77.643385901628548, 12.955456065863025 ], [ 77.643446721335494, 12.955289072132826 ], [ 77.643493994610282, 12.955117913032572 ], [ 77.643527430026424, 12.95494364381735 ], [ 77.643546821473635, 12.95476733891469 ], [ 77.643552049427896, 12.95459008530038 ] ] ] ] } },
{ "type": "Feature", "properties": { "fid": 18, "OBJECTID": 19, "density_cluster": 65, "lat": 77.7443295, "long": 12.95360875, "Crash_IDs": "45_005/2022,46_0038/2022,47_053/2022,52_144/2024,54_047/2024,56_078/02024,57_082/2024,58_083/2024", "Crash_Count": 8, "Fatal_Crashes": 3, "GI_Crashes": 5, "MI_Crashes": 0, "Karnataka_SI": 55, "WSI": 143, "Corporation": "East", "fclass": "residential", "ref": "SH35", "b_code": "E-SH35-02" }, "geometry": { "type": "MultiPolygon", "coordinates": [ [ [ [ 77.746631804105235, 12.953584476366636 ], [ 77.74662276429568, 12.953407384747369 ], [ 77.746599585821755, 12.953231534664077 ], [ 77.746562411614022, 12.953058010281486 ], [ 77.74651147088889, 12.952887881423761 ], [ 77.746447077734885, 12.95272219697897 ], [ 77.746369629175589, 12.952561978432652 ], [ 77.746279602721415, 12.952408213570381 ], [ 77.746177553425255, 12.952261850388089 ], [ 77.746064110460125, 12.952123791247764 ], [ 77.745939973240041, 12.951994887314457 ], [ 77.745805907107851, 12.951875933308951 ], [ 77.745662738616673, 12.95176766260842 ], [ 77.745511350434299, 12.951670742725232 ], [ 77.745352675901486, 12.951585771191832 ], [ 77.745187693278027, 12.951513271877042 ], [ 77.745017419712056, 12.951453691756422 ], [ 77.744842904969559, 12.951407398156713 ], [ 77.74466522496283, 12.951374676491236 ], [ 77.744485475117955, 12.951355728500291 ], [ 77.74430476362177, 12.951350671007345 ], [ 77.744124204590364, 12.951359535198703 ], [ 77.743944911200842, 12.95138226643112 ], [ 77.743767988829077, 12.9514187245685 ], [ 77.743594528235192, 12.951468684845649 ], [ 77.743425598839465, 12.951531839253756 ], [ 77.74326224212939, 12.951607798439044 ], [ 77.74310546523914, 12.951696094102909 ], [ 77.742956234740461, 12.951796181888792 ], [ 77.742815470683851, 12.951907444737907 ], [ 77.742684040926093, 12.952029196693257 ], [ 77.742562755779772, 12.952160687128366 ], [ 77.742452363017236, 12.952301105374822 ], [ 77.74235354326018, 12.952449585719934 ], [ 77.742266905782984, 12.952605212743876 ], [ 77.742192984755945, 12.95276702696323 ], [ 77.74213223595136, 12.952934030746357 ], [ 77.742085033933037, 12.953105194463934 ], [ 77.742051669746175, 12.953279462836832 ], [ 77.742032349122354, 12.953455761442246 ], [ 77.742027191210369, 12.953633003337849 ], [ 77.74203622784087, 12.953810095763243 ], [ 77.742059403329378, 12.953985946877303 ], [ 77.742096574818831, 12.954159472489916 ], [ 77.742147513159722, 12.954329602746643 ], [ 77.742211904322289, 12.954495288724964 ], [ 77.742289351331962, 12.954655508901569 ], [ 77.742379376716471, 12.954809275450755 ], [ 77.742481425449284, 12.954955640335042 ], [ 77.742594868371228, 12.955093701150536 ], [ 77.742719006069379, 12.955222606690942 ], [ 77.74285307318911, 12.955341562195901 ], [ 77.742996243152973, 12.95544983425132 ], [ 77.743147633256939, 12.955546755311474 ], [ 77.743306310112914, 12.955631727814918 ], [ 77.743471295403907, 12.955704227868964 ], [ 77.743641571916086, 12.955763808479842 ], [ 77.743816089810963, 12.955810102308739 ], [ 77.743993773098566, 12.955842823936694 ], [ 77.744173526272064, 12.955861771624326 ], [ 77.744354241062638, 12.955866828555639 ], [ 77.744534803273112, 12.955857963558154 ], [ 77.744714099648036, 12.955835231294971 ], [ 77.744891024738095, 12.955798771927563 ], [ 77.745064487716206, 12.955748810251412 ], [ 77.745233419103386, 12.955685654309779 ], [ 77.745396777363084, 12.955609693494205 ], [ 77.745553555322999, 12.955521396143428 ], [ 77.745702786385024, 12.955421306655548 ], [ 77.745843550484821, 12.955310042131257 ], [ 77.745974979764497, 12.955188288568811 ], [ 77.746096263923292, 12.955056796634246 ], [ 77.746206655213129, 12.954916377032907 ], [ 77.746305473048594, 12.954767895510832 ], [ 77.746392108202642, 12.954612267516843 ], [ 77.74646602656216, 12.954450452558229 ], [ 77.746526772420509, 12.954283448284842 ], [ 77.74657397128648, 12.95411228433808 ], [ 77.746607332192454, 12.953938016002709 ], [ 77.746626649487652, 12.95376171770061 ], [ 77.746631804105235, 12.953584476366636 ] ] ] ] } },
{ "type": "Feature", "properties": { "fid": 19, "OBJECTID": 20, "density_cluster": 16, "lat": 77.5529913, "long": 12.9576714, "Crash_IDs": "100_43/2022,101_103/2022,102_006/2022,105_36/2022,107_71/2022,108_80/2022,79_001/2023,97_007/2024,98_27/2024,99_29/2024,100_52/2024,101_60/2024,102_61/2024,108_188/2024", "Crash_Count": 14, "Fatal_Crashes": 2, "GI_Crashes": 12, "MI_Crashes": 0, "Karnataka_SI": 80, "WSI": 130, "Corporation": "Central", "fclass": "trunk", "ref": "NH275", "b_code": "C-NH275-01" }, "geometry": { "type": "MultiPolygon", "coordinates": [ [ [ [ 77.555293999463174, 12.957648809947065 ], [ 77.555285093082134, 12.95747168563037 ], [ 77.555262044773642, 12.957295792671943 ], [ 77.555224996665871, 12.95712221550127 ], [ 77.555174177198012, 12.956952024268373 ], [ 77.555109899711269, 12.956786268246244 ], [ 77.555032560516395, 12.956625969362051 ], [ 77.554942636449951, 12.956472115896943 ], [ 77.554840681933968, 12.956325656393338 ], [ 77.554727325557565, 12.956187493807224 ], [ 77.554603266201383, 12.95605847994152 ], [ 77.554469268728667, 12.955939410194793 ], [ 77.554326159269706, 12.955831018657744 ], [ 77.554174820128779, 12.955733973587618 ], [ 77.554016184344704, 12.955648873288505 ], [ 77.553851229938815, 12.95557624242285 ], [ 77.553680973885548, 12.955516528776986 ], [ 77.553506465843228, 12.955470100500516 ], [ 77.553328781683078, 12.955437243836718 ], [ 77.553149016856921, 12.955418161357779 ], [ 77.552968279644062, 12.9554129707159 ], [ 77.552787684319128, 12.955421703917857 ], [ 77.552608344282945, 12.955444307127557 ], [ 77.552431365198785, 12.955480640997783 ], [ 77.552257838176288, 12.955530481529092 ], [ 77.552088833044948, 12.955593521450579 ], [ 77.551925391758942, 12.955669372113984 ], [ 77.551768521973443, 12.955757565889517 ], [ 77.55161919083254, 12.955857559048576 ], [ 77.551478319006762, 12.955968735115627 ], [ 77.551346775016853, 12.956090408668627 ], [ 77.551225369879234, 12.956221829564464 ], [ 77.551114852105542, 12.956362187563508 ], [ 77.551015903087787, 12.956510617324639 ], [ 77.550929132896826, 12.956666203740065 ], [ 77.550855076520804, 12.956827987577004 ], [ 77.55079419056618, 12.956994971391419 ], [ 77.550746850441996, 12.957166125677448 ], [ 77.550713348044752, 12.957340395214494 ], [ 77.550693889957969, 12.957516705572994 ], [ 77.550688596177864, 12.957693969738594 ], [ 77.550697499372745, 12.957871094814024 ], [ 77.550720544680843, 12.958046988757301 ], [ 77.550757590047908, 12.958220567114688 ], [ 77.55080840710221, 12.958390759706944 ], [ 77.550872682561973, 12.958556517227601 ], [ 77.55095002016634, 12.958716817712595 ], [ 77.551039943117956, 12.958870672841362 ], [ 77.551141897022219, 12.959017134030516 ], [ 77.551255253305044, 12.959155298282559 ], [ 77.551379313088148, 12.959284313753566 ], [ 77.551513311497757, 12.959403385005428 ], [ 77.551656422380461, 12.959511777910393 ], [ 77.551807763396994, 12.959608824177527 ], [ 77.551966401462309, 12.959693925473269 ], [ 77.552131358498926, 12.95976655711063 ], [ 77.55230161746762, 12.959826271284284 ], [ 77.55247612863829, 12.959872699831612 ], [ 77.552653816062659, 12.959905556502692 ], [ 77.552833584208543, 12.959924638725141 ], [ 77.553014324714894, 12.959929828853081 ], [ 77.553194923226002, 12.959921094892385 ], [ 77.553374266262566, 12.959898490697833 ], [ 77.55355124808743, 12.95986215564089 ], [ 77.553724777523485, 12.959812313750227 ], [ 77.553893784681804, 12.95974927233021 ], [ 77.554057227558303, 12.959673420066004 ], [ 77.554214098458644, 12.959585224626814 ], [ 77.554363430211268, 12.95948522978221 ], [ 77.55450430213061, 12.959374052049222 ], [ 77.554635845693596, 12.959252376890923 ], [ 77.554757249894351, 12.959120954489949 ], [ 77.554867766244271, 12.958980595122991 ], [ 77.554966713386435, 12.958832164164855 ], [ 77.555053481296142, 12.958676576752797 ], [ 77.555127535041436, 12.95851479214415 ], [ 77.555188418080647, 12.95834780780195 ], [ 77.555235755076481, 12.95817665324506 ], [ 77.555269254209506, 12.958002383700732 ], [ 77.555288708976562, 12.957826073598721 ], [ 77.555293999463174, 12.957648809947065 ] ] ] ] } },
{ "type": "Feature", "properties": { "fid": 20, "OBJECTID": 21, "density_cluster": 21, "lat": 77.51812383, "long": 12.95858367, "Crash_IDs": "128_102/2022,129_232/2022,130_44593.0,131_116/2022,132_131/2022,133_190/2022,134_198/2022,135_205/2022,136_207/2022,137_209/2022,139_73/2022,140_88/2022,160_40/2023", "Crash_Count": 13, "Fatal_Crashes": 8, "GI_Crashes": 5, "MI_Crashes": 0, "Karnataka_SI": 105, "WSI": 348, "Corporation": "West", "fclass": "trunk", "ref": "ORR", "b_code": "W-ORR-04" }, "geometry": { "type": "MultiPolygon", "coordinates": [ [ [ [ 77.520426600308681, 12.958561386594203 ], [ 77.520417718233105, 12.958384256536029 ], [ 77.520394693642899, 12.958208355981032 ], [ 77.520357668520049, 12.958034769405614 ], [ 77.520306871162077, 12.957864567017859 ], [ 77.520242614773863, 12.957698798159596 ], [ 77.520165295536216, 12.957538484837183 ], [ 77.520075390162674, 12.957384615420844 ], [ 77.519973452960116, 12.957238138551377 ], [ 77.51986011241101, 12.95709995729187 ], [ 77.519736067298481, 12.956970923560375 ], [ 77.519602082398009, 12.95685183287795 ], [ 77.519458983762547, 12.956743419464354 ], [ 77.519307653629653, 12.956646351711697 ], [ 77.519149024982724, 12.956561228063864 ], [ 77.518984075799125, 12.956488573327231 ], [ 77.518813823021191, 12.956428835435222 ], [ 77.518639316287079, 12.956382382686883 ], [ 77.518461631460013, 12.956349501476289 ], [ 77.518281863995938, 12.956330394526898 ], [ 77.518101122190416, 12.956325179641695 ], [ 77.517920520346422, 12.956333888976841 ], [ 77.517741171904959, 12.956356468843321 ], [ 77.517564182581097, 12.956392780037749 ], [ 77.517390643547571, 12.956442598700416 ], [ 77.517221624707858, 12.956505617695179 ], [ 77.51705816810059, 12.956581448502741 ], [ 77.516901281475356, 12.95666962361568 ], [ 77.516751932079984, 12.956769599420412 ], [ 77.516611040697455, 12.956880759548374 ], [ 77.516479475969021, 12.957002418675774 ], [ 77.516358049038843, 12.957133826748443 ], [ 77.51624750855288, 12.957274173605807 ], [ 77.516148536043019, 12.957422593975474 ], [ 77.516061741724954, 12.957578172807583 ], [ 77.515987660735476, 12.957739950916148 ], [ 77.515926749832715, 12.957906930892502 ], [ 77.51587938457952, 12.958078083254509 ], [ 77.515845857027216, 12.958252352793515 ], [ 77.515826373914436, 12.958428665080012 ], [ 77.515821055391669, 12.958605933087833 ], [ 77.515829934279751, 12.95878306389611 ], [ 77.515852955866819, 12.958958965427588 ], [ 77.515889978244843, 12.959132553181828 ], [ 77.5159407731839, 12.959302756921725 ], [ 77.516005027538625, 12.959468527272143 ], [ 77.516082345178319, 12.959628842189989 ], [ 77.516172249428777, 12.959782713265753 ], [ 77.516274186010776, 12.95992919181778 ], [ 77.516387526457123, 12.960067374741545 ], [ 77.516511571987252, 12.960196410078021 ], [ 77.516645557815337, 12.960315502266631 ], [ 77.516788657865675, 12.960423917050527 ], [ 77.51693998986579, 12.960520986003857 ], [ 77.517098620786342, 12.960606110653169 ], [ 77.517263572593976, 12.960678766167437 ], [ 77.517433828281739, 12.960738504594076 ], [ 77.517608338139851, 12.960784957620884 ], [ 77.517786026228137, 12.960817838846925 ], [ 77.517965797010362, 12.960836945548369 ], [ 77.518146542109235, 12.960842159928326 ], [ 77.51832714714071, 12.960833449843079 ], [ 77.51850649858531, 12.960810869000117 ], [ 77.518683490653999, 12.960774556626864 ], [ 77.518857032106482, 12.960724736612057 ], [ 77.519026052979655, 12.960661716125138 ], [ 77.519189511184877, 12.960585883722144 ], [ 77.519346398933209, 12.960497706949779 ], [ 77.519495748949126, 12.960397729462494 ], [ 77.519636640434413, 12.960286567670268 ], [ 77.519768204745262, 12.960164906937884 ], [ 77.519889630747784, 12.960033497359033 ], [ 77.520000169818914, 12.959893149131368 ], [ 77.520099140461525, 12.959744727561031 ], [ 77.520185932505981, 12.95958914772744 ], [ 77.520260010871425, 12.959427368841245 ], [ 77.520320918864343, 12.959260388330259 ], [ 77.520368280993566, 12.959089235689783 ], [ 77.520401805284635, 12.958914966135323 ], [ 77.520421285079266, 12.958738654096781 ], [ 77.520426600308681, 12.958561386594203 ] ] ] ] } },
{ "type": "Feature", "properties": { "fid": 21, "OBJECTID": 22, "density_cluster": 17, "lat": 77.5571936, "long": 12.9604976, "Crash_IDs": "100_43/2022,103_012/2022,104_25/2022,105_36/2022,106_54/2022,107_71/2022,81_168/2023,82_254/2023,97_007/2024,98_27/2024,99_29/2024,101_60/2024", "Crash_Count": 12, "Fatal_Crashes": 3, "GI_Crashes": 9, "MI_Crashes": 0, "Karnataka_SI": 75, "WSI": 159, "Corporation": "Central", "fclass": "trunk", "ref": "NH275", "b_code": "C-NH275-02" }, "geometry": { "type": "MultiPolygon", "coordinates": [ [ [ [ 77.559496317849067, 12.960474967958241 ], [ 77.559487408031401, 12.960297844393317 ], [ 77.559464356194184, 12.960121952440899 ], [ 77.559427304487372, 12.959948376524268 ], [ 77.559376481372325, 12.959778186785702 ], [ 77.55931220021273, 12.959612432488969 ], [ 77.559234857342005, 12.959452135550583 ], [ 77.559144929619336, 12.959298284239704 ], [ 77.559042971489319, 12.959151827085448 ], [ 77.558929611563357, 12.959013667029318 ], [ 77.558805548743933, 12.958884655858625 ], [ 77.558671547915623, 12.958765588955318 ], [ 77.558528435229448, 12.958657200392567 ], [ 77.55837709300954, 12.958560158409279 ], [ 77.558218454313689, 12.95847506129051 ], [ 77.558053497181149, 12.958402433679108 ], [ 77.55788323860321, 12.958342723341335 ], [ 77.557708728253701, 12.958296298406413 ], [ 77.55753104201807, 12.958263445097021 ], [ 77.557351275360929, 12.958244365964676 ], [ 77.557170536572855, 12.958239178640948 ], [ 77.556989939938191, 12.958247915112171 ], [ 77.556810598865837, 12.958270521522106 ], [ 77.556633619025433, 12.958306858503812 ], [ 77.556460091531292, 12.958356702038676 ], [ 77.556291086215822, 12.958419744837281 ], [ 77.556127645034294, 12.958495598233643 ], [ 77.555970775641285, 12.958583794581134 ], [ 77.555821445178466, 12.958683790135286 ], [ 77.555680574312163, 12.958794968405826 ], [ 77.555549031557263, 12.958916643957116 ], [ 77.555427627922526, 12.959048066633736 ], [ 77.555317111910384, 12.95918842618507 ], [ 77.555218164901945, 12.959336857260437 ], [ 77.555131396955744, 12.959492444743942 ], [ 77.555057343046073, 12.959654229396209 ], [ 77.554996459764197, 12.959821213768173 ], [ 77.554949122502705, 12.959992368350527 ], [ 77.554915623140431, 12.960166637920846 ], [ 77.554896168242209, 12.960342948049352 ], [ 77.554890877784629, 12.960520211723093 ], [ 77.554899784415497, 12.960697336047827 ], [ 77.554922833251894, 12.960873228986193 ], [ 77.554959882217773, 12.961046806090637 ], [ 77.555010702919233, 12.961216997189634 ], [ 77.555074982052048, 12.961382752985909 ], [ 77.555152323332678, 12.96154305152602 ], [ 77.555242249941116, 12.961696904501382 ], [ 77.555344207460195, 12.961843363341888 ], [ 77.555457567293558, 12.961981525064513 ], [ 77.555581630540985, 12.962110537840907 ], [ 77.555715632307368, 12.962229606249588 ], [ 77.555858746418608, 12.96233799618032 ], [ 77.556010090515457, 12.962435039360509 ], [ 77.556168731493912, 12.96252013747563 ], [ 77.55633369125853, 12.962592765858298 ], [ 77.556503952753189, 12.962652476723267 ], [ 77.55667846623227, 12.962698901928324 ], [ 77.556856155733229, 12.962731755244143 ], [ 77.557035925711077, 12.962750834119051 ], [ 77.557216667793455, 12.962756020927808 ], [ 77.557397267614917, 12.962747283696775 ], [ 77.557576611688091, 12.962724676300887 ], [ 77.557753594269428, 12.962688338131366 ], [ 77.557927124177169, 12.962638493236076 ], [ 77.55809613151942, 12.962575448937931 ], [ 77.558259574291029, 12.962499593939841 ], [ 77.558416444798269, 12.96241139592787 ], [ 77.55856577587204, 12.962311398687463 ], [ 77.558706646830942, 12.962200218750432 ], [ 77.558838189157839, 12.96207854159344 ], [ 77.558959591854503, 12.961947117411444 ], [ 77.559070106441581, 12.96180675649213 ], [ 77.559169051573079, 12.96165832421986 ], [ 77.559255817236675, 12.961502735740005 ], [ 77.559329868514268, 12.961340950316471 ], [ 77.559390748879423, 12.961173965417315 ], [ 77.559438083011358, 12.961002810564825 ], [ 77.55947157910829, 12.960828540988075 ], [ 77.559491030685791, 12.960652231117013 ], [ 77.559496317849067, 12.960474967958241 ] ] ] ] } },
{ "type": "Feature", "properties": { "fid": 22, "OBJECTID": 23, "density_cluster": 27, "lat": 77.5127935, "long": 12.96104925, "Crash_IDs": "137_209/2022,225_257/2022,226_345/2022,233_126/2022,237_46/2022,238_64/2022,239_148/2022,240_162/2022,241_178/2022,123_58/2023,124_134/2023,72_187/2024,75_231/2024", "Crash_Count": 13, "Fatal_Crashes": 7, "GI_Crashes": 5, "MI_Crashes": 1, "Karnataka_SI": 96, "WSI": 308, "Corporation": "West", "fclass": "trunk", "ref": "ORR", "b_code": "W-ORR-05" }, "geometry": { "type": "MultiPolygon", "coordinates": [ [ [ [ 77.515096302442103, 12.961027009557743 ], [ 77.515087423686367, 12.960849878671285 ], [ 77.515064402197353, 12.960673977028257 ], [ 77.515027379937933, 12.960500389111777 ], [ 77.514976585187966, 12.960330185138195 ], [ 77.514912331136316, 12.960164414459141 ], [ 77.514835013949352, 12.960004099092208 ], [ 77.514745110327979, 12.959850227420217 ], [ 77.51464317456832, 12.959703748097889 ], [ 77.514529835143932, 12.959565564203423 ], [ 77.514405790831049, 12.959436527671132 ], [ 77.514271806400231, 12.959317434039322 ], [ 77.514128707901506, 12.959209017545952 ], [ 77.513977377571649, 12.959111946602093 ], [ 77.513818748395266, 12.959026819671317 ], [ 77.513653798352962, 12.958954161580213 ], [ 77.513483544392429, 12.958894420282888 ], [ 77.513309036159086, 12.95884796409937 ], [ 77.513131349525395, 12.9588150794449 ], [ 77.51295157995844, 12.958795969064152 ], [ 77.512770835766773, 12.958790750781256 ], [ 77.512590231268035, 12.958799456773315 ], [ 77.512410879919614, 12.958822033371904 ], [ 77.512233887454499, 12.958858341393778 ], [ 77.512060345064739, 12.958908156998779 ], [ 77.511891322674543, 12.958971173069605 ], [ 77.511727862344401, 12.959047001104979 ], [ 77.511570971846808, 12.959135173614561 ], [ 77.511421618453497, 12.959235147000824 ], [ 77.51128072297206, 12.959346304910106 ], [ 77.511149154069017, 12.959467962032294 ], [ 77.51102772291425, 12.959599368325582 ], [ 77.510917178179753, 12.959739713640383 ], [ 77.510818201423589, 12.959888132713809 ], [ 77.510731402887615, 12.960043710504001 ], [ 77.510657317734641, 12.960205487831404 ], [ 77.510596402748448, 12.960372467292187 ], [ 77.510549033517051, 12.960543619407396 ], [ 77.510515502116334, 12.960717888969908 ], [ 77.510496015308618, 12.960894201550094 ], [ 77.510490693267187, 12.961071470119975 ], [ 77.510499568834589, 12.961248601755239 ], [ 77.510522587319429, 12.961424504373545 ], [ 77.510559606832814, 12.961598093467758 ], [ 77.510610399162502, 12.961768298792526 ], [ 77.510674651179215, 12.961934070962956 ], [ 77.510751966766691, 12.962094387924729 ], [ 77.510841869263402, 12.96224826125575 ], [ 77.510943804400924, 12.962394742260448 ], [ 77.511057143721033, 12.962532927819201 ], [ 77.511181188450067, 12.962661965956714 ], [ 77.511315173807176, 12.962781061095155 ], [ 77.511458273719569, 12.96288947895947 ], [ 77.511609605915623, 12.962986551104828 ], [ 77.511768237364834, 12.963071679038073 ], [ 77.511933190030575, 12.963144337907931 ], [ 77.512103446900582, 12.963204079741118 ], [ 77.512277958257812, 12.963250536204413 ], [ 77.512455648152866, 12.963283420875692 ], [ 77.512635421038325, 12.963302531009854 ], [ 77.512816168523969, 12.963307748788848 ], [ 77.512996776211025, 12.963299042047984 ], [ 77.513176130563608, 12.96327646447412 ], [ 77.513353125774771, 12.96324015527451 ], [ 77.51352667058481, 12.963190338318318 ], [ 77.513695695009943, 12.963127320756119 ], [ 77.513859156939574, 12.963051491125912 ], [ 77.514016048561814, 12.962963316957296 ], [ 77.514165402577262, 12.962863341888665 ], [ 77.514306298162978, 12.962752182315096 ], [ 77.514437866649885, 12.962630523587684 ], [ 77.51455929687836, 12.962499115787763 ], [ 77.51466984019919, 12.962358769102018 ], [ 77.514768815089127, 12.962210348827096 ], [ 77.514855611352303, 12.962054770034435 ], [ 77.51492969388184, 12.961892991928279 ], [ 77.514990605958545, 12.961726011931633 ], [ 77.515037972066068, 12.961554859536642 ], [ 77.515071500205437, 12.961380589957324 ], [ 77.515090983694634, 12.961204277623727 ], [ 77.515096302442103, 12.961027009557743 ] ] ] ] } },
{ "type": "Feature", "properties": { "fid": 23, "OBJECTID": 24, "density_cluster": 14, "lat": 77.57732294, "long": 12.96409644, "Crash_IDs": "91_148/2022,92_179/2022,93_44896.0,153_277/2022,154_287/2022,254_277/2022,255_287/2022,73_97/2023,74_191/2023,75_209/2023,76_231/2023,77_297/2023,86_24/2024,87_145/2024,88_147/2024,89_151/2024,91_173/2024", "Crash_Count": 17, "Fatal_Crashes": 8, "GI_Crashes": 8, "MI_Crashes": 1, "Karnataka_SI": 121, "WSI": 361, "Corporation": "Central", "fclass": "trunk", "ref": "NH275", "b_code": "C-NH275-03" }, "geometry": { "type": "MultiPolygon", "coordinates": [ [ [ [ 77.579625654418791, 12.964073623785485 ], [ 77.57961672985148, 12.963896503647815 ], [ 77.57959366337704, 12.963720616236971 ], [ 77.579556597235623, 12.963547045948189 ], [ 77.579505759977607, 12.963376862889001 ], [ 77.579441465053847, 12.963211116281954 ], [ 77.579364108882601, 12.963050827996126 ], [ 77.579274168405021, 12.962896986247282 ], [ 77.579172198144278, 12.962750539505565 ], [ 77.579058826786536, 12.962612390648268 ], [ 77.578934753304736, 12.962483391393633 ], [ 77.578800742649122, 12.962364337050149 ], [ 77.578657621031255, 12.96225596161354 ], [ 77.578506270830275, 12.962158933241801 ], [ 77.578347625153143, 12.962073850136077 ], [ 77.578182662082114, 12.962001236852844 ], [ 77.578012398645029, 12.961941541070059 ], [ 77.57783788454563, 12.961895130827235 ], [ 77.577660195692488, 12.961862292256516 ], [ 77.5774804275663, 12.961843227818584 ], [ 77.577299688466681, 12.961838055054464 ], [ 77.577119092679894, 12.961846805860766 ], [ 77.576939753609594, 12.961869426292917 ], [ 77.576762776913114, 12.96190577689757 ], [ 77.576589253685356, 12.961955633572172 ], [ 77.576420253732479, 12.96201868894633 ], [ 77.576256818976702, 12.96209455427657 ], [ 77.576099957033023, 12.96218276184271 ], [ 77.575950634997213, 12.962282767831153 ], [ 77.575809773483698, 12.962393955687308 ], [ 77.575678240949728, 12.962515639916452 ], [ 77.575556848341137, 12.962647070309677 ], [ 77.575446344092398, 12.962787436568785 ], [ 77.575347409512162, 12.962935873301735 ], [ 77.575260654582351, 12.963091465357731 ], [ 77.575186614197094, 12.963253253469185 ], [ 77.575125744864309, 12.963420240165679 ], [ 77.575078421890609, 12.963591395923537 ], [ 77.575044937066778, 12.963765665513058 ], [ 77.575025496868051, 12.963941974504293 ], [ 77.575020221180381, 12.964119235891262 ], [ 77.575029142560552, 12.964296356793783 ], [ 77.575052206034684, 12.964472245195534 ], [ 77.575089269436518, 12.964645816676892 ], [ 77.575140104283108, 12.964816001100955 ], [ 77.575204397183029, 12.964981749211557 ], [ 77.575281751767804, 12.965142039102613 ], [ 77.575371691135373, 12.965295882518825 ], [ 77.575473660789868, 12.965442330948992 ], [ 77.575587032060085, 12.965580481474248 ], [ 77.575711105975245, 12.965709482335276 ], [ 77.575845117574389, 12.965828538184047 ], [ 77.575988240622749, 12.965936914987758 ], [ 77.576139592705971, 12.966033944554756 ], [ 77.576298240670724, 12.966119028654461 ], [ 77.576463206378463, 12.966191642705921 ], [ 77.57663347273639, 12.966251339012278 ], [ 77.576807989968842, 12.966297749521098 ], [ 77.576985682090111, 12.966330588093717 ], [ 77.577165453539024, 12.966349652269397 ], [ 77.577346195934155, 12.966354824513557 ], [ 77.577526794908081, 12.966346072942407 ], [ 77.577706136978691, 12.966323451519344 ], [ 77.577883116414753, 12.966287099722116 ], [ 77.578056642053909, 12.966237241682649 ], [ 77.578225644030653, 12.966174184804927 ], [ 77.578389080372901, 12.966098317869463 ], [ 77.578545943426604, 12.96601010863596 ], [ 77.57869526606865, 12.965910100959062 ], [ 77.578836127669689, 12.96579891143495 ], [ 77.578967659770299, 12.965677225599402 ], [ 77.579089051435361, 12.965545793700898 ], [ 77.579199554253591, 12.965405426074689 ], [ 77.5792984869516, 12.965256988146484 ], [ 77.579385239593762, 12.965101395096507 ], [ 77.579459277342323, 12.96493960621682 ], [ 77.57952014375428, 12.964772618996761 ], [ 77.579567463594927, 12.964601462972894 ], [ 77.579600945150631, 12.964427193381475 ], [ 77.579620382026633, 12.9642508846525 ], [ 77.579625654418791, 12.964073623785485 ] ] ] ] } },
{ "type": "Feature", "properties": { "fid": 24, "OBJECTID": 25, "density_cluster": 64, "lat": 77.70191069000001, "long": 12.96420266, "Crash_IDs": "28_83/2022,30_67/2022,31_0076/2022,34_145/2023,35_44/2023,36_263/2023,37_005/2024,38_61/2024,39_105/2024,40_173/2024,42_182/2024,43_185/2024,44_216/2024", "Crash_Count": 13, "Fatal_Crashes": 2, "GI_Crashes": 11, "MI_Crashes": 0, "Karnataka_SI": 75, "WSI": 126, "Corporation": "East", "fclass": "trunk", "ref": "ORR", "b_code": "E-ORR-02" }, "geometry": { "type": "MultiPolygon", "coordinates": [ [ [ [ 77.704213173050832, 12.964178741936548 ], [ 77.704204161050157, 12.964001643082826 ], [ 77.70418100910976, 12.963825783617644 ], [ 77.704143859996705, 12.963652247763651 ], [ 77.704092942772746, 12.963482105415828 ], [ 77.704028571381571, 12.963316405545488 ], [ 77.703951142712711, 12.963156169733338 ], [ 77.70386113415401, 12.963002385871452 ], [ 77.703759100648156, 12.962856002072936 ], [ 77.703645671270948, 12.962717920826913 ], [ 77.7035215453527, 12.962588993434732 ], [ 77.703387488166641, 12.96247001476179 ], [ 77.703244326210935, 12.962361718337331 ], [ 77.703092942113102, 12.962264771832272 ], [ 77.702934269188816, 12.962179772943156 ], [ 77.702769285688049, 12.962107245707381 ], [ 77.702599008764366, 12.962047637272585 ], [ 77.702424488204528, 12.962001315139986 ], [ 77.702246799956711, 12.961968564898733 ], [ 77.70206703949782, 12.961949588465208 ], [ 77.701886315080131, 12.961944502838131 ], [ 77.701705740899342, 12.961953339377175 ], [ 77.701526430225982, 12.961976043609482 ], [ 77.701349488542363, 12.962012475565327 ], [ 77.70117600672765, 12.962062410640854 ], [ 77.701007054332862, 12.96212554098255 ], [ 77.700843672987205, 12.962201477384946 ], [ 77.700686869976622, 12.962289751689861 ], [ 77.700537612033827, 12.962389819672381 ], [ 77.700396819378383, 12.962501064395788 ], [ 77.700265360043289, 12.962622800014824 ], [ 77.70014404452337, 12.962754276003752 ], [ 77.700033620778186, 12.962894681783233 ], [ 77.699934769620299, 12.963043151717494 ], [ 77.699848100517627, 12.963198770450923 ], [ 77.699774147835356, 12.963360578551301 ], [ 77.699713367540951, 12.963527578424785 ], [ 77.699666134392245, 12.96369874046623 ], [ 77.699632739626381, 12.963873009406942 ], [ 77.69961338916346, 12.964049310820702 ], [ 77.69960820233625, 12.964226557747981 ], [ 77.699617211153651, 12.964403657397446 ], [ 77.699640360102748, 12.964579517883529 ], [ 77.699677506490147, 12.964753054958432 ], [ 77.699728421321183, 12.964923198697123 ], [ 77.699792790711072, 12.965088900094045 ], [ 77.699870217819623, 12.965249137530893 ], [ 77.699960225297332, 12.965402923075589 ], [ 77.700062258228201, 12.965549308573584 ], [ 77.700175687550569, 12.965687391493917 ], [ 77.700299813935445, 12.965816320494019 ], [ 77.700433872098102, 12.965935300668882 ], [ 77.700577035516389, 12.966043598452297 ], [ 77.700728421526719, 12.966140546139869 ], [ 77.700887096766351, 12.966225546005958 ], [ 77.701052082928314, 12.966298073989089 ], [ 77.701222362793459, 12.966357682923231 ], [ 77.701396886502678, 12.966404005294875 ], [ 77.701574578030176, 12.966436755508974 ], [ 77.701754341818315, 12.966455731649823 ], [ 77.701935069532865, 12.966460816725908 ], [ 77.7021156468969, 12.966451979391122 ], [ 77.702294960561545, 12.966429274137919 ], [ 77.702471904970835, 12.966392840961159 ], [ 77.702645389178471, 12.966342904494761 ], [ 77.702814343574531, 12.966279772626487 ], [ 77.702977726480512, 12.966203834599398 ], [ 77.703134530572072, 12.966115558611669 ], [ 77.703283789089852, 12.966015488929669 ], [ 77.703424581800164, 12.965904242531947 ], [ 77.70355604066863, 12.965782505304995 ], [ 77.703677355211909, 12.965651027814141 ], [ 77.70378777749454, 12.965510620675708 ], [ 77.70388662673993, 12.965362149558933 ], [ 77.703973293527241, 12.965206529848539 ], [ 77.704047243548331, 12.965044721000798 ], [ 77.704108020901273, 12.964877720627969 ], [ 77.704155250900612, 12.964706558347483 ], [ 77.704188642386796, 12.964532289433926 ], [ 77.704207989520455, 12.964355988312834 ], [ 77.704213173050832, 12.964178741936548 ] ] ] ] } },
{ "type": "Feature", "properties": { "fid": 25, "OBJECTID": 26, "density_cluster": 57, "lat": 77.51264954, "long": 12.96824914, "Crash_IDs": "82_37/2022,84_64/2022,85_76/2022,87_92/2022,89_108/2022,90_119/2022,141_97/2022,228_61/2022,230_81/2022,231_91/2022,234_157/2022,240_162/2022,241_178/2022,125_169/2023,126_194/2023,130_73/2023,69_67/2024,70_117/2024,71_133/2024,73_205/2024,74_227/2024,75_231/2024,76_287/2024,77_307/2024", "Crash_Count": 24, "Fatal_Crashes": 11, "GI_Crashes": 6, "MI_Crashes": 7, "Karnataka_SI": 147, "WSI": 482, "Corporation": "West", "fclass": "trunk", "ref": "ORR", "b_code": "W-ORR-06" }, "geometry": { "type": "MultiPolygon", "coordinates": [ [ [ [ 77.514952408895624, 12.968226888700245 ], [ 77.51494352901382, 12.968049757925296 ], [ 77.514920505996002, 12.967873856460056 ], [ 77.514883481814465, 12.967700268786558 ], [ 77.514832684760947, 12.967530065119645 ], [ 77.514768428038508, 12.967364294809054 ], [ 77.514691107830032, 12.967203979870089 ], [ 77.51460120085504, 12.967050108682949 ], [ 77.514499261430359, 12.96690362989934 ], [ 77.514385918052142, 12.966765446594147 ], [ 77.514261869520993, 12.966636410698023 ], [ 77.514127880633509, 12.966517317745366 ], [ 77.513984777467144, 12.966408901969913 ], [ 77.513833442287492, 12.966311831778327 ], [ 77.513674808109016, 12.966226705629522 ], [ 77.513509852943201, 12.966154048345254 ], [ 77.51333959376926, 12.966094307874663 ], [ 77.51316508026477, 12.966047852532659 ], [ 77.512987388334665, 12.966014968729299 ], [ 77.512807613478671, 12.965995859204003 ], [ 77.512626864037941, 12.96599064177563 ], [ 77.512446254362445, 12.965999348616013 ], [ 77.512266897941473, 12.966021926051486 ], [ 77.512089900539266, 12.966058234893659 ], [ 77.511916353378311, 12.966108051297315 ], [ 77.511747326412205, 12.96617106814023 ], [ 77.511583861729619, 12.966246896916381 ], [ 77.511426967129935, 12.966335070130855 ], [ 77.511277609910096, 12.966435044181788 ], [ 77.511136710901312, 12.966546202711434 ], [ 77.511005138791845, 12.966667860405863 ], [ 77.510883704771317, 12.966799267219752 ], [ 77.510773157529428, 12.966939613000296 ], [ 77.510674178639718, 12.967088032481758 ], [ 77.510587378357144, 12.967243610619773 ], [ 77.510513291855332, 12.96740538823264 ], [ 77.51045237592642, 12.967572367914778 ], [ 77.510405006164191, 12.967743520185874 ], [ 77.510371474647854, 12.967917789837848 ], [ 77.510351988140442, 12.968094102440523 ], [ 77.510346666813419, 12.968271370965786 ], [ 77.510355543504929, 12.968448502489597 ], [ 77.510378563516696, 12.968624404930305 ], [ 77.510415584950408, 12.968797993781864 ], [ 77.510466379581985, 12.968968198800418 ], [ 77.510530634268008, 12.969133970602956 ], [ 77.510607952875745, 12.969294287137423 ], [ 77.510697858725067, 12.969448159984351 ], [ 77.510799797526914, 12.969594640451154 ], [ 77.510913140800412, 12.969732825421504 ], [ 77.511037189747583, 12.969861862923747 ], [ 77.511171179561572, 12.969980957383934 ], [ 77.511314284142074, 12.970089374531208 ], [ 77.511465621188719, 12.970186445925131 ], [ 77.51162425764106, 12.970271573077181 ], [ 77.511789215431634, 12.970344231140899 ], [ 77.511959477516569, 12.970403972147952 ], [ 77.512133994146623, 12.970450427770221 ], [ 77.51231168933991, 12.970483311590748 ], [ 77.512491467516341, 12.970502420869686 ], [ 77.512672220253009, 12.970507637794253 ], [ 77.512852833118771, 12.970498930205014 ], [ 77.513032192545808, 12.970476351794066 ], [ 77.513209192695854, 12.970440041773836 ], [ 77.51338274227875, 12.970390224018535 ], [ 77.513551771281271, 12.970327205683679 ], [ 77.513715237564597, 12.970251375312021 ], [ 77.513872133289937, 12.970163200437762 ], [ 77.514021491132624, 12.970063224703633 ], [ 77.514162390246113, 12.969952064508828 ], [ 77.514293961939572, 12.969830405208283 ], [ 77.514415395033595, 12.969698996886867 ], [ 77.514525940861333, 12.969558649734497 ], [ 77.514624917884063, 12.969410229050698 ], [ 77.514711715892744, 12.969254649909439 ], [ 77.514785799769811, 12.969092871517125 ], [ 77.514846712787744, 12.968925891298522 ], [ 77.514894079424408, 12.968754738747165 ], [ 77.514927607677564, 12.968580469078022 ], [ 77.514947090864538, 12.968404156721702 ], [ 77.514952408895624, 12.968226888700245 ] ] ] ] } },
{ "type": "Feature", "properties": { "fid": 26, "OBJECTID": 27, "density_cluster": 6, "lat": 77.70181738, "long": 12.9678725, "Crash_IDs": "28_83/2022,30_67/2022,31_0076/2022,35_44/2023,37_005/2024,38_61/2024,39_105/2024,40_173/2024,43_185/2024,44_216/2024", "Crash_Count": 10, "Fatal_Crashes": 1, "GI_Crashes": 9, "MI_Crashes": 0, "Karnataka_SI": 55, "WSI": 77, "Corporation": "East", "fclass": "trunk", "ref": "ORR", "b_code": "E-ORR-03" }, "geometry": { "type": "MultiPolygon", "coordinates": [ [ [ [ 77.704119896969488, 12.967848576113811 ], [ 77.704110884369598, 12.967671477314122 ], [ 77.704087731624597, 12.967495617938548 ], [ 77.704050581506465, 12.967322082209201 ], [ 77.703999663083195, 12.967151940020283 ], [ 77.703935290305878, 12.966986240342125 ], [ 77.703857860072574, 12.966826004754246 ], [ 77.703767849780817, 12.966672221147334 ], [ 77.703665814383953, 12.966525837632927 ], [ 77.703552382969434, 12.966387756698387 ], [ 77.703428254880166, 12.966258829643134 ], [ 77.703294195402776, 12.966139851330492 ], [ 77.703151031049501, 12.966031555287469 ], [ 77.702999644462679, 12.965934609182641 ], [ 77.702840968973319, 12.965849610710064 ], [ 77.702675982847197, 12.965777083904577 ], [ 77.702505703254076, 12.965717475911152 ], [ 77.702331179997131, 12.965671154228287 ], [ 77.702153489041194, 12.965638404442359 ], [ 77.701973725879824, 12.965619428466933 ], [ 77.701792998781983, 12.965614343297915 ], [ 77.701612421959894, 12.965623180292145 ], [ 77.701433108700314, 12.965645884973959 ], [ 77.701256164501515, 12.965682317370867 ], [ 77.701082680258182, 12.965732252876284 ], [ 77.700913725536253, 12.965795383634061 ], [ 77.700750341979315, 12.965871320436165 ], [ 77.700593536886927, 12.965959595121946 ], [ 77.700444277004607, 12.966059663464151 ], [ 77.700303482563896, 12.966170908523845 ], [ 77.700172021608822, 12.966292644453709 ], [ 77.70005070464417, 12.96642412072608 ], [ 77.699940279638398, 12.966564526759885 ], [ 77.699841427411855, 12.966712996917787 ], [ 77.699754757439052, 12.966868615842799 ], [ 77.699680804090548, 12.967030424101525 ], [ 77.699620023337914, 12.96719742409914 ], [ 77.699572789941826, 12.967368586229744 ], [ 77.699539395140945, 12.967542855224099 ], [ 77.699520044855589, 12.967719156655656 ], [ 77.699514858417459, 12.967896403564769 ], [ 77.699523867833094, 12.968073503160229 ], [ 77.699547017585843, 12.968249363556787 ], [ 77.699584164977381, 12.968422900507214 ], [ 77.699635081006875, 12.96859304408723 ], [ 77.699699451782166, 12.968758745292252 ], [ 77.699776880454493, 12.968918982505166 ], [ 77.69986688966479, 12.969072767795268 ], [ 77.699968924486285, 12.969219153009577 ], [ 77.700082355845723, 12.969357235618872 ], [ 77.700206484401562, 12.9694861642825 ], [ 77.700340544855663, 12.969605144097525 ], [ 77.700483710671762, 12.969713441499945 ], [ 77.700635099171478, 12.969810388787723 ], [ 77.700793776976724, 12.969895388237662 ], [ 77.700958765764696, 12.969967915790866 ], [ 77.701129048300075, 12.970027524283946 ], [ 77.701303574707239, 12.970073846206104 ], [ 77.701481268943795, 12.970106595965065 ], [ 77.701661035435379, 12.970125571647939 ], [ 77.701841765831063, 12.970130656266015 ], [ 77.70202234583742, 12.970121818476024 ], [ 77.702201662089251, 12.970099112773216 ], [ 77.70237860901463, 12.970062679155236 ], [ 77.702552095651754, 12.970012742258715 ], [ 77.702721052375693, 12.969949609974076 ], [ 77.702884437493594, 12.969873671546939 ], [ 77.703041243667471, 12.969785395177963 ], [ 77.703190504125132, 12.96968532513586 ], [ 77.703331298620924, 12.969574078401406 ], [ 77.703462759109456, 12.969452340863175 ], [ 77.703584075097368, 12.96932086308842 ], [ 77.703694498640346, 12.969180455695215 ], [ 77.703793348953965, 12.969031984354364 ], [ 77.703880016610896, 12.968876364451988 ], [ 77.703953967297551, 12.968714555445549 ], [ 77.704014745107941, 12.968547554948278 ], [ 77.704061975353824, 12.96837639257838 ], [ 77.704095366874085, 12.968202123610991 ], [ 77.704114713829199, 12.968025822471985 ], [ 77.704119896969488, 12.967848576113811 ] ] ] ] } },
{ "type": "Feature", "properties": { "fid": 27, "OBJECTID": 28, "density_cluster": 47, "lat": 77.74949012, "long": 12.96751175, "Crash_IDs": "42_36/2022,43_73/2022,44_164/2022,44_74/2023,45_112/2023,46_117/2023,47_127/2023,48_218/2023", "Crash_Count": 8, "Fatal_Crashes": 3, "GI_Crashes": 5, "MI_Crashes": 0, "Karnataka_SI": 55, "WSI": 143, "Corporation": "East", "fclass": "residential", "ref": "SH35", "b_code": "E-SH35-03" }, "geometry": { "type": "MultiPolygon", "coordinates": [ [ [ [ 77.751792541851529, 12.96748740514523 ], [ 77.751783495870555, 12.967310314704983 ], [ 77.751760310537449, 12.967134466232595 ], [ 77.751723128825077, 12.966960943882853 ], [ 77.751672179996149, 12.966790817467359 ], [ 77.751607778189182, 12.966625135859113 ], [ 77.751530320481095, 12.966464920526143 ], [ 77.751440284438743, 12.966311159234193 ], [ 77.751338225174138, 12.966164799957165 ], [ 77.751224771921756, 12.966026745032952 ], [ 77.751100624159037, 12.965897845600589 ], [ 77.750966547293771, 12.965778896353092 ], [ 77.750823367945287, 12.965670630638286 ], [ 77.75067196884828, 12.965573715937792 ], [ 77.75051328341074, 12.96548874975209 ], [ 77.750348289959717, 12.965416255917024 ], [ 77.75017800571004, 12.965356681374368 ], [ 77.750003480493504, 12.96531039341647 ], [ 77.749825790286977, 12.965277677421872 ], [ 77.749646030579385, 12.96525873509591 ], [ 77.74946530961833, 12.965253683227138 ], [ 77.749284741578208, 12.9652625529672 ], [ 77.749105439691675, 12.965285289638652 ], [ 77.748928509386886, 12.965321753071873 ], [ 77.748755041472918, 12.965371718469047 ], [ 77.748586105415114, 12.965434877789805 ], [ 77.748422742742051, 12.965510841650103 ], [ 77.74826596062465, 12.965599141722548 ], [ 77.74811672566689, 12.9656992336234 ], [ 77.747975957946707, 12.965810500268537 ], [ 77.747844525343538, 12.965932255677567 ], [ 77.747723238187476, 12.966063749202743 ], [ 77.74761284426333, 12.966204170156605 ], [ 77.74751402419993, 12.966352652809807 ], [ 77.747427387273589, 12.96650828172827 ], [ 77.747353467651223, 12.966670097416932 ], [ 77.747292721096542, 12.966837102235084 ], [ 77.747245522159474, 12.967008266547019 ], [ 77.747212161866287, 12.967182535069954 ], [ 77.747192845924573, 12.967358833380144 ], [ 77.747187693454308, 12.96753607453708 ], [ 77.747196736252633, 12.967713165784904 ], [ 77.747219918597054, 12.967889015289737 ], [ 77.747257097588275, 12.968062538871377 ], [ 77.747308044030603, 12.96823266668788 ], [ 77.747372443844299, 12.968398349831755 ], [ 77.747449900001484, 12.968558566797162 ], [ 77.747539934973531, 12.968712329778155 ], [ 77.747641993674762, 12.96885869075925 ], [ 77.747755446884582, 12.968996747360585 ], [ 77.747879595126619, 12.969125648401841 ], [ 77.748013672981244, 12.96924459915037 ], [ 77.748156853804772, 12.969352866221401 ], [ 77.748308254826213, 12.969449782099915 ], [ 77.748466942590156, 12.96953474925642 ], [ 77.748631938712307, 12.969607243831168 ], [ 77.748802225912044, 12.969666818864177 ], [ 77.748976754284925, 12.969713107051021 ], [ 77.749154447776363, 12.969745823007521 ], [ 77.749334210816571, 12.969764765029277 ], [ 77.749514935075851, 12.969769816335234 ], [ 77.749695506298622, 12.969760945787597 ], [ 77.749874811173854, 12.969738208083701 ], [ 77.750051744199794, 12.969701743418584 ], [ 77.750225214500361, 12.969651776620399 ], [ 77.750394152551436, 12.96958861576401 ], [ 77.750557516775373, 12.969512650271273 ], [ 77.750714299963093, 12.969424348509788 ], [ 77.750863535484228, 12.969324254904871 ], [ 77.751004303246958, 12.969212986582606 ], [ 77.751135735370823, 12.96909122956469 ], [ 77.751257021537526, 12.96895973453848 ], [ 77.751367413986614, 12.968819312228385 ], [ 77.751466232125608, 12.968670828397167 ], [ 77.751552866725532, 12.968515198507905 ], [ 77.75162678367677, 12.968353382079558 ], [ 77.751687527281391, 12.968186376771056 ], [ 77.751734723062114, 12.968015212230172 ], [ 77.751768080070391, 12.967840943745339 ], [ 77.751787392679503, 12.967664645739349 ], [ 77.751792541851529, 12.96748740514523 ] ] ] ] } },
{ "type": "Feature", "properties": { "fid": 28, "OBJECTID": 29, "density_cluster": 13, "lat": 77.51273963, "long": 12.97192178, "Crash_IDs": "82_37/2022,84_64/2022,85_76/2022,86_82/2022,87_92/2022,89_108/2022,90_119/2022,141_97/2022,149_202/2022,228_61/2022,230_81/2022,231_91/2022,232_93/2022,234_157/2022,250_202/2022,125_169/2023,126_194/2023,129_296/2023,130_73/2023,70_117/2024,71_133/2024,73_205/2024", "Crash_Count": 22, "Fatal_Crashes": 9, "GI_Crashes": 9, "MI_Crashes": 4, "Karnataka_SI": 139, "WSI": 409, "Corporation": "West", "fclass": "trunk", "ref": "ORR", "b_code": "W-ORR-07" }, "geometry": { "type": "MultiPolygon", "coordinates": [ [ [ [ 77.515042532518436, 12.971899521715615 ], [ 77.515033651947348, 12.971722391024366 ], [ 77.515010628037203, 12.971546489685398 ], [ 77.514973602765807, 12.971372902179951 ], [ 77.514922804431635, 12.971202698721834 ], [ 77.514858546245677, 12.971036928659492 ], [ 77.514781224399798, 12.970876614006707 ], [ 77.514691315623651, 12.970722743141899 ], [ 77.514589374245162, 12.970576264714781 ], [ 77.514476028772535, 12.970438081798044 ], [ 77.514351978019278, 12.970309046319942 ], [ 77.514217986795671, 12.970189953812282 ], [ 77.51407488119365, 12.970081538506065 ], [ 77.513923543493732, 12.969984468805045 ], [ 77.513764906725967, 12.969899343165119 ], [ 77.513599948917758, 12.9698266864049 ], [ 77.513429687064658, 12.969766946470282 ], [ 77.513255170860688, 12.969720491672884 ], [ 77.51307747622748, 12.969687608419395 ], [ 77.512897698681385, 12.969668499445847 ], [ 77.512716946580142, 12.969663282567696 ], [ 77.512536334290104, 12.969671989953373 ], [ 77.512356975316663, 12.969694567925867 ], [ 77.512179975439821, 12.96973087729347 ], [ 77.512006425897283, 12.969780694207726 ], [ 77.511837396657342, 12.969843711543264 ], [ 77.511673929822663, 12.969919540791034 ], [ 77.511517033205905, 12.970007714453214 ], [ 77.511367674116428, 12.970107688925182 ], [ 77.511226773396984, 12.97021884784661 ], [ 77.511095199746364, 12.970340505901143 ], [ 77.510973764363712, 12.970471913041246 ], [ 77.510863215947111, 12.970612259112116 ], [ 77.510764236077335, 12.97076067884622 ], [ 77.510677435015438, 12.970916257197642 ], [ 77.510603347939806, 12.971078034983366 ], [ 77.510542431646115, 12.971245014796759 ], [ 77.510495061730424, 12.971416167156688 ], [ 77.510461530272906, 12.971590436854541 ], [ 77.510442044036253, 12.971766749459839 ], [ 77.510436723190224, 12.971944017944477 ], [ 77.510445600570037, 12.972121149384648 ], [ 77.510468621473166, 12.972297051699227 ], [ 77.510505643995828, 12.972470640382937 ], [ 77.510556439907219, 12.972640845192958 ], [ 77.510620696056051, 12.972806616747564 ], [ 77.510698016300594, 12.972966932996226 ], [ 77.510787923950602, 12.973120805521228 ], [ 77.510889864705945, 12.973267285631971 ], [ 77.511003210073682, 12.973405470214319 ], [ 77.511127261242947, 12.973534507299 ], [ 77.511261253393172, 12.973653601314643 ], [ 77.511404360409642, 12.973762017993115 ], [ 77.511555699976995, 12.973859088896882 ], [ 77.511714339019207, 12.973944215540431 ], [ 77.511879299452843, 12.97401687308043 ], [ 77.512049564217747, 12.974076613551778 ], [ 77.512224083548162, 12.974123068629655 ], [ 77.512401781445504, 12.974155951900455 ], [ 77.512581562313017, 12.974175060627729 ], [ 77.512762317711207, 12.974180277002075 ], [ 77.512942933192519, 12.974171568867472 ], [ 77.513122295172977, 12.974148989919371 ], [ 77.513299297798554, 12.974112679373507 ], [ 77.513472849763858, 12.974062861107342 ], [ 77.513641881040925, 12.97399984227954 ], [ 77.513805349476939, 12.973924011435894 ], [ 77.513962247219837, 12.973835836113519 ], [ 77.514111606932474, 12.973735859957923 ], [ 77.514252507756808, 12.973624699370887 ], [ 77.51438408099142, 12.973503039709778 ], [ 77.514505515447439, 12.973371631061692 ], [ 77.514616062449605, 12.973231283618562 ], [ 77.514715040451946, 12.973082862681711 ], [ 77.514801839239411, 12.972927283326674 ], [ 77.514875923689587, 12.972765504761165 ], [ 77.514936837071488, 12.972598524411039 ], [ 77.51498420386072, 12.972427371770632 ], [ 77.515017732054119, 12.97225310205547 ], [ 77.515037214969354, 12.972076789696445 ], [ 77.515042532518436, 12.971899521715615 ] ] ] ] } },
{ "type": "Feature", "properties": { "fid": 29, "OBJECTID": 30, "density_cluster": 56, "lat": 77.5139236, "long": 12.97591074, "Crash_IDs": "72_209/2022,79_38/2022,80_43/2022,81_46/2022,82_37/2022,84_64/2022,87_92/2022,89_108/2022,149_202/2022,228_61/2022,230_81/2022,231_91/2022,232_93/2022,234_157/2022,250_202/2022,125_169/2023,126_194/2023,129_296/2023,73_205/2024", "Crash_Count": 19, "Fatal_Crashes": 6, "GI_Crashes": 10, "MI_Crashes": 3, "Karnataka_SI": 113, "WSI": 289, "Corporation": "West", "fclass": "trunk", "ref": "ORR", "b_code": "W-ORR-08" }, "geometry": { "type": "MultiPolygon", "coordinates": [ [ [ [ 77.516226537120076, 12.975888464515542 ], [ 77.516217655037082, 12.975711334093338 ], [ 77.516194629411046, 12.975535433127813 ], [ 77.516157602230379, 12.975361846097904 ], [ 77.516106801805321, 12.975191643214485 ], [ 77.516042541359766, 12.975025873822455 ], [ 77.515965217099506, 12.97486555993145 ], [ 77.5158753057691, 12.974711689915189 ], [ 77.515773361712192, 12.974565212418163 ], [ 77.515660013453541, 12.974427030507304 ], [ 77.515535959823808, 12.974297996104671 ], [ 77.515401965651023, 12.97417890473543 ], [ 77.515258857045268, 12.974070490623564 ], [ 77.515107516305605, 12.973973422165459 ], [ 77.514948876480801, 12.973888297809339 ], [ 77.514783915617116, 12.973815642365906 ], [ 77.51461365072889, 12.973755903772936 ], [ 77.514439131528903, 12.97370945033377 ], [ 77.514261433957216, 12.973676568446725 ], [ 77.514081653548288, 12.973657460839409 ], [ 77.513900898677477, 12.973652245318858 ], [ 77.513720283728262, 12.973660954045132 ], [ 77.513540922222376, 12.973683533332965 ], [ 77.513363919955438, 12.973719843982535 ], [ 77.513190368179863, 12.97376966213749 ], [ 77.513021336877713, 12.973832680664819 ], [ 77.512857868164403, 12.973908511048112 ], [ 77.512700969864071, 12.973996685782577 ], [ 77.512551609296565, 12.97409666125697 ], [ 77.512410707313691, 12.974207821104789 ], [ 77.512279132622055, 12.974329480003979 ], [ 77.512157696427195, 12.974460887901795 ], [ 77.512047147432213, 12.97460123463877 ], [ 77.511948167221462, 12.974749654943269 ], [ 77.511861366058099, 12.974905233765858 ], [ 77.511787279121137, 12.975067011920631 ], [ 77.511726363205426, 12.97523399199866 ], [ 77.511678993904724, 12.975405144517202 ], [ 77.511645463295366, 12.975579414266655 ], [ 77.51162597813483, 12.975755726816224 ], [ 77.51162065858631, 12.975932995138145 ], [ 77.511629537476992, 12.976110126309617 ], [ 77.51165256009503, 12.976286028251158 ], [ 77.511689584526124, 12.976459616459799 ], [ 77.511740382527677, 12.976629820695639 ], [ 77.511804640935523, 12.976795591580485 ], [ 77.511881963594007, 12.976955907067936 ], [ 77.511971873798032, 12.977109778744964 ], [ 77.512073817231681, 12.977256257926188 ], [ 77.512187165385555, 12.977394441503204 ], [ 77.512311219431567, 12.977523477512925 ], [ 77.512445214531411, 12.977642570390609 ], [ 77.512588324552212, 12.97775098587514 ], [ 77.512739667160048, 12.977848055536326 ], [ 77.512898309260166, 12.977933180896327 ], [ 77.513063272750259, 12.97800583711971 ], [ 77.51323354055134, 12.978065576249502 ], [ 77.513408062878867, 12.978112029969143 ], [ 77.513585763715824, 12.978144911873404 ], [ 77.513765547447306, 12.97816401923426 ], [ 77.513946305616145, 12.978169234250744 ], [ 77.514126923757672, 12.9781605247752 ], [ 77.514306288271541, 12.978137944511356 ], [ 77.51448329328808, 12.978101632683057 ], [ 77.51465684748716, 12.978051813175675 ], [ 77.514825880827004, 12.97798879315553 ], [ 77.514989351142106, 12.97791296117579 ], [ 77.51514625056879, 12.977824784780557 ], [ 77.515295611759569, 12.977724807621966 ], [ 77.51543651384722, 12.977613646107992 ], [ 77.515568088122606, 12.977491985601718 ], [ 77.515689523390392, 12.977360576195453 ], [ 77.515800070970315, 12.977220228085812 ], [ 77.515899049312893, 12.977071806578232 ], [ 77.515985848200941, 12.976916226751767 ], [ 77.516059932511496, 12.976754447817044 ], [ 77.516120845514351, 12.976587467202188 ], [ 77.516168211687514, 12.976416314403179 ], [ 77.516201739031615, 12.976242044636507 ], [ 77.516221220869596, 12.976065732333394 ], [ 77.516226537120076, 12.975888464515542 ] ] ] ] } },
{ "type": "Feature", "properties": { "fid": 30, "OBJECTID": 31, "density_cluster": 15, "lat": 77.57437625, "long": 12.97708188, "Crash_IDs": "94_28/2022,95_29/2022,96_21/2022,97_30/2022,98_36/2022,99_42/2022,92_33/2024,93_84/2024,94_89/2024,96_101/2024", "Crash_Count": 10, "Fatal_Crashes": 2, "GI_Crashes": 8, "MI_Crashes": 0, "Karnataka_SI": 60, "WSI": 114, "Corporation": "Central", "fclass": "primary", "ref": "ART", "b_code": "C-ART-03" }, "geometry": { "type": "MultiPolygon", "coordinates": [ [ [ [ 77.576679089227412, 12.977059067428671 ], [ 77.576670164469419, 12.976881947043225 ], [ 77.576647097035988, 12.976706059363742 ], [ 77.57661002917321, 12.976532488787115 ], [ 77.576559189442108, 12.976362305422651 ], [ 77.576494891308812, 12.976196558494772 ], [ 77.576417531211391, 12.976036269874536 ], [ 77.576327586115255, 12.975882427779757 ], [ 77.576225610572052, 12.975735980682712 ], [ 77.576112233300549, 12.975597831462863 ], [ 77.575988153310121, 12.975468831840676 ], [ 77.5758541355912, 12.975349777126887 ], [ 77.575711006398848, 12.975241401319497 ], [ 77.575559648158958, 12.975144372578765 ], [ 77.575400994028001, 12.975059289108096 ], [ 77.575236022140345, 12.974986675466203 ], [ 77.575065749578201, 12.97492697933323 ], [ 77.574891226101528, 12.974880568750843 ], [ 77.574713527676693, 12.974847729853259 ], [ 77.574533749843354, 12.974828665103169 ], [ 77.574353000960983, 12.974823492043509 ], [ 77.574172395376095, 12.974832242572704 ], [ 77.573993046552729, 12.974854862747884 ], [ 77.57381606020833, 12.974891213117289 ], [ 77.573642527497228, 12.97494106957981 ], [ 77.573473518284004, 12.975004124766363 ], [ 77.57331007454799, 12.97507998993464 ], [ 77.573153203959478, 12.975168197365459 ], [ 77.57300387366756, 12.975268203246076 ], [ 77.572863004337506, 12.975379391022573 ], [ 77.572731464474771, 12.975501075200727 ], [ 77.572610065070336, 12.975632505571962 ], [ 77.572499554600583, 12.975772871838229 ], [ 77.57240061441253, 12.975921308607457 ], [ 77.572313854522676, 12.97607690072865 ], [ 77.572239809855731, 12.976238688933833 ], [ 77.572178936946031, 12.976405675752023 ], [ 77.572131611122273, 12.976576831658811 ], [ 77.572098124192834, 12.976751101423584 ], [ 77.572078682645937, 12.97692741061533 ], [ 77.572073406375921, 12.977104672226847 ], [ 77.572082327943164, 12.977281793376571 ], [ 77.572105392372677, 12.977457682046657 ], [ 77.572142457492319, 12.977631253815838 ], [ 77.572193294808613, 12.977801438545436 ], [ 77.57225759091493, 12.9779671869774 ], [ 77.572334949423052, 12.97812747720365 ], [ 77.572424893406762, 12.978281320966827 ], [ 77.572526868341754, 12.978427769753573 ], [ 77.572640245524269, 12.978565920642815 ], [ 77.572764325947105, 12.978694921872981 ], [ 77.5728983446092, 12.97881397809374 ], [ 77.573041475232245, 12.978922355269994 ], [ 77.573192835355158, 12.979019385207767 ], [ 77.573351491775043, 12.979104469674184 ], [ 77.573516466301214, 12.979177084086016 ], [ 77.573686741786503, 12.979236780744154 ], [ 77.573861268398915, 12.979283191594002 ], [ 77.574038970094932, 12.979316030494763 ], [ 77.574218751254307, 12.979335094983664 ], [ 77.574399503435686, 12.979340267524199 ], [ 77.574580112211336, 12.979331516230728 ], [ 77.574759464038621, 12.979308895064936 ], [ 77.57493645312617, 12.979272543502981 ], [ 77.575109988252066, 12.979222685675333 ], [ 77.575278999492269, 12.979159628984689 ], [ 77.575442444817568, 12.979083762210397 ], [ 77.57559931651852, 12.978995553111179 ], [ 77.575748647418649, 12.978895545540865 ], [ 77.575889516837691, 12.978784356094978 ], [ 77.576021056268019, 12.978662670308845 ], [ 77.576142454729293, 12.978531238430637 ], [ 77.576252963768326, 12.97839087079551 ], [ 77.576351902073398, 12.978242432829235 ], [ 77.576438659674295, 12.978086839712295 ], [ 77.576512701702725, 12.977925050737179 ], [ 77.576573571689295, 12.97775806339382 ], [ 77.576620894377299, 12.977586907219569 ], [ 77.576654378035556, 12.97741263745162 ], [ 77.576673816256402, 12.977236328521061 ], [ 77.576679089227412, 12.977059067428671 ] ] ] ] } },
{ "type": "Feature", "properties": { "fid": 31, "OBJECTID": 32, "density_cluster": 8, "lat": 77.6937458, "long": 12.9811903, "Crash_IDs": "48_13/2022,53_54/2022,50_26/2023,51_53/2023,52_96/2023,53_173/2023,59_69/2024,60_92/2024,61_102/2024,62_123/2024,63_155/2024,64_178/2024", "Crash_Count": 12, "Fatal_Crashes": 3, "GI_Crashes": 9, "MI_Crashes": 0, "Karnataka_SI": 75, "WSI": 159, "Corporation": "East", "fclass": "trunk", "ref": "ORR", "b_code": "E-ORR-04" }, "geometry": { "type": "MultiPolygon", "coordinates": [ [ [ [ 77.696048454885826, 12.981166423451279 ], [ 77.696039445543221, 12.980989323502214 ], [ 77.696016295185046, 12.980813462692588 ], [ 77.69597914656859, 12.980639925253364 ], [ 77.695928228752635, 12.980469781089292 ], [ 77.695863855684578, 12.980304079182892 ], [ 77.695786424264284, 12.980143841127429 ], [ 77.695696411896662, 12.979990054828795 ], [ 77.695594373547877, 12.979843668415125 ], [ 77.695480938323627, 12.979705584391649 ], [ 77.695356805590308, 12.979576654076816 ], [ 77.695222740663212, 12.979457672354037 ], [ 77.695079570088197, 12.979349372771324 ], [ 77.694928176545972, 12.979252423019055 ], [ 77.694769493410419, 12.979167420813752 ], [ 77.694604498994465, 12.979094890213252 ], [ 77.694434210518978, 12.979035278385895 ], [ 77.694259677841856, 12.978988952853793 ], [ 77.694081976986013, 12.978956199227024 ], [ 77.693902203506028, 12.978937219442823 ], [ 77.693721465734427, 12.978932130520548 ], [ 77.693540877949232, 12.978940963840166 ], [ 77.693361553504729, 12.978963664948642 ], [ 77.693184597968127, 12.979000093895507 ], [ 77.693011102303984, 12.979050026095447 ], [ 77.692842136148585, 12.979113153712666 ], [ 77.692678741215985, 12.979189087558501 ], [ 77.692521924875834, 12.979277359490528 ], [ 77.692372653942982, 12.97937742529847 ], [ 77.692231848717071, 12.979488668059036 ], [ 77.692100377308549, 12.97961040193908 ], [ 77.69197905028669, 12.979741876423599 ], [ 77.691868615681884, 12.979882280942562 ], [ 77.691769754373723, 12.980030749867982 ], [ 77.691683075892641, 12.980186367850497 ], [ 77.691609114661702, 12.98034817546255 ], [ 77.691548326701025, 12.980515175113322 ], [ 77.691501086815776, 12.980686337199076 ], [ 77.691467686284653, 12.980860606450873 ], [ 77.691448331063341, 12.981036908440602 ], [ 77.691443140513968, 12.981214156205196 ], [ 77.691452146668453, 12.981391256948186 ], [ 77.691475294030283, 12.981567118777281 ], [ 77.69151243991594, 12.981740657436417 ], [ 77.691563355333912, 12.981910802990795 ], [ 77.691627726395808, 12.982076506423672 ], [ 77.691705156251203, 12.982236746104199 ], [ 77.691795167533698, 12.982390534086456 ], [ 77.691897205303832, 12.982536922200859 ], [ 77.692010640470187, 12.982675007900308 ], [ 77.692134773667775, 12.982803939825075 ], [ 77.692268839569877, 12.982922923052106 ], [ 77.692412011606621, 12.983031223996356 ], [ 77.6925634070613, 12.98312817493392 ], [ 77.692722092512966, 12.983213178119085 ], [ 77.692887089591636, 12.9832857094699 ], [ 77.693057381010917, 12.983345321799533 ], [ 77.693231916840361, 12.983391647573519 ], [ 77.693409620979466, 12.983424401175807 ], [ 77.693589397792834, 12.983443380669781 ], [ 77.693770138865816, 12.983448469043221 ], [ 77.693950729839145, 12.983439634929681 ], [ 77.694130057279992, 12.983416932801735 ], [ 77.694307015547381, 12.983380502634963 ], [ 77.69448051360952, 12.983330569044716 ], [ 77.694649481771066, 12.983267439901015 ], [ 77.694812878268564, 12.983191504430122 ], [ 77.694969695693857, 12.98310323081447 ], [ 77.695118967205346, 12.98300316330579 ], [ 77.695259772489166, 12.982891918869257 ], [ 77.695391243433406, 12.982770183379284 ], [ 77.695512569480272, 12.982638707390505 ], [ 77.695623002623336, 12.982498301510006 ], [ 77.695721862019042, 12.982349831399294 ], [ 77.695808538184011, 12.982194212436911 ], [ 77.695882496752233, 12.982032404074547 ], [ 77.695943281769132, 12.981865403921494 ], [ 77.695990518502043, 12.981694241593864 ], [ 77.69602391574989, 12.981519972366543 ], [ 77.696043267637833, 12.981343670667041 ], [ 77.696048454885826, 12.981166423451279 ] ] ] ] } },
{ "type": "Feature", "properties": { "fid": 32, "OBJECTID": 33, "density_cluster": 5, "lat": 77.642924, "long": 12.98610923, "Crash_IDs": "13_002/2022,14_003/2022,15_66/2022,17_42/2023,20_56/2023,21_185/2023,29_45170.0,30_36/2023,18_35/2024,19_303/2024,20_298/2024,25_102/2024,26_87/2024,27_90/2024", "Crash_Count": 14, "Fatal_Crashes": 6, "GI_Crashes": 8, "MI_Crashes": 0, "Karnataka_SI": 100, "WSI": 278, "Corporation": "Central", "fclass": "primary", "ref": "ART", "b_code": "C-ART-04" }, "geometry": { "type": "MultiPolygon", "coordinates": [ [ [ [ 77.645226795993679, 12.986085794694452 ], [ 77.645217821479207, 12.985908686076778 ], [ 77.645194704863684, 12.985732813931739 ], [ 77.645157588696435, 12.98555926256029 ], [ 77.645106701836227, 12.985389101953185 ], [ 77.645042358039674, 12.985223381194421 ], [ 77.644964954026293, 12.985063121993567 ], [ 77.644874967032095, 12.984909312386964 ], [ 77.644772951866955, 12.984762900646494 ], [ 77.644659537493752, 12.984624789433566 ], [ 77.644535423150444, 12.984495830234289 ], [ 77.644401374039077, 12.984376818110153 ], [ 77.644258216608108, 12.984268486796591 ], [ 77.644106833457357, 12.98417150417956 ], [ 77.643948157896702, 12.984086468178171 ], [ 77.643783168192499, 12.984013903058541 ], [ 77.643612881536626, 12.983954256201757 ], [ 77.643438347775884, 12.9839078953458 ], [ 77.643260642939865, 12.983875106318436 ], [ 77.643080862607718, 12.983856091275035 ], [ 77.642900115154262, 12.983850967452224 ], [ 77.642719514917147, 12.983859766445029 ], [ 77.642540175327483, 12.983882434011937 ], [ 77.642363202045757, 12.983918830409165 ], [ 77.642189686145855, 12.983968731251965 ], [ 77.642020697388787, 12.984031828897782 ], [ 77.641857277627821, 12.984107734342645 ], [ 77.641700434385598, 12.984195979619177 ], [ 77.641551134642725, 12.984296020681377 ], [ 77.641410298876281, 12.984407240758477 ], [ 77.641278795384963, 12.984528954157179 ], [ 77.641157434935664, 12.984660410488749 ], [ 77.641046965764787, 12.984800799295089 ], [ 77.64094806896486, 12.984949255045125 ], [ 77.640861354285079, 12.985104862470781 ], [ 77.640787356371561, 12.985266662209646 ], [ 77.640726531470506, 12.985433656719538 ], [ 77.640679254614795, 12.985604816428504 ], [ 77.640645817310954, 12.98577908608236 ], [ 77.640626425741374, 12.985955391250631 ], [ 77.640621199492273, 12.986132644950771 ], [ 77.640630170815683, 12.986309754349827 ], [ 77.640653284429888, 12.986485627502264 ], [ 77.64069039785943, 12.986659180082306 ], [ 77.640741282312973, 12.98682934206945 ], [ 77.640805624093161, 12.98699506434572 ], [ 77.640883026530133, 12.987155325164174 ], [ 77.640973012426684, 12.987309136448639 ], [ 77.641075026999957, 12.987455549885926 ], [ 77.641188441301679, 12.987593662772838 ], [ 77.641312556095613, 12.987722623582052 ], [ 77.641446606168643, 12.98784163721243 ], [ 77.641589765048636, 12.987949969891462 ], [ 77.641741150100074, 12.988046953699556 ], [ 77.64189982796627, 12.988131990688276 ], [ 77.642064820324151, 12.988204556567197 ], [ 77.642235109916427, 12.988264203936533 ], [ 77.642409646824049, 12.988310565045682 ], [ 77.642587354939906, 12.988343354060651 ], [ 77.642767138604086, 12.988362368826364 ], [ 77.642947889359746, 12.988367492113035 ], [ 77.643128492787909, 12.988358692338847 ], [ 77.643307835378906, 12.988336023764543 ], [ 77.643484811398324, 12.988299626158721 ], [ 77.643658329704905, 12.98824972393588 ], [ 77.643827320478337, 12.98818662477256 ], [ 77.643990741815713, 12.988110717710097 ], [ 77.644147586155583, 12.9880224707557 ], [ 77.644296886490324, 12.987922427996686 ], [ 77.644437722328249, 12.987811206245597 ], [ 77.644569225368926, 12.98768949123696 ], [ 77.644690584856576, 12.987558033399143 ], [ 77.644801052578444, 12.98741764322734 ], [ 77.644899947477668, 12.987269186286241 ], [ 77.644986659851895, 12.987113577873254 ], [ 77.645060655111763, 12.986951777375097 ], [ 77.645121477076401, 12.986784782352654 ], [ 77.645168750785245, 12.986613622390495 ], [ 77.645202184809236, 12.986439352749036 ], [ 77.645221573046783, 12.986263047858451 ], [ 77.645226795993679, 12.986085794694452 ] ] ] ] } },
{ "type": "Feature", "properties": { "fid": 33, "OBJECTID": 34, "density_cluster": 10, "lat": 77.51949662, "long": 12.98737309, "Crash_IDs": "65_Cr no 89/2022,66_95/2022,67_101/2022,70_159/2022,74_235/2022,76_287/2022,83_61/2022,88_94/2022,143_Cr no 89/2022,144_95/2022,145_101/2022,147_150/2022,229_78/2022,235_172/2022,236_175/2022,244_89/2022,245_95/2022,246_101/2022,248_150/2022,64_45047.0,65_45108.0,66_33/2023,68_134/2023,70_120/2023,120_45047.0,121_45108.0,122_33/2023,128_120/2023,131_120/2023,133_43/2023,134_67/2023,135_86/2023,136_121/2023,137_129/2023,138_140/2023,139_365/2023,78_18/2024,79_159/2024,81_45474.0,82_21/2024,83_61/2024", "Crash_Count": 41, "Fatal_Crashes": 15, "GI_Crashes": 24, "MI_Crashes": 2, "Karnataka_SI": 272, "WSI": 713, "Corporation": "West", "fclass": "trunk", "ref": "ORR", "b_code": "W-ORR-09" }, "geometry": { "type": "MultiPolygon", "coordinates": [ [ [ [ 77.521799652747831, 12.987350745825024 ], [ 77.521790764790396, 12.987173616533182 ], [ 77.521767732736677, 12.986997717114582 ], [ 77.521730698614718, 12.98682413203862 ], [ 77.521679890777634, 12.986653931504105 ], [ 77.521615622494963, 12.986488164841424 ], [ 77.521538290020885, 12.986327854043381 ], [ 77.521448370150594, 12.986173987464602 ], [ 77.52134641728037, 12.986027513728365 ], [ 77.521233059989314, 12.985889335878401 ], [ 77.521108997163751, 12.985760305811713 ], [ 77.520974993688426, 12.985641219026737 ], [ 77.520831875730735, 12.985532809719158 ], [ 77.520680525647407, 12.985435746255744 ], [ 77.52052187654472, 12.985350627053915 ], [ 77.520356906526175, 12.985277976892595 ], [ 77.520186632662529, 12.985218243676989 ], [ 77.520012104721829, 12.985171795677287 ], [ 77.519834398697995, 12.985138919258278 ], [ 77.519654610177597, 12.985119817113862 ], [ 77.519473847585942, 12.985114607017403 ], [ 77.51929322535409, 12.985123321095537 ], [ 77.519113857048652, 12.985145905630006 ], [ 77.518936848507124, 12.985182221388659 ], [ 77.518763291020619, 12.985232044483675 ], [ 77.518594254606384, 12.985295067751588 ], [ 77.518430781411297, 12.985370902646793 ], [ 77.518273879287193, 12.985459081636684 ], [ 77.518124515577441, 12.985559061083807 ], [ 77.517983611153241, 12.985670224597181 ], [ 77.517852034736237, 12.985791886832164 ], [ 77.517730597542652, 12.985923297715468 ], [ 77.517620048281728, 12.986063647069226 ], [ 77.517521068539494, 12.986212069605676 ], [ 77.517434268576253, 12.986367650261638 ], [ 77.517360183563639, 12.986529429839898 ], [ 77.517299270284681, 12.986696410922763 ], [ 77.517251904316865, 12.986867564021276 ], [ 77.517218377716048, 12.98704183392227 ], [ 77.517198897215039, 12.987218146194012 ], [ 77.517193582948295, 12.987395413810425 ], [ 77.517202467710476, 12.98757254385306 ], [ 77.517225496753611, 12.987748444249371 ], [ 77.517262528123737, 12.98792203050591 ], [ 77.517313333535569, 12.988092232394782 ], [ 77.517377599779209, 12.988258000552255 ], [ 77.517454930650757, 12.988418312948719 ], [ 77.51754484939444, 12.988572181190193 ], [ 77.517646801641732, 12.988718656612457 ], [ 77.51776015882885, 12.988856836130257 ], [ 77.517884222072027, 12.988985867805528 ], [ 77.518018226476272, 12.989104956100231 ], [ 77.518161345851283, 12.989213366781492 ], [ 77.51831269780547, 12.989310431448731 ], [ 77.518471349186413, 12.989395551654882 ], [ 77.518636321834578, 12.98946820259629 ], [ 77.518806598614461, 12.989527936348541 ], [ 77.518981129686182, 12.989574384628234 ], [ 77.519158838978711, 12.989607261063686 ], [ 77.519338630825033, 12.989626362960589 ], [ 77.519519396717911, 12.989631572551678 ], [ 77.519700022145003, 12.989622857722757 ], [ 77.519879393461039, 12.989600272210572 ], [ 77.520056404754385, 12.989563955271338 ], [ 77.520229964666157, 12.989514130821968 ], [ 77.520399003119394, 12.989451106059262 ], [ 77.520562477917025, 12.989375269565635 ], [ 77.520719381167723, 12.989287088913054 ], [ 77.520868745500422, 12.989187107779902 ], [ 77.521009650028574, 12.989075942598696 ], [ 77.521141226027964, 12.988954278755125 ], [ 77.521262662292628, 12.988822866362097 ], [ 77.521373210136233, 12.988682515634656 ], [ 77.521472188007607, 12.988534091894376 ], [ 77.521558985692579, 12.988378510234096 ], [ 77.521633068075559, 12.988216729875747 ], [ 77.521693978438307, 12.988049748256239 ], [ 77.521741341275103, 12.987878594877731 ], [ 77.521774864607224, 12.987704324960294 ], [ 77.521794341782311, 12.987528012936068 ], [ 77.521799652747831, 12.987350745825024 ] ] ] ] } },
{ "type": "Feature", "properties": { "fid": 34, "OBJECTID": 35, "density_cluster": 54, "lat": 77.74225569, "long": 12.98700973, "Crash_IDs": ",62_90/2022,62_056/2023,63_086/2023,67_99/2024", "Crash_Count": 5, "Fatal_Crashes": 2, "GI_Crashes": 3, "MI_Crashes": 0, "Karnataka_SI": 35, "WSI": 94, "Corporation": "East", "fclass": "primary", "ref": "ART", "b_code": "E-ART-01" }, "geometry": { "type": "MultiPolygon", "coordinates": [ [ [ [ 77.744558305313205, 12.986985413279902 ], [ 77.744549260830752, 12.986808321937344 ], [ 77.744526075794099, 12.986632472394859 ], [ 77.744488893174363, 12.986458948813841 ], [ 77.744437942239912, 12.986288821013492 ], [ 77.744373537142266, 12.986123137875348 ], [ 77.74429607497872, 12.985962920876869 ], [ 77.744206033343588, 12.985809157794064 ], [ 77.744103967383438, 12.985662796611859 ], [ 77.743990506374075, 12.985524739679878 ], [ 77.743866349840744, 12.985395838149518 ], [ 77.743732263245363, 12.985276886726719 ], [ 77.743589073267259, 12.985168618772677 ], [ 77.74343766270664, 12.98507170178279 ], [ 77.743278965042222, 12.984986733271644 ], [ 77.743113958676361, 12.984914237089377 ], [ 77.742943660903521, 12.984854660192218 ], [ 77.742769121638858, 12.984808369886991 ], [ 77.7425914169458, 12.984775651566693 ], [ 77.742411642402544, 12.98475670695098 ], [ 77.742230906348126, 12.984751652842485 ], [ 77.742050323049938, 12.984760520406658 ], [ 77.741871005834653, 12.984783254979446 ], [ 77.741694060224916, 12.984819716404163 ], [ 77.741520577124064, 12.984869679895368 ], [ 77.74135162609106, 12.984932837424441 ], [ 77.741188248746738, 12.985008799618393 ], [ 77.741031452352416, 12.985097098160095 ], [ 77.740882203600094, 12.985197188675272 ], [ 77.740741422652704, 12.985308454088353 ], [ 77.740609977471195, 12.985430208426557 ], [ 77.740488678463208, 12.985561701048775 ], [ 77.74037827348657, 12.985702121273128 ], [ 77.740279443238308, 12.985850603374784 ], [ 77.740192797057489, 12.986006231923112 ], [ 77.740118869168143, 12.986168047425345 ], [ 77.740058115384912, 12.98633505224196 ], [ 77.74001091030236, 12.986506216737277 ], [ 77.73997754498464, 12.986680485627417 ], [ 77.739958225170426, 12.986856784486399 ], [ 77.739953070003551, 12.987034026370337 ], [ 77.739962111297871, 12.987211118518919 ], [ 77.739985293340169, 12.987386969092723 ], [ 77.740022473233125, 12.987560493904972 ], [ 77.740073421775477, 12.987730623106136 ], [ 77.740137824874623, 12.987896307780188 ], [ 77.740215285482492, 12.988056526411851 ], [ 77.740305326043014, 12.98821029118491 ], [ 77.740407391436165, 12.988356654072804 ], [ 77.740520852400053, 12.988494712683917 ], [ 77.740645009410557, 12.98862361582551 ], [ 77.740779096994004, 12.988742568751963 ], [ 77.740922288446754, 12.988850838065058 ], [ 77.741073700932262, 12.988947756235927 ], [ 77.74123240092446, 12.989032725720909 ], [ 77.741397409963639, 12.989105222645888 ], [ 77.741567710689509, 12.989164800036351 ], [ 77.741742253114239, 12.989211090573317 ], [ 77.741919961096514, 12.98924380885809 ], [ 77.742099738977231, 12.989262753171889 ], [ 77.742280478335118, 12.989267806719507 ], [ 77.742461064821455, 12.989258938349314 ], [ 77.742640385031066, 12.989236202745204 ], [ 77.742817333367597, 12.989199740089257 ], [ 77.742990818860534, 12.989149775197237 ], [ 77.743159771892039, 12.989086616132251 ], [ 77.743323150792051, 12.989010652305117 ], [ 77.743479948260941, 12.988922352073166 ], [ 77.74362919758029, 12.988822259852297 ], [ 77.74376997857317, 12.988710992760081 ], [ 77.743901423277507, 12.988589236810645 ], [ 77.744022721297426, 12.988457742684776 ], [ 77.744133124799419, 12.988317321101375 ], [ 77.744231953122778, 12.98816883781873 ], [ 77.744318596975816, 12.988013208296564 ], [ 77.744392522191859, 12.987851392051617 ], [ 77.744453273022046, 12.987684386741705 ], [ 77.744500474944559, 12.987513222014643 ], [ 77.744533836973019, 12.98733895316003 ], [ 77.7445531534498, 12.987162654602971 ], [ 77.744558305313205, 12.986985413279902 ] ] ] ] } },
{ "type": "Feature", "properties": { "fid": 35, "OBJECTID": 36, "density_cluster": 55, "lat": 77.68943013000001, "long": 12.98815611, "Crash_IDs": "50_125/2022,51_120/2022,54_16/2023,55_46/2023,56_189/2023,64_178/2024,65_180/2024", "Crash_Count": 7, "Fatal_Crashes": 3, "GI_Crashes": 4, "MI_Crashes": 0, "Karnataka_SI": 50, "WSI": 139, "Corporation": "East", "fclass": "trunk", "ref": "ORR", "b_code": "E-ORR-05" }, "geometry": { "type": "MultiPolygon", "coordinates": [ [ [ [ 77.691732857237469, 12.988132259100496 ], [ 77.691723849669202, 12.987955158535261 ], [ 77.691700700628303, 12.987779296955178 ], [ 77.691663552863957, 12.98760575859596 ], [ 77.691612635429735, 12.987435613368033 ], [ 77.691548262270686, 12.987269910260489 ], [ 77.691470830287258, 12.987109670873991 ], [ 77.691380816887857, 12.986955883122645 ], [ 77.691278777045, 12.986809495143536 ], [ 77.691165339873649, 12.986671409451544 ], [ 77.691041204752182, 12.986542477375394 ], [ 77.690907137010669, 12.986423493809353 ], [ 77.690763963212319, 12.986315192312787 ], [ 77.690612566057666, 12.986218240587865 ], [ 77.690453878942947, 12.986133236363264 ], [ 77.690288880205557, 12.986060703709242 ], [ 77.690118587093011, 12.986001089806802 ], [ 77.689944049491828, 12.985954762190833 ], [ 77.689766343455247, 12.98592200648425 ], [ 77.689586564569765, 12.985903024637091 ], [ 77.689405821201248, 12.985897933681427 ], [ 77.689225227662149, 12.98590676500975 ], [ 77.689045897342282, 12.985929464181298 ], [ 77.688868935845022, 12.98596589125753 ], [ 77.688695434171649, 12.986015821664656 ], [ 77.688526461995508, 12.986078947577939 ], [ 77.688363061067719, 12.98615487981921 ], [ 77.688206238794891, 12.98624315025595 ], [ 77.688056962028455, 12.986343214687087 ], [ 77.687916151103963, 12.986454456197835 ], [ 77.687784674167006, 12.986576188962754 ], [ 77.687663341820922, 12.986707662473728 ], [ 77.687552902128928, 12.986848066166726 ], [ 77.687454036001952, 12.986996534418875 ], [ 77.687367353000184, 12.987152151884976 ], [ 77.687293387574499, 12.987313959140659 ], [ 77.687232595770922, 12.98748095859732 ], [ 77.687185352418339, 12.987652120652433 ], [ 77.687151948816776, 12.987826390037256 ], [ 77.687132590940891, 12.988002692322876 ], [ 77.687127398169181, 12.988179940544411 ], [ 77.687136402547296, 12.988357041902583 ], [ 77.687159548589719, 12.988532904501316 ], [ 77.687196693621047, 12.988706444079815 ], [ 77.687247608655056, 12.988876590697616 ], [ 77.687311979805784, 12.989042295331418 ], [ 77.687389410222224, 12.989202536342976 ], [ 77.687479422534579, 12.989356325778161 ], [ 77.687581461797038, 12.989502715458434 ], [ 77.687694898909001, 12.989640802827024 ], [ 77.687819034493486, 12.989769736513924 ], [ 77.687953103209082, 12.989888721585201 ], [ 77.688096278468592, 12.989997024444428 ], [ 77.688247677535443, 12.99009397735588 ], [ 77.688406366966376, 12.990178982561673 ], [ 77.688571368366951, 12.990251515967378 ], [ 77.688741664424029, 12.990311130373486 ], [ 77.688916205178643, 12.99035745823271 ], [ 77.689093914499878, 12.990390213916138 ], [ 77.689273696720377, 12.99040919547431 ], [ 77.689454443392151, 12.990414285882263 ], [ 77.689635040121388, 12.990405453761003 ], [ 77.689814373439731, 12.990382753570801 ], [ 77.689991337669994, 12.990346325275295 ], [ 77.690164841743581, 12.990296393478291 ], [ 77.690333815928042, 12.990233266038748 ], [ 77.69049721842282, 12.990157332172419 ], [ 77.690654041782707, 12.990069060051841 ], [ 77.690803319129529, 12.98996899391954 ], [ 77.690944130113436, 12.989857750732194 ], [ 77.691075606587333, 12.989736016356527 ], [ 77.691196937959333, 12.989604541340317 ], [ 77.691307376190181, 12.98946413628466 ], [ 77.691406240404945, 12.989315666845973 ], [ 77.691492921090529, 12.989160048398688 ], [ 77.691566883853042, 12.988998240391323 ], [ 77.691627672712059, 12.988831240430992 ], [ 77.691674912911225, 12.988660078132622 ], [ 77.691708313228119, 12.988485808770953 ], [ 77.691727667769001, 12.988309506774321 ], [ 77.691732857237469, 12.988132259100496 ] ] ] ] } },
{ "type": "Feature", "properties": { "fid": 36, "OBJECTID": 37, "density_cluster": 11, "lat": 77.5214286, "long": 12.992972, "Crash_IDs": "66_95/2022,68_131/2022,69_150/2022,74_235/2022,75_277/2022,144_95/2022,146_131/2022,151_229/2022,152_235/2022,242_183/2022,243_208/2022,245_95/2022,247_131/2022,252_229/2022,253_235/2022,80_172/2024", "Crash_Count": 16, "Fatal_Crashes": 14, "GI_Crashes": 2, "MI_Crashes": 0, "Karnataka_SI": 150, "WSI": 582, "Corporation": "West", "fclass": "trunk", "ref": "ORR", "b_code": "W-ORR-10" }, "geometry": { "type": "MultiPolygon", "coordinates": [ [ [ [ 77.523731680894983, 12.992949629245096 ], [ 77.523722790621306, 12.992772500376166 ], [ 77.523699755968863, 12.992596601541768 ], [ 77.523662718981711, 12.992423017207686 ], [ 77.523611908030603, 12.992252817568147 ], [ 77.523547636404331, 12.992087051948022 ], [ 77.523470300377653, 12.99192674233367 ], [ 77.523380376767705, 12.991772877072419 ], [ 77.523278419993801, 12.991626404779407 ], [ 77.523165058659131, 12.991488228489471 ], [ 77.523040991674961, 12.991359200089986 ], [ 77.522906983951643, 12.991240115069088 ], [ 77.522763861682748, 12.991131707611595 ], [ 77.522612507251594, 12.991034646072865 ], [ 77.522453853791291, 12.990949528858442 ], [ 77.522288879432125, 12.990876880734991 ], [ 77.522118601271629, 12.990817149595156 ], [ 77.52194406910435, 12.990770703696329 ], [ 77.521766358950231, 12.990737829390342 ], [ 77.521586566421263, 12.990718729358074 ], [ 77.521405799967539, 12.990713521359865 ], [ 77.521225174043835, 12.990722237509425 ], [ 77.521045802239541, 12.990744824075726 ], [ 77.520868790413687, 12.990781141814102 ], [ 77.52069522987766, 12.990830966824518 ], [ 77.520526190667482, 12.990893991931724 ], [ 77.520362714947268, 12.99096982857877 ], [ 77.520205810584415, 12.991058009222263 ], [ 77.520056444936088, 12.99115799021456 ], [ 77.519915538885414, 12.991269155155162 ], [ 77.519783961164109, 12.991390818690638 ], [ 77.519662522996427, 12.991522230739681 ], [ 77.51955197309762, 12.991662581117247 ], [ 77.519452993057669, 12.99181100452927 ], [ 77.519366193138694, 12.991966585907171 ], [ 77.519292108512104, 12.99212836604929 ], [ 77.519231195958497, 12.992295347534453 ], [ 77.519183831050995, 12.992466500871243 ], [ 77.519150305838863, 12.992640770845 ], [ 77.519130827046382, 12.992817083023549 ], [ 77.519125514797494, 12.992994350381394 ], [ 77.519134401874453, 12.993171480001665 ], [ 77.519157433514991, 12.99334737981442 ], [ 77.519194467749145, 12.993520965329795 ], [ 77.519245276274006, 12.993691166324471 ], [ 77.519309545860494, 12.993856933440211 ], [ 77.519386880284074, 12.994017244653824 ], [ 77.51947680276713, 12.994171111578614 ], [ 77.51957875891803, 12.99431758555847 ], [ 77.519692120148974, 12.994455763517026 ], [ 77.519816187551228, 12.994584793525817 ], [ 77.519950196204164, 12.994703880057084 ], [ 77.520093319891288, 12.994812288888808 ], [ 77.52024467619438, 12.99490935163181 ], [ 77.520403331934247, 12.994994469850878 ], [ 77.520568308924439, 12.995067118754619 ], [ 77.520738590002694, 12.995126850431168 ], [ 77.52091312530257, 12.99517329660992 ], [ 77.521090838727005, 12.995206170932153 ], [ 77.521270634583459, 12.99522527071659 ], [ 77.52145140433997, 12.995230478208986 ], [ 77.521632033460392, 12.995221761308089 ], [ 77.521811408276619, 12.995199173763432 ], [ 77.521988422855443, 12.995162854843763 ], [ 77.522161985817732, 12.995113028478208 ], [ 77.522331027067679, 12.99505000187539 ], [ 77.522494504390977, 12.994974163629079 ], [ 77.522651409880737, 12.994885981322051 ], [ 77.522800776152053, 12.994785998642907 ], [ 77.522941682306453, 12.99467483203369 ], [ 77.523073259609689, 12.994553166888906 ], [ 77.523194696847767, 12.994421753329497 ], [ 77.523305245328331, 12.994281401577695 ], [ 77.523404223496343, 12.994132976961401 ], [ 77.523491021135769, 12.993977394578856 ], [ 77.523565103131318, 12.993815613656453 ], [ 77.523626012767167, 12.993648631634569 ], [ 77.523673374542085, 12.993477478017855 ], [ 77.523706896483887, 12.993303208027847 ], [ 77.523726371948854, 12.993126896097133 ], [ 77.523731680894983, 12.992949629245096 ] ] ] ] } },
{ "type": "Feature", "properties": { "fid": 37, "OBJECTID": 38, "density_cluster": 9, "lat": 77.68469443, "long": 12.99465857, "Crash_IDs": "52_205/2022,54_103/2022,55_116/2022,56_178/2022,57_17/2023,58_63/2023,59_212/2023,66_18/2024", "Crash_Count": 8, "Fatal_Crashes": 3, "GI_Crashes": 5, "MI_Crashes": 0, "Karnataka_SI": 55, "WSI": 143, "Corporation": "East", "fclass": "trunk", "ref": "ORR", "b_code": "E-ORR-06" }, "geometry": { "type": "MultiPolygon", "coordinates": [ [ [ [ 77.686997226140249, 12.994634749347075 ], [ 77.686988220728495, 12.994457648084936 ], [ 77.686965073405943, 12.9942817856258 ], [ 77.686927926911238, 12.994108246210816 ], [ 77.686877010290104, 12.993938099756933 ], [ 77.686812637482603, 12.993772395260796 ], [ 77.686735205387038, 12.99361215433164 ], [ 77.686645191412509, 12.99345836489308 ], [ 77.686543150535172, 12.993311975092597 ], [ 77.686429711876301, 12.993173887456303 ], [ 77.686305574823507, 12.993044953324905 ], [ 77.686171504718743, 12.992925967605334 ], [ 77.686028328139798, 12.992817663870227 ], [ 77.685876927804415, 12.992720709835542 ], [ 77.685718237128356, 12.992635703244179 ], [ 77.685553234471058, 12.992563168180984 ], [ 77.685382937104166, 12.9925035518418 ], [ 77.685208394940403, 12.992457221776519 ], [ 77.685030684061161, 12.992424463623154 ], [ 77.684850900082765, 12.992405479346806 ], [ 77.684670151402457, 12.992400385994516 ], [ 77.684489552365463, 12.992409214973536 ], [ 77.684310216395417, 12.992431911857583 ], [ 77.684133249130582, 12.992468336722206 ], [ 77.683959741607708, 12.992518265007249 ], [ 77.683790763536209, 12.992581388901048 ], [ 77.683627356703568, 12.992657319237885 ], [ 77.683470528552746, 12.99274558789698 ], [ 77.683321245971371, 12.992845650688226 ], [ 77.683180429330861, 12.992956890706941 ], [ 77.683048946812036, 12.99307862213689 ], [ 77.682927609052626, 12.993210094478208 ], [ 77.682817164149242, 12.993350497174074 ], [ 77.682718293044886, 12.993498964607772 ], [ 77.682631605330457, 12.993654581439161 ], [ 77.682557635485878, 12.993816388247799 ], [ 77.682496839584445, 12.99398338744785 ], [ 77.682449592480253, 12.994154549438385 ], [ 77.68241618549655, 12.994328818951068 ], [ 77.682396824628796, 12.994505121556216 ], [ 77.682391629273965, 12.994682370286988 ], [ 77.682400631493678, 12.994859472340975 ], [ 77.682423775815678, 12.995035335817825 ], [ 77.682460919575249, 12.995208876451331 ], [ 77.68251183379401, 12.995379024294541 ], [ 77.682576204591015, 12.995544730316604 ], [ 77.682653635117489, 12.995704972870708 ], [ 77.682743648002969, 12.995858763993224 ], [ 77.682845688298144, 12.996005155495205 ], [ 77.682959126896023, 12.99614324480865 ], [ 77.683083264410527, 12.996272180551545 ], [ 77.683217335488337, 12.996391167777285 ], [ 77.683360513527674, 12.996499472876152 ], [ 77.683511915774858, 12.996596428098602 ], [ 77.683670608767059, 12.996681435672482 ], [ 77.683835614087798, 12.996753971488758 ], [ 77.684005914399847, 12.996813588333049 ], [ 77.684180459717965, 12.996859918643015 ], [ 77.684358173883112, 12.996892676774632 ], [ 77.684537961198004, 12.99691166076332 ], [ 77.684718713183273, 12.996916753569129 ], [ 77.684899315412338, 12.996907923798265 ], [ 77.685078654382892, 12.9968852258965 ], [ 77.68525562438289, 12.996848799813355 ], [ 77.685429134308151, 12.996798870138981 ], [ 77.685598114390132, 12.99673574471926 ], [ 77.68576152279185, 12.996659812757477 ], [ 77.68591835203172, 12.996571542414431 ], [ 77.686067635195272, 12.996471477921684 ], [ 77.686208451896761, 12.996360236225817 ], [ 77.686339933953889, 12.996238503184363 ], [ 77.686461270740253, 12.996107029336878 ], [ 77.686571714183245, 12.995966625277253 ], [ 77.686670583375786, 12.995818156655794 ], [ 77.686757268774087, 12.995662538841886 ], [ 77.686831235955211, 12.995500731280165 ], [ 77.686892028911501, 12.995333731575009 ], [ 77.686939272861309, 12.995162569339788 ], [ 77.686972676559151, 12.994988299848854 ], [ 77.686992034090395, 12.994811997531365 ], [ 77.686997226140249, 12.994634749347075 ] ] ] ] } },
{ "type": "Feature", "properties": { "fid": 38, "OBJECTID": 39, "density_cluster": 12, "lat": 77.52346417, "long": 12.997714, "Crash_IDs": "71_202/2022,73_229/2022,142_208/2022,148_159/2022,150_209/2022,151_229/2022,152_235/2022,242_183/2022,243_208/2022,249_159/2022,251_209/2022,252_229/2022,253_235/2022,80_172/2024,84_70/2024", "Crash_Count": 15, "Fatal_Crashes": 10, "GI_Crashes": 5, "MI_Crashes": 0, "Karnataka_SI": 125, "WSI": 430, "Corporation": "West", "fclass": "trunk", "ref": "ORR", "b_code": "W-ORR-11" }, "geometry": { "type": "MultiPolygon", "coordinates": [ [ [ [ 77.525767290978038, 12.997691603182187 ], [ 77.525758398460596, 12.997514474737367 ], [ 77.525735361331115, 12.99733857648517 ], [ 77.525698321648974, 12.997164992887777 ], [ 77.525647507801523, 12.996994794134878 ], [ 77.525583233095446, 12.996829029545861 ], [ 77.525505893824487, 12.996668721100724 ], [ 77.525415966825761, 12.99651485713958 ], [ 77.525314006539531, 12.996368386269545 ], [ 77.525200641590587, 12.996230211516675 ], [ 77.525076570912489, 12.996101184758858 ], [ 77.524942559438358, 12.995982101474116 ], [ 77.524799433384914, 12.995873695836547 ], [ 77.524648075158765, 12.99577663619028 ], [ 77.524489417916413, 12.995691520929197 ], [ 77.52432443981148, 12.995618874807914 ], [ 77.524154157964546, 12.995559145706741 ], [ 77.523979622192869, 12.995512701870481 ], [ 77.523801908538658, 12.995479829638271 ], [ 77.523622112635422, 12.995460731678193 ], [ 77.523441342954044, 12.995455525737819 ], [ 77.523260713969194, 12.995464243918178 ], [ 77.523081339289121, 12.995486832475722 ], [ 77.522904324790616, 12.99552315215352 ], [ 77.522730761801483, 12.995572979039586 ], [ 77.522561720372877, 12.995636005947109 ], [ 77.522398242682598, 12.995711844308047 ], [ 77.522241336610151, 12.99580002656845 ], [ 77.522091969523274, 12.995900009070709 ], [ 77.52195106231396, 12.99601117540503 ], [ 77.52181948372106, 12.996132840209384 ], [ 77.521698044974215, 12.996264253394656 ], [ 77.521587494792243, 12.996404604768804 ], [ 77.521488514766887, 12.996553029031611 ], [ 77.521401715160181, 12.996708611109261 ], [ 77.521327631141617, 12.996870391795785 ], [ 77.521266719488082, 12.997037373666656 ], [ 77.521219355767144, 12.997208527228063 ], [ 77.521185832020748, 12.997382797263981 ], [ 77.521166354964166, 12.997559109341834 ], [ 77.521161044710652, 12.997736376436746 ], [ 77.521169934030169, 12.997913505633468 ], [ 77.521192968146622, 12.998089404864661 ], [ 77.521230005074827, 12.998262989644045 ], [ 77.521280816495249, 12.998433189752827 ], [ 77.521345089160974, 12.998598955838228 ], [ 77.521422426828465, 12.998759265883404 ], [ 77.521512352700114, 12.998913131508848 ], [ 77.521614312363425, 12.999059604066458 ], [ 77.521727677208915, 12.999197780488629 ], [ 77.521851748305593, 12.999326808856368 ], [ 77.521985760710024, 12.999445893652013 ], [ 77.522128888182564, 12.999554300664258 ], [ 77.522280248281703, 12.999651361515127 ], [ 77.522438907804769, 12.999736477781076 ], [ 77.522603888542022, 12.999809124682747 ], [ 77.522774173308051, 12.999868854320619 ], [ 77.522948712213719, 12.99991529843666 ], [ 77.523126429139651, 12.999948170684862 ], [ 77.523306228371766, 12.999967268396736 ], [ 77.523487001357239, 12.999972473830827 ], [ 77.523667633540029, 12.999963754898571 ], [ 77.523847011233102, 12.999941165362028 ], [ 77.524024028485556, 12.999904844502236 ], [ 77.524197593901718, 12.999855016260291 ], [ 77.52436663737069, 12.999791987856387 ], [ 77.524530116664437, 12.999716147895409 ], [ 77.524687023863933, 12.999627963970708 ], [ 77.524836391573743, 12.999527979780867 ], [ 77.524977298886512, 12.999416811777248 ], [ 77.525108877060831, 12.99929514536297 ], [ 77.525230314877405, 12.999163730666794 ], [ 77.525340863640253, 12.999023377917977 ], [ 77.525439841792632, 12.998874952450564 ], [ 77.525526639118596, 12.998719369368045 ], [ 77.525600720504855, 12.99855758790113 ], [ 77.525661629239295, 12.998390605493565 ], [ 77.525708989826256, 12.998219451652369 ], [ 77.52574251030093, 12.998045181600467 ], [ 77.52576198402862, 12.997868869770818 ], [ 77.525767290978038, 12.997691603182187 ] ] ] ] } },
{ "type": "Feature", "properties": { "fid": 39, "OBJECTID": 40, "density_cluster": 51, "lat": 77.6824112, "long": 13.0002818, "Crash_IDs": "57_206/2022,58_25/2022,59_135/2022,60_166/2022,32_80/2023,33_59/2023,60_158/2023,61_198/2023,35_226/2024,36_109/2024", "Crash_Count": 10, "Fatal_Crashes": 6, "GI_Crashes": 4, "MI_Crashes": 0, "Karnataka_SI": 80, "WSI": 262, "Corporation": "East", "fclass": "primary", "ref": "ART", "b_code": "E-ART-02" }, "geometry": { "type": "MultiPolygon", "coordinates": [ [ [ [ 77.684714052306774, 13.000257989470503 ], [ 77.684705047487739, 13.000080887920397 ], [ 77.684681900407938, 12.999905025112689 ], [ 77.684644753804562, 12.999731485290681 ], [ 77.684593836723991, 12.999561338373832 ], [ 77.684529463109143, 12.999395633361642 ], [ 77.684452029863337, 12.999235391866522 ], [ 77.684362014402751, 12.999081601815581 ], [ 77.684259971712692, 12.998935211360076 ], [ 77.684146530925673, 12.998797123030144 ], [ 77.684022391442426, 12.99866818817077 ], [ 77.683888318619864, 12.998549201693367 ], [ 77.683745139052547, 12.998440897175232 ], [ 77.683593735476649, 12.998343942337142 ], [ 77.68343504132794, 12.998258934926954 ], [ 77.683270034987189, 12.998186399034541 ], [ 77.683099733748804, 12.998126781860858 ], [ 77.682925187549372, 12.998080450960931 ], [ 77.682747472495123, 12.998047691977908 ], [ 77.682567684228133, 12.998028706882007 ], [ 77.682386931172061, 12.998023612725307 ], [ 77.682206327699092, 12.998032440920014 ], [ 77.682026987260244, 12.998055137044679 ], [ 77.681850015521235, 12.998091561179526 ], [ 77.681676503546456, 12.998141488768903 ], [ 77.681507521072717, 12.998204612005427 ], [ 77.681344109914619, 12.998280541727437 ], [ 77.68118727754181, 12.998368809817942 ], [ 77.681037990867921, 12.998468872090346 ], [ 77.680897170289597, 12.998580111643168 ], [ 77.680765684011917, 12.998701842663056 ], [ 77.680644342695786, 12.998833314652671 ], [ 77.680533894459714, 12.998973717057371 ], [ 77.680435020267296, 12.99912218426225 ], [ 77.680348329728446, 12.999277800928573 ], [ 77.680274357340508, 12.999439607636932 ], [ 77.680213559192438, 12.999606606802114 ], [ 77.680166310152231, 12.999777768823416 ], [ 77.680132901555055, 12.999952038432323 ], [ 77.680113539406335, 13.000128341198556 ], [ 77.680108343110973, 13.000305590154294 ], [ 77.68011734473636, 13.000482692495751 ], [ 77.680140488813976, 13.000658556320802 ], [ 77.680177632680568, 13.000832097361096 ], [ 77.680228547357146, 13.001002245667175 ], [ 77.68029291895995, 13.001167952205337 ], [ 77.680370350635258, 13.001328195325588 ], [ 77.680460365005516, 13.001481987060806 ], [ 77.680562407112276, 13.001628379218261 ], [ 77.680675847837421, 13.001766469225911 ], [ 77.680799987781725, 13.001895405697457 ], [ 77.680934061576878, 13.00201439368179 ], [ 77.681077242604431, 13.002122699564513 ], [ 77.681228648092215, 13.00221965559124 ], [ 77.681387344557436, 13.00230466398485 ], [ 77.681552353562211, 13.002377200631251 ], [ 77.681722657746576, 13.002436818310931 ], [ 77.681897207101414, 13.00248314945639 ], [ 77.682074925442777, 13.002515908418451 ], [ 77.682254717047655, 13.002534893227404 ], [ 77.682435473410195, 13.002539986838231 ], [ 77.682616080076812, 13.002531157852175 ], [ 77.682795423517845, 13.002508460710168 ], [ 77.682972397993638, 13.002472035357032 ], [ 77.683145912372439, 13.002422106378427 ], [ 77.683314896858192, 13.002358981615934 ], [ 77.683478309586803, 13.002283050268792 ], [ 77.683635143049941, 13.002194780494014 ], [ 77.683784430307099, 13.002094716519659 ], [ 77.683925250947311, 13.001983475289116 ], [ 77.684056736763949, 13.001861742657052 ], [ 77.684178077107475, 13.001730269160509 ], [ 77.684288523883325, 13.001589865391223 ], [ 77.684387396163828, 13.001441396997707 ], [ 77.684474084386224, 13.00128577934796 ], [ 77.68454805411011, 13.001123971885615 ], [ 77.684608849312184, 13.000956972214434 ], [ 77.684656095196999, 13.000785809947601 ], [ 77.684689500507048, 13.000611540359658 ], [ 77.68470885931788, 13.000435237880373 ], [ 77.684714052306774, 13.000257989470503 ] ] ] ] } },
{ "type": "Feature", "properties": { "fid": 40, "OBJECTID": 41, "density_cluster": 52, "lat": 77.68386677, "long": 13.00449625, "Crash_IDs": "26_242/2022,60_166/2022,32_80/2023,33_59/2023,61_198/2023,34_176/2024,35_226/2024,36_109/2024", "Crash_Count": 8, "Fatal_Crashes": 7, "GI_Crashes": 1, "MI_Crashes": 0, "Karnataka_SI": 75, "WSI": 291, "Corporation": "East", "fclass": "trunk", "ref": "NH75", "b_code": "E-NH75-01" }, "geometry": { "type": "MultiPolygon", "coordinates": [ [ [ [ 77.686169658413604, 13.004472418982424 ], [ 77.686160651810923, 13.004295317765209 ], [ 77.686137502735903, 13.004119455414672 ], [ 77.686100353938045, 13.003945916171288 ], [ 77.686049434477241, 13.003775769950947 ], [ 77.685985058311132, 13.003610065748852 ], [ 77.685907622358741, 13.003449825172408 ], [ 77.685817604052957, 13.003296036143057 ], [ 77.685715558396623, 13.003149646805754 ], [ 77.685602114540515, 13.003011559683733 ], [ 77.685477971904319, 13.00288262611453 ], [ 77.685343895864378, 13.002763641001597 ], [ 77.685200713035087, 13.002655337913808 ], [ 77.685049306172715, 13.002558384563125 ], [ 77.684890608733269, 13.002473378688229 ], [ 77.68472559911784, 13.00240084436953 ], [ 77.684555294640987, 13.002341228798267 ], [ 77.684380745259247, 13.002294899519599 ], [ 77.684203027098476, 13.002262142166671 ], [ 77.684023235819879, 13.002243158699658 ], [ 77.683842479865689, 13.002238066160594 ], [ 77.683661873625937, 13.002246895951716 ], [ 77.683482530568668, 13.002269593641733 ], [ 77.683305556375785, 13.002306019301237 ], [ 77.683132042126743, 13.002355948365162 ], [ 77.682963057572437, 13.002419073017053 ], [ 77.682799644540211, 13.002495004086517 ], [ 77.682642810511297, 13.002583273448268 ], [ 77.682493522409573, 13.00268333690788 ], [ 77.682352700640408, 13.002794577556559 ], [ 77.682221213416298, 13.002916309574196 ], [ 77.682099871403921, 13.003047782457305 ], [ 77.681989422726161, 13.003188185645749 ], [ 77.681890548349273, 13.00333665351978 ], [ 77.681803857884347, 13.003492270736558 ], [ 77.68172988582829, 13.003654077873268 ], [ 77.681669088268009, 13.003821077342071 ], [ 77.681621840067891, 13.003992239540377 ], [ 77.681588432557902, 13.004166509198587 ], [ 77.681569071736817, 13.004342811886124 ], [ 77.681563877001352, 13.004520060635638 ], [ 77.681572880409291, 13.004697162644618 ], [ 77.681596026481117, 13.00487302601298 ], [ 77.681633172541339, 13.005046566475192 ], [ 77.681684089597383, 13.00521671408535 ], [ 77.681748463750878, 13.005382419814037 ], [ 77.681825898132359, 13.005542662016239 ], [ 77.681915915347616, 13.005696452730499 ], [ 77.682017960420623, 13.005842843770374 ], [ 77.682131404214999, 13.005980932570699 ], [ 77.682255547312579, 13.006109867752619 ], [ 77.682389624325651, 13.006228854372971 ], [ 77.682532808615861, 13.006337158825756 ], [ 77.682684217390971, 13.006434113365408 ], [ 77.682842917147866, 13.006519120223968 ], [ 77.683007929428399, 13.006591655296809 ], [ 77.683178236852385, 13.006651271374112 ], [ 77.683352789390725, 13.006697600898269 ], [ 77.683530510839816, 13.006730358230083 ], [ 77.683710305457495, 13.006749341409906 ], [ 77.683891064719333, 13.006754433402767 ], [ 77.684071674153827, 13.006745602819883 ], [ 77.684251020214262, 13.006722904112033 ], [ 77.684427997144823, 13.006686477233711 ], [ 77.684601513798597, 13.006636546779966 ], [ 77.684770500365531, 13.006573420601489 ], [ 77.684933914968667, 13.006497487906259 ], [ 77.685090750088122, 13.006409216859597 ], [ 77.685240038773173, 13.006309151697415 ], [ 77.685380860604056, 13.006197909370432 ], [ 77.685512347366796, 13.006076175740079 ], [ 77.685633688406028, 13.005944701349556 ], [ 77.685744135622869, 13.005804296796112 ], [ 77.685843008087019, 13.005655827733108 ], [ 77.685929696234496, 13.00550020953267 ], [ 77.686003665625464, 13.005338401641819 ], [ 77.686064460238612, 13.005171401666976 ], [ 77.686111705282144, 13.005000239223181 ], [ 77.686145109503784, 13.004825969586083 ], [ 77.686164466985787, 13.00464966718574 ], [ 77.686169658413604, 13.004472418982424 ] ] ] ] } },
{ "type": "Feature", "properties": { "fid": 41, "OBJECTID": 42, "density_cluster": 2, "lat": 77.647446, "long": 13.022795, "Crash_IDs": "2_152/2022,1_167/2023,6_23/2024,7_94/2024,8_91/2024", "Crash_Count": 5, "Fatal_Crashes": 1, "GI_Crashes": 4, "MI_Crashes": 0, "Karnataka_SI": 30, "WSI": 57, "Corporation": "East", "fclass": "trunk", "ref": "ORR", "b_code": "E-ORR-07" }, "geometry": { "type": "MultiPolygon", "coordinates": [ [ [ [ 77.649749125933369, 13.022771459533949 ], [ 77.649740141703788, 13.022594352390161 ], [ 77.649717013399069, 13.022418482358425 ], [ 77.649679883640658, 13.022244933726652 ], [ 77.649628981371208, 13.022074776468683 ], [ 77.649564620442419, 13.021909059647822 ], [ 77.649487197679463, 13.021748804949336 ], [ 77.64939719043403, 13.021595000381764 ], [ 77.649295153640878, 13.021448594185873 ], [ 77.649181716396228, 13.021310488988853 ], [ 77.649057578079081, 13.021181536239677 ], [ 77.648923504039274, 13.021062530960029 ], [ 77.648780320878956, 13.02095420684309 ], [ 77.648628911356482, 13.020857231730428 ], [ 77.648470208944332, 13.02077220349484 ], [ 77.648305192074318, 13.020699646354533 ], [ 77.648134878105765, 13.020640007641381 ], [ 77.647960317053716, 13.020593655043136 ], [ 77.647782585116005, 13.020560874336642 ], [ 77.647602778038788, 13.020541867625955 ], [ 77.64742200436163, 13.020536752096337 ], [ 77.6472413785838, 13.020545559291687 ], [ 77.647062014293766, 13.020568234919942 ], [ 77.646885017304243, 13.020604639187628 ], [ 77.646711478835172, 13.020654547661509 ], [ 77.646542468786663, 13.020717652652008 ], [ 77.646379029143176, 13.02079356510991 ], [ 77.646222167549894, 13.020881817024637 ], [ 77.646072851100527, 13.020981864309304 ], [ 77.645932000375154, 13.021093090154825 ], [ 77.64580048376466, 13.021214808832378 ], [ 77.645679112116838, 13.021346269920722 ], [ 77.645568633737156, 13.021486662932485 ], [ 77.645469729774959, 13.021635122310691 ], [ 77.645383010023664, 13.021790732764934 ], [ 77.645309009160684, 13.021952534914162 ], [ 77.645248183450519, 13.022119531201353 ], [ 77.645200907931056, 13.022290692043622 ], [ 77.645167474100717, 13.022464962179805 ], [ 77.645148088120536, 13.022641267176459 ], [ 77.645142869542397, 13.022818520052097 ], [ 77.645151850571125, 13.02299562797884 ], [ 77.645174975865217, 13.023171499020215 ], [ 77.645212102877352, 13.023345048863444 ], [ 77.645263002732477, 13.023515207504863 ], [ 77.64532736163838, 13.023680925847104 ], [ 77.645404782819668, 13.023841182167432 ], [ 77.645494788963603, 13.023994988417378 ], [ 77.645596825162599, 13.024141396314741 ], [ 77.645710262334973, 13.024279503190447 ], [ 77.645834401103571, 13.024408457554181 ], [ 77.645968476107427, 13.024527464344505 ], [ 77.646111660720649, 13.024635789831043 ], [ 77.646263072149097, 13.024732766138493 ], [ 77.646421776873368, 13.024817795364655 ], [ 77.646586796404719, 13.02489035326691 ], [ 77.646757113318316, 13.024949992494639 ], [ 77.646931677526553, 13.024996345347414 ], [ 77.647109412753906, 13.025029126042122 ], [ 77.647289223173217, 13.025048132475 ], [ 77.647470000162642, 13.025053247467621 ], [ 77.64765062914131, 13.025044439489315 ], [ 77.64782999644197, 13.025021762851425 ], [ 77.648006996177784, 13.024985357372278 ], [ 77.648180537061165, 13.024935447514949 ], [ 77.648349549132575, 13.02487234100307 ], [ 77.648512990357716, 13.024796426923329 ], [ 77.648669853052482, 13.024708173326228 ], [ 77.648819170096033, 13.024608124340084 ], [ 77.648960020893668, 13.024496896815879 ], [ 77.649091537052712, 13.024375176523769 ], [ 77.649212907736484, 13.024243713924745 ], [ 77.649323384663262, 13.024103319543391 ], [ 77.649422286719485, 13.023954858970393 ], [ 77.649509004158645, 13.023799247525581 ], [ 77.649583002360288, 13.023637444614399 ], [ 77.649643825125438, 13.023470447812629 ], [ 77.649691097488713, 13.023299286715833 ], [ 77.649724528029395, 13.02312501659144 ], [ 77.649743910667482, 13.022948711872592 ], [ 77.649749125933369, 13.022771459533949 ] ] ] ] } },
{ "type": "Feature", "properties": { "fid": 42, "OBJECTID": 43, "density_cluster": 42, "lat": 77.54807867, "long": 13.02457867, "Crash_IDs": "418_67/2022,419_79/2022,420_128/2022,421_179/2022,313_22/2023,314_356/2023,315_359/2023,316_368/2023,317_386/2023,248_14/2024,249_52/2024", "Crash_Count": 11, "Fatal_Crashes": 4, "GI_Crashes": 7, "MI_Crashes": 0, "Karnataka_SI": 75, "WSI": 192, "Corporation": "West", "fclass": "trunk", "ref": "NH48", "b_code": "W-NH48-01" }, "geometry": { "type": "MultiPolygon", "coordinates": [ [ [ [ 77.550381994831355, 13.024556009069189 ], [ 77.550373080353253, 13.024378885199154 ], [ 77.550350020142162, 13.024202993121946 ], [ 77.550312956399793, 13.024029417261609 ], [ 77.550262117661887, 13.023859227760063 ], [ 77.550197817388579, 13.0236934738796 ], [ 77.550120452031294, 13.023533177534134 ], [ 77.550030498587958, 13.023379326989112 ], [ 77.549928511661832, 13.023232870768888 ], [ 77.549815120041941, 13.023094711809144 ], [ 77.54969102282621, 13.02296570189036 ], [ 77.549556985111352, 13.022846636386697 ], [ 77.549413833275764, 13.02273824936262 ], [ 77.549262449884949, 13.022641209047467 ], [ 77.549103768250475, 13.022556113715943 ], [ 77.548938766676272, 13.022483487999793 ], [ 77.548768462427503, 13.022423779653529 ], [ 77.54859390545947, 13.022377356794033 ], [ 77.548416171944936, 13.022344505631134 ], [ 77.548236357639851, 13.022325428703065 ], [ 77.548055571128373, 13.022320243627771 ], [ 77.547874926988939, 13.022328982377699 ], [ 77.547695538923151, 13.022351591082547 ], [ 77.547518512890264, 13.022387930361219 ], [ 77.547344940289179, 13.022437776180958 ], [ 77.547175891230268, 13.02250082123828 ], [ 77.547012407938382, 13.022576676853307 ], [ 77.546855498327574, 13.022664875365773 ], [ 77.546706129787395, 13.022764873017925 ], [ 77.546565223218849, 13.022876053306604 ], [ 77.546433647356878, 13.022997730783809 ], [ 77.546312213414339, 13.023129155282311 ], [ 77.546201670080492, 13.023269516540342 ], [ 77.54610269890496, 13.023417949196771 ], [ 77.546015910095278, 13.023573538126035 ], [ 77.545941838754473, 13.02373532407991 ], [ 77.545880941581359, 13.023902309601391 ], [ 77.545833594054272, 13.024073465174132 ], [ 77.545800088115485, 13.02424773556967 ], [ 77.545780630370515, 13.024424046353172 ], [ 77.545775340813634, 13.024601310507695 ], [ 77.545784252087273, 13.024778435136056 ], [ 77.545807309280065, 13.024954328199039 ], [ 77.545844370264589, 13.025127905248308 ], [ 77.545895206573007, 13.025298096112683 ], [ 77.545959504805012, 13.02546385149631 ], [ 77.546036868559455, 13.025624149448257 ], [ 77.546126820877873, 13.025778001663525 ], [ 77.546228807184704, 13.025924459576631 ], [ 77.546342198706171, 13.02606262021021 ], [ 77.54646629634675, 13.026191631742565 ], [ 77.546600334999297, 13.026310698759804 ], [ 77.546743488262322, 13.026419087160198 ], [ 77.546894873535166, 13.026516128680509 ], [ 77.547053557459904, 13.026601225016371 ], [ 77.547218561676246, 13.026673851511292 ], [ 77.547388868853957, 13.026733560391598 ], [ 77.547563428965589, 13.02677998352725 ], [ 77.547741165760996, 13.026812834701623 ], [ 77.547920983403486, 13.026831911376199 ], [ 77.548101773226634, 13.026837095939271 ], [ 77.548282420570501, 13.026828356431015 ], [ 77.548461811654605, 13.026805746740397 ], [ 77.548638840445335, 13.026769406272786 ], [ 77.548812415475908, 13.026719559090219 ], [ 77.548981466576095, 13.026656512529737 ], [ 77.549144951470836, 13.02658065530823 ], [ 77.549301862206562, 13.026492455125517 ], [ 77.549451231366035, 13.026392455780483 ], [ 77.54959213803302, 13.026281273817967 ], [ 77.549723713470129, 13.026159594727192 ], [ 77.549845146474979, 13.026028168715111 ], [ 77.549955688381388, 13.025887806080769 ], [ 77.550054657674906, 13.025739372219178 ], [ 77.55014144419431, 13.025583782285581 ], [ 77.550215512892976, 13.025421995552929 ], [ 77.550276407137162, 13.025255009497405 ], [ 77.550323751520637, 13.025083853648509 ], [ 77.55035725417855, 13.024909583241504 ], [ 77.550376708586143, 13.024733272711492 ], [ 77.550381994831355, 13.024556009069189 ] ] ] ] } },
{ "type": "Feature", "properties": { "fid": 43, "OBJECTID": 44, "density_cluster": 43, "lat": 77.5446505, "long": 13.0262535, "Crash_IDs": "418_67/2022,419_79/2022,420_128/2022,421_179/2022,422_118/2022,313_22/2023,314_356/2023,315_359/2023,316_368/2023,317_386/2023,248_14/2024,249_52/2024", "Crash_Count": 12, "Fatal_Crashes": 5, "GI_Crashes": 7, "MI_Crashes": 0, "Karnataka_SI": 85, "WSI": 233, "Corporation": "West", "fclass": "trunk", "ref": "NH48", "b_code": "W-NH48-02" }, "geometry": { "type": "MultiPolygon", "coordinates": [ [ [ [ 77.546953846477464, 13.026230866666651 ], [ 77.546944934128419, 13.026053742259588 ], [ 77.546921875899727, 13.025877849478528 ], [ 77.546884813980924, 13.025704272751865 ], [ 77.546833976896508, 13.025534082226873 ], [ 77.546769678096439, 13.025368327172149 ], [ 77.546692314023034, 13.025208029508855 ], [ 77.546602361666316, 13.025054177510567 ], [ 77.546500375622884, 13.024907719710608 ], [ 77.546386984676303, 13.024769559054395 ], [ 77.546262887920406, 13.024640547332861 ], [ 77.546128850449008, 13.024521479931289 ], [ 77.545985698639058, 13.024413090925837 ], [ 77.545834315055913, 13.024316048558058 ], [ 77.545675633012308, 13.024230951115303 ], [ 77.545510630814704, 13.024158323242334 ], [ 77.545340325732113, 13.024098612706949 ], [ 77.545165767724995, 13.024052187639523 ], [ 77.544988032972526, 13.024019334263482 ], [ 77.544808217238227, 13.024000255130701 ], [ 77.544627429115138, 13.023995067872713 ], [ 77.544446783191589, 13.024003804475413 ], [ 77.544267393180192, 13.024026411081721 ], [ 77.544090365052185, 13.024062748323486 ], [ 77.54391679021937, 13.024112592180492 ], [ 77.543747738805891, 13.024175635361351 ], [ 77.54358425305108, 13.024251489197754 ], [ 77.543427340884193, 13.024339686040395 ], [ 77.543277969710516, 13.024439682141814 ], [ 77.543137060447279, 13.024550861008414 ], [ 77.543005481846023, 13.024672537200955 ], [ 77.542884045136489, 13.024803960560138 ], [ 77.542773499025017, 13.024944320831215 ], [ 77.542674525078311, 13.025092752659154 ], [ 77.542587733520989, 13.025248340923493 ], [ 77.542513659473045, 13.025410126380125 ], [ 77.542452759649933, 13.025577111575103 ], [ 77.542405409546348, 13.025748266994114 ], [ 77.542371901120461, 13.025922537409645 ], [ 77.542352440993099, 13.02609884838675 ], [ 77.542347149173267, 13.026276112907301 ], [ 77.54235605831731, 13.026453238071865 ], [ 77.542379113526991, 13.026629131837922 ], [ 77.54241617268714, 13.026802709752824 ], [ 77.542467007341202, 13.026972901640045 ], [ 77.542531304099029, 13.027138658197432 ], [ 77.542608666568583, 13.027298957466829 ], [ 77.54269861779936, 13.027452811135117 ], [ 77.542800603222474, 13.027599270627849 ], [ 77.542913994069622, 13.027737432957931 ], [ 77.543038091249457, 13.027866446293203 ], [ 77.543172129657677, 13.02798551520865 ], [ 77.543315282894284, 13.028093905590842 ], [ 77.543466668358818, 13.028190949164326 ], [ 77.543625352692189, 13.028276047612056 ], [ 77.543790357531563, 13.028348676264532 ], [ 77.543960665542869, 13.028408387334757 ], [ 77.544135226693541, 13.028454812679186 ], [ 77.544312964727027, 13.028487666067576 ], [ 77.544492783798958, 13.028506744947745 ], [ 77.544673575234143, 13.028511931694377 ], [ 77.544854224362695, 13.028503194334181 ], [ 77.545033617393088, 13.028480586742875 ], [ 77.545210648279749, 13.028444248312871 ], [ 77.545384225542932, 13.028394403093642 ], [ 77.545553278998653, 13.028331358410119 ], [ 77.545716766357316, 13.028255502967607 ], [ 77.545873679650143, 13.028167304454966 ], [ 77.546023051444152, 13.028067306660772 ], [ 77.546163960806808, 13.02795612612031 ], [ 77.54629553898414, 13.02783444831403 ], [ 77.546416974756838, 13.027703023440969 ], [ 77.546527519441625, 13.027562661793151 ], [ 77.54662649150697, 13.027414228759513 ], [ 77.546713280774512, 13.027258639490196 ], [ 77.546787352180715, 13.02709685325406 ], [ 77.546848249075097, 13.02692986752424 ], [ 77.5468955960351, 13.026758711828222 ], [ 77.546929101180012, 13.026584441400345 ], [ 77.546948557969728, 13.026408130675847 ], [ 77.546953846477464, 13.026230866666651 ] ] ] ] } },
{ "type": "Feature", "properties": { "fid": 44, "OBJECTID": 45, "density_cluster": 1, "lat": 77.641067, "long": 13.025427, "Crash_IDs": "1_141/2022,1_95/2024,2_44/2024,3_36/2024,4_51/2024,5_92/2024", "Crash_Count": 6, "Fatal_Crashes": 3, "GI_Crashes": 3, "MI_Crashes": 0, "Karnataka_SI": 45, "WSI": 135, "Corporation": "East", "fclass": "trunk", "ref": "ORR", "b_code": "E-ORR-08" }, "geometry": { "type": "MultiPolygon", "coordinates": [ [ [ [ 77.643370162170967, 13.025403511530698 ], [ 77.643361181969922, 13.025226403345112 ], [ 77.643338057445376, 13.025050531957456 ], [ 77.643300931195498, 13.02487698166401 ], [ 77.643250032141324, 13.024706822448874 ], [ 77.643185674114733, 13.024541103387431 ], [ 77.643108253923046, 13.024380846178763 ], [ 77.643018248902095, 13.024227038846899 ], [ 77.642916213972939, 13.024080629649653 ], [ 77.642802778220343, 13.023942521232721 ], [ 77.642678641014129, 13.023813565064925 ], [ 77.642544567697257, 13.023694556189028 ], [ 77.642401384867469, 13.023586228320376 ], [ 77.642249975281089, 13.023489249323662 ], [ 77.642091272411008, 13.023404217095617 ], [ 77.641926254691867, 13.023331655879058 ], [ 77.64175593948822, 13.02327201303097 ], [ 77.641581376822757, 13.023225656264596 ], [ 77.641403642903228, 13.023192871382454 ], [ 77.641223833488041, 13.023173860514339 ], [ 77.641043057131142, 13.023168740871116 ], [ 77.640862428348328, 13.023177544022046 ], [ 77.640683060746596, 13.02320021569998 ], [ 77.640506060159041, 13.023236616135776 ], [ 77.640332517827801, 13.023286520919831 ], [ 77.640163503676774, 13.023349622385291 ], [ 77.640000059715703, 13.023425531504673 ], [ 77.639843193616358, 13.023513780287967 ], [ 77.639693872500231, 13.023613824667596 ], [ 77.639553016976137, 13.023725047852388 ], [ 77.639421495464532, 13.023846764129903 ], [ 77.639300118843451, 13.023978223093728 ], [ 77.639189635448972, 13.024118614269577 ], [ 77.639090726461333, 13.024267072111803 ], [ 77.639004001704947, 13.024422681339479 ], [ 77.638929995888063, 13.024584482579124 ], [ 77.638869165305721, 13.024751478279342 ], [ 77.638821885025834, 13.024922638860865 ], [ 77.6387884465762, 13.025096909064169 ], [ 77.638769056146316, 13.025273214455408 ], [ 77.638763833315494, 13.02545046805067 ], [ 77.638772810314791, 13.025627577017659 ], [ 77.638795931827545, 13.025803449413502 ], [ 77.638833055329769, 13.025977000917084 ], [ 77.638883951968083, 13.026147161514521 ], [ 77.638948307970097, 13.026312882096379 ], [ 77.639025726578339, 13.026473140926145 ], [ 77.639115730495945, 13.026626949939876 ], [ 77.63921776482907, 13.026773360838343 ], [ 77.639331200507598, 13.026911470933953 ], [ 77.639455338163543, 13.027040428716557 ], [ 77.639589412442845, 13.027159439103633 ], [ 77.639732596724087, 13.02726776834262 ], [ 77.639884008215191, 13.02736474853508 ], [ 77.640042713396369, 13.027449781754839 ], [ 77.640207733776094, 13.027522343734665 ], [ 77.640378051924287, 13.027581987098777 ], [ 77.640552617745726, 13.027628344121226 ], [ 77.640730354954968, 13.027661128993195 ], [ 77.640910167712647, 13.027680139585131 ], [ 77.641090947382452, 13.02768525869296 ], [ 77.641271579367015, 13.027676454760631 ], [ 77.641450949980538, 13.027653782074513 ], [ 77.641627953315748, 13.027617380428568 ], [ 77.641801498062847, 13.027567474262224 ], [ 77.641970514238452, 13.02750437127634 ], [ 77.642133959782967, 13.027428460535862 ], [ 77.642290826985629, 13.027340210070705 ], [ 77.642440148697801, 13.027240163989855 ], [ 77.642581004295963, 13.027128939126383 ], [ 77.642712525357837, 13.027007221234054 ], [ 77.642833901016502, 13.026875760759054 ], [ 77.642944382959541, 13.026735368212881 ], [ 77.643043290042428, 13.02658690917491 ], [ 77.643130012487731, 13.026431298955515 ], [ 77.643204015644031, 13.026269496952597 ], [ 77.643264843281841, 13.026102500736355 ], [ 77.643312120405739, 13.025931339898753 ], [ 77.643345555565645, 13.02575706970563 ], [ 77.643364942653051, 13.025580764590572 ], [ 77.643370162170967, 13.025403511530698 ] ] ] ] } },
{ "type": "Feature", "properties": { "fid": 45, "OBJECTID": 46, "density_cluster": 53, "lat": 77.71760912000001, "long": 13.02471618, "Crash_IDs": "23_52/2022,24_83/2022,25_96/2022,31_317/2023,33_51/2024", "Crash_Count": 5, "Fatal_Crashes": 5, "GI_Crashes": 0, "MI_Crashes": 0, "Karnataka_SI": 50, "WSI": 205, "Corporation": "East", "fclass": "trunk", "ref": "NH75", "b_code": "E-NH75-02" }, "geometry": { "type": "MultiPolygon", "coordinates": [ [ [ [ 77.71991213067929, 13.024692012886369 ], [ 77.719903096647101, 13.024514917936532 ], [ 77.71987991955848, 13.024339063886879 ], [ 77.719842742335615, 13.024165534926627 ], [ 77.71979179421372, 13.023995400908193 ], [ 77.719727389327076, 13.023829710751462 ], [ 77.719649924771815, 13.023669485977186 ], [ 77.719559878157114, 13.023515714409301 ], [ 77.719457804660308, 13.023369344085053 ], [ 77.719344333603757, 13.023231277410408 ], [ 77.71922016457475, 13.023102365596792 ], [ 77.7190860631123, 13.022983403413505 ], [ 77.718942855987436, 13.022875124288039 ], [ 77.718791426106137, 13.022778195784614 ], [ 77.71863270706622, 13.022693215488729 ], [ 77.718467677401861, 13.022620707323119 ], [ 77.718297354551126, 13.022561118317817 ], [ 77.718122788583742, 13.022514815854228 ], [ 77.717945055727739, 13.022482085400243 ], [ 77.717765251734846, 13.022463128750246 ], [ 77.717584485125599, 13.022458062781014 ], [ 77.71740387035571, 13.022466918731057 ], [ 77.717224520945734, 13.022489642007873 ], [ 77.717047542616726, 13.022526092524382 ], [ 77.716874026473647, 13.022576045562356 ], [ 77.716705042279017, 13.022639193157602 ], [ 77.716541631858078, 13.022715145998353 ], [ 77.716384802675933, 13.022803435825155 ], [ 77.716235521626601, 13.022903518317474 ], [ 77.716094709072095, 13.023014776449214 ], [ 77.715963233168139, 13.023136524292523 ], [ 77.715841904511706, 13.023268011246371 ], [ 77.7157314711434, 13.023408426663879 ], [ 77.715632613935227, 13.023556904849915 ], [ 77.715545942392481, 13.023712530398036 ], [ 77.715471990895537, 13.023874343834052 ], [ 77.715411215404629, 13.024041347531243 ], [ 77.715363990648171, 13.024212511860911 ], [ 77.71533060781168, 13.024386781540262 ], [ 77.715311272741886, 13.024563082138512 ], [ 77.715306104676799, 13.024740326701137 ], [ 77.71531513550984, 13.024917422451349 ], [ 77.71533830959244, 13.025093277527585 ], [ 77.715375484076418, 13.025266807715346 ], [ 77.715426429794007, 13.025436943131997 ], [ 77.715490832670113, 13.025602634823215 ], [ 77.715568295658144, 13.025762861230474 ], [ 77.715658341187492, 13.025916634489617 ], [ 77.715760414107564, 13.026063006521758 ], [ 77.71587388511017, 13.026201074878884 ], [ 77.715998054609358, 13.026329988308134 ], [ 77.716132157054574, 13.026448952000424 ], [ 77.716275365650532, 13.026557232491111 ], [ 77.716426797455071, 13.026654162182355 ], [ 77.71658551882301, 13.026739143459411 ], [ 77.716750551162846, 13.026811652375384 ], [ 77.716920876970633, 13.026871241881764 ], [ 77.717095446103826, 13.026917544584807 ], [ 77.717273182256463, 13.026950275010725 ], [ 77.717452989595614, 13.026969231365827 ], [ 77.71763375951835, 13.026974296780597 ], [ 77.7178143774874, 13.026965440030184 ], [ 77.717993729903384, 13.026942715726783 ], [ 77.718170710971293, 13.026906263982761 ], [ 77.718344229518678, 13.026856309546577 ], [ 77.718513215723817, 13.02679316041684 ], [ 77.718676627711986, 13.026717205943111 ], [ 77.718833457979514, 13.026628914425046 ], [ 77.718982739605579, 13.026528830224835 ], [ 77.719123552214029, 13.026417570410612 ], [ 77.719255027647804, 13.02629582095167 ], [ 77.719376355321472, 13.02616433248882 ], [ 77.719486787218656, 13.026023915706089 ], [ 77.719585642503603, 13.025875436332234 ], [ 77.719672311718327, 13.025719809802942 ], [ 77.719746260539807, 13.025557995616566 ], [ 77.719807033073664, 13.025390991418297 ], [ 77.719854254664313, 13.025219826849176 ], [ 77.71988763420417, 13.025045557197892 ], [ 77.719906965927692, 13.024869256894531 ], [ 77.71991213067929, 13.024692012886369 ] ] ] ] } },
{ "type": "Feature", "properties": { "fid": 46, "OBJECTID": 47, "density_cluster": 46, "lat": 77.630599, "long": 13.031256, "Crash_IDs": "22_33/2023,23_36/2023,24_120/2023,25_54/2023,26_115/2023,27_14/2023,28_43/2023,29_64/2024,30_007/2024,31_71/2024,32_27/2024", "Crash_Count": 11, "Fatal_Crashes": 2, "GI_Crashes": 9, "MI_Crashes": 0, "Karnataka_SI": 65, "WSI": 118, "Corporation": "North", "fclass": "trunk", "ref": "ORR", "b_code": "N-ORR-01" }, "geometry": { "type": "MultiPolygon", "coordinates": [ [ [ [ 77.632902235544691, 13.031232594244987 ], [ 77.632893261691052, 13.031055484383248 ], [ 77.632870143022231, 13.030879610819863 ], [ 77.632833022100357, 13.030706057864558 ], [ 77.632782127813641, 13.030535895517852 ], [ 77.6327177739646, 13.030370172874456 ], [ 77.632640357334793, 13.030209911655557 ], [ 77.632550355238152, 13.030056099909904 ], [ 77.632448322577716, 13.029909685922542 ], [ 77.632334888424296, 13.029771572368698 ], [ 77.63221075213788, 13.029642610748862 ], [ 77.632076679055814, 13.029523596139406 ], [ 77.631933495774376, 13.029415262291014 ], [ 77.63178208505272, 13.029318277105235 ], [ 77.631623380370755, 13.029233238516941 ], [ 77.631458360174278, 13.029160670808148 ], [ 77.631288041843149, 13.029101021375839 ], [ 77.63111347541934, 13.029054657973832 ], [ 77.630935737133797, 13.029021866445531 ], [ 77.630755922771783, 13.029002848961674 ], [ 77.630575140917799, 13.028997722773912 ], [ 77.63039450612149, 13.029006519491801 ], [ 77.630215132026876, 13.02902918488785 ], [ 77.630038124507109, 13.029065579231627 ], [ 77.629864574847048, 13.029115478151054 ], [ 77.629695553015694, 13.029178574015429 ], [ 77.629532101070183, 13.029254477831783 ], [ 77.629375226731426, 13.029342721642797 ], [ 77.629225897171693, 13.029442761411541 ], [ 77.629085033051865, 13.029553980375264 ], [ 77.628953502845349, 13.029675692847558 ], [ 77.628832117483711, 13.029807148445474 ], [ 77.62872162535696, 13.029947536715481 ], [ 77.628622707699137, 13.030095992129869 ], [ 77.628535974388058, 13.030251599422691 ], [ 77.628461960184723, 13.030413399232419 ], [ 77.628401121435886, 13.030580394016487 ], [ 77.628353833259794, 13.030751554201307 ], [ 77.62832038723289, 13.030925824529815 ], [ 77.628300989591438, 13.031102130567426 ], [ 77.628295759959201, 13.031279385326258 ], [ 77.628304730609187, 13.03145649596688 ], [ 77.628327846263915, 13.031632370536112 ], [ 77.628364964435505, 13.031805924699471 ], [ 77.628415856303477, 13.031976088426678 ], [ 77.628480208124884, 13.032141812589041 ], [ 77.628557623168064, 13.032302075427967 ], [ 77.628647624158162, 13.032455888854814 ], [ 77.628749656219384, 13.032602304543145 ], [ 77.628863090295667, 13.032740419775848 ], [ 77.628987227028944, 13.032869383011091 ], [ 77.629121301070853, 13.032988399132735 ], [ 77.629264485801485, 13.033096734352847 ], [ 77.629415898425989, 13.033193720736111 ], [ 77.629574605417616, 13.033278760318163 ], [ 77.629739628273683, 13.033351328792527 ], [ 77.629909949548846, 13.033410978743353 ], [ 77.630084519128673, 13.033457342404075 ], [ 77.630262260704455, 13.033490133924909 ], [ 77.630442078409956, 13.033509151135291 ], [ 77.630622863578338, 13.033514276790322 ], [ 77.630803501578328, 13.033505479293551 ], [ 77.630982878687007, 13.033482812891654 ], [ 77.631159888957043, 13.033446417339826 ], [ 77.631333441035849, 13.033396517039895 ], [ 77.631502464894837, 13.033333419656556 ], [ 77.631665918426989, 13.033257514220171 ], [ 77.631822793872303, 13.033169268727962 ], [ 77.631972124031236, 13.033069227258251 ], [ 77.632112988228201, 13.03295800661567 ], [ 77.632244517987857, 13.032836292527962 ], [ 77.632365902389651, 13.032704835417865 ], [ 77.632476393067222, 13.032564445776137 ], [ 77.632575308822197, 13.032415989164267 ], [ 77.632662039823614, 13.032260380877682 ], [ 77.632736051367345, 13.032098580302385 ], [ 77.632796887172148, 13.031931584999796 ], [ 77.632844172192236, 13.031760424556264 ], [ 77.632877614928873, 13.031586154235226 ], [ 77.632897009226838, 13.031409848471089 ], [ 77.632902235544691, 13.031232594244987 ] ] ] ] } },
{ "type": "Feature", "properties": { "fid": 47, "OBJECTID": 48, "density_cluster": 44, "lat": 77.51835, "long": 13.039939, "Crash_IDs": "423_002-2022,424_005-2022,425_007/2022,426_030/2022,427_033/2022,428_035/2022,429_055/2022,430_59/2022,431_61/2022,432_63/2022,433_75/2022,434_94/2022,435_110/2022,436_112/2022,437_160/2022,438_257/2022,318_44/2023,319_338/2023,320_355/2023,321_375/2023,322_430/2023,323_434/2023,250_23/2024,251_36/2024,252_53/2024,253_113/2024,254_149/2024", "Crash_Count": 27, "Fatal_Crashes": 7, "GI_Crashes": 20, "MI_Crashes": 0, "Karnataka_SI": 170, "WSI": 367, "Corporation": "West", "fclass": "motorway", "ref": "NH48NH75", "b_code": "W-NH48NH75-01" }, "geometry": { "type": "MultiPolygon", "coordinates": [ [ [ [ 77.520653520081055, 13.039916577238195 ], [ 77.520644623945017, 13.039739448747385 ], [ 77.5206215807587, 13.039563550609648 ], [ 77.520584532618912, 13.039389967286453 ], [ 77.520533707965299, 13.039219768965793 ], [ 77.52046942017121, 13.039054004964381 ], [ 77.52039206561119, 13.038893697258565 ], [ 77.520302121216702, 13.038739834183863 ], [ 77.520200141535298, 13.038593364341901 ], [ 77.520086755311411, 13.038455190752346 ], [ 77.519962661609824, 13.038326165285874 ], [ 77.519828625505582, 13.038207083412489 ], [ 77.519685473367289, 13.038098679297555 ], [ 77.519534087762324, 13.038001621275745 ], [ 77.519375402015996, 13.037916507730889 ], [ 77.519210394457573, 13.037843863406971 ], [ 77.519040082389196, 13.037784136173171 ], [ 77.518865515814369, 13.037737694262743 ], [ 77.518687770965087, 13.037704824002914 ], [ 77.51850794366716, 13.037685728049576 ], [ 77.518327142584866, 13.037680524137912 ], [ 77.518146482386399, 13.037689244356418 ], [ 77.517967076872353, 13.03771183494899 ], [ 77.517790032109488, 13.037748156646137 ], [ 77.517616439612084, 13.037797985523438 ], [ 77.517447369613166, 13.037861014381816 ], [ 77.517283864466563, 13.037936854641231 ], [ 77.517126932221018, 13.038025038736052 ], [ 77.516977540405534, 13.038125022997409 ], [ 77.516836610064544, 13.038236191004685 ], [ 77.516705010079448, 13.038357857385604 ], [ 77.516583551811792, 13.03848927204136 ], [ 77.516472984100716, 13.0386296247709 ], [ 77.51637398864608, 13.038778050265703 ], [ 77.516287175805076, 13.038933633444408 ], [ 77.516213080828805, 13.039095415094303 ], [ 77.516152160561816, 13.039262397784961 ], [ 77.516104790624823, 13.039433552017568 ], [ 77.516071263098198, 13.039607822571988 ], [ 77.516051784720631, 13.03978413501248 ], [ 77.516046475613607, 13.039961402311947 ], [ 77.516055368540123, 13.0401385315539 ], [ 77.516078408701944, 13.040314430670726 ], [ 77.51611545407674, 13.040488015176855 ], [ 77.516166276292978, 13.040658214855164 ], [ 77.516230562037293, 13.04082398035551 ], [ 77.516307914985632, 13.040984289664637 ], [ 77.516397858246208, 13.041138154407548 ], [ 77.516499837299392, 13.041284625941541 ], [ 77.516613223416201, 13.041422801205279 ], [ 77.516737317534535, 13.041551828286872 ], [ 77.516871354569048, 13.041670911676539 ], [ 77.517014508128256, 13.041779317171587 ], [ 77.51716589560975, 13.041876376403346 ], [ 77.517324583642051, 13.041961490958213 ], [ 77.517489593839585, 13.042034136067317 ], [ 77.517659908835256, 13.042093863842156 ], [ 77.517834478553453, 13.042140306036146 ], [ 77.518012226684789, 13.042173176315082 ], [ 77.518192057322622, 13.0421922720226 ], [ 77.518372861720479, 13.042197475429571 ], [ 77.518553525128468, 13.042188754459918 ], [ 77.51873293366701, 13.042166162888257 ], [ 77.518909981194881, 13.042129840008178 ], [ 77.51908357612966, 13.042080009773228 ], [ 77.519252648178337, 13.042016979415916 ], [ 77.519416154936621, 13.041941137553192 ], [ 77.519573088316079, 13.041852951790156 ], [ 77.519722480759796, 13.041752965836773 ], [ 77.519863411207851, 13.041641796155311 ], [ 77.519995010776199, 13.041520128159274 ], [ 77.520116468113599, 13.041388711987233 ], [ 77.52022703440376, 13.041248357877585 ], [ 77.520326027981866, 13.041099931172825 ], [ 77.520412838536899, 13.040944346984114 ], [ 77.520486930874029, 13.040782564549032 ], [ 77.520547848213738, 13.040615581317335 ], [ 77.520595215007376, 13.040444426801162 ], [ 77.520628739251919, 13.04027015622764 ], [ 77.520648214289565, 13.040093844032972 ], [ 77.520653520081055, 13.039916577238195 ] ] ] ] } },
{ "type": "Feature", "properties": { "fid": 48, "OBJECTID": 50, "density_cluster": 32, "lat": 77.599782, "long": 13.043702, "Crash_IDs": "367_126/2022,368_148/2022,230_49/2023,231_78/2023,232_80/2023,233_150/2023,234_215/2023,198_122/2024,199_191/2024,200_237/2024", "Crash_Count": 10, "Fatal_Crashes": 3, "GI_Crashes": 7, "MI_Crashes": 0, "Karnataka_SI": 65, "WSI": 151, "Corporation": "North", "fclass": "trunk", "ref": "ORR", "b_code": "N-ORR-02" }, "geometry": { "type": "MultiPolygon", "coordinates": [ [ [ [ 77.602085407623349, 13.043678846444413 ], [ 77.602076453324983, 13.043501731591812 ], [ 77.602053353029532, 13.043325851513583 ], [ 77.60201624918588, 13.043152290559677 ], [ 77.601965370576991, 13.042982118779999 ], [ 77.601901030908792, 13.042816385327461 ], [ 77.601823626875515, 13.042656111989928 ], [ 77.601733635713487, 13.042502286890912 ], [ 77.601631612258416, 13.042355858397807 ], [ 77.601518185524441, 13.042217729275276 ], [ 77.601394054825889, 13.042088751119795 ], [ 77.601259985465745, 13.04196971910968 ], [ 77.601116804017394, 13.041861367102872 ], [ 77.600965393228762, 13.041764363112838 ], [ 77.600806686580228, 13.041679305190351 ], [ 77.600641662529753, 13.04160671773656 ], [ 77.600471338480986, 13.041547048270141 ], [ 77.600296764511214, 13.041500664668359 ], [ 77.60011901689785, 13.041467852899085 ], [ 77.599939191483713, 13.04144881525778 ], [ 77.599758396921402, 13.0414436691203 ], [ 77.599577747838893, 13.041452446219123 ], [ 77.599398357968269, 13.041475092447651 ], [ 77.599221333279857, 13.041511468193558 ], [ 77.599047765164329, 13.041561349199371 ], [ 77.598878723704402, 13.041624427944781 ], [ 77.598715251078133, 13.04170031554232 ], [ 77.598558355133889, 13.041788544134624 ], [ 77.598409003177039, 13.041888569778571 ], [ 77.59826811600648, 13.041999775798487 ], [ 77.598136562237627, 13.042121476587766 ], [ 77.598015152947298, 13.042252921835493 ], [ 77.597904636672894, 13.042393301151977 ], [ 77.597805694797302, 13.042541749064744 ], [ 77.59771893734758, 13.042697350354132 ], [ 77.597644899233529, 13.042859145695683 ], [ 77.597584036949257, 13.043026137574429 ], [ 77.597536725758104, 13.043197296434769 ], [ 77.597503257378406, 13.043371567027869 ], [ 77.597483838184232, 13.04354787491758 ], [ 77.59747858793223, 13.043725133104688 ], [ 77.597487539022595, 13.043902248728681 ], [ 77.597510636298452, 13.04407812980573 ], [ 77.597547737385298, 13.044251691961295 ], [ 77.597598613568039, 13.044421865115883 ], [ 77.597662951200505, 13.044587600082727 ], [ 77.597740353638557, 13.044747875036666 ], [ 77.597830343685189, 13.0449017018144 ], [ 77.597932366532135, 13.045048132007198 ], [ 77.598045793180205, 13.045186262808533 ], [ 77.598169924317247, 13.045315242580598 ], [ 77.598303994629433, 13.045434276105274 ], [ 77.598447177519958, 13.045542629487326 ], [ 77.59859859020537, 13.04563963467942 ], [ 77.598757299158606, 13.045724693601191 ], [ 77.598922325864919, 13.045797281826873 ], [ 77.599092652855276, 13.045856951818793 ], [ 77.599267229980001, 13.045903335686747 ], [ 77.599444980883945, 13.045936147456308 ], [ 77.599624809643288, 13.045955184832003 ], [ 77.599805607523052, 13.045960330444524 ], [ 77.599986259813576, 13.045951552574305 ], [ 77.600165652703794, 13.045928905346956 ], [ 77.600342680148998, 13.045892528399389 ], [ 77.600516250690688, 13.045842646018672 ], [ 77.600685294186349, 13.045779565758954 ], [ 77.600848768407843, 13.045703676545006 ], [ 77.601005665467483, 13.045615446273988 ], [ 77.601155018032458, 13.04551541893035 ], [ 77.601295905288907, 13.045404211231627 ], [ 77.60142745861927, 13.045282508825762 ], [ 77.601548866957557, 13.045151062063471 ], [ 77.601659381789787, 13.045010681371746 ], [ 77.601758321768614, 13.044862232256921 ], [ 77.601845076913634, 13.04470662996825 ], [ 77.601919112371831, 13.044544833854804 ], [ 77.601979971714513, 13.044377841450551 ], [ 77.602027279750729, 13.044206682324042 ], [ 77.602060744839832, 13.044032411730662 ], [ 77.602080160688814, 13.04385610410656 ], [ 77.602085407623349, 13.043678846444413 ] ] ] ] } },
{ "type": "Feature", "properties": { "fid": 49, "OBJECTID": 51, "density_cluster": 45, "lat": 77.50721, "long": 13.04529, "Crash_IDs": "439_010-2022,440_024-2022,441_029/2022,442_60/2022,443_062/2022,444_078/2022,445_082/2022,446_94/2022,447_106/2022,448_107/2022,449_112/2022,450_129/2022,451_182/2022,452_192/2022,324_009-2023,325_18/2023,326_19/2023,327_37/2023,328_38/2023,329_42/2023,330_117/2023,331_279/2023,332_316/2023,333_377/2023,334_378/2023,335_404/2023,336_444/2023,255_43/2024,256_44/2024,257_81/2024,258_87/2024,259_96/2024,260_99/2024,261_100/2024,262_101/2024,263_103/2024,264_110/2024,265_126/2024,266_132/2024,267_153/2024", "Crash_Count": 40, "Fatal_Crashes": 10, "GI_Crashes": 29, "MI_Crashes": 1, "Karnataka_SI": 246, "WSI": 527, "Corporation": "West", "fclass": "primary", "ref": "SH39", "b_code": "W-SH39-01" }, "geometry": { "type": "MultiPolygon", "coordinates": [ [ [ [ 77.509513589385691, 13.045267667325334 ], [ 77.509504700205511, 13.045090537107326 ], [ 77.509481663504715, 13.044914636697676 ], [ 77.50944462134018, 13.044741050571888 ], [ 77.509393802114687, 13.044570848935255 ], [ 77.509329519168176, 13.044405081124941 ], [ 77.50925216884535, 13.0442447691408 ], [ 77.509162228051537, 13.044090901344743 ], [ 77.50906025131215, 13.043944426367503 ], [ 77.508946867353501, 13.043806247260418 ], [ 77.50882277522642, 13.043677215928176 ], [ 77.50868873999633, 13.043558127876947 ], [ 77.508545588026394, 13.043449717310166 ], [ 77.508394201883036, 13.043352652602282 ], [ 77.508235514894878, 13.043267532178319 ], [ 77.508070505398877, 13.043194880824664 ], [ 77.507900190709123, 13.043135146453801 ], [ 77.507725620845264, 13.043088697342986 ], [ 77.507547872059604, 13.043055819863786 ], [ 77.507368040202209, 13.043036716716601 ], [ 77.507187233965453, 13.043031505680924 ], [ 77.50700656804932, 13.043040218889159 ], [ 77.506827156289617, 13.043062802628384 ], [ 77.506650104791575, 13.043099117671346 ], [ 77.506476505111038, 13.043148940134627 ], [ 77.506307427525215, 13.043211962858678 ], [ 77.506143914434745, 13.043287797301259 ], [ 77.505986973937254, 13.043375975932605 ], [ 77.505837573612652, 13.043475955117502 ], [ 77.505696634557765, 13.043587118466645 ], [ 77.50556502570771, 13.043708780636461 ], [ 77.505443558478618, 13.043840191554128 ], [ 77.505332981764923, 13.043980541041641 ], [ 77.505233977321907, 13.044128963810481 ], [ 77.50514715556217, 13.044284544796104 ], [ 77.505073051791825, 13.044446324799349 ], [ 77.505012122909577, 13.044613306399956 ], [ 77.504964744589259, 13.044784460105852 ], [ 77.504931208962986, 13.044958730700181 ], [ 77.504911722819301, 13.045135043746976 ], [ 77.504906406327621, 13.045312312215444 ], [ 77.504915292296474, 13.045489443181895 ], [ 77.504938325970556, 13.045665344568121 ], [ 77.504975365367528, 13.045838931874574 ], [ 77.505026182152776, 13.046009134866891 ], [ 77.505090463046415, 13.046174904174519 ], [ 77.505167811754319, 13.046335217760742 ], [ 77.505257751410909, 13.046489087224199 ], [ 77.505359727518766, 13.046635563893101 ], [ 77.505473111367138, 13.046773744674454 ], [ 77.505597203907897, 13.046902777622341 ], [ 77.505731240065487, 13.04702186719082 ], [ 77.505874393453837, 13.047130279139081 ], [ 77.506025781471635, 13.047227345058669 ], [ 77.506184470744088, 13.047312466494722 ], [ 77.506349482878008, 13.047385118635935 ], [ 77.50651980049436, 13.047444853550422 ], [ 77.506694373501389, 13.047491302947551 ], [ 77.50687212556943, 13.047524180448699 ], [ 77.507051960767583, 13.04754328335293 ], [ 77.507232770321238, 13.04754849388673 ], [ 77.507413439448698, 13.047539779930055 ], [ 77.507592854235114, 13.047517195214253 ], [ 77.507769908500705, 13.047480878990624 ], [ 77.507943510621502, 13.047431055171666 ], [ 77.508112590260183, 13.047368030950299 ], [ 77.508276104965603, 13.047292194905628 ], [ 77.508433046600288, 13.047204014606887 ], [ 77.508582447556435, 13.047104033730328 ], [ 77.508723386721599, 13.046992868706919 ], [ 77.508854995157961, 13.04687120492145 ], [ 77.508976461459568, 13.046739792486539 ], [ 77.509087036754849, 13.046599441617547 ], [ 77.509186039323424, 13.046451017636999 ], [ 77.509272858798838, 13.046295435639284 ], [ 77.509346959931278, 13.046133654848488 ], [ 77.509407885886944, 13.045966672704253 ], [ 77.50945526106409, 13.045795518712042 ], [ 77.509488793407982, 13.045621248095763 ], [ 77.509508276210894, 13.045444935291926 ], [ 77.509513589385691, 13.045267667325334 ] ] ] ] } },
{ "type": "Feature", "properties": { "fid": 50, "OBJECTID": 53, "density_cluster": 33, "lat": 77.570058, "long": 13.047144, "Crash_IDs": "369_18/2022,370_38/2022,371_53/2022,372_158/2022,235_41/2023,236_83/2023,237_209/2023,238_212/2023,239_214/2023,240_251/2023,201_004-2024,202_008-2024", "Crash_Count": 12, "Fatal_Crashes": 6, "GI_Crashes": 6, "MI_Crashes": 0, "Karnataka_SI": 90, "WSI": 270, "Corporation": "North", "fclass": "trunk", "ref": "ORR", "b_code": "N-ORR-03" }, "geometry": { "type": "MultiPolygon", "coordinates": [ [ [ [ 77.572361493785351, 13.04712110494277 ], [ 77.572352559881395, 13.046943985161429 ], [ 77.57232947932296, 13.046768098591219 ], [ 77.572292394437255, 13.046594529622174 ], [ 77.572241533890406, 13.046424348353684 ], [ 77.572177211277022, 13.046258603997211 ], [ 77.572099823186278, 13.046098318407896 ], [ 77.572009846756231, 13.045944479784831 ], [ 77.571907836731839, 13.045798036578805 ], [ 77.571794422044547, 13.045659891645233 ], [ 77.571670301934432, 13.04553089667807 ], [ 77.571536241639279, 13.045411846959283 ], [ 77.571393067676681, 13.045303476455986 ], [ 77.571241662748477, 13.045206453295648 ], [ 77.571082960298952, 13.045121375647216 ], [ 77.57091793876026, 13.045048768033412 ], [ 77.570747615520617, 13.044989078097155 ], [ 77.57057304065232, 13.044942673841849 ], [ 77.570395290438412, 13.044909841362649 ], [ 77.5702154607377, 13.044890783082636 ], [ 77.570034660229254, 13.044885616504834 ], [ 77.569854003577703, 13.044894373487685 ], [ 77.569674604561754, 13.044917000048532 ], [ 77.569497569208124, 13.044953356696254 ], [ 77.569323988973167, 13.045003219291047 ], [ 77.569154934014293, 13.045066280426076 ], [ 77.568991446592733, 13.045142151322391 ], [ 77.568834534647991, 13.045230364225555 ], [ 77.568685165584043, 13.045330375289147 ], [ 77.568544260305131, 13.045441567927362 ], [ 77.568412687538313, 13.045563256616093 ], [ 77.568291258477402, 13.045694691119023 ], [ 77.568180721781644, 13.045835061112712 ], [ 77.568081758959778, 13.045983501182198 ], [ 77.56799498016791, 13.046139096156205 ], [ 77.567920920447392, 13.046300886749245 ], [ 77.567860036425444, 13.04646787547569 ], [ 77.567812703499442, 13.046639032799408 ], [ 77.567779213521703, 13.046813303481116 ], [ 77.567759772999395, 13.046989613084182 ], [ 77.567754501820687, 13.047166874598888 ], [ 77.567763432514752, 13.047343995144285 ], [ 77.567786510050553, 13.04751988270627 ], [ 77.567823592175259, 13.047693452870375 ], [ 77.567874450290773, 13.047863635507804 ], [ 77.567938770862312, 13.048029381373373 ], [ 77.568016157351025, 13.048189668574782 ], [ 77.568106132658272, 13.048343508873252 ], [ 77.568208142066737, 13.04848995377673 ], [ 77.568321556660152, 13.04862810038801 ], [ 77.568445677200771, 13.048757096971823 ], [ 77.568579738440164, 13.048876148206404 ], [ 77.568722913837519, 13.048984520087307 ], [ 77.568874320655667, 13.049081544453134 ], [ 77.569033025403797, 13.049166623105272 ], [ 77.569198049593112, 13.049239231496276 ], [ 77.569368375770168, 13.049298921964088 ], [ 77.569542953790332, 13.049345326492217 ], [ 77.569720707292959, 13.049378158978792 ], [ 77.569900540338224, 13.04939721700055 ], [ 77.570081344164748, 13.049402383060825 ], [ 77.570262004026191, 13.049393625313915 ], [ 77.570441406064774, 13.049370997761294 ], [ 77.570618444179388, 13.049334639918508 ], [ 77.570792026845695, 13.049284775954776 ], [ 77.570961083846399, 13.049221713310654 ], [ 77.571124572870005, 13.049145840802245 ], [ 77.571281485937561, 13.049057626223677 ], [ 77.571430855617436, 13.048957613462633 ], [ 77.571571760990196, 13.048846419146706 ], [ 77.571703333326539, 13.048724728841323 ], [ 77.571824761443196, 13.048593292822606 ], [ 77.571935296704183, 13.048452921451309 ], [ 77.572034257636119, 13.048304480176329 ], [ 77.572121034129381, 13.04814888419862 ], [ 77.572195091199291, 13.047987092828379 ], [ 77.572255972283799, 13.047820103570382 ], [ 77.572303302057932, 13.047648945973839 ], [ 77.572336788746981, 13.047474675284757 ], [ 77.572356225924722, 13.047298365939946 ], [ 77.572361493785351, 13.04712110494277 ] ] ] ] } },
{ "type": "Feature", "properties": { "fid": 51, "OBJECTID": 54, "density_cluster": 34, "lat": 77.59295115, "long": 13.07726405, "Crash_IDs": "373_74/2022,374_155/2022,375_67/2022,376_72/2022,377_86/2022,378_220/2022,241_57/2023,242_90/2023,243_181/2023,244_327/2023,245_367/2023,246_397/2023,203_119/2024", "Crash_Count": 13, "Fatal_Crashes": 3, "GI_Crashes": 10, "MI_Crashes": 0, "Karnataka_SI": 80, "WSI": 163, "Corporation": "North", "fclass": "trunk", "ref": "NH44", "b_code": "N-NH44-01" }, "geometry": { "type": "MultiPolygon", "coordinates": [ [ [ [ 77.59525488120083, 13.077240898885684 ], [ 77.595245925843031, 13.077063783519504 ], [ 77.595222822499736, 13.07688790291599 ], [ 77.595185713638656, 13.076714341428335 ], [ 77.59513482807381, 13.076544169109731 ], [ 77.59507047955411, 13.076378435116405 ], [ 77.594993064828373, 13.076218161239545 ], [ 77.594903061198963, 13.076064335605967 ], [ 77.594801023578512, 13.07591790658633 ], [ 77.594687581068499, 13.075779776948517 ], [ 77.59456343308058, 13.075650798292157 ], [ 77.594429345024338, 13.075531765798594 ], [ 77.594286143588434, 13.075423413328725 ], [ 77.59413471164406, 13.07532640889883 ], [ 77.593975982801922, 13.075241350562342 ], [ 77.593810935656862, 13.075168762722937 ], [ 77.59364058775482, 13.075109092901618 ], [ 77.593465989320109, 13.075062708977798 ], [ 77.59328821678092, 13.075029896921304 ], [ 77.593108366133649, 13.075010859029346 ], [ 77.592927546186388, 13.075005712679292 ], [ 77.592746871723563, 13.075014489604927 ], [ 77.592567456633645, 13.07503713570069 ], [ 77.592390407042345, 13.075073511355082 ], [ 77.592216814493767, 13.075123392311184 ], [ 77.592047749221223, 13.075186471049008 ], [ 77.59188425354948, 13.075262358681146 ], [ 77.591727335468946, 13.075350587350043 ], [ 77.591577962421425, 13.07545061311213 ], [ 77.591437055335746, 13.075561819291032 ], [ 77.591305482950133, 13.075683520279199 ], [ 77.591184056456115, 13.075814965764527 ], [ 77.591073524497176, 13.075955345355894 ], [ 77.590974568552895, 13.076103793579183 ], [ 77.590887798737114, 13.076259395212857 ], [ 77.590813750035906, 13.076421190930377 ], [ 77.590752879008662, 13.076588183214495 ], [ 77.590705560972694, 13.076759342507145 ], [ 77.590672087688631, 13.076933613556861 ], [ 77.590652665560839, 13.077109921924713 ], [ 77.590647414364142, 13.077287180608558 ], [ 77.590656366504604, 13.077464296744839 ], [ 77.590679466818997, 13.077640178346586 ], [ 77.590716572914161, 13.077813741036023 ], [ 77.590767456044219, 13.077983914730371 ], [ 77.590831802520214, 13.078149650239519 ], [ 77.590909215643606, 13.078309925734956 ], [ 77.590999218151538, 13.078463753050018 ], [ 77.591101255158975, 13.078610183772639 ], [ 77.591214697579517, 13.078748315093002 ], [ 77.591338846003723, 13.078877295370047 ], [ 77.591472935011268, 13.078996329382523 ], [ 77.591616137890057, 13.079104683232137 ], [ 77.591767571733399, 13.079201688868631 ], [ 77.591926302883778, 13.07928674820886 ], [ 77.592091352689579, 13.079359336824439 ], [ 77.592261703539279, 13.079419007175249 ], [ 77.592436305136033, 13.079465391368839 ], [ 77.592614080973775, 13.079498203428734 ], [ 77.592793934974878, 13.079517241057649 ], [ 77.592974758248673, 13.079522386884696 ], [ 77.593155435928836, 13.079513609188957 ], [ 77.593334854047669, 13.079490962094962 ], [ 77.593511906404871, 13.079454585238791 ], [ 77.593685501388237, 13.079404702906945 ], [ 77.593854568704486, 13.079341622653299 ], [ 77.59401806597856, 13.079265733402574 ], [ 77.594174985180572, 13.079177503052197 ], [ 77.594324358841121, 13.079077475587127 ], [ 77.594465266016272, 13.078966267725677 ], [ 77.594596837965597, 13.078844565116825 ], [ 77.594718263508312, 13.078713118112583 ], [ 77.594828794024366, 13.078572737141469 ], [ 77.594927748069679, 13.078424287711581 ], [ 77.595014515577205, 13.078268685074162 ], [ 77.5950885616177, 13.078106888580473 ], [ 77.595149429697287, 13.077939895766868 ], [ 77.595196744571197, 13.077768736204447 ], [ 77.595230214556707, 13.077594465151325 ], [ 77.595249633330667, 13.077418157046516 ], [ 77.59525488120083, 13.077240898885684 ] ] ] ] } },
{ "type": "Feature", "properties": { "fid": 52, "OBJECTID": 55, "density_cluster": 35, "lat": 77.5974448, "long": 13.09490587, "Crash_IDs": "379_151/2022,380_234/2022,381_216/2022,247_393/2023,249_0011/2023,250_184/2023,251_206/2023,252_220/2023,253_231/2023,254_309/2023,255_359/2023,256_363/2023,257_380/2023,204_54/2024,206_227/2024,207_142/2024,209_315/2024,210_373/2024", "Crash_Count": 18, "Fatal_Crashes": 7, "GI_Crashes": 11, "MI_Crashes": 0, "Karnataka_SI": 125, "WSI": 331, "Corporation": "North", "fclass": "trunk", "ref": "NH44", "b_code": "N-NH44-02" }, "geometry": { "type": "MultiPolygon", "coordinates": [ [ [ [ 77.599748686805412, 13.094882648100366 ], [ 77.599739725166685, 13.094705533828122 ], [ 77.59971661462194, 13.094529654748278 ], [ 77.599679497683368, 13.094356095204628 ], [ 77.599628603214796, 13.094185925238355 ], [ 77.599564245020034, 13.09402019399117 ], [ 77.599486819907639, 13.093859923237307 ], [ 77.599396805243984, 13.093706101084303 ], [ 77.599294756009741, 13.093559675881332 ], [ 77.599181301378053, 13.093421550372732 ], [ 77.599057140835228, 13.093292576132644 ], [ 77.598923039868311, 13.093173548315171 ], [ 77.598779825245515, 13.093065200752358 ], [ 77.598628379919276, 13.09296820143021 ], [ 77.598469637582866, 13.092883148370664 ], [ 77.598304576914202, 13.092810565944839 ], [ 77.598134215542629, 13.092750901640365 ], [ 77.597959603775394, 13.092704523302624 ], [ 77.597781818122897, 13.092671716867015 ], [ 77.597601954662323, 13.092652684596091 ], [ 77.597421122280721, 13.092647543832568 ], [ 77.597240435839126, 13.09265632627579 ], [ 77.597061009299793, 13.092678977786205 ], [ 77.596883948859031, 13.092715358718937 ], [ 77.596710346127765, 13.092765244784546 ], [ 77.596541271402074, 13.09282832843156 ], [ 77.596377767064993, 13.092904220742328 ], [ 77.596220841160303, 13.092992453830467 ], [ 77.596071461178042, 13.09309248372519 ], [ 77.595930548089811, 13.093203693724657 ], [ 77.595798970670813, 13.093325398197793 ], [ 77.59567754014364, 13.093456846811028 ], [ 77.595567005176662, 13.093597229153975 ], [ 77.595468047268014, 13.09374567973556 ], [ 77.595381276543677, 13.093901283319736 ], [ 77.595307227995363, 13.094063080567937 ], [ 77.595246358181569, 13.09423007395349 ], [ 77.595199042412162, 13.094401233911547 ], [ 77.595165572433828, 13.09457550518654 ], [ 77.595146154630598, 13.094751813338142 ], [ 77.595140908750693, 13.094929071365542 ], [ 77.59514986716745, 13.095106186409222 ], [ 77.59517297467896, 13.095282066488936 ], [ 77.595210088847764, 13.095455627236273 ], [ 77.595260980878209, 13.095625798580411 ], [ 77.595325337026523, 13.095791531345714 ], [ 77.595402760534554, 13.095951803720562 ], [ 77.59549277407541, 13.096105627557508 ], [ 77.595594822696086, 13.096252054465907 ], [ 77.595708277238558, 13.096390181659439 ], [ 77.595832438218665, 13.096519157522465 ], [ 77.595966540138647, 13.09663818686092 ], [ 77.596109756206815, 13.096746535805316 ], [ 77.596261203435105, 13.096843536335621 ], [ 77.596419948083465, 13.096928590400152 ], [ 77.596585011417005, 13.097001173603042 ], [ 77.59675537574077, 13.097060838437532 ], [ 77.596929990674838, 13.097107217045178 ], [ 77.597107779630832, 13.097140023483949 ], [ 77.597287646450198, 13.097159055491208 ], [ 77.597468482163208, 13.097164195730731 ], [ 77.597649171826788, 13.09715541251607 ], [ 77.597828601399343, 13.097132760005788 ], [ 77.598005664609886, 13.097096377869368 ], [ 77.59817926977928, 13.097046490425893 ], [ 77.598348346551404, 13.096983405260763 ], [ 77.598511852492862, 13.096907511329011 ], [ 77.598668779520338, 13.096819276556928 ], [ 77.598818160116167, 13.096719244956779 ], [ 77.598959073293628, 13.096608033272382 ], [ 77.599090650275329, 13.096486327176304 ], [ 77.599212079849437, 13.096354877042085 ], [ 77.599322613371058, 13.096214493317557 ], [ 77.59942156937764, 13.096066041527815 ], [ 77.599508337790027, 13.095910436938654 ], [ 77.599582383673479, 13.095748638913388 ], [ 77.599643250535081, 13.09558164499782 ], [ 77.599690563137656, 13.095410484769856 ], [ 77.599724029812492, 13.095236213491701 ], [ 77.599743444256916, 13.095059905603764 ], [ 77.599748686805412, 13.094882648100366 ] ] ] ] } },
{ "type": "Feature", "properties": { "fid": 53, "OBJECTID": 56, "density_cluster": 36, "lat": 77.6087002, "long": 13.1179142, "Crash_IDs": "383_63/2022,384_100/2022,385_159/2022,386_87/2022,387_240/2022,258_0001/2023,259_296/2023,260_76/2023,261_334/2023,262_400/2023,211_168/2024", "Crash_Count": 11, "Fatal_Crashes": 5, "GI_Crashes": 6, "MI_Crashes": 0, "Karnataka_SI": 80, "WSI": 229, "Corporation": "North", "fclass": "trunk", "ref": "NH44", "b_code": "N-NH44-03" }, "geometry": { "type": "MultiPolygon", "coordinates": [ [ [ [ 77.611004280143277, 13.117890837366895 ], [ 77.610995306465455, 13.117713725437305 ], [ 77.610972182764101, 13.117537849553422 ], [ 77.610935051632552, 13.117364294039302 ], [ 77.610884142022201, 13.117194128911247 ], [ 77.610819767830222, 13.117028403281102 ], [ 77.610742325963855, 13.116868138888437 ], [ 77.610652293892741, 13.11671432380153 ], [ 77.610550226704916, 13.116567906325956 ], [ 77.610436753684169, 13.116429789158385 ], [ 77.61031257443021, 13.116300823821485 ], [ 77.610178454545377, 13.116181805414456 ], [ 77.610035220914526, 13.11607346771129 ], [ 77.609883756607218, 13.115976478637192 ], [ 77.609724995433695, 13.115891436150894 ], [ 77.609559916187962, 13.11581886455833 ], [ 77.609389536613833, 13.115759211280329 ], [ 77.609214907130735, 13.115712844094302 ], [ 77.609037104358208, 13.115680048866899 ], [ 77.608857224478939, 13.115661027791578 ], [ 77.608676376481114, 13.115655898142059 ], [ 77.608495675322018, 13.115664691549195 ], [ 77.608316235054588, 13.11568735380585 ], [ 77.608139161959699, 13.115723745200935 ], [ 77.60796554772628, 13.115773641380541 ], [ 77.607796462721268, 13.115836734730875 ], [ 77.607632949391061, 13.115912636274494 ], [ 77.607476015834877, 13.116000878068132 ], [ 77.60732662958992, 13.116100916087365 ], [ 77.607185711666389, 13.116212133580296 ], [ 77.607054130869358, 13.116333844869686 ], [ 77.606932698442236, 13.116465299579959 ], [ 77.606822163065146, 13.116605687263171 ], [ 77.606723206238811, 13.116754142395337 ], [ 77.60663643808256, 13.116909749712365 ], [ 77.606562393572347, 13.117071549852689 ], [ 77.606501529241811, 13.11723854527181 ], [ 77.606454220367112, 13.117409706392328 ], [ 77.606420758652476, 13.117583977951506 ], [ 77.606401350431057, 13.11776028550725 ], [ 77.606396115392045, 13.117937542062403 ], [ 77.606405085841985, 13.118114654766497 ], [ 77.606428206504887, 13.118290531653685 ], [ 77.606465334862207, 13.118464088375209 ], [ 77.606516242030878, 13.118634254885023 ], [ 77.606580614173836, 13.11879998203727 ], [ 77.60665805443432, 13.118960248054902 ], [ 77.606748085382193, 13.119114064829624 ], [ 77.606850151957104, 13.119260484014299 ], [ 77.606963624890341, 13.119398602870183 ], [ 77.607087804584367, 13.119527569833025 ], [ 77.607221925425989, 13.119646589763592 ], [ 77.607365160506816, 13.119754928850385 ], [ 77.607516626721548, 13.119851919134119 ], [ 77.607675390213032, 13.119936962626282 ], [ 77.607840472130121, 13.120009534996173 ], [ 77.608010854663249, 13.120069188803818 ], [ 77.608185487320156, 13.120115556258767 ], [ 77.608363293403116, 13.120148351487755 ], [ 77.608543176647956, 13.120167372297274 ], [ 77.60872402798357, 13.120172501420155 ], [ 77.608904732370547, 13.120163707238515 ], [ 77.609084175676429, 13.120141043978553 ], [ 77.609261251545547, 13.120104651376067 ], [ 77.609434868220646, 13.120054753814699 ], [ 77.609603955274679, 13.119991658942263 ], [ 77.60976747021077, 13.119915755773674 ], [ 77.609924404890194, 13.11982751229222 ], [ 77.610073791748079, 13.119727472563889 ], [ 77.610214709759092, 13.119616253382645 ], [ 77.61034629011607, 13.119494540467317 ], [ 77.610467721586403, 13.119363084233505 ], [ 77.610578255513531, 13.119222695166671 ], [ 77.610677210432428, 13.119074238824862 ], [ 77.610763976270732, 13.11891863050197 ], [ 77.61083801810959, 13.118756829584321 ], [ 77.610898879481113, 13.118589833635554 ], [ 77.610946185182016, 13.118418672246113 ], [ 77.610979643586205, 13.118244400685352 ], [ 77.610999048442068, 13.118068093395406 ], [ 77.611004280143277, 13.117890837366895 ] ] ] ] } },
{ "type": "Feature", "properties": { "fid": 54, "OBJECTID": 57, "density_cluster": 23, "lat": 77.46751429, "long": 12.91328543, "Crash_IDs": "207_173/2022,208_194/2022,95_299/2023,96_369/2023,97_385/2023,127_28/2024,128_132/2024", "Crash_Count": 7, "Fatal_Crashes": 3, "GI_Crashes": 4, "MI_Crashes": 0, "Karnataka_SI": 50, "WSI": 139, "Corporation": "BUD", "fclass": "motorway", "ref": "NICE", "b_code": "BUD-NICE-01" }, "geometry": { "type": "MultiPolygon", "coordinates": [ [ [ [ 77.469816733948718, 12.913263668926039 ], [ 77.469807894987056, 12.913086529782081 ], [ 77.469784915256142, 12.912910616976895 ], [ 77.469747936461332, 12.912737015062531 ], [ 77.469697186614439, 12.912566794341762 ], [ 77.469632978627445, 12.912401004269581 ], [ 77.4695557083827, 12.912240666983262 ], [ 77.469465852291734, 12.912086771000874 ], [ 77.469363964357626, 12.91194026512712 ], [ 77.469250672759188, 12.91180205260399 ], [ 77.469126675977805, 12.911672985542367 ], [ 77.468992738491153, 12.911553859668853 ], [ 77.468849686059954, 12.911445409420216 ], [ 77.468698400637095, 12.91134830341568 ], [ 77.468539814930423, 12.911263140334981 ], [ 77.46837490665277, 12.911190445227572 ], [ 77.468204692494453, 12.911130666275747 ], [ 77.468030221855656, 12.911084172031646 ], [ 77.467852570377246, 12.911051249145096 ], [ 77.46767283330972, 12.911032100596415 ], [ 77.467492118761356, 12.911026844444962 ], [ 77.467311540867229, 12.911035513101202 ], [ 77.467132212920717, 12.911058053126792 ], [ 77.466955240510671, 12.911094325563862 ], [ 77.466781714705562, 12.911144106791525 ], [ 77.46661270532735, 12.911207089904313 ], [ 77.466449254356348, 12.911282886604029 ], [ 77.466292369507329, 12.911371029593422 ], [ 77.466143018017149, 12.911470975456862 ], [ 77.466002120681608, 12.911582108010291 ], [ 77.465870546178579, 12.911703742099853 ], [ 77.465749105712362, 12.911835127825682 ], [ 77.465638548012222, 12.911975455164942 ], [ 77.465539554716045, 12.912123858965561 ], [ 77.465452736167492, 12.912279424279824 ], [ 77.465378627652584, 12.912441192005108 ], [ 77.465317686098999, 12.912608164796808 ], [ 77.465270287258377, 12.912779313217138 ], [ 77.465236723388983, 12.912953582081817 ], [ 77.465217201453186, 12.913129896965584 ], [ 77.465211841840699, 12.91330717082637 ], [ 77.465220677625581, 12.913484310707325 ], [ 77.465243654361586, 12.91366022447539 ], [ 77.465280630417155, 12.913833827554797 ], [ 77.465331377847917, 12.914004049614087 ], [ 77.465395583801353, 12.914169841165311 ], [ 77.465472852445203, 12.91433018003478 ], [ 77.465562707407358, 12.914484077665429 ], [ 77.465664594712507, 12.914630585211984 ], [ 77.465777886197387, 12.914768799391259 ], [ 77.465901883383339, 12.91489786805159 ], [ 77.466035821782768, 12.915016995427013 ], [ 77.466178875612471, 12.915125447043772 ], [ 77.466330162885114, 12.915222554248963 ], [ 77.466488750847304, 12.915307718333285 ], [ 77.466653661730675, 12.915380414222565 ], [ 77.466823878780758, 12.915440193715256 ], [ 77.466998352526133, 12.915486688245915 ], [ 77.467176007249478, 12.91551961115764 ], [ 77.467355747620374, 12.915538759469511 ], [ 77.467536465449186, 12.91554401512799 ], [ 77.467717046520121, 12.915535345734753 ], [ 77.4678963774615, 12.915512804746287 ], [ 77.468073352610787, 12.915476531144174 ], [ 77.468246880832069, 12.915426748577987 ], [ 77.468415892243812, 12.915363763986161 ], [ 77.468579344815723, 12.915287965703298 ], [ 77.468736230793553, 12.915199821065636 ], [ 77.468885582912677, 12.9150998735294 ], [ 77.469026480361791, 12.914988739319821 ], [ 77.469158054460237, 12.914867103631554 ], [ 77.469279494013676, 12.914735716403818 ], [ 77.469390050315326, 12.91459538769643 ], [ 77.469489041761719, 12.914446982695162 ], [ 77.469575858054753, 12.914291416377278 ], [ 77.469649963963946, 12.914129647870121 ], [ 77.469710902625764, 12.913962674537549 ], [ 77.469758298359793, 12.913791525830666 ], [ 77.469791858984252, 12.913617256940805 ], [ 77.469811377616693, 12.91344094229385 ], [ 77.469816733948718, 12.913263668926039 ] ] ] ] } },
{ "type": "Feature", "properties": { "fid": 55, "OBJECTID": 58, "density_cluster": 29, "lat": 77.674815, "long": 12.8425792, "Crash_IDs": "332_21/2022,335_124/2022,351_112/2022,353_24/2022,356_120/2022,357_167/2022,213_43/2023,214_61/2023,215_187/2023,216_229/2023,217_270/2023,218_277/2023,219_322/2023,220_327/2023,221_333/2023,173_19/2024,174_20/2024,175_25/2024,176_97/2024,177_137/2024,178_140/2024", "Crash_Count": 21, "Fatal_Crashes": 5, "GI_Crashes": 16, "MI_Crashes": 0, "Karnataka_SI": 130, "WSI": 269, "Corporation": "BUD", "fclass": "trunk", "ref": "NH44", "b_code": "BUD-NH44-01" }, "geometry": { "type": "MultiPolygon", "coordinates": [ [ [ [ 77.67711642215221, 12.842555739695809 ], [ 77.677107450974304, 12.842378633826568 ], [ 77.677084346145023, 12.842202764566382 ], [ 77.677047250140618, 12.8420292161984 ], [ 77.676996391695212, 12.841859058694851 ], [ 77.67693208438989, 12.841693341120624 ], [ 77.676854724718879, 12.841533085165716 ], [ 77.676764789644494, 12.841379278846532 ], [ 77.676662833656295, 12.841232870414791 ], [ 77.676549485352069, 12.841094762511638 ], [ 77.676425443562337, 12.84096580660291 ], [ 77.676291473041701, 12.840846797729986 ], [ 77.676148399754069, 12.840738469608413 ], [ 77.675997105780496, 12.840641490104661 ], [ 77.67583852388114, 12.840556457118813 ], [ 77.675673631745042, 12.840483894898584 ], [ 77.675503445962732, 12.840424250807352 ], [ 77.675329015759274, 12.840377892566217 ], [ 77.675151416526163, 12.840345105986959 ], [ 77.674971743191719, 12.840326093209992 ], [ 77.674791103471421, 12.840320971458077 ], [ 77.674610611039114, 12.840329772313551 ], [ 77.674431378661566, 12.840352441523484 ], [ 77.67425451133866, 12.840388839333976 ], [ 77.674081099491389, 12.840438741351576 ], [ 77.673912212239543, 12.840501839926461 ], [ 77.673748890810941, 12.840577746048876 ], [ 77.673592142122232, 12.840665991747175 ], [ 77.673442932571319, 12.840766032972654 ], [ 77.673302182079425, 12.84087725295343 ], [ 77.67317075841963, 12.840998965996626 ], [ 77.673049471866733, 12.841130421715553 ], [ 77.672939070201608, 12.841270809655711 ], [ 77.672840234100534, 12.841419264291194 ], [ 77.672753572938404, 12.841574870360617 ], [ 77.672679621031236, 12.841736668509744 ], [ 77.672618834341449, 12.841903661206024 ], [ 77.672571587666027, 12.842074818888522 ], [ 77.672538172325233, 12.842249086315407 ], [ 77.672518794365658, 12.842425389069803 ], [ 77.672513573289308, 12.842602640183928 ], [ 77.672522541315985, 12.842779746840712 ], [ 77.672545643183881, 12.84295561711145 ], [ 77.67258273648963, 12.843129166688113 ], [ 77.672633592565617, 12.84329932556871 ], [ 77.672697897889037, 12.843465044654446 ], [ 77.672775256014532, 12.843625302218108 ], [ 77.672865190017802, 12.843779110203673 ], [ 77.672967145435663, 12.843925520318392 ], [ 77.673080493684381, 12.844063629879679 ], [ 77.673204535934801, 12.844192587380865 ], [ 77.673338507420951, 12.844311597741372 ], [ 77.673481582155176, 12.844419927209014 ], [ 77.673632878020825, 12.844516907884177 ], [ 77.673791462211085, 12.844601941837928 ], [ 77.673956356980568, 12.844674504798732 ], [ 77.674126545673872, 12.844734149384966 ], [ 77.674300978994239, 12.844780507863346 ], [ 77.674478581473466, 12.844813294416248 ], [ 77.674658258103264, 12.844832306903912 ], [ 77.674838901087043, 12.84483742811069 ], [ 77.675019396670592, 12.844828626467679 ], [ 77.675198632009526, 12.844805956247193 ], [ 77.675375502031073, 12.84476955722802 ], [ 77.675548916247791, 12.844719653833369 ], [ 77.675717805481497, 12.844656553746976 ], [ 77.675881128455615, 12.844580646015809 ], [ 77.676037878215453, 12.844492398651131 ], [ 77.676187088336718, 12.84439235574267 ], [ 77.67632783888412, 12.844281134103763 ], [ 77.676459262083242, 12.844159419468102 ], [ 77.676580547670596, 12.844027962261595 ], [ 77.676690947889142, 12.843887572975371 ], [ 77.676789782098155, 12.843739117168479 ], [ 77.676876440969352, 12.843583510131152 ], [ 77.676950390243135, 12.843421711241447 ], [ 77.677011174021942, 12.843254718050165 ], [ 77.67705841758044, 12.843083560130422 ], [ 77.677091829675149, 12.842909292729896 ], [ 77.67711120433934, 12.842732990264807 ], [ 77.67711642215221, 12.842555739695809 ] ] ] ] } },
{ "type": "Feature", "properties": { "fid": 56, "OBJECTID": 59, "density_cluster": 30, "lat": 77.66439753, "long": 12.85594947, "Crash_IDs": "333_99/2022,334_68/2022,336_157/2022,342_84/2022,343_17/2022,347_92/2022,359_95/2022,208_06/2023,209_109/2023,210_247/2023,211_329/2023,212_359/2023,168_65/2024,169_108/2024,170_125/2024,171_135/2024,172_205/2024", "Crash_Count": 17, "Fatal_Crashes": 6, "GI_Crashes": 11, "MI_Crashes": 0, "Karnataka_SI": 115, "WSI": 290, "Corporation": "BUD", "fclass": "trunk", "ref": "NH44", "b_code": "BUD-NH44-02" }, "geometry": { "type": "MultiPolygon", "coordinates": [ [ [ [ 77.666699093518631, 12.855926077064701 ], [ 77.666690127189923, 12.855748969655147 ], [ 77.666667026308218, 12.855573098448884 ], [ 77.666629933325538, 12.855399547741074 ], [ 77.666579076957362, 12.855229387518396 ], [ 77.666514770772039, 12.855063666862508 ], [ 77.666437411256922, 12.854903407482414 ], [ 77.666347475373428, 12.854749597415642 ], [ 77.66624551761609, 12.854603184937021 ], [ 77.666132166593684, 12.854465072712625 ], [ 77.666008121153524, 12.85433611223494 ], [ 77.665874146072738, 12.854217098573491 ], [ 77.665731067343359, 12.854108765473326 ], [ 77.66557976707999, 12.854011780831593 ], [ 77.66542117808163, 12.853926742580033 ], [ 77.665256278081031, 12.853854174998792 ], [ 77.665086083717242, 12.853794525484282 ], [ 77.664911644268244, 12.853748161790996 ], [ 77.664734035182448, 12.853715369764318 ], [ 77.66455435144897, 12.853696351578208 ], [ 77.664373700847335, 12.853691224488749 ], [ 77.66419319711845, 12.853700020111168 ], [ 77.664013953098703, 12.853722684224763 ], [ 77.66383707385971, 12.853759077107052 ], [ 77.663663649895867, 12.853808974394942 ], [ 77.663494750401668, 12.85387206846776 ], [ 77.663331416680322, 12.853947970343501 ], [ 77.663174655724262, 12.8540362120767 ], [ 77.663025434006954, 12.854136249643101 ], [ 77.662884671524637, 12.854247466293378 ], [ 77.662753236124246, 12.854369176355206 ], [ 77.66263193815297, 12.854500629460288 ], [ 77.662521525462026, 12.854641015170262 ], [ 77.662422678795664, 12.854789467972987 ], [ 77.662336007593922, 12.854945072618397 ], [ 77.662262046234716, 12.855106869761075 ], [ 77.662201250738704, 12.855273861874695 ], [ 77.662153995957212, 12.855445019401939 ], [ 77.662120573260466, 12.855619287101971 ], [ 77.662101188740479, 12.855795590556253 ], [ 77.662095961939698, 12.85597284279272 ], [ 77.662104925113255, 12.856149950987396 ], [ 77.662128023029297, 12.856325823202123 ], [ 77.662165113308873, 12.856499375116915 ], [ 77.662215967303041, 12.856669536715369 ], [ 77.662280271501928, 12.856835258881951 ], [ 77.662357629467081, 12.856995519870457 ], [ 77.662447564275269, 12.857149331603761 ], [ 77.662549521458402, 12.857295745765988 ], [ 77.662662872421848, 12.857433859649612 ], [ 77.662786918319767, 12.857562821721297 ], [ 77.662920894363751, 12.857681836872267 ], [ 77.663063974538048, 12.857790171320794 ], [ 77.663215276692469, 12.857887157136524 ], [ 77.663373867981463, 12.857972196358817 ], [ 77.663538770615858, 12.858044764683624 ], [ 77.663708967891765, 12.85810441469622 ], [ 77.663883410459519, 12.858150778629843 ], [ 77.664061022793859, 12.858183570633203 ], [ 77.664240709825719, 12.858202588532908 ], [ 77.664421363694359, 12.858207715079923 ], [ 77.664601870578409, 12.858198918672384 ], [ 77.66478111756382, 12.858176253550322 ], [ 77.66495799950593, 12.858139859461053 ], [ 77.665131425843768, 12.858089960797384 ], [ 77.665300327324402, 12.858026865213876 ], [ 77.665463662595698, 12.857950961729724 ], [ 77.665620424627079, 12.857862718329994 ], [ 77.665769646918591, 12.857762679079984 ], [ 77.665910409459869, 12.857651460770477 ], [ 77.6660418444025, 12.857529749114649 ], [ 77.666163141410578, 12.857398294520047 ], [ 77.666273552656634, 12.857257907461717 ], [ 77.666372397431928, 12.857109453484993 ], [ 77.666459066343037, 12.856953847868848 ], [ 77.666533025068446, 12.856792049982605 ], [ 77.666593817652327, 12.856625057370902 ], [ 77.666641069315077, 12.856453899603309 ], [ 77.666674488763263, 12.856279631926602 ], [ 77.666693869984854, 12.85610332875873 ], [ 77.666699093518631, 12.855926077064701 ] ] ] ] } },
{ "type": "Feature", "properties": { "fid": 57, "OBJECTID": 60, "density_cluster": 31, "lat": 77.67134494, "long": 12.84727055, "Crash_IDs": "339_71/2022,349_76/2022,350_113/2022,355_118/2022,202_22/2023,203_62/2023,204_175/2023,205_200/2023,206_248/2023,207_278/2023,222_44/2023,223_303/2023,224_314/2023,157_36/2024,158_196/2024,159_09/2024,160_70/2024,161_73/2024,162_91/2024,163_110/2024,164_113/2024,165_116/2024,166_173/2024,167_187/2024,179_05/2024,180_11/2024,181_15/2024,182_47/2024,183_50/2024,184_77/2024,185_90/2024,186_131/2024,187_164/2024,188_160/2024,189_182/2024,190_194/2024", "Crash_Count": 36, "Fatal_Crashes": 11, "GI_Crashes": 25, "MI_Crashes": 0, "Karnataka_SI": 235, "WSI": 551, "Corporation": "BUD", "fclass": "trunk", "ref": "NH44", "b_code": "BUD-NH44-03" }, "geometry": { "type": "MultiPolygon", "coordinates": [ [ [ [ 77.673646411398195, 12.847247111689455 ], [ 77.673637441791286, 12.847070005311039 ], [ 77.673614338219679, 12.846894135409247 ], [ 77.673577243151868, 12.846720586271191 ], [ 77.673526385316208, 12.846550427873863 ], [ 77.673462078290058, 12.846384709287651 ], [ 77.673384718565899, 12.846224452208805 ], [ 77.673294783106428, 12.846070644660653 ], [ 77.673192826403564, 12.845924234902496 ], [ 77.673079477059545, 12.845786125583649 ], [ 77.672955433911284, 12.845657168178684 ], [ 77.672821461721767, 12.845538157738188 ], [ 77.672678386465236, 12.845429827987369 ], [ 77.672527090234837, 12.845332846802737 ], [ 77.672368505804698, 12.845247812094735 ], [ 77.672203610879421, 12.845175248121672 ], [ 77.672033422066733, 12.84511560225774 ], [ 77.671858988610424, 12.845069242234947 ], [ 77.671681385921971, 12.845036453876055 ], [ 77.671501708951041, 12.845017439332436 ], [ 77.671321065435521, 12.845012315837737 ], [ 77.671140569072605, 12.845021114985032 ], [ 77.670961332653292, 12.845043782531908 ], [ 77.670784461202416, 12.845080178734721 ], [ 77.670611045166339, 12.845130079209923 ], [ 77.670442153690715, 12.845193176317194 ], [ 77.670278828029382, 12.845269081055825 ], [ 77.670122075125036, 12.845357325462713 ], [ 77.669972861401575, 12.845457365497106 ], [ 77.66983210680597, 12.84556858439446 ], [ 77.66970067913654, 12.845690296468593 ], [ 77.669579388692839, 12.845821751338789 ], [ 77.669468983279657, 12.845962138555793 ], [ 77.669370143596453, 12.846110592598162 ], [ 77.669283479040175, 12.846266198208168 ], [ 77.669209523947757, 12.846427996034429 ], [ 77.669148734301245, 12.846594988546386 ], [ 77.669101484915885, 12.84676614618426 ], [ 77.66906806712862, 12.84694041370649 ], [ 77.66904868700118, 12.847116716695627 ], [ 77.669043464048912, 12.847293968182466 ], [ 77.669052430503186, 12.847471075347622 ], [ 77.669075531111929, 12.847646946259276 ], [ 77.669112623479563, 12.847820496605458 ], [ 77.669163478944213, 12.847990656379428 ], [ 77.669227783986926, 12.848156376476894 ], [ 77.669305142164049, 12.848316635164405 ], [ 77.669395076550956, 12.848470444379011 ], [ 77.669497032682173, 12.848616855820383 ], [ 77.669610381969534, 12.848754966797756 ], [ 77.669734425577502, 12.848883925795729 ], [ 77.669868398731751, 12.849002937724482 ], [ 77.67001147543435, 12.849111268822163 ], [ 77.670162773556484, 12.849208251179091 ], [ 77.670321360277498, 12.849293286855968 ], [ 77.670486257836345, 12.849365851570621 ], [ 77.670656449560425, 12.849425497930604 ], [ 77.670830886134326, 12.849471858191684 ], [ 77.67100849206976, 12.849504646525245 ], [ 77.671188172337125, 12.849523660780529 ], [ 77.671368819117376, 12.849528783730989 ], [ 77.671549318632913, 12.849519983796961 ], [ 77.671728558015076, 12.849497315240221 ], [ 77.671905432166142, 12.849460917829278 ], [ 77.672078850573214, 12.84941101597744 ], [ 77.672247744032276, 12.849347917358909 ], [ 77.672411071240674, 12.849272011011614 ], [ 77.67256782521757, 12.849183764938275 ], [ 77.672717039512676, 12.849083723220666 ], [ 77.672857794164969, 12.848972502664781 ], [ 77.672989221374692, 12.848850788997645 ], [ 77.673110510853633, 12.848719332639192 ], [ 77.673220914820746, 12.848578944075328 ], [ 77.673319752612215, 12.848430488860661 ], [ 77.673406414877633, 12.84827488228178 ], [ 77.673480367336481, 12.848113083713928 ], [ 77.673541154071572, 12.84794609070592 ], [ 77.673588400339355, 12.847774932829758 ], [ 77.673621814879624, 12.847600665332861 ], [ 77.673641191710644, 12.847424362632056 ], [ 77.673646411398195, 12.847247111689455 ] ] ] ] } },
{ "type": "Feature", "properties": { "fid": 58, "OBJECTID": 61, "density_cluster": 37, "lat": 77.61758, "long": 13.144465, "Crash_IDs": "392_187/2022,393_16/2022,394_17/2022,395_20/2022,396_115/2022,397_170/2022,266_38/2023,267_41/2023,268_101/2023,269_116/2023,270_129/2023,271_149/2023,272_13/2023,273_28/2023,274_51/2023,275_65/2023,276_94/2023,277_115/2023,213_73/2024,214_87/2024,215_05/2024,216_12/2024,217_68/2024,218_71/2024", "Crash_Count": 24, "Fatal_Crashes": 9, "GI_Crashes": 15, "MI_Crashes": 0, "Karnataka_SI": 165, "WSI": 429, "Corporation": "BUD", "fclass": "trunk", "ref": "NH44", "b_code": "BUD-NH44-04" }, "geometry": { "type": "MultiPolygon", "coordinates": [ [ [ [ 77.619884311250829, 13.144441511366718 ], [ 77.619875326566756, 13.144264401452084 ], [ 77.619852190502385, 13.144088528347671 ], [ 77.619815045727307, 13.143914976360362 ], [ 77.6197641212771, 13.143744815484695 ], [ 77.619699731140486, 13.143579094806254 ], [ 77.619622272323014, 13.143418836034058 ], [ 77.619532222398888, 13.143265027201682 ], [ 77.619430136566223, 13.143118616576114 ], [ 77.61931664422373, 13.142980506811741 ], [ 77.619192445090277, 13.142851549385574 ], [ 77.619058304890729, 13.142732539347991 ], [ 77.618915050635152, 13.142624210421367 ], [ 77.618763565520226, 13.14252723047677 ], [ 77.618604783484443, 13.142442197416624 ], [ 77.618439683450362, 13.14236963548873 ], [ 77.618269283289919, 13.142309992054331 ], [ 77.61809463354939, 13.142263634830138 ], [ 77.617916810973142, 13.142230849621384 ], [ 77.617736911865862, 13.142211838559778 ], [ 77.617556045334268, 13.142206718857299 ], [ 77.617375326449789, 13.142215522083504 ], [ 77.617195869374598, 13.142238193970737 ], [ 77.617018780493154, 13.142274594748564 ], [ 77.616845151591633, 13.142324500005261 ], [ 77.616676053127406, 13.142387602071096 ], [ 77.616512527629766, 13.142463511914938 ], [ 77.616355583272963, 13.142551761542379 ], [ 77.616206187660765, 13.14265180688073 ], [ 77.61606526186111, 13.142763031133013 ], [ 77.615933674727628, 13.142884748580345 ], [ 77.615812237542855, 13.143016208809215 ], [ 77.615701699016242, 13.143156601337683 ], [ 77.615602740667995, 13.143305060611924 ], [ 77.615515972626866, 13.143460671342318 ], [ 77.615441929868126, 13.143622474146268 ], [ 77.615381068914715, 13.143789471462869 ], [ 77.615333765022029, 13.143960633703024 ], [ 77.615300309863642, 13.144134905597092 ], [ 77.615280909732334, 13.144311212700901 ], [ 77.615275684267516, 13.144488468020072 ], [ 77.615284665716786, 13.144665578711741 ], [ 77.615307798736367, 13.144841452822432 ], [ 77.615344940731603, 13.145015006020488 ], [ 77.615395862735426, 13.145185168281563 ], [ 77.615460250819297, 13.145350890485947 ], [ 77.615537708028242, 13.145511150887064 ], [ 77.615627756827664, 13.145664961411212 ], [ 77.615729842047145, 13.145811373749758 ], [ 77.615843334303051, 13.145949485206131 ], [ 77.61596753387866, 13.146078444261658 ], [ 77.616101675038223, 13.146197455825837 ], [ 77.616244930748039, 13.146305786138711 ], [ 77.61639641777559, 13.146402767295076 ], [ 77.616555202135331, 13.146487801362664 ], [ 77.616720304847433, 13.14656036406887 ], [ 77.616890707974065, 13.146620008033295 ], [ 77.617065360895893, 13.146666365526164 ], [ 77.617243186790219, 13.146699150735639 ], [ 77.617423089270645, 13.146718161529986 ], [ 77.617603959147402, 13.146723280703805 ], [ 77.617784681266698, 13.146714476700572 ], [ 77.617964141386679, 13.146691803807053 ], [ 77.61814123304795, 13.146655401818476 ], [ 77.61831486439587, 13.146605495176379 ], [ 77.618483964912826, 13.146542391584592 ], [ 77.61864749201898, 13.146466480111835 ], [ 77.618804437500501, 13.146378228792621 ], [ 77.618953833725897, 13.146278181741291 ], [ 77.619094759612125, 13.146166955797007 ], [ 77.619226346303449, 13.146045236720315 ], [ 77.619347782528209, 13.145913774964848 ], [ 77.619458319600596, 13.14577338105013 ], [ 77.619557276036204, 13.145624920564128 ], [ 77.619644041753389, 13.145469308826289 ], [ 77.61971808183408, 13.145307505244022 ], [ 77.619778939821302, 13.145140507397398 ], [ 77.619826240532703, 13.144969344888567 ], [ 77.619859692373026, 13.144795072993782 ], [ 77.619879089131175, 13.14461876615723 ], [ 77.619884311250829, 13.144441511366718 ] ] ] ] } },
{ "type": "Feature", "properties": { "fid": 59, "OBJECTID": 62, "density_cluster": 38, "lat": 77.620317, "long": 13.151895, "Crash_IDs": "398_25/2022,278_122/2023,279_75/2023,280_118/2023,281_140/2023,219_63/2024,220_45/2024,221_70/2024,222_90/2024", "Crash_Count": 9, "Fatal_Crashes": 2, "GI_Crashes": 7, "MI_Crashes": 0, "Karnataka_SI": 55, "WSI": 110, "Corporation": "BUD", "fclass": "trunk", "ref": "NH44", "b_code": "BUD-NH44-05" }, "geometry": { "type": "MultiPolygon", "coordinates": [ [ [ [ 77.622621375544284, 13.151871473790626 ], [ 77.622612387595495, 13.151694364483809 ], [ 77.622589247890176, 13.151518492215162 ], [ 77.622552099120441, 13.151344941286405 ], [ 77.622501170346482, 13.151174781685542 ], [ 77.622436775583694, 13.15100906249029 ], [ 77.622359311866163, 13.150848805400505 ], [ 77.622269256798319, 13.150694998439391 ], [ 77.622167165609937, 13.150548589862382 ], [ 77.622053667732828, 13.150410482311228 ], [ 77.621929462919937, 13.150281527249277 ], [ 77.621795316931127, 13.150162519712334 ], [ 77.621652056812167, 13.150054193407335 ], [ 77.621500565795884, 13.149957216189188 ], [ 77.621341777857111, 13.149872185943501 ], [ 77.621176671954814, 13.149799626900723 ], [ 77.621006265997096, 13.149739986404295 ], [ 77.620831610565901, 13.149693632152823 ], [ 77.620653782440712, 13.149660849933213 ], [ 77.620473877960407, 13.149641841858747 ], [ 77.620293006264774, 13.149636725122988 ], [ 77.6201122824571, 13.149645531277208 ], [ 77.619932820729872, 13.149668206035718 ], [ 77.619755727496226, 13.149704609610376 ], [ 77.619582094569154, 13.149754517572223 ], [ 77.61941299243081, 13.149817622234874 ], [ 77.619249463633182, 13.149893534551181 ], [ 77.619092516370799, 13.149981786511512 ], [ 77.618943118265378, 13.150081834028803 ], [ 77.618802190400231, 13.150193060292658 ], [ 77.618670601641711, 13.15031477957179 ], [ 77.618549163282367, 13.150446241441413 ], [ 77.61843862403893, 13.150586635409473 ], [ 77.618339665435997, 13.150735095913282 ], [ 77.618252897603938, 13.150890707655638 ], [ 77.61817885551676, 13.151052511247716 ], [ 77.618117995693254, 13.15121950912375 ], [ 77.618070693381867, 13.151390671691193 ], [ 77.618037240246466, 13.151564943678386 ], [ 77.618017842567355, 13.151741250640583 ], [ 77.61801261996888, 13.151918505584268 ], [ 77.618021604680933, 13.152095615668893 ], [ 77.618044741339688, 13.152271488944715 ], [ 77.61808188732806, 13.152445041085217 ], [ 77.618132813654327, 13.152615202072555 ], [ 77.618197206363391, 13.152780922794873 ], [ 77.618274668471713, 13.152941181514718 ], [ 77.618364722414512, 13.15309499016875 ], [ 77.618466812989666, 13.153241400459843 ], [ 77.61858031078053, 13.153379509704045 ], [ 77.618704516036232, 13.153508466396312 ], [ 77.618838662986022, 13.153627475460704 ], [ 77.618981924560458, 13.153735803152669 ], [ 77.6191334174909, 13.153832781583152 ], [ 77.619292207755365, 13.153917812836687 ], [ 77.619457316337602, 13.153990372658017 ], [ 77.619627725263584, 13.154050013684524 ], [ 77.619802383878209, 13.15409636820455 ], [ 77.619980215323622, 13.154129150424573 ], [ 77.620160123179218, 13.154148158231315 ], [ 77.620340998222062, 13.154153274437787 ], [ 77.620521725266485, 13.154144467505763 ], [ 77.620701190040265, 13.154121791740081 ], [ 77.620878286055273, 13.154085386953678 ], [ 77.621051921430023, 13.154035477605355 ], [ 77.621221025622091, 13.153972371415636 ], [ 77.621384556028943, 13.153896457469267 ], [ 77.621541504416371, 13.153808203816022 ], [ 77.621690903135018, 13.153708154584645 ], [ 77.621831831086411, 13.153596926627749 ], [ 77.621963419402121, 13.153475205718298 ], [ 77.622084856800484, 13.153343742321226 ], [ 77.622195394588445, 13.153203346966192 ], [ 77.622294351277205, 13.153054885250056 ], [ 77.622381116783572, 13.152899272499846 ], [ 77.622455156190796, 13.152737468129217 ], [ 77.622516013046067, 13.152570469723106 ], [ 77.622563312174023, 13.15239930688711 ], [ 77.6225967619892, 13.1522250348995 ], [ 77.622616156293006, 13.152048728205029 ], [ 77.622621375544284, 13.151871473790626 ] ] ] ] } },
{ "type": "Feature", "properties": { "fid": 60, "OBJECTID": 63, "density_cluster": 39, "lat": 77.62339, "long": 13.15677, "Crash_IDs": "399_169/2022,282_100/2023,283_123/2023,284_159/2023,285_27/2023,223_04/2024,224_11/2024,225_27/2024", "Crash_Count": 8, "Fatal_Crashes": 4, "GI_Crashes": 4, "MI_Crashes": 0, "Karnataka_SI": 60, "WSI": 180, "Corporation": "BUD", "fclass": "trunk", "ref": "NH44", "b_code": "BUD-NH44-06" }, "geometry": { "type": "MultiPolygon", "coordinates": [ [ [ [ 77.625694415380494, 13.156746437663205 ], [ 77.625685424378219, 13.156569328972983 ], [ 77.625662281392707, 13.156393457539883 ], [ 77.625625129136324, 13.156219907660466 ], [ 77.625574196690707, 13.156049749316249 ], [ 77.62550979809393, 13.155884031577205 ], [ 77.625432330403711, 13.155723776134199 ], [ 77.625342271248982, 13.155569971000268 ], [ 77.625240175884741, 13.155423564419573 ], [ 77.625126673768477, 13.155285459021554 ], [ 77.625002464679326, 13.155156506256278 ], [ 77.624868314403486, 13.155037501145372 ], [ 77.624725050013126, 13.154929177380827 ], [ 77.624573554767437, 13.154832202801874 ], [ 77.6244147626673, 13.154747175277851 ], [ 77.624249652697316, 13.154674619022421 ], [ 77.624079242790629, 13.154614981361846 ], [ 77.623904583553596, 13.154568629977252 ], [ 77.623726751789064, 13.15453585063786 ], [ 77.623546843858364, 13.154516845439215 ], [ 77.62336596892257, 13.154511731557148 ], [ 77.623185242104896, 13.154520540525345 ], [ 77.623005777616399, 13.154543218040773 ], [ 77.622828681887214, 13.154579624298306 ], [ 77.62265504674572, 13.154629534852447 ], [ 77.622485942687717, 13.154692642000839 ], [ 77.622322412277015, 13.154768556681022 ], [ 77.62216546371809, 13.154856810868795 ], [ 77.622016064640661, 13.154956860463374 ], [ 77.621875136134022, 13.155068088641551 ], [ 77.621743547068519, 13.155189809660259 ], [ 77.621622108738563, 13.155321273083983 ], [ 77.621511569860729, 13.155461668411101 ], [ 77.621412611957382, 13.155610130070535 ], [ 77.621325845154573, 13.15576574275798 ], [ 77.62125180441997, 13.155927547078765 ], [ 77.621190946264051, 13.156094545462643 ], [ 77.621143645925002, 13.156265708313931 ], [ 77.621110195054513, 13.156439980359218 ], [ 77.621090799919003, 13.156616287153396 ], [ 77.621085580127072, 13.156793541703975 ], [ 77.62109456789139, 13.156970651172823 ], [ 77.621117707829271, 13.157146523613994 ], [ 77.621154857303438, 13.157320074706101 ], [ 77.621205787300724, 13.157490234437759 ], [ 77.62127018384335, 13.157655953704841 ], [ 77.621347649924175, 13.157816210778865 ], [ 77.621437707953916, 13.157970017606614 ], [ 77.621539802705271, 13.158116425902231 ], [ 77.621653304735801, 13.158254532994047 ], [ 77.621777514268558, 13.158383487390291 ], [ 77.62191166550636, 13.158502494029163 ], [ 77.622054931353347, 13.15861081918106 ], [ 77.622206428514502, 13.158707794972596 ], [ 77.622365222941767, 13.158792823504561 ], [ 77.622530335593211, 13.158865380538481 ], [ 77.622700748469683, 13.158925018728922 ], [ 77.622875410891723, 13.158971370381716 ], [ 77.623053245978028, 13.159004149721026 ], [ 77.623233157285469, 13.159023154651324 ], [ 77.623414035569851, 13.159028268003375 ], [ 77.623594765625498, 13.15901945825655 ], [ 77.623774233161626, 13.158996779733055 ], [ 77.623951331673027, 13.158960372262838 ], [ 77.624124969262866, 13.158910460321247 ], [ 77.624294075375005, 13.158847351644814 ], [ 77.624457607395101, 13.158771435333618 ], [ 77.624614557078999, 13.158683179452026 ], [ 77.624763956769328, 13.158583128142526 ], [ 77.624904885361673, 13.158471898270548 ], [ 77.625036473983599, 13.15835017562088 ], [ 77.625157911351593, 13.158218710669184 ], [ 77.625268448772786, 13.158078313954711 ], [ 77.625367404760681, 13.157929851082697 ], [ 77.625454169236363, 13.157774237387313 ], [ 77.625528207289506, 13.157612432288035 ], [ 77.625589062475626, 13.15744543337429 ], [ 77.625636359629681, 13.157274270254806 ], [ 77.625669807178397, 13.157099998209599 ], [ 77.625689198937152, 13.156923691683771 ], [ 77.625694415380494, 13.156746437663205 ] ] ] ] } },
{ "type": "Feature", "properties": { "fid": 61, "OBJECTID": 64, "density_cluster": 40, "lat": 77.64584092, "long": 13.19044615, "Crash_IDs": "400_006/2022,401_179/2022,402_194/2022,403_002/2022,404_52/2022,405_58/2022,406_64/2022,407_74/2022,408_87/2022,409_104/2022,410_166/2022,286_60/2023,287_67/2023,288_132/2023,289_30/2023,290_40/2023,291_48/2023,292_78/2023,293_109/2023,294_139/2023,295_52/2023,296_147/2023,297_121/2023,298_20/2023,299_35/2023,300_53/2023,301_92/2023,302_102/2023,303_103/2023,226_02/2024,227_17/2024,228_61/2024,229_28/2024,230_06/2024,231_26/2024,232_101/2024,233_111/2024,234_86/2024,235_92/2024", "Crash_Count": 39, "Fatal_Crashes": 12, "GI_Crashes": 27, "MI_Crashes": 0, "Karnataka_SI": 255, "WSI": 600, "Corporation": "BUD", "fclass": "trunk", "ref": "NH44", "b_code": "BUD-NH44-07" }, "geometry": { "type": "MultiPolygon", "coordinates": [ [ [ [ 77.648145608593126, 13.190422326558499 ], [ 77.648136595576148, 13.190245222353786 ], [ 77.648113429027674, 13.190069356988433 ], [ 77.648076251805378, 13.189895814721535 ], [ 77.648025293144926, 13.189725665487613 ], [ 77.647960867246042, 13.189559958300405 ], [ 77.647883371334757, 13.189399714785656 ], [ 77.647793283214043, 13.189245922882799 ], [ 77.647691158317443, 13.189099530754371 ], [ 77.647577626284559, 13.188961440940639 ], [ 77.647453387078855, 13.188832504795549 ], [ 77.647319206672208, 13.188713517238217 ], [ 77.647175912322481, 13.18860521185238 ], [ 77.647024387473493, 13.188508256363924 ], [ 77.646865566308549, 13.188423248524478 ], [ 77.646700427991362, 13.188350712426345 ], [ 77.646529990629745, 13.188291095271509 ], [ 77.64635530499919, 13.188244764614689 ], [ 77.646177448065217, 13.188212006097345 ], [ 77.64599751634421, 13.188193021686665 ], [ 77.645816619143815, 13.188187928430374 ], [ 77.645635871724465, 13.188196757735035 ], [ 77.645456388424108, 13.188219455172291 ], [ 77.645279275788823, 13.188255880814246 ], [ 77.645105625751171, 13.18830581009596 ], [ 77.644936508898724, 13.18836893519968 ], [ 77.644772967874175, 13.188444866952304 ], [ 77.644616010947431, 13.188533137224441 ], [ 77.644466605799778, 13.188633201816192 ], [ 77.644325673558001, 13.188744443811952 ], [ 77.644194083115465, 13.188866177383506 ], [ 77.644072645775154, 13.188997652017992 ], [ 77.6439621102476, 13.189138057144698 ], [ 77.643863158034591, 13.189286527132154 ], [ 77.643776399227164, 13.189442146624721 ], [ 77.643702368743817, 13.189603956185792 ], [ 77.643641523031903, 13.189770958212783 ], [ 77.643594237252998, 13.189942123087553 ], [ 77.64356080296912, 13.19011639552418 ], [ 77.643541426344513, 13.190292701075112 ], [ 77.643536226873763, 13.190469952755478 ], [ 77.643545236644343, 13.190647057744807 ], [ 77.643568400137951, 13.190822924124692 ], [ 77.643605574572177, 13.190996467611077 ], [ 77.643656530779978, 13.191166618239398 ], [ 77.64372095462204, 13.191332326961591 ], [ 77.643798448922965, 13.191492572114113 ], [ 77.643888535919459, 13.191646365717194 ], [ 77.643990660205617, 13.19179275956645 ], [ 77.644104192156902, 13.191930851079231 ], [ 77.644228431811854, 13.192059788859751 ], [ 77.644362613187525, 13.19217877794863 ], [ 77.644505909002177, 13.192287084724423 ], [ 77.644657435775969, 13.192384041427006 ], [ 77.644816259278173, 13.192469050274864 ], [ 77.644981400287506, 13.192541587150865 ], [ 77.645151840629879, 13.192601204833862 ], [ 77.645326529456426, 13.192647535756143 ], [ 77.645504389722888, 13.192680294269701 ], [ 77.645684324830867, 13.192699278407444 ], [ 77.645865225389286, 13.19270437112837 ], [ 77.646045976055063, 13.192695541039095 ], [ 77.646225462410257, 13.192672842587307 ], [ 77.646402577833626, 13.192636415725868 ], [ 77.64657623032393, 13.192586485049748 ], [ 77.646745349233186, 13.19252335841105 ], [ 77.646908891868094, 13.192447425020651 ], [ 77.647065849919073, 13.192359153048287 ], [ 77.647215255677153, 13.19225908673571 ], [ 77.647356188000543, 13.192147843040901 ], [ 77.647487777993831, 13.192026107833914 ], [ 77.647609214365119, 13.191894631667884 ], [ 77.647719748427733, 13.191754225151225 ], [ 77.647818698715966, 13.191605753949638 ], [ 77.64790545518612, 13.19145013344866 ], [ 77.647979482977334, 13.191288323109728 ], [ 77.648040325708465, 13.191121320554569 ], [ 77.648087608291405, 13.190950155414344 ], [ 77.648121039242767, 13.190775882981498 ], [ 77.648140412480416, 13.190599577703503 ], [ 77.648145608593126, 13.190422326558499 ] ] ] ] } },
{ "type": "Feature", "properties": { "fid": 62, "OBJECTID": 65, "density_cluster": 50, "lat": 77.677023, "long": 12.839994, "Crash_IDs": "332_21/2022,335_124/2022,351_112/2022,353_24/2022,356_120/2022,357_167/2022,213_43/2023,214_61/2023,215_187/2023,216_229/2023,217_270/2023,218_277/2023,219_322/2023,220_327/2023,221_333/2023,173_19/2024,174_20/2024,175_25/2024,176_97/2024,177_137/2024,178_140/2024", "Crash_Count": 21, "Fatal_Crashes": 5, "GI_Crashes": 16, "MI_Crashes": 0, "Karnataka_SI": 130, "WSI": 269, "Corporation": "BUD", "fclass": "trunk", "ref": "NH44", "b_code": "BUD-NH44-08" }, "geometry": { "type": "MultiPolygon", "coordinates": [ [ [ [ 77.679324394459456, 12.839970524994573 ], [ 77.679315422211161, 12.839793419457228 ], [ 77.679292316488826, 12.839617550617515 ], [ 77.679255219774262, 12.839444002755975 ], [ 77.679204360805912, 12.839273845841731 ], [ 77.679140053168098, 12.839108128936019 ], [ 77.679062693357068, 12.838947873724718 ], [ 77.678972758336016, 12.838794068219649 ], [ 77.678870802594133, 12.838647660667506 ], [ 77.678757454727716, 12.83850955370402 ], [ 77.678633413564569, 12.838380598789238 ], [ 77.678499443855415, 12.8382615909584 ], [ 77.678356371559175, 12.838153263920642 ], [ 77.678205078750736, 12.838056285535755 ], [ 77.67804649818315, 12.837971253696933 ], [ 77.677881607537188, 12.837898692644812 ], [ 77.6777114233942, 12.837839049735585 ], [ 77.677536994969188, 12.837792692683065 ], [ 77.677359397642604, 12.837759907291716 ], [ 77.677179726331119, 12.837740895694624 ], [ 77.676999088737659, 12.837735775107291 ], [ 77.676818598522999, 12.837744577104875 ], [ 77.676639368440249, 12.837767247427404 ], [ 77.676462503475136, 12.837803646314132 ], [ 77.676289094034118, 12.837853549364976 ], [ 77.676120209222177, 12.837916648923734 ], [ 77.675956890252095, 12.837992555974598 ], [ 77.675800144025359, 12.83808080254019 ], [ 77.675650936924711, 12.838180844566473 ], [ 77.675510188856279, 12.838292065276608 ], [ 77.675378767578195, 12.83841377897323 ], [ 77.675257483350606, 12.83854523526562 ], [ 77.67514708393999, 12.838685623695733 ], [ 77.6750482500088, 12.838834078734642 ], [ 77.674961590918542, 12.838989685118463 ], [ 77.674887640972443, 12.839151483491028 ], [ 77.674826856120802, 12.839318476318393 ], [ 77.674779611149333, 12.839489634038816 ], [ 77.674746197367739, 12.839663901410221 ], [ 77.674726820813021, 12.839840204016067 ], [ 77.674721600978529, 12.840017454889495 ], [ 77.674730570076349, 12.840194561214894 ], [ 77.674753672838122, 12.840370431065606 ], [ 77.67479076685494, 12.8405439801362 ], [ 77.674841623454768, 12.840714138427781 ], [ 77.674905929111617, 12.840879856845195 ], [ 77.674983287378026, 12.841040113665345 ], [ 77.675073221328802, 12.841193920836792 ], [ 77.675175176501156, 12.841340330071803 ], [ 77.675288524312762, 12.841478438693226 ], [ 77.675412565937222, 12.841607395200176 ], [ 77.675546536612401, 12.84172640451821 ], [ 77.675689610355619, 12.841834732901582 ], [ 77.675840905056347, 12.841931712457356 ], [ 77.67599948791495, 12.842016745263512 ], [ 77.676164381194241, 12.842089307055597 ], [ 77.676334568248024, 12.842148950459194 ], [ 77.676508999789647, 12.842195307748318 ], [ 77.676686600361876, 12.842228093112677 ], [ 77.676866274968162, 12.842247104419855 ], [ 77.677046915824405, 12.842252224461484 ], [ 77.677227409189541, 12.842243421675848 ], [ 77.677406642232853, 12.842220750342316 ], [ 77.677583509895712, 12.842184350246534 ], [ 77.677756921705253, 12.842134445818358 ], [ 77.677925808498145, 12.842071344747891 ], [ 77.678089129012861, 12.841995436088183 ], [ 77.678245876309859, 12.841907187856213 ], [ 77.678395083980064, 12.841807144147056 ], [ 77.678535832103293, 12.841695921778989 ], [ 77.678667252920079, 12.841574206490197 ], [ 77.678788536181642, 12.841442748710612 ], [ 77.678898934145266, 12.841302358934886 ], [ 77.678997766184168, 12.84115390272509 ], [ 77.679084422983408, 12.840998295373932 ], [ 77.679158370296193, 12.840836496261407 ], [ 77.679219152236996, 12.84066950293967 ], [ 77.679266394091883, 12.840498344982644 ], [ 77.679299804627831, 12.840324077638229 ], [ 77.679319177887749, 12.840147775322297 ], [ 77.679324394459456, 12.839970524994573 ] ] ] ] } }
]
}
