{
"type": "FeatureCollection",
"name": "bud-boundary",
"crs": { "type": "name", "properties": { "name": "urn:ogc:def:crs:OGC:1.3:CRS84" } },
"features": [
{ "type": "Feature", "properties": { "fid": 1, "Name": "BENGALURU URBAN", "descriptio": null, "timestamp": null, "begin": null, "end": null, "altitudeMo": null, "tessellate": -1, "extrude": 0, "visibility": -1, "drawOrder": null, "icon": null, "District": "BENGALURU URBAN", "STATE": "KARNATAKA", "REMARKS": null, "State_LGD": "29", "DISTRICT_L": "525", "Shape_Leng": 332478.0, "Shape_Area": 2189240000.0 }, "geometry": { "type": "MultiPolygon", "coordinates": [ [ [ [ 77.551637496908086, 13.232427610145249, 0.0 ], [ 77.552330614658672, 13.232082608635089, 0.0 ], [ 77.553117591329112, 13.23207133792029, 0.0 ], [ 77.553963220193793, 13.23231323710429, 0.0 ], [ 77.554650255707315, 13.23264139090846, 0.0 ], [ 77.555049576147908, 13.23277383772721, 0.0 ], [ 77.55581310481756, 13.232624468273411, 0.0 ], [ 77.556676454288038, 13.23253841267764, 0.0 ], [ 77.557716033194879, 13.2323143193798, 0.0 ], [ 77.558403191131546, 13.232233961425431, 0.0 ], [ 77.55889653433951, 13.232179440009849, 0.0 ], [ 77.559318406891251, 13.232295172343679, 0.0 ], [ 77.559952315227591, 13.231758283346741, 0.0 ], [ 77.559547366937011, 13.230762813059419, 0.0 ], [ 77.559101367002981, 13.229571710021339, 0.0 ], [ 77.558373596726938, 13.22796052041277, 0.0 ], [ 77.557504919284156, 13.22624572538056, 0.0 ], [ 77.557434709311678, 13.22534815479179, 0.0 ], [ 77.557482056644986, 13.224105405493161, 0.0 ], [ 77.557576216281063, 13.223438021564229, 0.0 ], [ 77.557881961366476, 13.22219534533783, 0.0 ], [ 77.55764742262501, 13.220929502608399, 0.0 ], [ 77.556896020629424, 13.219916668618801, 0.0 ], [ 77.556614352361791, 13.219180136186161, 0.0 ], [ 77.557483717736361, 13.218443930348741, 0.0 ], [ 77.559809501543384, 13.21763907999498, 0.0 ], [ 77.561994175429547, 13.21738650989575, 0.0 ], [ 77.564319855650467, 13.2168808015288, 0.0 ], [ 77.566105154651623, 13.21674316564671, 0.0 ], [ 77.568642266692564, 13.21609938624157, 0.0 ], [ 77.569511404767354, 13.216099591446619, 0.0 ], [ 77.569887857132755, 13.213591137048139, 0.0 ], [ 77.570181935184777, 13.21171555229755, 0.0 ], [ 77.570381947270789, 13.210265707519239, 0.0 ], [ 77.570440837127663, 13.20957529657702, 0.0 ], [ 77.5713334833614, 13.2094028946879, 0.0 ], [ 77.571263347407907, 13.20799901478053, 0.0 ], [ 77.571099228208638, 13.207009804072831, 0.0 ], [ 77.569548830016416, 13.207124081512941, 0.0 ], [ 77.569196472760396, 13.207193040726111, 0.0 ], [ 77.569008565719344, 13.207158475587679, 0.0 ], [ 77.568902925918678, 13.20690529429012, 0.0 ], [ 77.568222165821226, 13.2051790698104, 0.0 ], [ 77.567741028347129, 13.203625497938971, 0.0 ], [ 77.566766794106613, 13.201427409302379, 0.0 ], [ 77.569726637717608, 13.20039247909445, 0.0 ], [ 77.572615959433691, 13.199495584393659, 0.0 ], [ 77.574283823612618, 13.198736481746479, 0.0 ], [ 77.578746861777702, 13.197724781778639, 0.0 ], [ 77.583256756814521, 13.19715028090077, 0.0 ], [ 77.58537794248447, 13.19689942972094, 0.0 ], [ 77.587320352661138, 13.196575628029001, 0.0 ], [ 77.588330387407609, 13.196368663478779, 0.0 ], [ 77.58919947437353, 13.196253730731581, 0.0 ], [ 77.589692707548195, 13.19639189313842, 0.0 ], [ 77.590444228357697, 13.19705942061635, 0.0 ], [ 77.591499253987948, 13.19782408138849, 0.0 ], [ 77.593817355148417, 13.1972656464285, 0.0 ], [ 77.5951797614848, 13.19671349263921, 0.0 ], [ 77.596401185275795, 13.196506525340791, 0.0 ], [ 77.59813932684439, 13.196483730368, 0.0 ], [ 77.599243293282896, 13.19636879192951, 0.0 ], [ 77.600061109569666, 13.196472219589349, 0.0 ], [ 77.600816878715293, 13.197519682228529, 0.0 ], [ 77.601450998733071, 13.198118121712421, 0.0 ], [ 77.602038103882037, 13.19908478039061, 0.0 ], [ 77.602578232843314, 13.20007444719575, 0.0 ], [ 77.603282793157533, 13.201018101929989, 0.0 ], [ 77.603799383730404, 13.202583118726221, 0.0 ], [ 77.604316763872134, 13.20364332365647, 0.0 ], [ 77.60695398622687, 13.20387427771051, 0.0 ], [ 77.608010975985039, 13.204081495895039, 0.0 ], [ 77.609631702069009, 13.204334782879069, 0.0 ], [ 77.612057370705088, 13.20450321629245, 0.0 ], [ 77.61512811204085, 13.205025575535711, 0.0 ], [ 77.615832769597958, 13.205347812093111, 0.0 ], [ 77.614987084074428, 13.20661354520526, 0.0 ], [ 77.613092803316178, 13.20877082101298, 0.0 ], [ 77.613847675646056, 13.20938093124739, 0.0 ], [ 77.615762048872725, 13.20987584604565, 0.0 ], [ 77.617359312757003, 13.210520322878869, 0.0 ], [ 77.618169712395954, 13.210416796582701, 0.0 ], [ 77.619473399624852, 13.21019821716042, 0.0 ], [ 77.625296222625295, 13.209397511824379, 0.0 ], [ 77.626104974386294, 13.209397524765549, 0.0 ], [ 77.627138517500541, 13.209305479134869, 0.0 ], [ 77.628183804853222, 13.209006302783781, 0.0 ], [ 77.628677087171127, 13.20891424812524, 0.0 ], [ 77.629287814633258, 13.208626572174181, 0.0 ], [ 77.630086457620521, 13.20838492274863, 0.0 ], [ 77.631225693043632, 13.207636956831511, 0.0 ], [ 77.631906883372935, 13.2073262606783, 0.0 ], [ 77.633187046460478, 13.20671636998112, 0.0 ], [ 77.633645084516999, 13.206463207194741, 0.0 ], [ 77.63431452369214, 13.20615250420677, 0.0 ], [ 77.635582938603321, 13.205910828335609, 0.0 ], [ 77.636534242878909, 13.205531070004071, 0.0 ], [ 77.63762648151517, 13.20522034654527, 0.0 ], [ 77.637707124562212, 13.20515976549861, 0.0 ], [ 77.637978809639321, 13.204955671193069, 0.0 ], [ 77.637990523431583, 13.20404661109092, 0.0 ], [ 77.638025740243847, 13.20356331239921, 0.0 ], [ 77.638096199027572, 13.20332166197586, 0.0 ], [ 77.639646450936937, 13.202769265059811, 0.0 ], [ 77.641854375711986, 13.20204422126049, 0.0 ], [ 77.643792181136106, 13.20156082318892, 0.0 ], [ 77.644837396971354, 13.201286299389031, 0.0 ], [ 77.646833918192939, 13.200582532646459, 0.0 ], [ 77.647479840249147, 13.200329331399461, 0.0 ], [ 77.648724732121011, 13.200202663176229, 0.0 ], [ 77.649511610320644, 13.20027164560404, 0.0 ], [ 77.651355480851308, 13.200340536670369, 0.0 ], [ 77.65275308120772, 13.20055904863009, 0.0 ], [ 77.656100230619828, 13.20059324387417, 0.0 ], [ 77.65720420578424, 13.20062764853737, 0.0 ], [ 77.658672170023678, 13.19992555344227, 0.0 ], [ 77.660410454502767, 13.200891944923629, 0.0 ], [ 77.659799593330476, 13.19964925213743, 0.0 ], [ 77.658131773093473, 13.19857928479634, 0.0 ], [ 77.657004239246945, 13.197831447603971, 0.0 ], [ 77.656710550632724, 13.197095024585691, 0.0 ], [ 77.655700306429821, 13.19481672526644, 0.0 ], [ 77.654196718539467, 13.191399267271329, 0.0 ], [ 77.654316677935242, 13.19079691098888, 0.0 ], [ 77.654455536540866, 13.1898438214547, 0.0 ], [ 77.654490195143694, 13.189053371415961, 0.0 ], [ 77.654528702005464, 13.188149458496561, 0.0 ], [ 77.656145946789721, 13.18790724503228, 0.0 ], [ 77.656605264877001, 13.187884504755941, 0.0 ], [ 77.657191933095376, 13.18765751871322, 0.0 ], [ 77.660175428576721, 13.18644314276693, 0.0 ], [ 77.662043387576318, 13.185020863271641, 0.0 ], [ 77.662959712444021, 13.18403599512764, 0.0 ], [ 77.663009884077908, 13.18400005871791, 0.0 ], [ 77.663087559709879, 13.184182579065791, 0.0 ], [ 77.66358512451292, 13.184973859946959, 0.0 ], [ 77.663813358757338, 13.185144021572469, 0.0 ], [ 77.664295410269446, 13.18557132846966, 0.0 ], [ 77.66512143724799, 13.185783009259641, 0.0 ], [ 77.666577104038765, 13.186051327866769, 0.0 ], [ 77.66802835530369, 13.185831755161271, 0.0 ], [ 77.670812034686492, 13.185119190919901, 0.0 ], [ 77.671430863241127, 13.18780686784436, 0.0 ], [ 77.671462079092592, 13.189788653672959, 0.0 ], [ 77.675631846270178, 13.19052658116763, 0.0 ], [ 77.676838900882117, 13.19074018077843, 0.0 ], [ 77.678717994879278, 13.191085040315951, 0.0 ], [ 77.68076153845756, 13.191567937528969, 0.0 ], [ 77.682405710476488, 13.191659660447471, 0.0 ], [ 77.683533170037165, 13.191843538710129, 0.0 ], [ 77.684567195048984, 13.19213803936807, 0.0 ], [ 77.684825088045059, 13.19221149041903, 0.0 ], [ 77.685976198221553, 13.19308577715336, 0.0 ], [ 77.686692630580069, 13.19329274572976, 0.0 ], [ 77.686176304637669, 13.195076460578139, 0.0 ], [ 77.685472447096387, 13.198540247831399, 0.0 ], [ 77.685132307182741, 13.20050803387959, 0.0 ], [ 77.684252115788453, 13.20336198024143, 0.0 ], [ 77.685978518029856, 13.20318899925133, 0.0 ], [ 77.68730561173335, 13.20303911018042, 0.0 ], [ 77.688961523364682, 13.202785575375669, 0.0 ], [ 77.68967791202364, 13.2026818446192, 0.0 ], [ 77.690135952240198, 13.20270474995319, 0.0 ], [ 77.68968947358934, 13.20193388178402, 0.0 ], [ 77.69037033747334, 13.200667940973119, 0.0 ], [ 77.692131694684704, 13.19949379379347, 0.0 ], [ 77.692648273438238, 13.198826256842599, 0.0 ], [ 77.693258594351164, 13.197353198212999, 0.0 ], [ 77.69375165971087, 13.19661662171988, 0.0 ], [ 77.694197696891209, 13.195695942333071, 0.0 ], [ 77.694585034396809, 13.19486733427982, 0.0 ], [ 77.695453690692617, 13.193348175962241, 0.0 ], [ 77.696240171398173, 13.19199013666119, 0.0 ], [ 77.697108915747677, 13.19086221409812, 0.0 ], [ 77.69755498322111, 13.19013714842286, 0.0 ], [ 77.698024639418804, 13.18978030376767, 0.0 ], [ 77.69847080294177, 13.189411957204539, 0.0 ], [ 77.699069712041009, 13.18931973822909, 0.0 ], [ 77.699833048888777, 13.189273501904919, 0.0 ], [ 77.701535833932112, 13.18903137999559, 0.0 ], [ 77.701723736916037, 13.18903708036337, 0.0 ], [ 77.702739587424276, 13.189071313512731, 0.0 ], [ 77.704994479829907, 13.189323816018669, 0.0 ], [ 77.70635681558548, 13.1894845096382, 0.0 ], [ 77.707437336818757, 13.18976035375991, 0.0 ], [ 77.708541495556759, 13.19049646914975, 0.0 ], [ 77.709363897132562, 13.19150883806841, 0.0 ], [ 77.710115954559413, 13.19286643887034, 0.0 ], [ 77.711150068283345, 13.19479930121908, 0.0 ], [ 77.712077033417003, 13.196175584241949, 0.0 ], [ 77.712375957271391, 13.196108205287731, 0.0 ], [ 77.713898518417636, 13.19576500661093, 0.0 ], [ 77.716928238250091, 13.19500452282379, 0.0 ], [ 77.719770000210715, 13.19415201311916, 0.0 ], [ 77.721719213222272, 13.19334582318942, 0.0 ], [ 77.723410212375015, 13.192976982437081, 0.0 ], [ 77.725171716126113, 13.192723175664881, 0.0 ], [ 77.725624319679866, 13.19271724633953, 0.0 ], [ 77.726398312692041, 13.191354626624429, 0.0 ], [ 77.728372097855868, 13.18536011532469, 0.0 ], [ 77.728548302486516, 13.18482495550383, 0.0 ], [ 77.726834647263232, 13.17626486239085, 0.0 ], [ 77.727881913677535, 13.17529413210405, 0.0 ], [ 77.729811212702316, 13.17402261811919, 0.0 ], [ 77.730382237444687, 13.173538292624, 0.0 ], [ 77.727369803489523, 13.16865305657279, 0.0 ], [ 77.728480899163756, 13.167533145498441, 0.0 ], [ 77.730780235535178, 13.165263020876591, 0.0 ], [ 77.730624752896048, 13.1625702648175, 0.0 ], [ 77.730150596165856, 13.16104959603809, 0.0 ], [ 77.732646141851433, 13.159397306373521, 0.0 ], [ 77.731054891722167, 13.15742650950785, 0.0 ], [ 77.729896506621245, 13.156004914542549, 0.0 ], [ 77.729014614765788, 13.151133976102599, 0.0 ], [ 77.728658749424952, 13.1491069349123, 0.0 ], [ 77.728200353106558, 13.14664937013514, 0.0 ], [ 77.728534186319152, 13.146444417388279, 0.0 ], [ 77.729722678937478, 13.14611113713916, 0.0 ], [ 77.730926580633209, 13.145717330313611, 0.0 ], [ 77.731559315994673, 13.145308619389869, 0.0 ], [ 77.731960494242017, 13.144884869930429, 0.0 ], [ 77.732114209509575, 13.14331871109197, 0.0 ], [ 77.731897768849976, 13.14252489344711, 0.0 ], [ 77.730977896829188, 13.13911384500501, 0.0 ], [ 77.730228306645017, 13.136829778280649, 0.0 ], [ 77.729787774597582, 13.135347385411039, 0.0 ], [ 77.729000086323538, 13.13422820247227, 0.0 ], [ 77.72949352366048, 13.132957240924229, 0.0 ], [ 77.729763422352406, 13.13238982661313, 0.0 ], [ 77.728288494491593, 13.13037834302048, 0.0 ], [ 77.726775040444025, 13.12846519807206, 0.0 ], [ 77.725786725766852, 13.12734608101707, 0.0 ], [ 77.724474420418218, 13.126605284156019, 0.0 ], [ 77.726002273775578, 13.12547569658302, 0.0 ], [ 77.728095363454315, 13.12583226531696, 0.0 ], [ 77.729006055059642, 13.125831915247661, 0.0 ], [ 77.730209567259337, 13.124722890136001, 0.0 ], [ 77.73233938451709, 13.12408666268484, 0.0 ], [ 77.733681997898529, 13.12346586583555, 0.0 ], [ 77.733249141904125, 13.12057101948991, 0.0 ], [ 77.73289259137573, 13.11818642871479, 0.0 ], [ 77.732312615696301, 13.11477222686527, 0.0 ], [ 77.73571593276705, 13.11480234438271, 0.0 ], [ 77.740447534779051, 13.114844140907961, 0.0 ], [ 77.742738437410495, 13.11455151295009, 0.0 ], [ 77.745084701637552, 13.11494380539194, 0.0 ], [ 77.748449857548962, 13.115728942436601, 0.0 ], [ 77.748874760945114, 13.11585918506664, 0.0 ], [ 77.750041594556478, 13.11630723691818, 0.0 ], [ 77.750461260737893, 13.116208017640631, 0.0 ], [ 77.751240767524564, 13.115783567665661, 0.0 ], [ 77.751992694131744, 13.115182840532141, 0.0 ], [ 77.752412528940098, 13.114749169901261, 0.0 ], [ 77.752587887046744, 13.11448712218017, 0.0 ], [ 77.752910804701401, 13.1142161071201, 0.0 ], [ 77.753330492124689, 13.11406716777276, 0.0 ], [ 77.753782450795384, 13.113931802324069, 0.0 ], [ 77.754109941805254, 13.11372858185022, 0.0 ], [ 77.754280658091275, 13.11352076438255, 0.0 ], [ 77.754492831044999, 13.113398839425299, 0.0 ], [ 77.754746478567384, 13.11332665056517, 0.0 ], [ 77.755004704664501, 13.1133177365056, 0.0 ], [ 77.755373524209759, 13.11345350056823, 0.0 ], [ 77.755825299913809, 13.113679695793261, 0.0 ], [ 77.756152647850158, 13.113761204965201, 0.0 ], [ 77.756581475107225, 13.113774967631921, 0.0 ], [ 77.757125637346817, 13.11367127800604, 0.0 ], [ 77.757513014120391, 13.11358107018598, 0.0 ], [ 77.758398391044011, 13.11349109678377, 0.0 ], [ 77.75914078987654, 13.113468847299041, 0.0 ], [ 77.759537345681451, 13.113469031859919, 0.0 ], [ 77.76032584424901, 13.113469397388251, 0.0 ], [ 77.760731616269311, 13.11347862388474, 0.0 ], [ 77.761114342776636, 13.113469761308631, 0.0 ], [ 77.761381825519479, 13.11338853221601, 0.0 ], [ 77.76155728696709, 13.11288694115213, 0.0 ], [ 77.761718925137856, 13.112362745549691, 0.0 ], [ 77.762032949742931, 13.111368585666749, 0.0 ], [ 77.762453116672148, 13.110184652350959, 0.0 ], [ 77.762744095961366, 13.10915884431185, 0.0 ], [ 77.763044225397437, 13.108282184692509, 0.0 ], [ 77.763380892732926, 13.10814674963127, 0.0 ], [ 77.763975782430592, 13.10799787159133, 0.0 ], [ 77.764533776081308, 13.1078625341273, 0.0 ], [ 77.765031812990983, 13.107758806162041, 0.0 ], [ 77.765041481381431, 13.10679162381691, 0.0 ], [ 77.764972819646289, 13.105702377974501, 0.0 ], [ 77.763871429927903, 13.10435505693629, 0.0 ], [ 77.763511984694574, 13.103911977683079, 0.0 ], [ 77.763466478340959, 13.10262388205304, 0.0 ], [ 77.763443909031068, 13.10158889127832, 0.0 ], [ 77.763398473328508, 13.10015164982055, 0.0 ], [ 77.763385133474841, 13.099103104612491, 0.0 ], [ 77.763431450334664, 13.098655688171871, 0.0 ], [ 77.764875286017286, 13.097259787737871, 0.0 ], [ 77.764832557754346, 13.09682130395351, 0.0 ], [ 77.764733027812511, 13.09579990391093, 0.0 ], [ 77.764710369709348, 13.094945696498, 0.0 ], [ 77.764641585067125, 13.09413214324751, 0.0 ], [ 77.76559679344804, 13.092424169744771, 0.0 ], [ 77.76629370940087, 13.09089686314981, 0.0 ], [ 77.766547591421002, 13.09025067558939, 0.0 ], [ 77.766630855035757, 13.089654129230601, 0.0 ], [ 77.766625344761806, 13.089569374018311, 0.0 ], [ 77.766585158750445, 13.088754715518849, 0.0 ], [ 77.766640745057074, 13.0881852734595, 0.0 ], [ 77.766770064708794, 13.08769721668083, 0.0 ], [ 77.766793445216763, 13.08697861515159, 0.0 ], [ 77.766816855364581, 13.0861922202406, 0.0 ], [ 77.766867057482401, 13.085715324522811, 0.0 ], [ 77.766886313610499, 13.085532393712629, 0.0 ], [ 77.766923440285154, 13.084999099934411, 0.0 ], [ 77.766900584333257, 13.08456521073852, 0.0 ], [ 77.766748548393778, 13.08431656781643, 0.0 ], [ 77.766389050641806, 13.084040716826379, 0.0 ], [ 77.765623912063234, 13.08357486476489, 0.0 ], [ 77.764554469874028, 13.08313147231685, 0.0 ], [ 77.763415885213192, 13.08266544743992, 0.0 ], [ 77.762185064798572, 13.082258130040071, 0.0 ], [ 77.76130455192299, 13.082054347050549, 0.0 ], [ 77.760419408237695, 13.081895755751781, 0.0 ], [ 77.759561907386043, 13.081782369070091, 0.0 ], [ 77.760189660120673, 13.08027764243684, 0.0 ], [ 77.760605312181042, 13.078799934495629, 0.0 ], [ 77.760748695168971, 13.07784185089489, 0.0 ], [ 77.760787118712116, 13.077707333181561, 0.0 ], [ 77.760956512727773, 13.07711429570624, 0.0 ], [ 77.761210411826724, 13.07643195639834, 0.0 ], [ 77.761256862456904, 13.07570432592739, 0.0 ], [ 77.760934525692377, 13.07488613574087, 0.0 ], [ 77.760561388794841, 13.074248703984651, 0.0 ], [ 77.760261944096683, 13.073769490741761, 0.0 ], [ 77.761258262138952, 13.07276660442033, 0.0 ], [ 77.7621207942355, 13.07192635692747, 0.0 ], [ 77.762725016192803, 13.071357163294479, 0.0 ], [ 77.763887488428793, 13.069915941459771, 0.0 ], [ 77.765280676745988, 13.068004780652229, 0.0 ], [ 77.766420014069311, 13.066681046296781, 0.0 ], [ 77.766748873243046, 13.066238169838719, 0.0 ], [ 77.766789058040615, 13.06618405283508, 0.0 ], [ 77.767393500584475, 13.06506798147355, 0.0 ], [ 77.767605786501079, 13.06458899760918, 0.0 ], [ 77.767767521243471, 13.06374842606521, 0.0 ], [ 77.767758679342705, 13.0629077803887, 0.0 ], [ 77.767505643826567, 13.06174613896685, 0.0 ], [ 77.7674140154203, 13.060471577030411, 0.0 ], [ 77.767437641107549, 13.05919706620641, 0.0 ], [ 77.767553396883116, 13.058080780123561, 0.0 ], [ 77.767927202102854, 13.05721318236996, 0.0 ], [ 77.769573822846965, 13.0553382611351, 0.0 ], [ 77.770574616029535, 13.05438505364995, 0.0 ], [ 77.771012874421231, 13.05368018172377, 0.0 ], [ 77.770994550691213, 13.053388024460579, 0.0 ], [ 77.770921311909134, 13.05222031826205, 0.0 ], [ 77.770991394447265, 13.05008258544796, 0.0 ], [ 77.771038010808766, 13.04889847356622, 0.0 ], [ 77.771324251142005, 13.04791784419227, 0.0 ], [ 77.773472313810259, 13.04825770161448, 0.0 ], [ 77.774307416783827, 13.04657223739704, 0.0 ], [ 77.774782639805167, 13.04560523877087, 0.0 ], [ 77.775673058880315, 13.043883635209641, 0.0 ], [ 77.776392981581765, 13.041972137853961, 0.0 ], [ 77.777278899717786, 13.039925115742779, 0.0 ], [ 77.777745209828026, 13.038149101538959, 0.0 ], [ 77.777921940693446, 13.037444736790951, 0.0 ], [ 77.778322357569706, 13.035848856442, 0.0 ], [ 77.779788366951593, 13.03551045639993, 0.0 ], [ 77.780639341326165, 13.035175330387871, 0.0 ], [ 77.780659728125329, 13.0351673010446, 0.0 ], [ 77.780765914311132, 13.034756059355299, 0.0 ], [ 77.780941255624683, 13.03431320580775, 0.0 ], [ 77.781056694224205, 13.033811576219041, 0.0 ], [ 77.781070654177711, 13.033481649913, 0.0 ], [ 77.780849492492067, 13.03322846975141, 0.0 ], [ 77.780559173163851, 13.03301141812989, 0.0 ], [ 77.780430180107373, 13.03282154648832, 0.0 ], [ 77.780444120968482, 13.03253681687891, 0.0 ], [ 77.780743967879744, 13.031976502430149, 0.0 ], [ 77.78113135039321, 13.031529210901979, 0.0 ], [ 77.781385011567792, 13.0311903366932, 0.0 ], [ 77.781375934824723, 13.031185694359531, 0.0 ], [ 77.780666066823699, 13.03081493770962, 0.0 ], [ 77.779375702682799, 13.03002803254855, 0.0 ], [ 77.778412600729169, 13.029300004449469, 0.0 ], [ 77.778145354609492, 13.029037764868139, 0.0 ], [ 77.77763865034467, 13.02819240125519, 0.0 ], [ 77.777357773479267, 13.027451077270189, 0.0 ], [ 77.777113707994843, 13.02687247372795, 0.0 ], [ 77.776952585631022, 13.02636169594008, 0.0 ], [ 77.776626125802295, 13.024391023995021, 0.0 ], [ 77.776456135220656, 13.02303959788839, 0.0 ], [ 77.776313779830048, 13.02174241858466, 0.0 ], [ 77.776277141928816, 13.021168414122499, 0.0 ], [ 77.775452041824295, 13.02121328096394, 0.0 ], [ 77.775083627218237, 13.020408644239129, 0.0 ], [ 77.774802672916977, 13.01989329795345, 0.0 ], [ 77.774489340681257, 13.019644593013719, 0.0 ], [ 77.774000810667374, 13.0194952481871, 0.0 ], [ 77.773770714516843, 13.018618352852711, 0.0 ], [ 77.773374636654012, 13.01785437979925, 0.0 ], [ 77.772978486816797, 13.017262150276069, 0.0 ], [ 77.772305880425975, 13.01643930661602, 0.0 ], [ 77.771656370898768, 13.015508000306591, 0.0 ], [ 77.771449180183751, 13.01498364045629, 0.0 ], [ 77.77131347457248, 13.01419228627962, 0.0 ], [ 77.771311257226728, 13.01416553634388, 0.0 ], [ 77.771403541816824, 13.01393507548492, 0.0 ], [ 77.77251892255299, 13.01407564604731, 0.0 ], [ 77.773002923289525, 13.01400805122285, 0.0 ], [ 77.773044507532731, 13.013773049726071, 0.0 ], [ 77.773173648809561, 13.01357875914125, 0.0 ], [ 77.773427215456891, 13.01344327464831, 0.0 ], [ 77.773786727259008, 13.01346602011769, 0.0 ], [ 77.774077119442509, 13.01344354029893, 0.0 ], [ 77.774275333331175, 13.01340746380466, 0.0 ], [ 77.774367587764587, 13.01324027640821, 0.0 ], [ 77.774215619237907, 13.01291932305188, 0.0 ], [ 77.774045167970442, 13.01270231423948, 0.0 ], [ 77.77382407469851, 13.012349694912061, 0.0 ], [ 77.773755061228769, 13.01205589311337, 0.0 ], [ 77.773741340616525, 13.011802789927639, 0.0 ], [ 77.773626240367037, 13.01149541081584, 0.0 ], [ 77.773626332297056, 13.011278470320949, 0.0 ], [ 77.773741620238297, 13.01114292829271, 0.0 ], [ 77.773833890325704, 13.010939584393631, 0.0 ], [ 77.773833972422949, 13.01074524237095, 0.0 ], [ 77.773658895845998, 13.01057342543567, 0.0 ], [ 77.773276425662274, 13.01035632861791, 0.0 ], [ 77.773092173124212, 13.010085076547391, 0.0 ], [ 77.77313835334725, 13.00987719491388, 0.0 ], [ 77.773267487518126, 13.00969646384992, 0.0 ], [ 77.77325372353981, 13.009547310777389, 0.0 ], [ 77.77304642895372, 13.00927153088103, 0.0 ], [ 77.773023492635545, 13.00901390465104, 0.0 ], [ 77.773138913149182, 13.008566511857669, 0.0 ], [ 77.773323495942634, 13.0080558731454, 0.0 ], [ 77.773323684314221, 13.00761295170151, 0.0 ], [ 77.773231693441303, 13.007165473315849, 0.0 ], [ 77.773185809601614, 13.006677338649959, 0.0 ], [ 77.77319980044139, 13.00629317863284, 0.0 ], [ 77.773384228561682, 13.00614410665888, 0.0 ], [ 77.773674618913802, 13.00610806854878, 0.0 ], [ 77.773974166561288, 13.00621214149904, 0.0 ], [ 77.774241447981296, 13.00632523929945, 0.0 ], [ 77.774407375669284, 13.006325307496731, 0.0 ], [ 77.774577957289466, 13.006221425434701, 0.0 ], [ 77.77472090003846, 13.00607685584192, 0.0 ], [ 77.774942156453449, 13.00603174958731, 0.0 ], [ 77.775287858888774, 13.005986692697491, 0.0 ], [ 77.775555202186865, 13.005950643511021, 0.0 ], [ 77.775753456468905, 13.0058015753827, 0.0 ], [ 77.775776582061226, 13.00560724191342, 0.0 ], [ 77.775670672803656, 13.00536766137485, 0.0 ], [ 77.775541721200781, 13.00511903116727, 0.0 ], [ 77.775518837505686, 13.004730336302011, 0.0 ], [ 77.775496017146324, 13.00419249468181, 0.0 ], [ 77.775417828546367, 13.00379473887137, 0.0 ], [ 77.775265871124006, 13.003455707559301, 0.0 ], [ 77.775104659318984, 13.00320254528272, 0.0 ], [ 77.774523989469017, 13.00303056554759, 0.0 ], [ 77.774104565682634, 13.003030396443661, 0.0 ], [ 77.773758870909148, 13.003066412085801, 0.0 ], [ 77.773385518336212, 13.00311145646107, 0.0 ], [ 77.773118183312647, 13.003133944349781, 0.0 ], [ 77.77282784735597, 13.00305247154061, 0.0 ], [ 77.772620488177111, 13.002939396463541, 0.0 ], [ 77.772505345598958, 13.002745006246339, 0.0 ], [ 77.772436290989958, 13.00255515502108, 0.0 ], [ 77.772482503436393, 13.002270439108671, 0.0 ], [ 77.772699240555767, 13.002008391943351, 0.0 ], [ 77.772897467729436, 13.001918081388469, 0.0 ], [ 77.773432141046939, 13.001859545676041, 0.0 ], [ 77.773948481343737, 13.00155694288001, 0.0 ], [ 77.774548639656942, 13.00124421633264, 0.0 ], [ 77.774773694877808, 13.001191559285081, 0.0 ], [ 77.774847654625333, 13.000676354710549, 0.0 ], [ 77.775023154887649, 12.999822221030371, 0.0 ], [ 77.775129779766658, 12.998344353953531, 0.0 ], [ 77.774913667264642, 12.997128495166841, 0.0 ], [ 77.774655921449678, 12.996283225302459, 0.0 ], [ 77.774656060701361, 12.995953294650141, 0.0 ], [ 77.774665341957174, 12.99579963216752, 0.0 ], [ 77.77484973126036, 12.99572287327096, 0.0 ], [ 77.775080178004487, 12.99572296574463, 0.0 ], [ 77.775421273475516, 12.99563723063598, 0.0 ], [ 77.775688708294197, 12.995352602817739, 0.0 ], [ 77.775841135475844, 12.994552693326019, 0.0 ], [ 77.776113468333264, 12.99356752936845, 0.0 ], [ 77.776288932782748, 12.992776668727471, 0.0 ], [ 77.776063420236952, 12.99199920726323, 0.0 ], [ 77.775865633179308, 12.99105001117062, 0.0 ], [ 77.775690816776432, 12.99028160963506, 0.0 ], [ 77.775778697741899, 12.98952687071006, 0.0 ], [ 77.775801785762226, 12.98942292900014, 0.0 ], [ 77.776059902190582, 12.989364276627819, 0.0 ], [ 77.776235075593718, 12.989269434735959, 0.0 ], [ 77.776359713390448, 12.988785887051311, 0.0 ], [ 77.776327743213059, 12.988080816724469, 0.0 ], [ 77.776143642975725, 12.98747511615305, 0.0 ], [ 77.776017861306528, 12.98689977095237, 0.0 ], [ 77.776010240837877, 12.98686491555728, 0.0 ], [ 77.776111938615671, 12.98612826164085, 0.0 ], [ 77.776568441788257, 12.985549933328411, 0.0 ], [ 77.776702287035974, 12.98508446637975, 0.0 ], [ 77.776610436015233, 12.984298018961759, 0.0 ], [ 77.776384926094138, 12.983529597104409, 0.0 ], [ 77.77639447082322, 12.982738670068031, 0.0 ], [ 77.776510036914843, 12.98188902931779, 0.0 ], [ 77.777017275995618, 12.981193211123889, 0.0 ], [ 77.777317311370723, 12.98003630924859, 0.0 ], [ 77.777483633460861, 12.979028501668919, 0.0 ], [ 77.77750228857019, 12.97848615701561, 0.0 ], [ 77.777585320938385, 12.978296365545029, 0.0 ], [ 77.777742020954818, 12.97827834892472, 0.0 ], [ 77.778175200207485, 12.978350831185869, 0.0 ], [ 77.778511715639411, 12.97813402175059, 0.0 ], [ 77.778788435325609, 12.977627932354681, 0.0 ], [ 77.778687297075876, 12.977004187368451, 0.0 ], [ 77.778590705926874, 12.976538629973581, 0.0 ], [ 77.778355768526581, 12.97628996038474, 0.0 ], [ 77.778139202217901, 12.976204003757241, 0.0 ], [ 77.777871904911137, 12.976203899862311, 0.0 ], [ 77.77723124172455, 12.976384432891161, 0.0 ], [ 77.777033098833769, 12.976321080116129, 0.0 ], [ 77.776742967395265, 12.97581476939286, 0.0 ], [ 77.776609500158841, 12.975376314609701, 0.0 ], [ 77.776540514830586, 12.97502827668119, 0.0 ], [ 77.776540599515201, 12.974824894268391, 0.0 ], [ 77.776702068833288, 12.97440915508747, 0.0 ], [ 77.77723685427965, 12.9739302870431, 0.0 ], [ 77.777684065888479, 12.973473981598669, 0.0 ], [ 77.778126609041877, 12.973162302376281, 0.0 ], [ 77.778527625545237, 12.97297263402233, 0.0 ], [ 77.778993152968937, 12.972801070135199, 0.0 ], [ 77.779223734313234, 12.97241247214197, 0.0 ], [ 77.779260791839476, 12.97193792705842, 0.0 ], [ 77.779159793057218, 12.97097069191061, 0.0 ], [ 77.779183131332445, 12.970234004614481, 0.0 ], [ 77.779100360633151, 12.969782011188791, 0.0 ], [ 77.778842444030488, 12.96939322536158, 0.0 ], [ 77.778317230252412, 12.9690269324045, 0.0 ], [ 77.777791961439803, 12.96880074776592, 0.0 ], [ 77.777575412950512, 12.968683152032609, 0.0 ], [ 77.777216186235492, 12.968122579345341, 0.0 ], [ 77.77676015497957, 12.96762976271379, 0.0 ], [ 77.776018394609892, 12.96716394853784, 0.0 ], [ 77.774912650106771, 12.96651720219576, 0.0 ], [ 77.774129421658515, 12.966051366711261, 0.0 ], [ 77.773737889832717, 12.965626364448591, 0.0 ], [ 77.773199001837, 12.96493916321284, 0.0 ], [ 77.773178915543255, 12.964925607980661, 0.0 ], [ 77.77194589321654, 12.96409347997632, 0.0 ], [ 77.771328636709072, 12.963492116478321, 0.0 ], [ 77.770688458193149, 12.96261956478018, 0.0 ], [ 77.769983801522656, 12.96167015032297, 0.0 ], [ 77.769085651558498, 12.96061218091525, 0.0 ], [ 77.768376204016818, 12.96010116296342, 0.0 ], [ 77.767652825559125, 12.95983419619405, 0.0 ], [ 77.767136879334785, 12.959436247477511, 0.0 ], [ 77.768566580677131, 12.956856161670309, 0.0 ], [ 77.769843884761045, 12.954958465275199, 0.0 ], [ 77.771001217989735, 12.95338160388618, 0.0 ], [ 77.771582293318943, 12.95233781457096, 0.0 ], [ 77.772582785866874, 12.951095332477299, 0.0 ], [ 77.77051459997729, 12.94914200143487, 0.0 ], [ 77.768985311227894, 12.947808069725459, 0.0 ], [ 77.766364247050547, 12.94579119479943, 0.0 ], [ 77.76570563566213, 12.94505873081528, 0.0 ], [ 77.765664318034283, 12.944719741663461, 0.0 ], [ 77.765655345703166, 12.94418190290229, 0.0 ], [ 77.765508254452143, 12.943381865831659, 0.0 ], [ 77.765107779011771, 12.942468726956379, 0.0 ], [ 77.765416666429545, 12.94212537231658, 0.0 ], [ 77.766545701670921, 12.94192248067705, 0.0 ], [ 77.768536536184797, 12.94145329543883, 0.0 ], [ 77.7696056845014, 12.94120064979886, 0.0 ], [ 77.771085076025727, 12.94062275865177, 0.0 ], [ 77.772877805236249, 12.9400269081635, 0.0 ], [ 77.773651990262579, 12.93988711495529, 0.0 ], [ 77.774343357924053, 12.93944899236608, 0.0 ], [ 77.774776684181333, 12.939006244046871, 0.0 ], [ 77.775205252427895, 12.938920542114079, 0.0 ], [ 77.775444947027225, 12.93871725524874, 0.0 ], [ 77.775726501712356, 12.93756938395537, 0.0 ], [ 77.77599875779508, 12.936615852819081, 0.0 ], [ 77.776473782586251, 12.935599125194701, 0.0 ], [ 77.776851843259507, 12.93506143907484, 0.0 ], [ 77.777252871813474, 12.93469550768828, 0.0 ], [ 77.777428207805073, 12.93410802477956, 0.0 ], [ 77.777271829122625, 12.933402902585129, 0.0 ], [ 77.77666425878347, 12.931802716299931, 0.0 ], [ 77.776627485697091, 12.9315857606267, 0.0 ], [ 77.777046857406575, 12.931423220030521, 0.0 ], [ 77.777779624924321, 12.93108453366129, 0.0 ], [ 77.777927135123335, 12.93093092443339, 0.0 ], [ 77.778083976615051, 12.930488062192961, 0.0 ], [ 77.778291485087379, 12.930085896029381, 0.0 ], [ 77.778397463011416, 12.93008593726868, 0.0 ], [ 77.778618769442915, 12.929747051092839, 0.0 ], [ 77.778817253284558, 12.928870320840799, 0.0 ], [ 77.779121368097762, 12.92885235970674, 0.0 ], [ 77.780462208662428, 12.92884383310771, 0.0 ], [ 77.781720134699398, 12.928776513516731, 0.0 ], [ 77.78213952831679, 12.928532610256539, 0.0 ], [ 77.782190280320592, 12.928360883528381, 0.0 ], [ 77.782079816452097, 12.92804898773475, 0.0 ], [ 77.783936857046641, 12.927665506429999, 0.0 ], [ 77.786282443884446, 12.926902539383221, 0.0 ], [ 77.788429795507156, 12.92639258035797, 0.0 ], [ 77.789770750301884, 12.926026954591309, 0.0 ], [ 77.790535662544343, 12.925905186179151, 0.0 ], [ 77.79214377597269, 12.92576562212424, 0.0 ], [ 77.793272646574238, 12.92576599765321, 0.0 ], [ 77.794581248811099, 12.92566247517426, 0.0 ], [ 77.796424363024187, 12.92547776469255, 0.0 ], [ 77.797603972956153, 12.92530187193679, 0.0 ], [ 77.798087803608141, 12.925211630978639, 0.0 ], [ 77.797973116884748, 12.923661362099089, 0.0 ], [ 77.797743965736174, 12.91988739974563, 0.0 ], [ 77.797514125134299, 12.918246702231061, 0.0 ], [ 77.799043782320254, 12.91834660985487, 0.0 ], [ 77.801181607059846, 12.91851900601362, 0.0 ], [ 77.802374837474005, 12.91888545178135, 0.0 ], [ 77.803065828588686, 12.91932857835587, 0.0 ], [ 77.803715092054759, 12.920639460997741, 0.0 ], [ 77.80484323537452, 12.923008073207191, 0.0 ], [ 77.805796468666983, 12.924834274751939, 0.0 ], [ 77.805953065607994, 12.925046741217519, 0.0 ], [ 77.806307606979217, 12.92588749159963, 0.0 ], [ 77.80703977533652, 12.927428889249549, 0.0 ], [ 77.808085141995718, 12.929444931601211, 0.0 ], [ 77.808545586799198, 12.93059304347446, 0.0 ], [ 77.809015344718645, 12.931411223143799, 0.0 ], [ 77.809425206911797, 12.93222034663369, 0.0 ], [ 77.809641651269274, 12.93265428945644, 0.0 ], [ 77.810282067657909, 12.932875921832251, 0.0 ], [ 77.810526063960197, 12.932948930328379, 0.0 ], [ 77.810765844554211, 12.93302067812605, 0.0 ], [ 77.81096394808155, 12.93312920172651, 0.0 ], [ 77.811881194032139, 12.93201761314493, 0.0 ], [ 77.812383686773842, 12.931091218320081, 0.0 ], [ 77.812959811042859, 12.93049477536106, 0.0 ], [ 77.813360746348096, 12.93025533775463, 0.0 ], [ 77.813305519887123, 12.930002223453201, 0.0 ], [ 77.81310755158421, 12.929387503956651, 0.0 ], [ 77.813296554859889, 12.92905762014502, 0.0 ], [ 77.814425624454188, 12.92834380300423, 0.0 ], [ 77.815808097754584, 12.92767975939976, 0.0 ], [ 77.816218290075327, 12.92724597489109, 0.0 ], [ 77.816342801143904, 12.92683019803227, 0.0 ], [ 77.816333692956064, 12.92640535080027, 0.0 ], [ 77.818195169615919, 12.92645551153684, 0.0 ], [ 77.819784710918256, 12.92686264750326, 0.0 ], [ 77.821231285370246, 12.9278437345824, 0.0 ], [ 77.822194121467291, 12.928576127278051, 0.0 ], [ 77.822940394698662, 12.929340107536181, 0.0 ], [ 77.824470301812028, 12.928648932317721, 0.0 ], [ 77.825811296122694, 12.92791703136372, 0.0 ], [ 77.827424065769762, 12.927510592997759, 0.0 ], [ 77.828930880814468, 12.926973053562349, 0.0 ], [ 77.830631155370455, 12.92672027795507, 0.0 ], [ 77.832280715872244, 12.926607592288869, 0.0 ], [ 77.831921875092803, 12.923674286418111, 0.0 ], [ 77.831355545600573, 12.921572554007801, 0.0 ], [ 77.830517252181252, 12.92012611486714, 0.0 ], [ 77.829932190584373, 12.919646924012939, 0.0 ], [ 77.828798772514133, 12.919488518320099, 0.0 ], [ 77.827877188787113, 12.91987702569357, 0.0 ], [ 77.827292000507327, 12.920030577077659, 0.0 ], [ 77.826955603525889, 12.92026101081143, 0.0 ], [ 77.826955490094591, 12.9207988466495, 0.0 ], [ 77.826936983518635, 12.92116493343319, 0.0 ], [ 77.826683547329921, 12.92126431357422, 0.0 ], [ 77.825932577649482, 12.92097490342538, 0.0 ], [ 77.82525990221508, 12.92085725478135, 0.0 ], [ 77.824527302603187, 12.92085710133945, 0.0 ], [ 77.823794655705683, 12.92106936761709, 0.0 ], [ 77.823356848158028, 12.92147604126381, 0.0 ], [ 77.822684089177457, 12.9217244751097, 0.0 ], [ 77.821698070838806, 12.92172425881496, 0.0 ], [ 77.820587653733938, 12.92170593110281, 0.0 ], [ 77.819251466419189, 12.92168302799376, 0.0 ], [ 77.818118011264971, 12.921664685377451, 0.0 ], [ 77.81675423794222, 12.92141126138414, 0.0 ], [ 77.816712984199157, 12.92055252145626, 0.0 ], [ 77.816754541598996, 12.920195480040221, 0.0 ], [ 77.816796067343077, 12.919964988973231, 0.0 ], [ 77.816957389481374, 12.91972548718811, 0.0 ], [ 77.817491998934315, 12.919174220019951, 0.0 ], [ 77.817814648200894, 12.91867261745783, 0.0 ], [ 77.817764047796558, 12.91833815257835, 0.0 ], [ 77.817386395793321, 12.91768271634311, 0.0 ], [ 77.816465261181733, 12.916236212715271, 0.0 ], [ 77.816258167633592, 12.915273480530381, 0.0 ], [ 77.816212250682625, 12.914654279485701, 0.0 ], [ 77.816451951786107, 12.91419333560615, 0.0 ], [ 77.816728464877258, 12.913922224074771, 0.0 ], [ 77.817322897864528, 12.913615031510981, 0.0 ], [ 77.818078568055668, 12.913393747842671, 0.0 ], [ 77.818414940847092, 12.913258238161241, 0.0 ], [ 77.819608362615341, 12.91282463015026, 0.0 ], [ 77.820456241535894, 12.91232314398723, 0.0 ], [ 77.820778886514631, 12.91177634133259, 0.0 ], [ 77.821050952128545, 12.91078660198759, 0.0 ], [ 77.820954500295343, 12.909489444906921, 0.0 ], [ 77.820945551097282, 12.908350495133391, 0.0 ], [ 77.821282005050179, 12.90783081170682, 0.0 ], [ 77.821733632191467, 12.90734731136369, 0.0 ], [ 77.821858143548653, 12.90685017833243, 0.0 ], [ 77.821890476186141, 12.90649313448251, 0.0 ], [ 77.821402290350946, 12.90568853038004, 0.0 ], [ 77.821162812119141, 12.905263631390691, 0.0 ], [ 77.821098412812333, 12.90482069324333, 0.0 ], [ 77.821255245566547, 12.904020751567669, 0.0 ], [ 77.821370522843793, 12.90360497108491, 0.0 ], [ 77.82139373789056, 12.902827598296691, 0.0 ], [ 77.82119576958921, 12.90221740354624, 0.0 ], [ 77.821149783110783, 12.9018467831312, 0.0 ], [ 77.821241976445833, 12.901634380034411, 0.0 ], [ 77.821587533557832, 12.90155762236259, 0.0 ], [ 77.822490564379237, 12.90146290869524, 0.0 ], [ 77.822951365700774, 12.90109691940968, 0.0 ], [ 77.823831681463943, 12.899542352147639, 0.0 ], [ 77.82438475308696, 12.89857074754987, 0.0 ], [ 77.825048376342593, 12.897671478026339, 0.0 ], [ 77.825195919778494, 12.89713819124241, 0.0 ], [ 77.825062412333992, 12.896677160434519, 0.0 ], [ 77.824661800915479, 12.895732471368699, 0.0 ], [ 77.824777075491241, 12.89528957126471, 0.0 ], [ 77.825164208069964, 12.89464334272559, 0.0 ], [ 77.82562499057866, 12.894290907024651, 0.0 ], [ 77.826500486483482, 12.893558904376469, 0.0 ], [ 77.82741279004965, 12.89303028950887, 0.0 ], [ 77.827809074087909, 12.89264619822438, 0.0 ], [ 77.82817780732853, 12.891805617551951, 0.0 ], [ 77.828574209665135, 12.890824932343589, 0.0 ], [ 77.829085738792344, 12.890065732710511, 0.0 ], [ 77.829440514980533, 12.889866935885269, 0.0 ], [ 77.829444804550235, 12.889862142991261, 0.0 ], [ 77.829836802560848, 12.889424086978959, 0.0 ], [ 77.829952057067587, 12.889017341175441, 0.0 ], [ 77.830016725787644, 12.888149581426781, 0.0 ], [ 77.830238017419461, 12.887340607162731, 0.0 ], [ 77.830486929455603, 12.88663107038356, 0.0 ], [ 77.831422573882904, 12.88433074465466, 0.0 ], [ 77.831818923991719, 12.88349468280531, 0.0 ], [ 77.832040188198789, 12.882780619517691, 0.0 ], [ 77.832104800904617, 12.88215691999174, 0.0 ], [ 77.831248280858404, 12.88032630587157, 0.0 ], [ 77.830253448516018, 12.87911485587297, 0.0 ], [ 77.829668537253795, 12.87835996365364, 0.0 ], [ 77.82953967361648, 12.877727188557239, 0.0 ], [ 77.829627252652699, 12.877474105208041, 0.0 ], [ 77.830797390435535, 12.87735229532302, 0.0 ], [ 77.831488478096546, 12.876954694260711, 0.0 ], [ 77.831677405501424, 12.876688069436691, 0.0 ], [ 77.831765282482039, 12.87484858844444, 0.0 ], [ 77.83229061390108, 12.87395379450046, 0.0 ], [ 77.833023229373453, 12.87313134979232, 0.0 ], [ 77.834552895269084, 12.871721485743221, 0.0 ], [ 77.835935036019933, 12.870872025890399, 0.0 ], [ 77.836027207523685, 12.870646058987729, 0.0 ], [ 77.836013454966704, 12.870329976051149, 0.0 ], [ 77.836013442045441, 12.870329681659189, 0.0 ], [ 77.835580482634043, 12.8699725556876, 0.0 ], [ 77.833894643057747, 12.868977944747391, 0.0 ], [ 77.832867505666925, 12.868254619038501, 0.0 ], [ 77.832416118527092, 12.867947201718261, 0.0 ], [ 77.832158230522751, 12.86752230838187, 0.0 ], [ 77.8321030435376, 12.86702965620497, 0.0 ], [ 77.832006489169189, 12.866057913697871, 0.0 ], [ 77.831992770382953, 12.86552459242133, 0.0 ], [ 77.831771749772145, 12.86503643023474, 0.0 ], [ 77.831758083937316, 12.864222890617031, 0.0 ], [ 77.832053047055766, 12.86344556400195, 0.0 ], [ 77.83238479636691, 12.863007217066521, 0.0 ], [ 77.832453944581346, 12.86273605153653, 0.0 ], [ 77.832513912528398, 12.862284096034349, 0.0 ], [ 77.832463480164066, 12.86204546201432, 0.0 ], [ 77.832463286949988, 12.86204454575214, 0.0 ], [ 77.8313854054947, 12.86187260372, 0.0 ], [ 77.83012328632735, 12.86161022747331, 0.0 ], [ 77.829450761393446, 12.86151518707045, 0.0 ], [ 77.82909607825296, 12.86144280520395, 0.0 ], [ 77.828557156569232, 12.86127999344084, 0.0 ], [ 77.827995234623188, 12.86095446766474, 0.0 ], [ 77.827332016686455, 12.860421017446541, 0.0 ], [ 77.826687206794645, 12.8599870011954, 0.0 ], [ 77.826378595815399, 12.859892025934149, 0.0 ], [ 77.825788963671172, 12.85993710278232, 0.0 ], [ 77.825696917114314, 12.85954839422098, 0.0 ], [ 77.825070531181552, 12.859146014732341, 0.0 ], [ 77.824154135344017, 12.85786224112128, 0.0 ], [ 77.823440456505395, 12.856460996408179, 0.0 ], [ 77.823076692634046, 12.855841725491789, 0.0 ], [ 77.823074989860558, 12.85584176846965, 0.0 ], [ 77.821478278027655, 12.85588205401071, 0.0 ], [ 77.82066293576203, 12.85595418621832, 0.0 ], [ 77.817696422550512, 12.85603485633551, 0.0 ], [ 77.816397407292229, 12.85612041989638, 0.0 ], [ 77.816098005573053, 12.856075151262459, 0.0 ], [ 77.815545314272569, 12.8557902785076, 0.0 ], [ 77.81476238718129, 12.85519801176754, 0.0 ], [ 77.812786723144043, 12.853466488512529, 0.0 ], [ 77.811202529603577, 12.85206950677752, 0.0 ], [ 77.810534848363673, 12.85122867628133, 0.0 ], [ 77.809839772847127, 12.8495200634599, 0.0 ], [ 77.809402605003683, 12.84872033802794, 0.0 ], [ 77.809402402391399, 12.84871996744074, 0.0 ], [ 77.807919494913904, 12.847671005888239, 0.0 ], [ 77.807917001217902, 12.847672123705239, 0.0 ], [ 77.806560481385318, 12.84828529456381, 0.0 ], [ 77.803478412308479, 12.849992858516449, 0.0 ], [ 77.803476675944225, 12.849993509923451, 0.0 ], [ 77.802262223073683, 12.85044898854184, 0.0 ], [ 77.801322451911631, 12.850756046235309, 0.0 ], [ 77.799106590760985, 12.85153727614639, 0.0 ], [ 77.798710773720998, 12.850529270986851, 0.0 ], [ 77.797551176064587, 12.846895109209459, 0.0 ], [ 77.796745787206973, 12.844775137523341, 0.0 ], [ 77.795561875233275, 12.845167971677739, 0.0 ], [ 77.795561264419476, 12.84516838500636, 0.0 ], [ 77.794893831329091, 12.845619722175989, 0.0 ], [ 77.794893548094251, 12.845619261627951, 0.0 ], [ 77.794313772758741, 12.84467492710613, 0.0 ], [ 77.793913266493519, 12.84399684845898, 0.0 ], [ 77.793577207769388, 12.84344082050446, 0.0 ], [ 77.793199652226477, 12.84301132901285, 0.0 ], [ 77.793197309855614, 12.843012499572181, 0.0 ], [ 77.792729747369847, 12.843246195744319, 0.0 ], [ 77.792729661609087, 12.84324602063743, 0.0 ], [ 77.792462778217669, 12.842703748524331, 0.0 ], [ 77.792462978268645, 12.84212523307211, 0.0 ], [ 77.793550937182886, 12.83942735631539, 0.0 ], [ 77.794177790442021, 12.83815301695444, 0.0 ], [ 77.79467105313455, 12.83691027109338, 0.0 ], [ 77.795284051940143, 12.83571275907811, 0.0 ], [ 77.795896824682131, 12.83453373739019, 0.0 ], [ 77.795897039746023, 12.83453332343028, 0.0 ], [ 77.796947296743951, 12.834235359156949, 0.0 ], [ 77.798144975932018, 12.833833483309389, 0.0 ], [ 77.799080108893406, 12.8334450813167, 0.0 ], [ 77.799922965372971, 12.83354477059158, 0.0 ], [ 77.800696782068897, 12.833490768003021, 0.0 ], [ 77.8022490898461, 12.83315225480035, 0.0 ], [ 77.80325326304397, 12.83289492803549, 0.0 ], [ 77.804538407997299, 12.83259700026959, 0.0 ], [ 77.806210476921578, 12.832199742722301, 0.0 ], [ 77.806687315278381, 12.832127892959431, 0.0 ], [ 77.806689513973723, 12.832127561787109, 0.0 ], [ 77.808886671333894, 12.83165359766647, 0.0 ], [ 77.809879120606979, 12.831532133582281, 0.0 ], [ 77.809881582607701, 12.83153183262686, 0.0 ], [ 77.809812752015674, 12.83059624449881, 0.0 ], [ 77.809546143552495, 12.82867079691608, 0.0 ], [ 77.8090124797762, 12.82646053927121, 0.0 ], [ 77.808497086510215, 12.82482880215291, 0.0 ], [ 77.807963320552503, 12.823043389420249, 0.0 ], [ 77.808857871971568, 12.81934202571712, 0.0 ], [ 77.809521442875948, 12.81696595308299, 0.0 ], [ 77.809521747964538, 12.816964858982701, 0.0 ], [ 77.809895200704673, 12.81553222324146, 0.0 ], [ 77.80802060508374, 12.815911372108999, 0.0 ], [ 77.805003734421334, 12.81653424800786, 0.0 ], [ 77.80216191147214, 12.817003472505199, 0.0 ], [ 77.801973513776488, 12.815588761910769, 0.0 ], [ 77.8017988096247, 12.81458082434791, 0.0 ], [ 77.80142607952456, 12.81353215060423, 0.0 ], [ 77.800202557404987, 12.8085375516909, 0.0 ], [ 77.800115122787915, 12.808316061157059, 0.0 ], [ 77.799733946814129, 12.805216288804459, 0.0 ], [ 77.799733843934462, 12.80521545187845, 0.0 ], [ 77.801203021994311, 12.80507126528715, 0.0 ], [ 77.802990010164748, 12.804805130628321, 0.0 ], [ 77.803392964873638, 12.804805247690121, 0.0 ], [ 77.803395287909481, 12.804805247939321, 0.0 ], [ 77.803303511554319, 12.803697901247411, 0.0 ], [ 77.803372782053614, 12.80275011415041, 0.0 ], [ 77.80337287868592, 12.802748791570799, 0.0 ], [ 77.804149298910147, 12.802834683278389, 0.0 ], [ 77.804151164004665, 12.802834889193081, 0.0 ], [ 77.804487722967892, 12.801601115268969, 0.0 ], [ 77.804999423107105, 12.79988830410163, 0.0 ], [ 77.805100755798549, 12.799599273097661, 0.0 ], [ 77.805100825353108, 12.79959907415172, 0.0 ], [ 77.805335725997807, 12.799499708651849, 0.0 ], [ 77.806173911810006, 12.799445706526321, 0.0 ], [ 77.807277023145275, 12.799387372265739, 0.0 ], [ 77.807279207747783, 12.79938725721154, 0.0 ], [ 77.807288604331816, 12.79873642644398, 0.0 ], [ 77.80732103707642, 12.798049446010269, 0.0 ], [ 77.80764816225529, 12.79752525306383, 0.0 ], [ 77.808071979095303, 12.79706436175147, 0.0 ], [ 77.808537208208421, 12.796725512099851, 0.0 ], [ 77.808380712605469, 12.79642717167085, 0.0 ], [ 77.807855734848317, 12.79634115476521, 0.0 ], [ 77.807814384125436, 12.7960021681476, 0.0 ], [ 77.807644201272339, 12.79525185579643, 0.0 ], [ 77.807644291694729, 12.794935479470571, 0.0 ], [ 77.807377219776313, 12.794822413227321, 0.0 ], [ 77.807041043684833, 12.79479972270242, 0.0 ], [ 77.806866185481624, 12.79430702991074, 0.0 ], [ 77.806797159752577, 12.794121704687811, 0.0 ], [ 77.806654415188689, 12.794058389800041, 0.0 ], [ 77.806652562849763, 12.794059072830629, 0.0 ], [ 77.80660811319234, 12.794075463847649, 0.0 ], [ 77.806394420544351, 12.794154266126201, 0.0 ], [ 77.806158282465745, 12.79424134525199, 0.0 ], [ 77.806115545886996, 12.79425710527507, 0.0 ], [ 77.805992105451836, 12.794252834895619, 0.0 ], [ 77.805533268958115, 12.794236961358701, 0.0 ], [ 77.805457004043731, 12.794234323027259, 0.0 ], [ 77.80532177262431, 12.7942044692437, 0.0 ], [ 77.805130617874966, 12.79416227034808, 0.0 ], [ 77.804821522355141, 12.794094033490479, 0.0 ], [ 77.804540628848372, 12.79400808016298, 0.0 ], [ 77.804029380909228, 12.794233916943821, 0.0 ], [ 77.804029235701492, 12.79423411834855, 0.0 ], [ 77.803448880303563, 12.79503825207772, 0.0 ], [ 77.803302372626447, 12.79533267347362, 0.0 ], [ 77.803167789453042, 12.79560312914656, 0.0 ], [ 77.802854507965336, 12.79601432929373, 0.0 ], [ 77.80285237624885, 12.79601535552807, 0.0 ], [ 77.802601180058446, 12.79613628614455, 0.0 ], [ 77.802209695790509, 12.7962582026679, 0.0 ], [ 77.801716936685992, 12.79623997849141, 0.0 ], [ 77.801348557081937, 12.79610427865269, 0.0 ], [ 77.800929693726971, 12.795408125151679, 0.0 ], [ 77.800731850218838, 12.79482050822681, 0.0 ], [ 77.800372762638645, 12.7944317082097, 0.0 ], [ 77.80018394742342, 12.79443165205562, 0.0 ], [ 77.800183533884706, 12.794432721770139, 0.0 ], [ 77.800018023610093, 12.79486097012524, 0.0 ], [ 77.799847435821675, 12.795480114142411, 0.0 ], [ 77.799478950912089, 12.79568338737122, 0.0 ], [ 77.799478723283855, 12.7956833784518, 0.0 ], [ 77.799234874643773, 12.79567427353753, 0.0 ], [ 77.798562684223768, 12.795118147870941, 0.0 ], [ 77.798292869256201, 12.79483355438736, 0.0 ], [ 77.797071094166071, 12.793544839039599, 0.0 ], [ 77.795966230714612, 12.792360335837239, 0.0 ], [ 77.795197469294408, 12.79143807716545, 0.0 ], [ 77.794240941337179, 12.789988112242799, 0.0 ], [ 77.792919082249625, 12.78798430602696, 0.0 ], [ 77.791805677989672, 12.784991912574011, 0.0 ], [ 77.791285968859029, 12.783084435956919, 0.0 ], [ 77.791239964589195, 12.78294883005109, 0.0 ], [ 77.790701168842133, 12.782971247744991, 0.0 ], [ 77.790434116196693, 12.7828581649266, 0.0 ], [ 77.790291462293283, 12.78256885742009, 0.0 ], [ 77.790047611195646, 12.782270611118401, 0.0 ], [ 77.790047500857909, 12.78227047638889, 0.0 ], [ 77.789412329736251, 12.781366324230831, 0.0 ], [ 77.789370944177392, 12.78119908129309, 0.0 ], [ 77.789569092980045, 12.780819497071951, 0.0 ], [ 77.789647487216143, 12.780512185768391, 0.0 ], [ 77.78953709007267, 12.78016413279607, 0.0 ], [ 77.788911086098224, 12.779400092492359, 0.0 ], [ 77.78804103562095, 12.778599808944611, 0.0 ], [ 77.78749314621939, 12.778323918409271, 0.0 ], [ 77.787124795577483, 12.77820175745884, 0.0 ], [ 77.786738206687133, 12.77758242605791, 0.0 ], [ 77.786738154019233, 12.77758237547318, 0.0 ], [ 77.785421686094637, 12.776257693328001, 0.0 ], [ 77.784409316279664, 12.77436358502684, 0.0 ], [ 77.784128569204142, 12.77396123155666, 0.0 ], [ 77.783617563951793, 12.77360399171455, 0.0 ], [ 77.782936342098836, 12.772821837862899, 0.0 ], [ 77.781564668250724, 12.77134339791815, 0.0 ], [ 77.780685601450728, 12.77017247203214, 0.0 ], [ 77.779424453635627, 12.76873473769472, 0.0 ], [ 77.778844541032129, 12.768006849127859, 0.0 ], [ 77.778785022737921, 12.76776377415095, 0.0 ], [ 77.778784775282148, 12.76776276403932, 0.0 ], [ 77.779534637721724, 12.76778562632162, 0.0 ], [ 77.779535341751966, 12.767785648072071, 0.0 ], [ 77.77994528526466, 12.767478464660361, 0.0 ], [ 77.780673187866455, 12.766574801401729, 0.0 ], [ 77.780986636539467, 12.76572973923861, 0.0 ], [ 77.781286070808846, 12.76539991390305, 0.0 ], [ 77.781824387686243, 12.765075034449429, 0.0 ], [ 77.78182494811746, 12.765074696525261, 0.0 ], [ 77.782718410886559, 12.764681814412899, 0.0 ], [ 77.783061758105887, 12.764551648689739, 0.0 ], [ 77.783063812694749, 12.76455086961537, 0.0 ], [ 77.782815385805293, 12.7639541807449, 0.0 ], [ 77.782815508279285, 12.763633283322459, 0.0 ], [ 77.783207029007158, 12.76330800981653, 0.0 ], [ 77.784501100388653, 12.762382078962821, 0.0 ], [ 77.784501289711045, 12.76238194343339, 0.0 ], [ 77.785385541432774, 12.76196193452094, 0.0 ], [ 77.78609296101888, 12.76161105869795, 0.0 ], [ 77.786979036074172, 12.761171549476011, 0.0 ], [ 77.789843565289274, 12.75991154589806, 0.0 ], [ 77.792067942209542, 12.75889536333016, 0.0 ], [ 77.793720664761906, 12.75807362443444, 0.0 ], [ 77.793721265227191, 12.758073316044561, 0.0 ], [ 77.794276604569816, 12.757767223230349, 0.0 ], [ 77.794278527910706, 12.757766166003799, 0.0 ], [ 77.79438908574248, 12.75762157176869, 0.0 ], [ 77.794370191619578, 12.75757284128621, 0.0 ], [ 77.794363890215251, 12.7575275429556, 0.0 ], [ 77.794363748771119, 12.75752652729564, 0.0 ], [ 77.794099666659577, 12.755628296628471, 0.0 ], [ 77.793511128418359, 12.75313775821685, 0.0 ], [ 77.793041890811551, 12.75190372993988, 0.0 ], [ 77.792826985316069, 12.75128743506815, 0.0 ], [ 77.793544101277561, 12.75094623496002, 0.0 ], [ 77.793590257692415, 12.75061179276296, 0.0 ], [ 77.793631789819187, 12.75034062487474, 0.0 ], [ 77.793599673698509, 12.75000163743646, 0.0 ], [ 77.79342029130089, 12.749436618804101, 0.0 ], [ 77.793153502254313, 12.74865010591704, 0.0 ], [ 77.79296488316389, 12.74817547584955, 0.0 ], [ 77.792743977399653, 12.747863545767951, 0.0 ], [ 77.792417211298755, 12.74743858621976, 0.0 ], [ 77.792122825083538, 12.747138299665449, 0.0 ], [ 77.792058194945625, 12.74707237297179, 0.0 ], [ 77.791620911099685, 12.74668805474874, 0.0 ], [ 77.790898312519474, 12.746268742683711, 0.0 ], [ 77.790631171141698, 12.746113723408421, 0.0 ], [ 77.789512571822684, 12.74537663444112, 0.0 ], [ 77.788762283777956, 12.74475718004674, 0.0 ], [ 77.787597663798536, 12.743983911279161, 0.0 ], [ 77.786359412216186, 12.7431337752356, 0.0 ], [ 77.786025732135627, 12.742846189810081, 0.0 ], [ 77.785871509795967, 12.74271327157223, 0.0 ], [ 77.784914046600434, 12.74208921304653, 0.0 ], [ 77.784228178610547, 12.741632478542719, 0.0 ], [ 77.783687173030785, 12.741293922604751, 0.0 ], [ 77.783616740606689, 12.741249846310501, 0.0 ], [ 77.783603104064994, 12.741241311985929, 0.0 ], [ 77.783556110808263, 12.741211904255399, 0.0 ], [ 77.782963871047272, 12.741455193392669, 0.0 ], [ 77.782874572024298, 12.741491876540589, 0.0 ], [ 77.782160826557288, 12.74170403975195, 0.0 ], [ 77.781479360127761, 12.741789661582979, 0.0 ], [ 77.780848514913131, 12.741938576611251, 0.0 ], [ 77.780056545322111, 12.74201963462251, 0.0 ], [ 77.779398162361872, 12.741942550739109, 0.0 ], [ 77.778781244981928, 12.741797686857661, 0.0 ], [ 77.778201166617791, 12.74164379470005, 0.0 ], [ 77.777745476201275, 12.74130916273171, 0.0 ], [ 77.777468993750531, 12.741057420553529, 0.0 ], [ 77.777368063195937, 12.740965521617751, 0.0 ], [ 77.777068887610312, 12.74071230185003, 0.0 ], [ 77.776820305792782, 12.7405901738215, 0.0 ], [ 77.776373719675576, 12.7405222050162, 0.0 ], [ 77.775586398419705, 12.74050381795832, 0.0 ], [ 77.774808284962049, 12.74048543180492, 0.0 ], [ 77.773961112128518, 12.74045797685733, 0.0 ], [ 77.773141522846075, 12.74052996272815, 0.0 ], [ 77.771939818521233, 12.740511397873579, 0.0 ], [ 77.770972949003934, 12.74045224672887, 0.0 ], [ 77.770471689433293, 12.74041418888484, 0.0 ], [ 77.7701349997741, 12.740388625202391, 0.0 ], [ 77.769453610592379, 12.740293429618889, 0.0 ], [ 77.768896555820632, 12.740153086180539, 0.0 ], [ 77.768353307086144, 12.740030826996479, 0.0 ], [ 77.767933965764442, 12.739809983121059, 0.0 ], [ 77.767649019401574, 12.739659915740861, 0.0 ], [ 77.766424518453377, 12.73914414938711, 0.0 ], [ 77.765903524303951, 12.738888156382121, 0.0 ], [ 77.765678794926529, 12.73877773398541, 0.0 ], [ 77.765567809248481, 12.73871120369693, 0.0 ], [ 77.764965126496136, 12.738349923756649, 0.0 ], [ 77.76494691914867, 12.73833900917916, 0.0 ], [ 77.764436023852795, 12.73795461290943, 0.0 ], [ 77.764293231547256, 12.737817241047059, 0.0 ], [ 77.764098415060161, 12.737629818833801, 0.0 ], [ 77.763331496413329, 12.73689200322675, 0.0 ], [ 77.762958827666708, 12.7362997604335, 0.0 ], [ 77.762811598995611, 12.73606919077857, 0.0 ], [ 77.762415986120345, 12.735314227360631, 0.0 ], [ 77.762066478271535, 12.734428213444991, 0.0 ], [ 77.761703259849313, 12.73332524762284, 0.0 ], [ 77.761528631500084, 12.7326155784361, 0.0 ], [ 77.76146434862811, 12.73223589510145, 0.0 ], [ 77.761432482579025, 12.73203442950313, 0.0 ], [ 77.761289904146963, 12.731133012890449, 0.0 ], [ 77.761238631786682, 12.7308709658575, 0.0 ], [ 77.761147515240054, 12.730405279625, 0.0 ], [ 77.761088078611479, 12.729510353672501, 0.0 ], [ 77.761037947037153, 12.72840752633865, 0.0 ], [ 77.761084967924646, 12.72756691992921, 0.0 ], [ 77.76108901482894, 12.727494571691571, 0.0 ], [ 77.761199568007953, 12.72737258932248, 0.0 ], [ 77.761581775479826, 12.72721457106692, 0.0 ], [ 77.762732872181502, 12.72701621522852, 0.0 ], [ 77.76456544717702, 12.72662832377017, 0.0 ], [ 77.766434822242203, 12.72629919235353, 0.0 ], [ 77.767240605509869, 12.72611422742364, 0.0 ], [ 77.7681246722982, 12.725888617339381, 0.0 ], [ 77.768898318522886, 12.72548668919006, 0.0 ], [ 77.769048154317503, 12.72541270710728, 0.0 ], [ 77.769556829074659, 12.725161545058601, 0.0 ], [ 77.769943609910015, 12.72505775224546, 0.0 ], [ 77.770311979199491, 12.72498285688714, 0.0 ], [ 77.770675706051165, 12.72490890458746, 0.0 ], [ 77.771140768564706, 12.724768985187509, 0.0 ], [ 77.771633441465099, 12.724656193869389, 0.0 ], [ 77.772609543664814, 12.724516479857989, 0.0 ], [ 77.773511976866857, 12.724385771897049, 0.0 ], [ 77.774451257667792, 12.72421439880589, 0.0 ], [ 77.774014232048785, 12.72360977447657, 0.0 ], [ 77.773199700017315, 12.72248285524975, 0.0 ], [ 77.772339285861108, 12.72123959122642, 0.0 ], [ 77.77162612502876, 12.720186212857451, 0.0 ], [ 77.770701383271401, 12.7186807756442, 0.0 ], [ 77.77031960848042, 12.717871592558151, 0.0 ], [ 77.770105473259378, 12.71705671322785, 0.0 ], [ 77.770064926615063, 12.716902414947819, 0.0 ], [ 77.770002460433147, 12.71666470269442, 0.0 ], [ 77.769772696941516, 12.715670274080439, 0.0 ], [ 77.769570653292192, 12.714454391998711, 0.0 ], [ 77.769502081498899, 12.71332895894971, 0.0 ], [ 77.769522437948709, 12.713007780283689, 0.0 ], [ 77.769553069161319, 12.71252447313495, 0.0 ], [ 77.769481502559756, 12.71258825535385, 0.0 ], [ 77.768747100279839, 12.71324276941332, 0.0 ], [ 77.768595103186328, 12.71340993400629, 0.0 ], [ 77.768374065274443, 12.71354091248651, 0.0 ], [ 77.766988312382523, 12.713576485080511, 0.0 ], [ 77.765745217767162, 12.713743182972751, 0.0 ], [ 77.765777768150713, 12.71301552546295, 0.0 ], [ 77.765847237592538, 12.71208901714472, 0.0 ], [ 77.76588443944938, 12.711252889344079, 0.0 ], [ 77.766004596869593, 12.710217929782591, 0.0 ], [ 77.766156897228598, 12.7093682920527, 0.0 ], [ 77.766203174525558, 12.708825947669141, 0.0 ], [ 77.766120677526843, 12.70799428689357, 0.0 ], [ 77.765808283753913, 12.70652073142085, 0.0 ], [ 77.76542223738744, 12.70504262349619, 0.0 ], [ 77.765187847047102, 12.70416118105028, 0.0 ], [ 77.765068509991224, 12.703365661977539, 0.0 ], [ 77.764916958140589, 12.702547530306569, 0.0 ], [ 77.764811394420235, 12.70183789210297, 0.0 ], [ 77.764701249939208, 12.70107853486936, 0.0 ], [ 77.764485109883324, 12.70057675354575, 0.0 ], [ 77.763923902297435, 12.69963641175524, 0.0 ], [ 77.763408558365313, 12.699084783337611, 0.0 ], [ 77.762671871980771, 12.69837145515281, 0.0 ], [ 77.76246525569853, 12.698171388171669, 0.0 ], [ 77.761860739180648, 12.697673147315969, 0.0 ], [ 77.761751983191587, 12.69758351065504, 0.0 ], [ 77.76080403538846, 12.697007423256821, 0.0 ], [ 77.760799330455015, 12.69700456418995, 0.0 ], [ 77.760782014919926, 12.697004094038711, 0.0 ], [ 77.760333223806981, 12.696991919469241, 0.0 ], [ 77.759952300395128, 12.696981584658801, 0.0 ], [ 77.75821211122728, 12.697138984130611, 0.0 ], [ 77.756734390108491, 12.69714734306787, 0.0 ], [ 77.755385525193333, 12.69723710936707, 0.0 ], [ 77.754285242107599, 12.69734054456487, 0.0 ], [ 77.753992987173945, 12.697379345710569, 0.0 ], [ 77.752351650747542, 12.697597247948099, 0.0 ], [ 77.751494025061547, 12.697786105283161, 0.0 ], [ 77.751163817914048, 12.697858817805599, 0.0 ], [ 77.750546847948769, 12.69806190512292, 0.0 ], [ 77.749239117942125, 12.698721141442739, 0.0 ], [ 77.748884035888921, 12.69899666873723, 0.0 ], [ 77.748483585638041, 12.69911436052131, 0.0 ], [ 77.746941541692308, 12.699408827088959, 0.0 ], [ 77.746089951483555, 12.69954479242239, 0.0 ], [ 77.744073695082804, 12.69974001671261, 0.0 ], [ 77.742126452068135, 12.69985384035896, 0.0 ], [ 77.740676348223928, 12.699872528785921, 0.0 ], [ 77.740280389229369, 12.69987495492825, 0.0 ], [ 77.739884542675796, 12.69987737813033, 0.0 ], [ 77.739479387498022, 12.69977359331031, 0.0 ], [ 77.739134062884602, 12.69963362517375, 0.0 ], [ 77.73862748835684, 12.699195422839169, 0.0 ], [ 77.737462187358219, 12.697745073153341, 0.0 ], [ 77.73644870472377, 12.69603251600341, 0.0 ], [ 77.735329331282117, 12.694256720775069, 0.0 ], [ 77.735181924506165, 12.69402175393332, 0.0 ], [ 77.735179636756655, 12.69401751631163, 0.0 ], [ 77.735016074841965, 12.69371448046417, 0.0 ], [ 77.734923833573262, 12.693294183872521, 0.0 ], [ 77.734877738171448, 12.693145052013421, 0.0 ], [ 77.734950922472379, 12.692001537412169, 0.0 ], [ 77.735019911378814, 12.691852360013421, 0.0 ], [ 77.735751565843429, 12.69116507397182, 0.0 ], [ 77.737191978040343, 12.69010688402123, 0.0 ], [ 77.737955907418737, 12.68956873027491, 0.0 ], [ 77.739318022205296, 12.688456323979469, 0.0 ], [ 77.739768880038696, 12.68783241768652, 0.0 ], [ 77.740348576699603, 12.68709094560135, 0.0 ], [ 77.740803954768452, 12.68628624795727, 0.0 ], [ 77.741006273333838, 12.68576639687925, 0.0 ], [ 77.741070578283086, 12.68544095162302, 0.0 ], [ 77.741116376940866, 12.684903086922681, 0.0 ], [ 77.741134641100288, 12.68455958207052, 0.0 ], [ 77.741180287873576, 12.68367370112928, 0.0 ], [ 77.741230374593783, 12.68241268113769, 0.0 ], [ 77.741142648448957, 12.681802558000321, 0.0 ], [ 77.740898007587944, 12.680256919596051, 0.0 ], [ 77.740828817023271, 12.67992701087643, 0.0 ], [ 77.740727227770094, 12.6791903408112, 0.0 ], [ 77.740584141168014, 12.67829097865633, 0.0 ], [ 77.740616326986299, 12.67820509115294, 0.0 ], [ 77.740974943047391, 12.67721964371405, 0.0 ], [ 77.741218551666861, 12.67639695500282, 0.0 ], [ 77.741176714706057, 12.67545687355577, 0.0 ], [ 77.74113507861324, 12.67497780172676, 0.0 ], [ 77.740941538793791, 12.674494273696149, 0.0 ], [ 77.740467057573639, 12.673649285976509, 0.0 ], [ 77.73992840965461, 12.672989869853369, 0.0 ], [ 77.739928216366707, 12.672989632502791, 0.0 ], [ 77.739163890802459, 12.672474701109779, 0.0 ], [ 77.738514762356104, 12.67223994230827, 0.0 ], [ 77.738095869267411, 12.672199435501639, 0.0 ], [ 77.737012053257672, 12.67229213970991, 0.0 ], [ 77.73695187432412, 12.672297287010171, 0.0 ], [ 77.73581284425569, 12.672394703910641, 0.0 ], [ 77.733529791564266, 12.6725266768387, 0.0 ], [ 77.730514797994502, 12.6725187966781, 0.0 ], [ 77.730059127363361, 12.6725958037244, 0.0 ], [ 77.729962458138857, 12.6725822812983, 0.0 ], [ 77.729317970596355, 12.67242433391829, 0.0 ], [ 77.72807961596628, 12.672063216941091, 0.0 ], [ 77.725193208725855, 12.67124168111188, 0.0 ], [ 77.724622415229476, 12.671187649117719, 0.0 ], [ 77.724621127865575, 12.671188281860941, 0.0 ], [ 77.724429123235737, 12.67128263170224, 0.0 ], [ 77.724171436532401, 12.671504189478719, 0.0 ], [ 77.723858604222187, 12.67197887018343, 0.0 ], [ 77.723490849841724, 12.67331231503808, 0.0 ], [ 77.723288571118232, 12.67401294170528, 0.0 ], [ 77.72304974276561, 12.675472892180441, 0.0 ], [ 77.722765867674696, 12.67964920465216, 0.0 ], [ 77.722764442607399, 12.67964968955892, 0.0 ], [ 77.722646199975827, 12.67968992381053, 0.0 ], [ 77.719194303454174, 12.68105606603304, 0.0 ], [ 77.717776650571807, 12.68144522908146, 0.0 ], [ 77.713141629456004, 12.68267608521292, 0.0 ], [ 77.71159049149729, 12.68313757779999, 0.0 ], [ 77.711754830373195, 12.67883476338238, 0.0 ], [ 77.711906102060084, 12.676864121091111, 0.0 ], [ 77.711864261331016, 12.67557601635767, 0.0 ], [ 77.712144649238667, 12.674328489263971, 0.0 ], [ 77.711895425789422, 12.67227661633148, 0.0 ], [ 77.711710824117958, 12.67077612758143, 0.0 ], [ 77.711485041392564, 12.670034964091849, 0.0 ], [ 77.711139080958333, 12.66771645661029, 0.0 ], [ 77.711014611398596, 12.667119892643299, 0.0 ], [ 77.710927127689402, 12.667029523597019, 0.0 ], [ 77.70976237342029, 12.66635644014856, 0.0 ], [ 77.708372103103216, 12.665751212217829, 0.0 ], [ 77.708072858410787, 12.665570511886569, 0.0 ], [ 77.707543383056233, 12.665109655682249, 0.0 ], [ 77.707083331165563, 12.66454984056103, 0.0 ], [ 77.707082923886958, 12.664549344644801, 0.0 ], [ 77.706852705746243, 12.664305347336329, 0.0 ], [ 77.706240211629577, 12.66326598973866, 0.0 ], [ 77.705637028971765, 12.66257012542669, 0.0 ], [ 77.705001669975431, 12.6620098610173, 0.0 ], [ 77.704228215687692, 12.661404436161369, 0.0 ], [ 77.703261525154502, 12.6610792849941, 0.0 ], [ 77.70251580377338, 12.660858024323881, 0.0 ], [ 77.702363897567011, 12.66081286811554, 0.0 ], [ 77.70129138057132, 12.66060525232446, 0.0 ], [ 77.694115646371714, 12.660887306299561, 0.0 ], [ 77.693673771128999, 12.66087385335668, 0.0 ], [ 77.692187049486122, 12.66084256844446, 0.0 ], [ 77.691910842902075, 12.6606889625485, 0.0 ], [ 77.691911128670881, 12.66069027704269, 0.0 ], [ 77.691909532202132, 12.66068938925217, 0.0 ], [ 77.691656343415829, 12.66054933541532, 0.0 ], [ 77.690321240466162, 12.6593112312648, 0.0 ], [ 77.689925325252389, 12.65898589870762, 0.0 ], [ 77.689925333269926, 12.65898580475614, 0.0 ], [ 77.686907355792641, 12.65973190417542, 0.0 ], [ 77.685982231038963, 12.65991289033836, 0.0 ], [ 77.684615227591848, 12.66006232623694, 0.0 ], [ 77.682806363705481, 12.66027059953394, 0.0 ], [ 77.678654643610727, 12.660388908599129, 0.0 ], [ 77.678654692820842, 12.66038921515875, 0.0 ], [ 77.678931141547238, 12.66210183071964, 0.0 ], [ 77.678503127699798, 12.662377612909641, 0.0 ], [ 77.67744917205404, 12.662906611218281, 0.0 ], [ 77.677361831987696, 12.663521309121499, 0.0 ], [ 77.677104585181723, 12.666310021825259, 0.0 ], [ 77.677073110835238, 12.67035065634367, 0.0 ], [ 77.677142357465542, 12.671439895652741, 0.0 ], [ 77.675094305635056, 12.673089949322639, 0.0 ], [ 77.67638432073295, 12.67947156482272, 0.0 ], [ 77.67638288249475, 12.67947183645772, 0.0 ], [ 77.670699580994537, 12.680507525053761, 0.0 ], [ 77.670699107375356, 12.68050763587887, 0.0 ], [ 77.666450996337289, 12.681588349672159, 0.0 ], [ 77.662771133705078, 12.682697595635331, 0.0 ], [ 77.662625883946532, 12.68274137706325, 0.0 ], [ 77.661861779236588, 12.68298553586463, 0.0 ], [ 77.660568348708992, 12.68361844885376, 0.0 ], [ 77.659910111826946, 12.6838399905384, 0.0 ], [ 77.659909728892785, 12.68383985944503, 0.0 ], [ 77.659514217202187, 12.68370444407411, 0.0 ], [ 77.657295362677345, 12.68283689854537, 0.0 ], [ 77.65540796904493, 12.68212749177137, 0.0 ], [ 77.652563083449664, 12.680997823607321, 0.0 ], [ 77.650132524606079, 12.68007599851857, 0.0 ], [ 77.649087568446717, 12.67960150725745, 0.0 ], [ 77.6483648544055, 12.679366533461071, 0.0 ], [ 77.648363831936351, 12.67936646332673, 0.0 ], [ 77.646201357907628, 12.67921752656081, 0.0 ], [ 77.643982620225088, 12.678946471738911, 0.0 ], [ 77.641588921030191, 12.677676549130631, 0.0 ], [ 77.637883337576952, 12.67570609193386, 0.0 ], [ 77.637082396207077, 12.67562024123492, 0.0 ], [ 77.632838336140935, 12.67504631976173, 0.0 ], [ 77.629100632208576, 12.67456724832301, 0.0 ], [ 77.62390837751002, 12.673902785779619, 0.0 ], [ 77.618877281723201, 12.67264614733172, 0.0 ], [ 77.606930481774285, 12.669318627401809, 0.0 ], [ 77.604286044339574, 12.668581925542091, 0.0 ], [ 77.598873124723127, 12.66715764090962, 0.0 ], [ 77.598164759807048, 12.66318020468716, 0.0 ], [ 77.597267921138112, 12.657476206230349, 0.0 ], [ 77.597262085370133, 12.65743953538875, 0.0 ], [ 77.597261184285045, 12.65744176919701, 0.0 ], [ 77.595610385300134, 12.66153471061544, 0.0 ], [ 77.5951728084883, 12.663812592661539, 0.0 ], [ 77.59517260693201, 12.66530862079939, 0.0 ], [ 77.595172348796737, 12.667229501594059, 0.0 ], [ 77.595498982575563, 12.66853574361549, 0.0 ], [ 77.596598930809023, 12.669783325151529, 0.0 ], [ 77.599355777166224, 12.672698872528811, 0.0 ], [ 77.601785442165976, 12.679510351810221, 0.0 ], [ 77.603787195528682, 12.685666407317139, 0.0 ], [ 77.605535822453021, 12.692220155571031, 0.0 ], [ 77.613181603598704, 12.699253411180941, 0.0 ], [ 77.614760208176847, 12.70614154044727, 0.0 ], [ 77.615436775182744, 12.709174301067231, 0.0 ], [ 77.613981952208974, 12.71005104130543, 0.0 ], [ 77.605225200491432, 12.715153124393609, 0.0 ], [ 77.599981099146532, 12.71830734153956, 0.0 ], [ 77.594138273271938, 12.722080573522341, 0.0 ], [ 77.591799780568735, 12.720023785212881, 0.0 ], [ 77.584802927572028, 12.713961770988719, 0.0 ], [ 77.582690147645053, 12.712022452208959, 0.0 ], [ 77.581838625463249, 12.71110480031057, 0.0 ], [ 77.58088584823453, 12.710078653858361, 0.0 ], [ 77.579325472511229, 12.70864109522778, 0.0 ], [ 77.576305857471496, 12.70670155154712, 0.0 ], [ 77.573488828149166, 12.704852410538489, 0.0 ], [ 77.571877898182734, 12.70336056160482, 0.0 ], [ 77.569691555279292, 12.70180981666392, 0.0 ], [ 77.568283048472551, 12.7010456641873, 0.0 ], [ 77.567882552070344, 12.70099133437062, 0.0 ], [ 77.567426777188032, 12.701086141106041, 0.0 ], [ 77.566344817922698, 12.70158757327591, 0.0 ], [ 77.56511080496891, 12.70261324978348, 0.0 ], [ 77.5630196506538, 12.706942609285971, 0.0 ], [ 77.562302693938321, 12.708448706525781, 0.0 ], [ 77.560734941491219, 12.71174195105114, 0.0 ], [ 77.559366829002599, 12.714652280470119, 0.0 ], [ 77.559103999793692, 12.716148231156961, 0.0 ], [ 77.557749052146164, 12.72120541213315, 0.0 ], [ 77.556518324739613, 12.726375609282551, 0.0 ], [ 77.555909307686591, 12.730836380994569, 0.0 ], [ 77.555793653791611, 12.73273914100136, 0.0 ], [ 77.564725713384973, 12.732497418881801, 0.0 ], [ 77.568929918437348, 12.72979111790556, 0.0 ], [ 77.569072929743825, 12.72991309352193, 0.0 ], [ 77.569104837406528, 12.729940307828301, 0.0 ], [ 77.570241583465659, 12.73191567377088, 0.0 ], [ 77.567639639632262, 12.734473224921899, 0.0 ], [ 77.568683854713626, 12.738355885033361, 0.0 ], [ 77.569714424633389, 12.741660016757219, 0.0 ], [ 77.570188403841357, 12.74278100714973, 0.0 ], [ 77.570989398826086, 12.74345010095414, 0.0 ], [ 77.572812058576574, 12.746361181225261, 0.0 ], [ 77.5740687696848, 12.74764955974992, 0.0 ], [ 77.574506139530413, 12.74787111663592, 0.0 ], [ 77.574657967617682, 12.74841351162133, 0.0 ], [ 77.574998289379536, 12.75029829256013, 0.0 ], [ 77.575388747153241, 12.751297315268729, 0.0 ], [ 77.576091626080384, 12.75208028034406, 0.0 ], [ 77.577122968350736, 12.751587514615521, 0.0 ], [ 77.578154374354497, 12.75162354815575, 0.0 ], [ 77.579558780461227, 12.751926192644101, 0.0 ], [ 77.581497277098833, 12.752002774456351, 0.0 ], [ 77.584421110873052, 12.75192553001415, 0.0 ], [ 77.587432421974725, 12.75181208334401, 0.0 ], [ 77.590568036672138, 12.751621745684179, 0.0 ], [ 77.59279201204491, 12.75169819555445, 0.0 ], [ 77.594113554308777, 12.75200077779188, 0.0 ], [ 77.594730613627704, 12.75230348470533, 0.0 ], [ 77.595435592856049, 12.75480726264335, 0.0 ], [ 77.595804106730824, 12.755566501643861, 0.0 ], [ 77.597250321347005, 12.75746449573743, 0.0 ], [ 77.597991973084831, 12.75898296642834, 0.0 ], [ 77.598158149638152, 12.76095803968564, 0.0 ], [ 77.597910017017782, 12.763461995464921, 0.0 ], [ 77.59764034212121, 12.76493844766247, 0.0 ], [ 77.597459263269457, 12.765929833420991, 0.0 ], [ 77.597003603876161, 12.766955891080629, 0.0 ], [ 77.59547986478681, 12.769157268714009, 0.0 ], [ 77.595480074046989, 12.770219395240259, 0.0 ], [ 77.59539753125263, 12.77196400879404, 0.0 ], [ 77.594366367997836, 12.77363648388722, 0.0 ], [ 77.593156130075286, 12.775679767988381, 0.0 ], [ 77.593086620120175, 12.77579712310148, 0.0 ], [ 77.59234544745641, 12.77697689216469, 0.0 ], [ 77.592096856993109, 12.7773927465373, 0.0 ], [ 77.592138511125981, 12.77853169951679, 0.0 ], [ 77.592221652696125, 12.779896629538159, 0.0 ], [ 77.592055970627939, 12.780429981080809, 0.0 ], [ 77.590531953065792, 12.78175902758546, 0.0 ], [ 77.587479120150249, 12.783540279131641, 0.0 ], [ 77.584140689351557, 12.7850593934754, 0.0 ], [ 77.582427503208422, 12.786057346866089, 0.0 ], [ 77.580415479575549, 12.78722935021845, 0.0 ], [ 77.579558809553717, 12.78635264173532, 0.0 ], [ 77.570831307814728, 12.77803286989994, 0.0 ], [ 77.570913849508884, 12.77457982391407, 0.0 ], [ 77.571074725657766, 12.7716600926159, 0.0 ], [ 77.571654510326326, 12.76756068308355, 0.0 ], [ 77.571861559096178, 12.765969732635369, 0.0 ], [ 77.571612793034902, 12.764903110230691, 0.0 ], [ 77.571032399109299, 12.762932583141421, 0.0 ], [ 77.570290885647637, 12.761301044778129, 0.0 ], [ 77.569715243103076, 12.76065478217318, 0.0 ], [ 77.568149628501033, 12.76023910563995, 0.0 ], [ 77.566413620235821, 12.75947993805895, 0.0 ], [ 77.565465026793262, 12.75894668667074, 0.0 ], [ 77.564889497900324, 12.75955688574841, 0.0 ], [ 77.563526588337595, 12.760352444353961, 0.0 ], [ 77.562541262235598, 12.76130164327243, 0.0 ], [ 77.561219848603045, 12.763236148148669, 0.0 ], [ 77.560147059716641, 12.764980806417491, 0.0 ], [ 77.558949913175823, 12.766463325534, 0.0 ], [ 77.558581579578913, 12.76733564231769, 0.0 ], [ 77.558705964062838, 12.76839776195005, 0.0 ], [ 77.558830336783601, 12.769233896954439, 0.0 ], [ 77.558830357507063, 12.76961355081867, 0.0 ], [ 77.558167306576422, 12.7704090468964, 0.0 ], [ 77.557591752728158, 12.771394363910179, 0.0 ], [ 77.557716133196564, 12.772420325859621, 0.0 ], [ 77.557674732784264, 12.773328783479791, 0.0 ], [ 77.557260352513609, 12.77454459656448, 0.0 ], [ 77.556104624256477, 12.776894877778361, 0.0 ], [ 77.555611994549167, 12.77932648438987, 0.0 ], [ 77.555446298966231, 12.78142362260483, 0.0 ], [ 77.561465214357838, 12.784004078140921, 0.0 ], [ 77.56278707941334, 12.787113538054591, 0.0 ], [ 77.554705152745157, 12.78855570089522, 0.0 ], [ 77.556286409342931, 12.796053418205441, 0.0 ], [ 77.556929913085341, 12.79910454298814, 0.0 ], [ 77.556022675308483, 12.79940739627491, 0.0 ], [ 77.553798303776958, 12.7996379725772, 0.0 ], [ 77.552066705341602, 12.80001766813132, 0.0 ], [ 77.550086410559075, 12.800392838609531, 0.0 ], [ 77.548598882113382, 12.80046969016996, 0.0 ], [ 77.544886967207972, 12.798648268218219, 0.0 ], [ 77.543072481153445, 12.79743698031492, 0.0 ], [ 77.543150800994013, 12.794200895022939, 0.0 ], [ 77.544564616385983, 12.792741052998959, 0.0 ], [ 77.545338292734087, 12.791823562203859, 0.0 ], [ 77.546282355878986, 12.79088799076821, 0.0 ], [ 77.546696818909481, 12.790332070106791, 0.0 ], [ 77.547207985434071, 12.7891479137473, 0.0 ], [ 77.548000055813915, 12.787502746949871, 0.0 ], [ 77.548566472044911, 12.786445137802771, 0.0 ], [ 77.548810536551557, 12.785975088619271, 0.0 ], [ 77.548640134304279, 12.784899407080671, 0.0 ], [ 77.547921732048522, 12.7838915255464, 0.0 ], [ 77.546641518992431, 12.78241811508348, 0.0 ], [ 77.545867869900917, 12.78054244861506, 0.0 ], [ 77.544942268749921, 12.77882496824869, 0.0 ], [ 77.544527825192731, 12.777835154983659, 0.0 ], [ 77.544246925791825, 12.777265674062161, 0.0 ], [ 77.544076546336001, 12.776619358528951, 0.0 ], [ 77.544049279077797, 12.77614428416998, 0.0 ], [ 77.544039709735117, 12.775977563528009, 0.0 ], [ 77.544850175721081, 12.775647632675851, 0.0 ], [ 77.5458678594552, 12.7750600771913, 0.0 ], [ 77.546867117973534, 12.774364044678119, 0.0 ], [ 77.547451935754566, 12.77401602642766, 0.0 ], [ 77.548828792657545, 12.77386234666098, 0.0 ], [ 77.551771298711245, 12.77349620480839, 0.0 ], [ 77.552319241423405, 12.772176446355539, 0.0 ], [ 77.551665353808389, 12.772208098238981, 0.0 ], [ 77.551062101190723, 12.77137648793676, 0.0 ], [ 77.55090092111368, 12.77090644422525, 0.0 ], [ 77.550693706007806, 12.770956164595351, 0.0 ], [ 77.54865377290605, 12.771272570290829, 0.0 ], [ 77.546319119625153, 12.77005678787633, 0.0 ], [ 77.545826401327744, 12.768113324402529, 0.0 ], [ 77.545393552744926, 12.766183417763321, 0.0 ], [ 77.545385525277325, 12.766146790172799, 0.0 ], [ 77.545131082882406, 12.76498570081637, 0.0 ], [ 77.544583124471401, 12.76373826523311, 0.0 ], [ 77.543961501382242, 12.761948466414349, 0.0 ], [ 77.543151099727496, 12.75950782817732, 0.0 ], [ 77.542884042231535, 12.758450219014639, 0.0 ], [ 77.542736707070063, 12.75725249990634, 0.0 ], [ 77.542695270241538, 12.75676437318438, 0.0 ], [ 77.542170366869016, 12.755408460009241, 0.0 ], [ 77.541696114746443, 12.754283050534109, 0.0 ], [ 77.541263308238129, 12.753031089289721, 0.0 ], [ 77.540672478896113, 12.751256398696521, 0.0 ], [ 77.54070888392954, 12.750704792523541, 0.0 ], [ 77.54070907268364, 12.750162430210841, 0.0 ], [ 77.540478961959479, 12.749845974948361, 0.0 ], [ 77.540101181410435, 12.75046504342628, 0.0 ], [ 77.539032804281078, 12.750875971794249, 0.0 ], [ 77.538710000761952, 12.75127942258735, 0.0 ], [ 77.538661805004935, 12.75152145432668, 0.0 ], [ 77.537869811881251, 12.75233949525663, 0.0 ], [ 77.537022552223334, 12.75339707554981, 0.0 ], [ 77.536285796816017, 12.754404938771341, 0.0 ], [ 77.536078574530961, 12.75492469537213, 0.0 ], [ 77.535608891825632, 12.755462520378821, 0.0 ], [ 77.53515302329167, 12.75595062769735, 0.0 ], [ 77.534646509294802, 12.756244386547349, 0.0 ], [ 77.534305784296635, 12.755964151138789, 0.0 ], [ 77.534135434192933, 12.75553025313595, 0.0 ], [ 77.533891411029046, 12.755150589258291, 0.0 ], [ 77.533550690139904, 12.754820635918239, 0.0 ], [ 77.533458620981889, 12.75435058411248, 0.0 ], [ 77.533513897564248, 12.75386698031328, 0.0 ], [ 77.533458661146483, 12.753482804042401, 0.0 ], [ 77.533099529456422, 12.753066975349521, 0.0 ], [ 77.53274040429153, 12.75252911448487, 0.0 ], [ 77.532215527426885, 12.751851136088129, 0.0 ], [ 77.532507048372338, 12.751275469093819, 0.0 ], [ 77.532642710267581, 12.74855510484727, 0.0 ], [ 77.531777467428284, 12.7475514154225, 0.0 ], [ 77.528555740390459, 12.74415591808012, 0.0 ], [ 77.52654451377424, 12.74201732842308, 0.0 ], [ 77.524869509432662, 12.73968903040501, 0.0 ], [ 77.52414244675775, 12.73869892979172, 0.0 ], [ 77.523415771447389, 12.73679584941843, 0.0 ], [ 77.521267475733865, 12.732410878376641, 0.0 ], [ 77.518530750047077, 12.736726048681399, 0.0 ], [ 77.519997499982537, 12.74135030242372, 0.0 ], [ 77.520875636207435, 12.74435173719205, 0.0 ], [ 77.517596140576174, 12.747107377727559, 0.0 ], [ 77.513814528983076, 12.7502152909288, 0.0 ], [ 77.512407569381921, 12.745871253821409, 0.0 ], [ 77.510821376986812, 12.740912450531219, 0.0 ], [ 77.510122818634372, 12.738159646102771, 0.0 ], [ 77.509676557584498, 12.737418214452379, 0.0 ], [ 77.50790909017995, 12.736269406443901, 0.0 ], [ 77.505285212932634, 12.73522413893027, 0.0 ], [ 77.5050878888689, 12.73388169969977, 0.0 ], [ 77.50492287674534, 12.73237656452736, 0.0 ], [ 77.503973207812123, 12.73485290553637, 0.0 ], [ 77.503244887773249, 12.73659263791996, 0.0 ], [ 77.501195560868595, 12.73750914804755, 0.0 ], [ 77.498912119438856, 12.739319815154721, 0.0 ], [ 77.494737547347043, 12.74028953534787, 0.0 ], [ 77.493337799612277, 12.74017262792572, 0.0 ], [ 77.492449154711821, 12.740118771461161, 0.0 ], [ 77.492242236542651, 12.7407380561528, 0.0 ], [ 77.491993788623972, 12.741153973757839, 0.0 ], [ 77.491888025239646, 12.7414613567706, 0.0 ], [ 77.491860558597921, 12.741822943712391, 0.0 ], [ 77.491409344060472, 12.74183669415158, 0.0 ], [ 77.4907786030995, 12.741940912163001, 0.0 ], [ 77.490092626139017, 12.742085829657279, 0.0 ], [ 77.488844941605166, 12.742271654608791, 0.0 ], [ 77.487215159636904, 12.74260225850105, 0.0 ], [ 77.486133227874049, 12.74279252327791, 0.0 ], [ 77.486142476055264, 12.742887432553831, 0.0 ], [ 77.486133399791925, 12.74320381473456, 0.0 ], [ 77.486110658223893, 12.74387273788431, 0.0 ], [ 77.486092323151396, 12.74407161061727, 0.0 ], [ 77.486023363440736, 12.74432474179053, 0.0 ], [ 77.485876141638869, 12.744605020819559, 0.0 ], [ 77.48573348416123, 12.744790385891649, 0.0 ], [ 77.485549425190129, 12.74506616030088, 0.0 ], [ 77.485388402376444, 12.74537808266086, 0.0 ], [ 77.48525499214314, 12.74565835700607, 0.0 ], [ 77.48514458670256, 12.74589794499796, 0.0 ], [ 77.485029604362026, 12.7462053293407, 0.0 ], [ 77.484882447601365, 12.74664831668095, 0.0 ], [ 77.484730669115507, 12.747050629649809, 0.0 ], [ 77.484629461810414, 12.747267614038901, 0.0 ], [ 77.484440815630578, 12.74759310754477, 0.0 ], [ 77.484261377158859, 12.747918595154079, 0.0 ], [ 77.484008299460982, 12.748316427710529, 0.0 ], [ 77.483787440778869, 12.74869164967539, 0.0 ], [ 77.483566536851569, 12.74895839705178, 0.0 ], [ 77.483359411584502, 12.74913926588285, 0.0 ], [ 77.483147665400566, 12.74927945841752, 0.0 ], [ 77.482899084846181, 12.749424186211581, 0.0 ], [ 77.482480166476307, 12.749632255661369, 0.0 ], [ 77.482455415555719, 12.749641343858331, 0.0 ], [ 77.482061224943763, 12.74978608698042, 0.0 ], [ 77.481863263329146, 12.749858477805629, 0.0 ], [ 77.481660684668654, 12.74989923405796, 0.0 ], [ 77.481379852316607, 12.749994255197921, 0.0 ], [ 77.480790552244898, 12.750166229347441, 0.0 ], [ 77.480500514031618, 12.750270292940421, 0.0 ], [ 77.480270347586384, 12.750410490560061, 0.0 ], [ 77.480113838850016, 12.75051902335157, 0.0 ], [ 77.479929721729945, 12.750672761174719, 0.0 ], [ 77.479708779201914, 12.75085363300871, 0.0 ], [ 77.479612115385919, 12.75093050460208, 0.0 ], [ 77.479381958749499, 12.751097819755939, 0.0 ], [ 77.479177659371842, 12.751253359790629, 0.0 ], [ 77.478657320417071, 12.751826074551291, 0.0 ], [ 77.478106944092488, 12.752178668097679, 0.0 ], [ 77.477688426918121, 12.752421445380159, 0.0 ], [ 77.47733676632923, 12.75270705562793, 0.0 ], [ 77.477095885581207, 12.75299157305543, 0.0 ], [ 77.476922512389478, 12.753384083992181, 0.0 ], [ 77.476816831059764, 12.75390627788547, 0.0 ], [ 77.476599070769439, 12.754299243596719, 0.0 ], [ 77.476379918185316, 12.75454019845175, 0.0 ], [ 77.476049612794398, 12.75473868414192, 0.0 ], [ 77.474774172986031, 12.75469155734053, 0.0 ], [ 77.474524744110397, 12.75512037986103, 0.0 ], [ 77.474088348961786, 12.75616174393272, 0.0 ], [ 77.47354784848369, 12.75691732376055, 0.0 ], [ 77.473922318165592, 12.75714176464234, 0.0 ], [ 77.474567178146003, 12.75736610859976, 0.0 ], [ 77.474629758981123, 12.75785606646436, 0.0 ], [ 77.474193268382336, 12.75865244137154, 0.0 ], [ 77.474859008865039, 12.75908093525803, 0.0 ], [ 77.475108609317815, 12.759101260546, 0.0 ], [ 77.475732614763572, 12.759162282354851, 0.0 ], [ 77.475732830853801, 12.759733925863859, 0.0 ], [ 77.475941358192756, 12.761142543645869, 0.0 ], [ 77.476346076148232, 12.76226526760647, 0.0 ], [ 77.475754817040993, 12.76287795839913, 0.0 ], [ 77.474465545044382, 12.76371547276691, 0.0 ], [ 77.474008222046677, 12.76445060706207, 0.0 ], [ 77.47412311404419, 12.76577759481915, 0.0 ], [ 77.474529268058532, 12.767267805475299, 0.0 ], [ 77.474987451581498, 12.768819244231009, 0.0 ], [ 77.475320815008203, 12.77030947960767, 0.0 ], [ 77.4759457374916, 12.77271832045925, 0.0 ], [ 77.477723673588912, 12.78151178000801, 0.0 ], [ 77.476490608593437, 12.783375177615911, 0.0 ], [ 77.475218212540639, 12.7844142959572, 0.0 ], [ 77.473205383654431, 12.787173703453981, 0.0 ], [ 77.471916463112208, 12.78933823287668, 0.0 ], [ 77.471209846484726, 12.791135069224669, 0.0 ], [ 77.470877702401481, 12.79305426985465, 0.0 ], [ 77.469338888090192, 12.794606397134871, 0.0 ], [ 77.46929744170707, 12.795055559436941, 0.0 ], [ 77.469422486821614, 12.795708822731079, 0.0 ], [ 77.46963078600983, 12.796484551490829, 0.0 ], [ 77.470088746852909, 12.7973418575148, 0.0 ], [ 77.471129064671004, 12.797872309363891, 0.0 ], [ 77.471129492157218, 12.79905642557261, 0.0 ], [ 77.471046471693583, 12.799587264959101, 0.0 ], [ 77.47404115383965, 12.797136314995191, 0.0 ], [ 77.475039615329251, 12.79697262882646, 0.0 ], [ 77.476287688076454, 12.79676801688802, 0.0 ], [ 77.478326476172711, 12.79713474526077, 0.0 ], [ 77.480528105107155, 12.79829505985354, 0.0 ], [ 77.484693554794731, 12.80076629471049, 0.0 ], [ 77.482093233530421, 12.800848981040509, 0.0 ], [ 77.481677373446772, 12.80133912121072, 0.0 ], [ 77.480284212911442, 12.802932087646999, 0.0 ], [ 77.478974294672284, 12.804647509961599, 0.0 ], [ 77.478538096323078, 12.80636259823128, 0.0 ], [ 77.479932699605342, 12.808342401633579, 0.0 ], [ 77.480036829950123, 12.808628182441041, 0.0 ], [ 77.477394852576808, 12.808792501996519, 0.0 ], [ 77.477416135087807, 12.81003785609521, 0.0 ], [ 77.476684181756056, 12.81022697214906, 0.0 ], [ 77.475377607347227, 12.81063066190505, 0.0 ], [ 77.474691124627725, 12.810732989766629, 0.0 ], [ 77.474046197458179, 12.810692389984981, 0.0 ], [ 77.473172369405461, 12.81048854354253, 0.0 ], [ 77.472652128572562, 12.81008041315412, 0.0 ], [ 77.472194285482161, 12.809631426693111, 0.0 ], [ 77.471757358840421, 12.809488670152399, 0.0 ], [ 77.471216459582351, 12.80946844219697, 0.0 ], [ 77.470488357751492, 12.809529942839751, 0.0 ], [ 77.469573290609631, 12.810346887378049, 0.0 ], [ 77.468394220456673, 12.81101845503937, 0.0 ], [ 77.465875709799889, 12.808606070546279, 0.0 ], [ 77.464165666058435, 12.81039461337221, 0.0 ], [ 77.46162800691782, 12.811579530658859, 0.0 ], [ 77.460077707592987, 12.81355211654153, 0.0 ], [ 77.459554619999381, 12.814476781222879, 0.0 ], [ 77.457482383784523, 12.81560735275359, 0.0 ], [ 77.455451981685783, 12.81667626237113, 0.0 ], [ 77.453191198186175, 12.81749868557767, 0.0 ], [ 77.451579327824959, 12.818053833662651, 0.0 ], [ 77.450092919838497, 12.81809532506184, 0.0 ], [ 77.449360098574786, 12.817807895890541, 0.0 ], [ 77.448857512209301, 12.817314960149361, 0.0 ], [ 77.448857287705849, 12.81649317687824, 0.0 ], [ 77.448354672658709, 12.81587697168869, 0.0 ], [ 77.447663635924428, 12.81524026973965, 0.0 ], [ 77.446565665592303, 12.81480437785957, 0.0 ], [ 77.446170078056085, 12.813620363351459, 0.0 ], [ 77.445524771297258, 12.812130173327001, 0.0 ], [ 77.446044597865566, 12.811109254223419, 0.0 ], [ 77.446231536540154, 12.809986338172161, 0.0 ], [ 77.445295295650979, 12.80968033747706, 0.0 ], [ 77.444442433544921, 12.81000720051189, 0.0 ], [ 77.443859735641794, 12.809231543145961, 0.0 ], [ 77.443585137449091, 12.808228683954511, 0.0 ], [ 77.441197063503253, 12.809967146985439, 0.0 ], [ 77.439865924426613, 12.811192401487061, 0.0 ], [ 77.436599566998112, 12.810396912371241, 0.0 ], [ 77.43603718729986, 12.810354580885241, 0.0 ], [ 77.436049622497421, 12.810626708881101, 0.0 ], [ 77.436205898094272, 12.811739336025759, 0.0 ], [ 77.436050169742188, 12.813086810868541, 0.0 ], [ 77.435123293882683, 12.81466796300764, 0.0 ], [ 77.434202409741502, 12.8159008294489, 0.0 ], [ 77.43401416417413, 12.816702106768551, 0.0 ], [ 77.434077079581684, 12.81721570783807, 0.0 ], [ 77.434600657931412, 12.81809901590408, 0.0 ], [ 77.435040531739347, 12.81914669524056, 0.0 ], [ 77.435312833725064, 12.81978351991679, 0.0 ], [ 77.435459587502748, 12.820707993049719, 0.0 ], [ 77.434726948970152, 12.821221761743271, 0.0 ], [ 77.433952546002601, 12.82224915043251, 0.0 ], [ 77.433439847289037, 12.82332784516877, 0.0 ], [ 77.431377338319706, 12.821756600088481, 0.0 ], [ 77.428174402231036, 12.82301042814378, 0.0 ], [ 77.425557574830734, 12.82389431317011, 0.0 ], [ 77.422877964109389, 12.825024718686061, 0.0 ], [ 77.419591196690519, 12.82625791084202, 0.0 ], [ 77.420135776507792, 12.827757579495641, 0.0 ], [ 77.420638520003635, 12.82944215464517, 0.0 ], [ 77.421204231277372, 12.832051223773799, 0.0 ], [ 77.422251454605316, 12.83437258977642, 0.0 ], [ 77.423323918550167, 12.8361008244802, 0.0 ], [ 77.423424243614534, 12.836262493959611, 0.0 ], [ 77.425120414132735, 12.837782502292891, 0.0 ], [ 77.425811444141871, 12.838357628354821, 0.0 ], [ 77.426628030878575, 12.83856292854791, 0.0 ], [ 77.42750745910223, 12.838912026622801, 0.0 ], [ 77.428659097088158, 12.839384338777659, 0.0 ], [ 77.429643184862826, 12.8395690540206, 0.0 ], [ 77.431422835008803, 12.83948653206601, 0.0 ], [ 77.432815139329719, 12.839373258256719, 0.0 ], [ 77.434552885526458, 12.839167455475421, 0.0 ], [ 77.434573955307087, 12.839773515258621, 0.0 ], [ 77.43463704358102, 12.84104726260858, 0.0 ], [ 77.434312671038029, 12.84177666142636, 0.0 ], [ 77.433831273887563, 12.842536908662449, 0.0 ], [ 77.433726730677918, 12.84321489918689, 0.0 ], [ 77.433779270519437, 12.844129119190949, 0.0 ], [ 77.4337897832241, 12.84433456167246, 0.0 ], [ 77.434062154187373, 12.84517683151525, 0.0 ], [ 77.434449642816958, 12.845823902759991, 0.0 ], [ 77.43516171096779, 12.84666607848451, 0.0 ], [ 77.435894732917617, 12.847549336539929, 0.0 ], [ 77.436648761782081, 12.848720211584331, 0.0 ], [ 77.437863504882102, 12.850183741139549, 0.0 ], [ 77.431121447759438, 12.8503084173416, 0.0 ], [ 77.426640681964685, 12.85030925695721, 0.0 ], [ 77.426933912403015, 12.85082281804403, 0.0 ], [ 77.427520466739111, 12.8523224604122, 0.0 ], [ 77.428232621630613, 12.85363717789348, 0.0 ], [ 77.429217034466703, 12.8551983767876, 0.0 ], [ 77.428903240809674, 12.85665709553367, 0.0 ], [ 77.42785648296659, 12.857581792696481, 0.0 ], [ 77.426998112795573, 12.858218828279281, 0.0 ], [ 77.425647759012975, 12.85930792735101, 0.0 ], [ 77.424203278696382, 12.86103391394262, 0.0 ], [ 77.421795875037915, 12.86454742079504, 0.0 ], [ 77.419011604641526, 12.86878001876395, 0.0 ], [ 77.418805540638019, 12.869104772296289, 0.0 ], [ 77.418393996800376, 12.869519712204809, 0.0 ], [ 77.42419444097915, 12.870278936540011, 0.0 ], [ 77.427942682322325, 12.870360450853029, 0.0 ], [ 77.42922005570523, 12.870586200935049, 0.0 ], [ 77.429702165158474, 12.873071991330979, 0.0 ], [ 77.429891087678698, 12.87539348165611, 0.0 ], [ 77.42789226422191, 12.875527636457701, 0.0 ], [ 77.424823259789719, 12.873771389640931, 0.0 ], [ 77.421870441891087, 12.87218995843206, 0.0 ], [ 77.421221217273384, 12.8716764493299, 0.0 ], [ 77.420247507945376, 12.871656057553031, 0.0 ], [ 77.415787310242763, 12.8716977999399, 0.0 ], [ 77.415787813528667, 12.875210905204669, 0.0 ], [ 77.410385404841975, 12.87658807472374, 0.0 ], [ 77.408019036570877, 12.8756022068068, 0.0 ], [ 77.403893640805407, 12.873876885233029, 0.0 ], [ 77.402155259984909, 12.86993249895399, 0.0 ], [ 77.402301731268537, 12.8687409058229, 0.0 ], [ 77.402657402198955, 12.865412668091849, 0.0 ], [ 77.401254520396478, 12.86609075552245, 0.0 ], [ 77.398720944918935, 12.86740579951204, 0.0 ], [ 77.397401816043441, 12.86833039394625, 0.0 ], [ 77.395161210755177, 12.86729304020766, 0.0 ], [ 77.395789274463581, 12.865361819063819, 0.0 ], [ 77.394595671726734, 12.864416843347779, 0.0 ], [ 77.392543535824203, 12.8627939371856, 0.0 ], [ 77.39003073880626, 12.86051360856835, 0.0 ], [ 77.389193170829444, 12.86030819540947, 0.0 ], [ 77.388313727942261, 12.86014386962837, 0.0 ], [ 77.386743276658876, 12.85909614716754, 0.0 ], [ 77.38580102034382, 12.85882909275395, 0.0 ], [ 77.38521473623301, 12.85903455096056, 0.0 ], [ 77.385382203069369, 12.85706227447467, 0.0 ], [ 77.379875321554891, 12.85761703850295, 0.0 ], [ 77.379561240032217, 12.856548724280181, 0.0 ], [ 77.379414671244831, 12.85488461843474, 0.0 ], [ 77.379121531416104, 12.8550900627963, 0.0 ], [ 77.377907089252744, 12.85597347207699, 0.0 ], [ 77.376734520307764, 12.856487074558419, 0.0 ], [ 77.375278791913345, 12.856856855023301, 0.0 ], [ 77.373801464216001, 12.856856826354679, 0.0 ], [ 77.373196128674508, 12.85688281608828, 0.0 ], [ 77.371491834791172, 12.85695598063554, 0.0 ], [ 77.369764790991283, 12.857609225018329, 0.0 ], [ 77.369494266079087, 12.858303349634269, 0.0 ], [ 77.368308037582423, 12.86271309639282, 0.0 ], [ 77.365602512216796, 12.871614213802889, 0.0 ], [ 77.364357058431494, 12.87150745372263, 0.0 ], [ 77.356069623777202, 12.870796902646809, 0.0 ], [ 77.351369525053499, 12.870428954842071, 0.0 ], [ 77.346297691840334, 12.87010370307091, 0.0 ], [ 77.345147325809933, 12.873653891118529, 0.0 ], [ 77.345167844115153, 12.875777126020189, 0.0 ], [ 77.344876424862107, 12.87645080530347, 0.0 ], [ 77.343336514852083, 12.87673641589876, 0.0 ], [ 77.339153765624587, 12.87751160006902, 0.0 ], [ 77.337283497554253, 12.877786915946229, 0.0 ], [ 77.336159767882691, 12.87799088844652, 0.0 ], [ 77.335660330846565, 12.87808267554804, 0.0 ], [ 77.335264940179073, 12.878174479837529, 0.0 ], [ 77.335004787155199, 12.878388800615699, 0.0 ], [ 77.334973454254282, 12.879062513217519, 0.0 ], [ 77.334921264948321, 12.88000162508215, 0.0 ], [ 77.334941893628127, 12.88102241381989, 0.0 ], [ 77.33523293431017, 12.8826761334869, 0.0 ], [ 77.335388852172301, 12.88355403314695, 0.0 ], [ 77.335461614062851, 12.88396235919592, 0.0 ], [ 77.335419935787627, 12.88429921125369, 0.0 ], [ 77.335263784311351, 12.884748329198439, 0.0 ], [ 77.334618531173632, 12.88559547027857, 0.0 ], [ 77.334160612955216, 12.88615682156958, 0.0 ], [ 77.333785980354392, 12.886462991436041, 0.0 ], [ 77.333317711135592, 12.88671810603568, 0.0 ], [ 77.33313037673868, 12.886963060107311, 0.0 ], [ 77.333057479811501, 12.887299906301569, 0.0 ], [ 77.33324465507927, 12.887922617518161, 0.0 ], [ 77.335710639504967, 12.88792304206723, 0.0 ], [ 77.338135003803075, 12.88793364526831, 0.0 ], [ 77.340840296542865, 12.887985099861901, 0.0 ], [ 77.342853321765134, 12.887894377587401, 0.0 ], [ 77.343394368864935, 12.88798546556564, 0.0 ], [ 77.34260883035158, 12.89013920874752, 0.0 ], [ 77.34185920151026, 12.89322186698168, 0.0 ], [ 77.341421086940954, 12.894297650351501, 0.0 ], [ 77.340880548854429, 12.896876127629961, 0.0 ], [ 77.340589049742661, 12.89783562069532, 0.0 ], [ 77.340110122495233, 12.89961171011881, 0.0 ], [ 77.339027322927222, 12.903510934213219, 0.0 ], [ 77.33850679808296, 12.905001195959461, 0.0 ], [ 77.336757536510603, 12.911472672551909, 0.0 ], [ 77.336549301629475, 12.912146353809771, 0.0 ], [ 77.336595497848009, 12.91233756150401, 0.0 ], [ 77.339316041484892, 12.923622205184939, 0.0 ], [ 77.336435023889635, 12.92840123559675, 0.0 ], [ 77.336050291012285, 12.932518191374321, 0.0 ], [ 77.335539495290405, 12.93798392903715, 0.0 ], [ 77.336747459044147, 12.940008509270291, 0.0 ], [ 77.338165811648153, 12.9410438921263, 0.0 ], [ 77.339055719185851, 12.9421084042924, 0.0 ], [ 77.339275075443894, 12.942825992886741, 0.0 ], [ 77.339480832045965, 12.94408431242287, 0.0 ], [ 77.339165048341258, 12.94463182063452, 0.0 ], [ 77.338372349431026, 12.94555255891634, 0.0 ], [ 77.337543139758267, 12.946030795700031, 0.0 ], [ 77.335835817106613, 12.947680889202831, 0.0 ], [ 77.334372484564312, 12.9485177863604, 0.0 ], [ 77.332982154539366, 12.95014399771118, 0.0 ], [ 77.332789765765128, 12.951990169538551, 0.0 ], [ 77.331932917203702, 12.95337280069284, 0.0 ], [ 77.331152119252124, 12.95552531776586, 0.0 ], [ 77.331005398528873, 12.957582278518069, 0.0 ], [ 77.330590508895511, 12.959136899798301, 0.0 ], [ 77.330541387886726, 12.96090685586837, 0.0 ], [ 77.330077625375694, 12.962915917034721, 0.0 ], [ 77.329007225199277, 12.964809753659081, 0.0 ], [ 77.328589455063593, 12.96542706604729, 0.0 ], [ 77.327467169943873, 12.967507748475001, 0.0 ], [ 77.32614969125234, 12.969899324957289, 0.0 ], [ 77.325612833650879, 12.97133432037559, 0.0 ], [ 77.325734596974939, 12.972171489968909, 0.0 ], [ 77.32617322707614, 12.973893706367409, 0.0 ], [ 77.326700227425022, 12.97474113454612, 0.0 ], [ 77.327050931675103, 12.975305072297409, 0.0 ], [ 77.328733303580535, 12.9776374530053, 0.0 ], [ 77.329782030412389, 12.97769745135807, 0.0 ], [ 77.331318504417212, 12.97796084399141, 0.0 ], [ 77.332330602410593, 12.978271969233541, 0.0 ], [ 77.33302562832921, 12.978654788585761, 0.0 ], [ 77.333525603768976, 12.978690755039221, 0.0 ], [ 77.334501180876202, 12.978678966933609, 0.0 ], [ 77.336053012711304, 12.97834885837028, 0.0 ], [ 77.337306111569831, 12.97778249741638, 0.0 ], [ 77.33763552745512, 12.976825814749301, 0.0 ], [ 77.33781870178494, 12.97529506464539, 0.0 ], [ 77.338053856768951, 12.97282403001515, 0.0 ], [ 77.339440956210169, 12.972915436844859, 0.0 ], [ 77.342306555115456, 12.97350186444022, 0.0 ], [ 77.343550285021607, 12.974219592118191, 0.0 ], [ 77.344659901348464, 12.97479378593896, 0.0 ], [ 77.34547693029856, 12.97481781252432, 0.0 ], [ 77.346830556943701, 12.9745429247258, 0.0 ], [ 77.34758664780945, 12.974279916296769, 0.0 ], [ 77.348184140006495, 12.97457896940252, 0.0 ], [ 77.348732834930942, 12.975045443787559, 0.0 ], [ 77.350013167083446, 12.97582294160393, 0.0 ], [ 77.351415542804872, 12.97581113837809, 0.0 ], [ 77.351842343083945, 12.97589489813063, 0.0 ], [ 77.352500813898828, 12.9762178665669, 0.0 ], [ 77.352756880812024, 12.976397282120519, 0.0 ], [ 77.353613430707355, 12.977537978669419, 0.0 ], [ 77.354341913033338, 12.97900454831318, 0.0 ], [ 77.355256338189804, 12.980834394136091, 0.0 ], [ 77.355475728200005, 12.982042294648981, 0.0 ], [ 77.355402468563696, 12.982975105574081, 0.0 ], [ 77.35531699909798, 12.984051426189639, 0.0 ], [ 77.355438835681682, 12.985223440572099, 0.0 ], [ 77.355902168183775, 12.98604866728475, 0.0 ], [ 77.357158240190174, 12.98625208545241, 0.0 ], [ 77.358060632310526, 12.986742489469449, 0.0 ], [ 77.358743478376383, 12.987687321636111, 0.0 ], [ 77.359426330594033, 12.98862019286382, 0.0 ], [ 77.360170185162772, 12.98927800559159, 0.0 ], [ 77.360731144788517, 12.98954114995972, 0.0 ], [ 77.361121391527959, 12.989553136855241, 0.0 ], [ 77.36175557889942, 12.9890508954664, 0.0 ], [ 77.362414139455424, 12.98876391780029, 0.0 ], [ 77.363304436684203, 12.9880225049515, 0.0 ], [ 77.364097155405275, 12.98746047098169, 0.0 ], [ 77.364938632323899, 12.987221335801641, 0.0 ], [ 77.365219109018881, 12.987412698200361, 0.0 ], [ 77.365487374566499, 12.987903040368909, 0.0 ], [ 77.365816570005009, 12.989230530018, 0.0 ], [ 77.36620675352826, 12.9904025518523, 0.0 ], [ 77.366596971138605, 12.991000531943101, 0.0 ], [ 77.367279895057507, 12.99125170816213, 0.0 ], [ 77.368292112345216, 12.991108243472519, 0.0 ], [ 77.36927992852462, 12.99116808053331, 0.0 ], [ 77.370731151710572, 12.99168237984405, 0.0 ], [ 77.371816520886384, 12.992136864023699, 0.0 ], [ 77.37201157892558, 12.994373239591109, 0.0 ], [ 77.371938382201066, 12.99515058477281, 0.0 ], [ 77.371304186960614, 12.99603554624052, 0.0 ], [ 77.370730932994363, 12.997853324003991, 0.0 ], [ 77.370291821281057, 12.999706983971191, 0.0 ], [ 77.370200330182797, 13.00032287937735, 0.0 ], [ 77.370581066832202, 13.001236248369031, 0.0 ], [ 77.371412342235999, 13.002671556487909, 0.0 ], [ 77.3713720535156, 13.00338226726781, 0.0 ], [ 77.370365380182179, 13.00436933368114, 0.0 ], [ 77.369479490164125, 13.00547485143924, 0.0 ], [ 77.369076790350107, 13.006461934896249, 0.0 ], [ 77.369237783010149, 13.00819923670894, 0.0 ], [ 77.369640382601688, 13.009778611136779, 0.0 ], [ 77.369676939830143, 13.011312455635229, 0.0 ], [ 77.369620165324321, 13.011863857079099, 0.0 ], [ 77.369690604783742, 13.012584441408819, 0.0 ], [ 77.3699120469159, 13.01325567680057, 0.0 ], [ 77.370304629571038, 13.013847950786589, 0.0 ], [ 77.37056635115141, 13.014250203176021, 0.0 ], [ 77.370969015552234, 13.01446737802141, 0.0 ], [ 77.373561772123352, 13.01452892371883, 0.0 ], [ 77.375534868980253, 13.01450922006136, 0.0 ], [ 77.375695932328554, 13.01486457778697, 0.0 ], [ 77.375957649027896, 13.016364971208629, 0.0 ], [ 77.376581766095214, 13.01893143628673, 0.0 ], [ 77.376783084132171, 13.02086615080121, 0.0 ], [ 77.37690388083297, 13.02171505658619, 0.0 ], [ 77.376863605398185, 13.02226783127162, 0.0 ], [ 77.376380374744613, 13.022939052301499, 0.0 ], [ 77.375937405070275, 13.02394588609739, 0.0 ], [ 77.375836701530844, 13.025999048658001, 0.0 ], [ 77.375756135016346, 13.0278350497255, 0.0 ], [ 77.375574907955468, 13.02876291870311, 0.0 ], [ 77.37587692719768, 13.0289011168157, 0.0 ], [ 77.376501116395616, 13.02809170487571, 0.0 ], [ 77.377286377272412, 13.02745997119295, 0.0 ], [ 77.378554866220341, 13.02670978440713, 0.0 ], [ 77.379279713347614, 13.026532108527681, 0.0 ], [ 77.380105233294572, 13.02665055976998, 0.0 ], [ 77.380830079988527, 13.026709782827879, 0.0 ], [ 77.382481116348231, 13.02647286651011, 0.0 ], [ 77.383850268433221, 13.026374137487959, 0.0 ], [ 77.384695919382011, 13.026275412930429, 0.0 ], [ 77.385601974291419, 13.02615694106591, 0.0 ], [ 77.386467756334881, 13.02599898436663, 0.0 ], [ 77.387575159820713, 13.026077920201701, 0.0 ], [ 77.388944317929926, 13.026216068102009, 0.0 ], [ 77.389145675670648, 13.02653193221888, 0.0 ], [ 77.38906517459516, 13.02751903320339, 0.0 ], [ 77.388995521557817, 13.028363158238101, 0.0 ], [ 77.388904946731259, 13.02923180645757, 0.0 ], [ 77.38910634494988, 13.03052489776748, 0.0 ], [ 77.389599658761639, 13.0307321690969, 0.0 ], [ 77.390143341578565, 13.0316402780694, 0.0 ], [ 77.390244105543943, 13.033703307778859, 0.0 ], [ 77.390284397029973, 13.034196854024341, 0.0 ], [ 77.390314658554459, 13.035549175791269, 0.0 ], [ 77.390334816092818, 13.03607233669247, 0.0 ], [ 77.390365054758789, 13.036871883253459, 0.0 ], [ 77.390455718195028, 13.03811562216309, 0.0 ], [ 77.390506092685158, 13.03891516904894, 0.0 ], [ 77.39060680346951, 13.039665358898549, 0.0 ], [ 77.390671773965536, 13.040584820951, 0.0 ], [ 77.390722140651278, 13.041196818643609, 0.0 ], [ 77.390973914782549, 13.04285513010224, 0.0 ], [ 77.391064561370584, 13.043615191059249, 0.0 ], [ 77.391165265222995, 13.04411860528432, 0.0 ], [ 77.391255914300118, 13.04490827883091, 0.0 ], [ 77.391417060791909, 13.046122399332519, 0.0 ], [ 77.391547997177682, 13.04717858595509, 0.0 ], [ 77.391668855995803, 13.048017613175309, 0.0 ], [ 77.391658836107126, 13.049024451718161, 0.0 ], [ 77.391658859503522, 13.04950812912549, 0.0 ], [ 77.391709232040625, 13.0501497383763, 0.0 ], [ 77.391699211760383, 13.05112696434113, 0.0 ], [ 77.39179992265268, 13.0517093459852, 0.0 ], [ 77.392373823910802, 13.05182776910819, 0.0 ], [ 77.392967860158919, 13.051926448508, 0.0 ], [ 77.393209505661602, 13.052015274848319, 0.0 ], [ 77.393491433179406, 13.052271904873709, 0.0 ], [ 77.393712954378159, 13.05256802118306, 0.0 ], [ 77.394017183419962, 13.052948097257319, 0.0 ], [ 77.393384904215523, 13.05293582581537, 0.0 ], [ 77.393146766264124, 13.05301366232497, 0.0 ], [ 77.392769739027926, 13.05361682099346, 0.0 ], [ 77.392194263235311, 13.054356182221859, 0.0 ], [ 77.391638623379706, 13.0549593481597, 0.0 ], [ 77.391023430320175, 13.05527067410584, 0.0 ], [ 77.390090715820421, 13.055757115391289, 0.0 ], [ 77.389257205261444, 13.05569878023859, 0.0 ], [ 77.387649717212412, 13.055484818434669, 0.0 ], [ 77.386756669316014, 13.05538756463646, 0.0 ], [ 77.386062077938846, 13.055348671203779, 0.0 ], [ 77.384791982683922, 13.055893469574119, 0.0 ], [ 77.383779873330468, 13.05645771605726, 0.0 ], [ 77.383025755484269, 13.05721651520809, 0.0 ], [ 77.382906695646469, 13.058208777821131, 0.0 ], [ 77.382880583249872, 13.059201267961679, 0.0 ], [ 77.382900440191762, 13.06001842352094, 0.0 ], [ 77.383127508915663, 13.062357006843211, 0.0 ], [ 77.382827523158866, 13.06379910287979, 0.0 ], [ 77.382730754309975, 13.06441578781579, 0.0 ], [ 77.382779151251313, 13.06503247099192, 0.0 ], [ 77.38292190642251, 13.065729796207011, 0.0 ], [ 77.383071918394037, 13.06628955369453, 0.0 ], [ 77.383323549244039, 13.066915721257249, 0.0 ], [ 77.383652600693878, 13.06740906316449, 0.0 ], [ 77.384123908019887, 13.067869567282409, 0.0 ], [ 77.384520703502403, 13.06814469586865, 0.0 ], [ 77.385149761403923, 13.06822058311058, 0.0 ], [ 77.385730431999775, 13.068353393478199, 0.0 ], [ 77.387182113725245, 13.0686854152697, 0.0 ], [ 77.388149913805719, 13.06923565711419, 0.0 ], [ 77.389369348831394, 13.06991870951191, 0.0 ], [ 77.391256559059443, 13.070497364183209, 0.0 ], [ 77.392456610291788, 13.07039294541082, 0.0 ], [ 77.393217942798188, 13.070451063458879, 0.0 ], [ 77.394352158178364, 13.070650173343139, 0.0 ], [ 77.395346560144901, 13.07096205442793, 0.0 ], [ 77.39622165818993, 13.07156638484209, 0.0 ], [ 77.397713358118708, 13.073203972014671, 0.0 ], [ 77.398389528245389, 13.07298946374452, 0.0 ], [ 77.399204906470686, 13.07269695904326, 0.0 ], [ 77.400278830024533, 13.07248241607571, 0.0 ], [ 77.401312999664469, 13.07252132397098, 0.0 ], [ 77.402148298990369, 13.07265772592403, 0.0 ], [ 77.403818918481434, 13.073105988893291, 0.0 ], [ 77.404813322751565, 13.07322287069813, 0.0 ], [ 77.406185603960424, 13.07339819909113, 0.0 ], [ 77.406921466447088, 13.073495604385879, 0.0 ], [ 77.407457406267056, 13.07355548341917, 0.0 ], [ 77.409474784577824, 13.073563786467499, 0.0 ], [ 77.411443686893605, 13.073583047428411, 0.0 ], [ 77.413074462506358, 13.073348886168031, 0.0 ], [ 77.414148265336848, 13.072334937582889, 0.0 ], [ 77.415023227550137, 13.071632953441281, 0.0 ], [ 77.415666990664349, 13.070928560939549, 0.0 ], [ 77.415898161734674, 13.07077499536538, 0.0 ], [ 77.416005052401388, 13.070733551105709, 0.0 ], [ 77.417661256685108, 13.07031475171598, 0.0 ], [ 77.418934027601892, 13.070080604816001, 0.0 ], [ 77.420882954364387, 13.069729368297519, 0.0 ], [ 77.422473980880355, 13.069846086381959, 0.0 ], [ 77.423702114429929, 13.070269923105799, 0.0 ], [ 77.424463169337955, 13.072224294199239, 0.0 ], [ 77.426015248087353, 13.07666916946517, 0.0 ], [ 77.426691837197566, 13.078735650090071, 0.0 ], [ 77.428084924730697, 13.08337550247561, 0.0 ], [ 77.428775757035297, 13.086028462206951, 0.0 ], [ 77.428835508185088, 13.08645736794783, 0.0 ], [ 77.428000212410623, 13.08665248840019, 0.0 ], [ 77.425872191035424, 13.08715978177058, 0.0 ], [ 77.423943013312979, 13.087452564220261, 0.0 ], [ 77.423485532461939, 13.08725767964726, 0.0 ], [ 77.422789196773223, 13.0859905412385, 0.0 ], [ 77.421436799051534, 13.08626371123337, 0.0 ], [ 77.42048217752135, 13.08653681257347, 0.0 ], [ 77.420064604691959, 13.087121765742969, 0.0 ], [ 77.420999914474223, 13.090280009790421, 0.0 ], [ 77.421358082239749, 13.09123526750659, 0.0 ], [ 77.417862742238029, 13.092561554975919, 0.0 ], [ 77.416878267983193, 13.09290288316631, 0.0 ], [ 77.415954334630086, 13.09320093226499, 0.0 ], [ 77.417323982174821, 13.09537945099013, 0.0 ], [ 77.418517679307129, 13.097406882258189, 0.0 ], [ 77.418756431077284, 13.097874756026521, 0.0 ], [ 77.418816186297533, 13.098420641231201, 0.0 ], [ 77.41875658472965, 13.098849567214049, 0.0 ], [ 77.417085983017159, 13.099844124219571, 0.0 ], [ 77.415773297346277, 13.1002147400848, 0.0 ], [ 77.415496623372746, 13.10181347021193, 0.0 ], [ 77.415914501389423, 13.10307091875698, 0.0 ], [ 77.416640710142588, 13.104503787405511, 0.0 ], [ 77.417903813093872, 13.10492277147771, 0.0 ], [ 77.415815408436984, 13.105517708815819, 0.0 ], [ 77.414651853357327, 13.10577132019392, 0.0 ], [ 77.413508156535727, 13.10581046634716, 0.0 ], [ 77.412831896476419, 13.10592753213654, 0.0 ], [ 77.411648456303155, 13.106259118613931, 0.0 ], [ 77.410698708641917, 13.106444448570629, 0.0 ], [ 77.408928530312878, 13.10710752799053, 0.0 ], [ 77.407834626663302, 13.107790018669579, 0.0 ], [ 77.406402575627467, 13.10847253900655, 0.0 ], [ 77.404234602127417, 13.109584040639559, 0.0 ], [ 77.401632776300872, 13.11110802875578, 0.0 ], [ 77.4008741771937, 13.1117100381657, 0.0 ], [ 77.400555956295833, 13.112119485245669, 0.0 ], [ 77.400307306628534, 13.112427969876229, 0.0 ], [ 77.40039936241169, 13.112680013999, 0.0 ], [ 77.400558575013633, 13.113674307716961, 0.0 ], [ 77.400707859466749, 13.114863565052611, 0.0 ], [ 77.40088694842666, 13.115643399613569, 0.0 ], [ 77.401125724842373, 13.116579197620821, 0.0 ], [ 77.401215300078718, 13.117310297511089, 0.0 ], [ 77.401308613279483, 13.11813644119475, 0.0 ], [ 77.401007749429766, 13.11807797803935, 0.0 ], [ 77.392721864850145, 13.115027377669319, 0.0 ], [ 77.392721910239246, 13.11588521159022, 0.0 ], [ 77.392920918607743, 13.117639860223409, 0.0 ], [ 77.393378467837294, 13.118478174173379, 0.0 ], [ 77.394054833878144, 13.11943345029027, 0.0 ], [ 77.39455725317687, 13.119300499341341, 0.0 ], [ 77.395912394115058, 13.11884502176305, 0.0 ], [ 77.397073955843055, 13.118693145889971, 0.0 ], [ 77.397553455463949, 13.123512714456851, 0.0 ], [ 77.399911764141095, 13.12386831666673, 0.0 ], [ 77.400250565512053, 13.12389675136385, 0.0 ], [ 77.401049164101508, 13.123899058260241, 0.0 ], [ 77.401332304301988, 13.123915636500939, 0.0 ], [ 77.402135746693133, 13.12397011963195, 0.0 ], [ 77.402876138562462, 13.12401701924906, 0.0 ], [ 77.404108956020934, 13.124045245936239, 0.0 ], [ 77.404650990497927, 13.123608772940299, 0.0 ], [ 77.404786490851777, 13.123417515403769, 0.0 ], [ 77.405870633618704, 13.123314542019671, 0.0 ], [ 77.406180377247651, 13.123172198675681, 0.0 ], [ 77.407487156964962, 13.12306769776216, 0.0 ], [ 77.408174472051442, 13.123399682427349, 0.0 ], [ 77.40859401661622, 13.12370323204739, 0.0 ], [ 77.408594245292818, 13.12565000527762, 0.0 ], [ 77.409037307265166, 13.12600521114414, 0.0 ], [ 77.411172121725016, 13.128057553955481, 0.0 ], [ 77.412963630808179, 13.132021896328251, 0.0 ], [ 77.413037526613934, 13.13225132320331, 0.0 ], [ 77.413172238036267, 13.13253995210513, 0.0 ], [ 77.414188316402274, 13.13522644645443, 0.0 ], [ 77.414893307945491, 13.13635133077544, 0.0 ], [ 77.415819835054734, 13.13753539089123, 0.0 ], [ 77.416988132946486, 13.139390453023861, 0.0 ], [ 77.417203245640493, 13.139660256422321, 0.0 ], [ 77.417686698208115, 13.14050885342491, 0.0 ], [ 77.418482327720355, 13.14152516298422, 0.0 ], [ 77.419439145810671, 13.142995383657979, 0.0 ], [ 77.42000358496432, 13.143713990035071, 0.0 ], [ 77.422799229582765, 13.1476773171562, 0.0 ], [ 77.425095779981575, 13.15146632216071, 0.0 ], [ 77.427110424261699, 13.155136937159901, 0.0 ], [ 77.428440283356906, 13.158373466263219, 0.0 ], [ 77.429246263280788, 13.160277878593019, 0.0 ], [ 77.43025089848777, 13.16199627978024, 0.0 ], [ 77.430978943645655, 13.16331694824491, 0.0 ], [ 77.431361767784082, 13.164066856213401, 0.0 ], [ 77.431793700052836, 13.165085954005029, 0.0 ], [ 77.432929266938274, 13.16538548427865, 0.0 ], [ 77.434983712270892, 13.165898195657009, 0.0 ], [ 77.435658455233749, 13.166055940616101, 0.0 ], [ 77.436655449852097, 13.16621361232815, 0.0 ], [ 77.438236556137156, 13.16651917001678, 0.0 ], [ 77.439082441198238, 13.166440029520979, 0.0 ], [ 77.440260609444479, 13.16621278481005, 0.0 ], [ 77.440726358982815, 13.16621020620936, 0.0 ], [ 77.442458456731757, 13.166249261553119, 0.0 ], [ 77.443626701761559, 13.166604227543321, 0.0 ], [ 77.445036427926638, 13.166169670257529, 0.0 ], [ 77.446065929927769, 13.16548849829973, 0.0 ], [ 77.447435369222376, 13.165073674378229, 0.0 ], [ 77.448277026378335, 13.16502930487856, 0.0 ], [ 77.448837588120242, 13.16485619850504, 0.0 ], [ 77.450992376335947, 13.16402667774288, 0.0 ], [ 77.452543015210964, 13.16345388566735, 0.0 ], [ 77.456470084373905, 13.162505389387711, 0.0 ], [ 77.458926929549207, 13.16167571167802, 0.0 ], [ 77.46066720738385, 13.160763916330881, 0.0 ], [ 77.460942664984131, 13.16127695912204, 0.0 ], [ 77.4616075596971, 13.16208594142795, 0.0 ], [ 77.463541044527346, 13.16215439348521, 0.0 ], [ 77.466672915331273, 13.16234084631051, 0.0 ], [ 77.467881374852496, 13.16246871946162, 0.0 ], [ 77.468218991265999, 13.16320872002245, 0.0 ], [ 77.468035523363042, 13.164077184318559, 0.0 ], [ 77.467915182939464, 13.16547851313439, 0.0 ], [ 77.467835299604872, 13.16737323649132, 0.0 ], [ 77.467715197253654, 13.169445601475861, 0.0 ], [ 77.467876670694224, 13.17041263000927, 0.0 ], [ 77.468279915052406, 13.17159667623741, 0.0 ], [ 77.468844371239882, 13.17299776555018, 0.0 ], [ 77.469267953214057, 13.17469494947278, 0.0 ], [ 77.470396787398229, 13.17720107474489, 0.0 ], [ 77.471847853118845, 13.17954918803785, 0.0 ], [ 77.473250912207845, 13.18137922930198, 0.0 ], [ 77.473759713164483, 13.181956332244299, 0.0 ], [ 77.473976383146805, 13.18250367287296, 0.0 ], [ 77.474235898127901, 13.18282455803144, 0.0 ], [ 77.474820335563265, 13.183653270908801, 0.0 ], [ 77.475131160601904, 13.18411910192904, 0.0 ], [ 77.47533296816836, 13.18434878704017, 0.0 ], [ 77.475601941974219, 13.184679785345409, 0.0 ], [ 77.475941544933065, 13.185725171734029, 0.0 ], [ 77.476284535359795, 13.18718553437952, 0.0 ], [ 77.476708294892418, 13.189139276738061, 0.0 ], [ 77.477007562383008, 13.191687948008131, 0.0 ], [ 77.4774241392509, 13.194807797228449, 0.0 ], [ 77.478048318299216, 13.197724086284939, 0.0 ], [ 77.478360603857951, 13.19965701350702, 0.0 ], [ 77.478395461855598, 13.20026743585816, 0.0 ], [ 77.477703497257707, 13.200979877215669, 0.0 ], [ 77.477703836173802, 13.20182770515421, 0.0 ], [ 77.477981253567449, 13.203116296288441, 0.0 ], [ 77.478258565184959, 13.204133582845481, 0.0 ], [ 77.478328159828493, 13.20504920953119, 0.0 ], [ 77.478086329891411, 13.20620234834103, 0.0 ], [ 77.474417324363785, 13.206203734632631, 0.0 ], [ 77.474274772648982, 13.208556561640091, 0.0 ], [ 77.47417646820081, 13.20993426398921, 0.0 ], [ 77.474176978161879, 13.211256875432619, 0.0 ], [ 77.474455189211085, 13.212417204018919, 0.0 ], [ 77.474546378889571, 13.212803491041321, 0.0 ], [ 77.474772654314961, 13.21342258268783, 0.0 ], [ 77.475108504788309, 13.2147761301276, 0.0 ], [ 77.47572267838369, 13.21642100664484, 0.0 ], [ 77.475796083405314, 13.216894566939811, 0.0 ], [ 77.476640915322264, 13.218525796092569, 0.0 ], [ 77.476936577360789, 13.219077432102081, 0.0 ], [ 77.477578246389101, 13.22020706845634, 0.0 ], [ 77.478321615765722, 13.22129125492966, 0.0 ], [ 77.478336357091237, 13.221316970279871, 0.0 ], [ 77.478802529482323, 13.22213013628004, 0.0 ], [ 77.479914377656698, 13.22339520500306, 0.0 ], [ 77.47993351957966, 13.223392567915271, 0.0 ], [ 77.481133292213386, 13.223227226346269, 0.0 ], [ 77.481820569596508, 13.223028092063529, 0.0 ], [ 77.485433354881323, 13.22243319955604, 0.0 ], [ 77.486221305026376, 13.22230344597839, 0.0 ], [ 77.486733391899406, 13.222366505397879, 0.0 ], [ 77.487965111416031, 13.22239310290572, 0.0 ], [ 77.488854926639291, 13.22294507040063, 0.0 ], [ 77.490039747225765, 13.22327275917938, 0.0 ], [ 77.491899043228486, 13.22369226440158, 0.0 ], [ 77.492624680256355, 13.22403840833841, 0.0 ], [ 77.494557876242652, 13.224629601918259, 0.0 ], [ 77.498900867864663, 13.22716577947719, 0.0 ], [ 77.499534168085688, 13.22686434517799, 0.0 ], [ 77.50094418734308, 13.225829423959141, 0.0 ], [ 77.501766413959345, 13.22576079437996, 0.0 ], [ 77.502847054086729, 13.225669275774671, 0.0 ], [ 77.50366934982867, 13.2254625547377, 0.0 ], [ 77.504632615487949, 13.22520987173294, 0.0 ], [ 77.505650285766549, 13.225163996655491, 0.0 ], [ 77.506498618428949, 13.22883113597225, 0.0 ], [ 77.506925799896223, 13.22887862726016, 0.0 ], [ 77.507161942423409, 13.228842180509821, 0.0 ], [ 77.507678742555655, 13.22886544220451, 0.0 ], [ 77.508147387737552, 13.228813044412121, 0.0 ], [ 77.508812243008833, 13.2288481051944, 0.0 ], [ 77.51097353430292, 13.228688018355699, 0.0 ], [ 77.51144341826047, 13.228573165304031, 0.0 ], [ 77.511537981992191, 13.227330448423309, 0.0 ], [ 77.511538402099305, 13.226455912469291, 0.0 ], [ 77.511609173700563, 13.22583456521237, 0.0 ], [ 77.511632985963317, 13.22516716658704, 0.0 ], [ 77.511962192055307, 13.22447689506914, 0.0 ], [ 77.513207456098385, 13.223971155513579, 0.0 ], [ 77.515040396763084, 13.22259113588929, 0.0 ], [ 77.516802675957891, 13.22157929807371, 0.0 ], [ 77.517930608572158, 13.22075128442351, 0.0 ], [ 77.518353649467315, 13.22029118669132, 0.0 ], [ 77.517964047126839, 13.21867135682268, 0.0 ], [ 77.518354669917471, 13.21803580427553, 0.0 ], [ 77.51924771375316, 13.21712713220926, 0.0 ], [ 77.519553346337887, 13.216551911782609, 0.0 ], [ 77.51996476997364, 13.2157811155821, 0.0 ], [ 77.520082420860717, 13.21533239042115, 0.0 ], [ 77.520411344702723, 13.21519444576229, 0.0 ], [ 77.520834283951373, 13.214929964007, 0.0 ], [ 77.521010602343267, 13.214607840639459, 0.0 ], [ 77.520963912549348, 13.213951919051381, 0.0 ], [ 77.520564888192197, 13.213261324972329, 0.0 ], [ 77.519943112729038, 13.211673085338081, 0.0 ], [ 77.519120979670205, 13.211649717678959, 0.0 ], [ 77.519027630429079, 13.21029184331856, 0.0 ], [ 77.518943446559831, 13.20913202508267, 0.0 ], [ 77.519627080883993, 13.2092564662813, 0.0 ], [ 77.519720827938229, 13.20972829574751, 0.0 ], [ 77.519720514646551, 13.210430226788411, 0.0 ], [ 77.519931660323223, 13.21101717800715, 0.0 ], [ 77.520389679014116, 13.211086415874989, 0.0 ], [ 77.520859539826333, 13.21093702364864, 0.0 ], [ 77.521305916560223, 13.21077611392278, 0.0 ], [ 77.521928454492709, 13.21063829189403, 0.0 ], [ 77.522269070546358, 13.21060391343287, 0.0 ], [ 77.522327920016608, 13.210316261442401, 0.0 ], [ 77.522316415867863, 13.209763917643629, 0.0 ], [ 77.522492804332771, 13.209269187374151, 0.0 ], [ 77.522331699262409, 13.208783675945931, 0.0 ], [ 77.522328593019779, 13.208774314638211, 0.0 ], [ 77.522974414889759, 13.20909678154818, 0.0 ], [ 77.523091848348841, 13.209131352306001, 0.0 ], [ 77.523126837599662, 13.209695213364119, 0.0 ], [ 77.523028111139936, 13.210535907239761, 0.0 ], [ 77.522115919109183, 13.2116740053826, 0.0 ], [ 77.522068426918167, 13.21284770674403, 0.0 ], [ 77.521997554182519, 13.213768241703679, 0.0 ], [ 77.522114743156166, 13.21436665874808, 0.0 ], [ 77.523054046157981, 13.21505747425096, 0.0 ], [ 77.524298411892914, 13.21648486426019, 0.0 ], [ 77.524955237612687, 13.218602432990361, 0.0 ], [ 77.52556557960348, 13.21956927461987, 0.0 ], [ 77.52596464822615, 13.220213831644511, 0.0 ], [ 77.526575028110742, 13.221111628535979, 0.0 ], [ 77.529441007151718, 13.220836596013941, 0.0 ], [ 77.530874040681468, 13.22058399786043, 0.0 ], [ 77.532542141232923, 13.219917226588111, 0.0 ], [ 77.534303989502632, 13.21977980353026, 0.0 ], [ 77.536535838813165, 13.219136229189321, 0.0 ], [ 77.536864749399854, 13.219021277438239, 0.0 ], [ 77.537334101742999, 13.22024119541943, 0.0 ], [ 77.537521285505491, 13.222220476615529, 0.0 ], [ 77.538178309268559, 13.224153897731981, 0.0 ], [ 77.53862399891112, 13.22588011631945, 0.0 ], [ 77.540714725505893, 13.225846329532089, 0.0 ], [ 77.541560262590352, 13.226249368072709, 0.0 ], [ 77.542135445211684, 13.227239172321831, 0.0 ], [ 77.542733898977033, 13.228861870829469, 0.0 ], [ 77.54329702726703, 13.23076072519282, 0.0 ], [ 77.543343387580137, 13.232532827205389, 0.0 ], [ 77.543202329339962, 13.2328377166988, 0.0 ], [ 77.545482705921131, 13.23225305501426, 0.0 ], [ 77.547937758143931, 13.23177055407697, 0.0 ], [ 77.549241628453856, 13.23152931877096, 0.0 ], [ 77.54942948304182, 13.231771025156149, 0.0 ], [ 77.549617255437965, 13.23226588730801, 0.0 ], [ 77.550251310156895, 13.232956508629099, 0.0 ], [ 77.550521441335206, 13.233037141044999, 0.0 ], [ 77.550932651659238, 13.232715070257401, 0.0 ], [ 77.551637496908086, 13.232427610145249, 0.0 ] ] ] ] } }
]
}
