{
"type": "FeatureCollection",
"name": "crash-points",
"crs": { "type": "name", "properties": { "name": "urn:ogc:def:crs:OGC:1.3:CRS84" } },
"features": [
{ "type": "Feature", "properties": { "Unique ID": "1_141/2022", "Year": 2022, "Tag": "Unique", "SL No": 1, "Traffic ps": "Banasawadi tr ps", "Cr no": "141/2022", "Latitude": 13.025427, "Longitude": 77.641067, "Location of Black spot": "Infront of croma show room outer ring road", "Date (DD/MM/YYYY)": "11/11/2022", "Time ( in 24 hours)": "23:00:00", "Fatal": "1", "GI": null, "MI": null, "Severity": "Fatal", "Crash Category": "Vehicle-Pedestrian", "Accused": "Vehicle", "Victim": "Pedestrian", "Vehicles Involved": "Vehicle and Pedestrian", "Type of Crash": "Hit from Back", "Cause of Crash": "Rash and Negligent" }, "geometry": { "type": "Point", "coordinates": [ 77.641067, 13.025427 ] } },
{ "type": "Feature", "properties": { "Unique ID": "2_152/2022", "Year": 2022, "Tag": "Unique", "SL No": 2, "Traffic ps": "Banasawadi tr ps", "Cr no": "152/2022", "Latitude": 13.022795, "Longitude": 77.647446, "Location of Black spot": "Near Ganesh temple Babusapalya service road ", "Date (DD/MM/YYYY)": "06/12/2022", "Time ( in 24 hours)": "07:29:00", "Fatal": null, "GI": 1, "MI": null, "Severity": "Non-Fatal", "Crash Category": "Vehicle-Vehicle", "Accused": "Bus and Canter", "Victim": "2W", "Vehicles Involved": "Bus and Canter and 2W", "Type of Crash": "Hit from Back", "Cause of Crash": "Rash and Negligent" }, "geometry": { "type": "Point", "coordinates": [ 77.647446, 13.022795 ] } },
{ "type": "Feature", "properties": { "Unique ID": "3_20/2022", "Year": 2022, "Tag": "Legitimate", "SL No": 3, "Traffic ps": "Halasuru Tr", "Cr no": "20/2022", "Latitude": 12.947462, "Longitude": 77.640802, "Location of Black spot": "DELL TO AIRVIEW JUNCTION KORMANGALA INNER RING ROAD", "Date (DD/MM/YYYY)": "25/03/2022", "Time ( in 24 hours)": "15:30:00", "Fatal": null, "GI": 1, "MI": null, "Severity": "Non-Fatal", "Crash Category": "Vehicle-Pedestrian", "Accused": "Vehicle", "Victim": "Pedestrian", "Vehicles Involved": "Vehicle and Pedestrian", "Type of Crash": "Hit from Side", "Cause of Crash": "Rash and Negligent" }, "geometry": { "type": "Point", "coordinates": [ 77.640802, 12.947462 ] } },
{ "type": "Feature", "properties": { "Unique ID": "4_47/2022", "Year": 2022, "Tag": "Unique", "SL No": 4, "Traffic ps": "Halasuru Tr", "Cr no": "47/2022", "Latitude": 12.954604, "Longitude": 77.641388, "Location of Black spot": "DELL TO AIRVIEW JUNCTION KORMANGALA INNER RING ROAD", "Date (DD/MM/YYYY)": "08/05/2022", "Time ( in 24 hours)": null, "Fatal": "1", "GI": null, "MI": null, "Severity": "Fatal", "Crash Category": "Vehicle-Pedestrian", "Accused": "Vehicle", "Victim": "Pedestrian", "Vehicles Involved": "Vehicle and Pedestrian", "Type of Crash": "Hit from Side", "Cause of Crash": "Rash and Negligent" }, "geometry": { "type": "Point", "coordinates": [ 77.641388, 12.954604 ] } },
{ "type": "Feature", "properties": { "Unique ID": "5_53/2022", "Year": 2022, "Tag": "Legitimate", "SL No": 5, "Traffic ps": "Halasuru Tr", "Cr no": "53/2022", "Latitude": 12.954554, "Longitude": 77.64131, "Location of Black spot": "DELL TO AIRVIEW JUNCTION KORMANGALA INNER RING ROAD", "Date (DD/MM/YYYY)": "01/06/2022", "Time ( in 24 hours)": "01:30:00", "Fatal": "1", "GI": null, "MI": null, "Severity": "Fatal", "Crash Category": "Self Accident", "Accused": "Object", "Victim": "2W", "Vehicles Involved": "Object and 2W", "Type of Crash": "Hit Fixed Object", "Cause of Crash": "Rash and Negligent" }, "geometry": { "type": "Point", "coordinates": [ 77.64131, 12.954554 ] } },
{ "type": "Feature", "properties": { "Unique ID": "6_90/2022", "Year": 2022, "Tag": "Legitimate", "SL No": 6, "Traffic ps": "Halasuru Tr", "Cr no": "90/2022", "Latitude": 12.954892, "Longitude": 77.641422, "Location of Black spot": "DELL TO AIRVIEW JUNCTION KORMANGALA INNER RING ROAD", "Date (DD/MM/YYYY)": "09/07/2022", "Time ( in 24 hours)": "15:15:00", "Fatal": null, "GI": 1, "MI": null, "Severity": "Non-Fatal", "Crash Category": "Self Accident", "Accused": "Object", "Victim": "3W", "Vehicles Involved": "Object and 3W", "Type of Crash": "Hit Fixed Object", "Cause of Crash": "Rash and Negligent" }, "geometry": { "type": "Point", "coordinates": [ 77.641422, 12.954892 ] } },
{ "type": "Feature", "properties": { "Unique ID": "7_128/2022", "Year": 2022, "Tag": "Legitimate", "SL No": 7, "Traffic ps": "Halasuru Tr", "Cr no": "128/2022", "Latitude": 12.953197, "Longitude": 77.640644, "Location of Black spot": "DELL TO AIRVIEW JUNCTION KORMANGALA INNER RING ROAD", "Date (DD/MM/YYYY)": "17/12/2022", "Time ( in 24 hours)": "23:40:00", "Fatal": null, "GI": null, "MI": 1, "Severity": "Non-Fatal", "Crash Category": "Vehicle-Vehicle", "Accused": "Vehicle", "Victim": "2W", "Vehicles Involved": "Vehicle and 2W", "Type of Crash": "Head-On", "Cause of Crash": "Rash and Negligent" }, "geometry": { "type": "Point", "coordinates": [ 77.640644, 12.953197 ] } },
{ "type": "Feature", "properties": { "Unique ID": "8_15/2022", "Year": 2022, "Tag": "Legitimate", "SL No": 8, "Traffic ps": "Halasuru Tr", "Cr no": "15/2022", "Latitude": 12.962272, "Longitude": 77.628438, "Location of Black spot": "Commando Hospital TO Aralikatte Junction Old Airport Road", "Date (DD/MM/YYYY)": "19/02/2022", "Time ( in 24 hours)": "23:10:00", "Fatal": null, "GI": 1, "MI": null, "Severity": "Non-Fatal", "Crash Category": "Vehicle-Vehicle", "Accused": "Vehicle", "Victim": "2W", "Vehicles Involved": "Vehicle and 2W", "Type of Crash": "Hit from Back", "Cause of Crash": "Rash and Negligent" }, "geometry": { "type": "Point", "coordinates": [ 77.628438, 12.962272 ] } },
{ "type": "Feature", "properties": { "Unique ID": "9_98/2022", "Year": 2022, "Tag": "Unique", "SL No": 9, "Traffic ps": "Halasuru Tr", "Cr no": "98/2022", "Latitude": 12.961626, "Longitude": 77.633646, "Location of Black spot": "Commando Hospital TO Aralikatte Junction Old Airport Road", "Date (DD/MM/YYYY)": "04/10/2022", "Time ( in 24 hours)": "14:10:00", "Fatal": null, "GI": 1, "MI": null, "Severity": "Non-Fatal", "Crash Category": "Vehicle-Vehicle", "Accused": "Vehicle", "Victim": "2W", "Vehicles Involved": "Vehicle and 2W", "Type of Crash": "Hit from Back", "Cause of Crash": "Rash and Negligent" }, "geometry": { "type": "Point", "coordinates": [ 77.633646, 12.961626 ] } },
{ "type": "Feature", "properties": { "Unique ID": "10_99/2022", "Year": 2022, "Tag": "Legitimate", "SL No": 10, "Traffic ps": "Halasuru Tr", "Cr no": "99/2022", "Latitude": 12.962271, "Longitude": 77.628405, "Location of Black spot": "Commando Hospital TO Aralikatte Junction Old Airport Road", "Date (DD/MM/YYYY)": "23/09/2022", "Time ( in 24 hours)": "16:55:00", "Fatal": null, "GI": 1, "MI": null, "Severity": "Non-Fatal", "Crash Category": "Vehicle-Vehicle", "Accused": "Vehicle", "Victim": "2W", "Vehicles Involved": "Vehicle and 2W", "Type of Crash": "Hit from Back", "Cause of Crash": "Rash and Negligent" }, "geometry": { "type": "Point", "coordinates": [ 77.628405, 12.962271 ] } },
{ "type": "Feature", "properties": { "Unique ID": "11_118/2022", "Year": 2022, "Tag": "Legitimate", "SL No": 11, "Traffic ps": "Halasuru Tr", "Cr no": "118/2022", "Latitude": 12.96148, "Longitude": 77.635925, "Location of Black spot": "Commando Hospital TO Aralikatte Junction Old Airport Road", "Date (DD/MM/YYYY)": "13/12/2022", "Time ( in 24 hours)": "10:45:00", "Fatal": null, "GI": 1, "MI": null, "Severity": "Non-Fatal", "Crash Category": "Vehicle-Pedestrian", "Accused": "Vehicle", "Victim": "Pedestrian", "Vehicles Involved": "Vehicle and Pedestrian", "Type of Crash": "Hit from Side", "Cause of Crash": "Rash and Negligent" }, "geometry": { "type": "Point", "coordinates": [ 77.635925, 12.96148 ] } },
{ "type": "Feature", "properties": { "Unique ID": "12_77/2022", "Year": 2022, "Tag": "Unique", "SL No": 12, "Traffic ps": "J B NAGAR TR PS", "Cr no": "77/2022", "Latitude": null, "Longitude": null, "Location of Black spot": "Indiranagar 80 feet road and  100 feet road junction and  Old Madras Road", "Date (DD/MM/YYYY)": "17/09/2022", "Time ( in 24 hours)": "18:00:00", "Fatal": null, "GI": 1, "MI": null, "Severity": "Non-Fatal", "Crash Category": "Vehicle-Vehicle", "Accused": "Bus", "Victim": "2W", "Vehicles Involved": "Bus and 2W", "Type of Crash": "Hit from Back", "Cause of Crash": "Rash and Negligent" }, "geometry": null },
{ "type": "Feature", "properties": { "Unique ID": "13_002/2022", "Year": 2022, "Tag": "Legitimate", "SL No": 13, "Traffic ps": "J B NAGAR TR PS", "Cr no": "002/2022", "Latitude": 12.987363, "Longitude": 77.642875, "Location of Black spot": "GOLDEN ENCLAVE  APARTMENT OLD AIR PORT ROAD", "Date (DD/MM/YYYY)": "05/01/2022", "Time ( in 24 hours)": "06:30:00", "Fatal": null, "GI": 1, "MI": null, "Severity": "Non-Fatal", "Crash Category": "Vehicle-Vehicle", "Accused": "Vehicle", "Victim": "2W", "Vehicles Involved": "Vehicle and 2W", "Type of Crash": "Hit from Side", "Cause of Crash": "Rash and Negligent" }, "geometry": { "type": "Point", "coordinates": [ 77.642875, 12.987363 ] } },
{ "type": "Feature", "properties": { "Unique ID": "14_003/2022", "Year": 2022, "Tag": "Unique", "SL No": 14, "Traffic ps": "J B NAGAR TR PS", "Cr no": "003/2022", "Latitude": 12.987363, "Longitude": 77.642875, "Location of Black spot": "GOLDEN ENCLAVE  APARTMENT OLD AIR PORT ROAD", "Date (DD/MM/YYYY)": "14/01/2022", "Time ( in 24 hours)": "21:45:00", "Fatal": null, "GI": 1, "MI": null, "Severity": "Non-Fatal", "Crash Category": "Vehicle-Pedestrian", "Accused": "2W", "Victim": "Pedestrian", "Vehicles Involved": "2W and Pedestrian", "Type of Crash": "Hit from Side", "Cause of Crash": "Rash and Negligent" }, "geometry": { "type": "Point", "coordinates": [ 77.642875, 12.987363 ] } },
{ "type": "Feature", "properties": { "Unique ID": "15_66/2022", "Year": 2022, "Tag": "Legitimate", "SL No": 15, "Traffic ps": "J B NAGAR TR PS", "Cr no": "66/2022", "Latitude": 12.987363, "Longitude": 77.642875, "Location of Black spot": "GOLDEN ENCLAVE  APARTMENT OLD AIR PORT ROAD", "Date (DD/MM/YYYY)": "10/08/2022", "Time ( in 24 hours)": "08:40:00", "Fatal": "1", "GI": null, "MI": null, "Severity": "Fatal", "Crash Category": "Vehicle-Pedestrian", "Accused": "Bus", "Victim": "Pedestrian", "Vehicles Involved": "Bus and Pedestrian", "Type of Crash": "Hit from Back", "Cause of Crash": "Rash and Negligent" }, "geometry": { "type": "Point", "coordinates": [ 77.642875, 12.987363 ] } },
{ "type": "Feature", "properties": { "Unique ID": "16_95/2022", "Year": 2022, "Tag": "Legitimate", "SL No": 16, "Traffic ps": "J B NAGAR TR PS", "Cr no": "95/2022", "Latitude": 12.959584, "Longitude": 77.651464, "Location of Black spot": "GOLDEN ENCLAVE  APARTMENT OLD AIR PORT ROAD", "Date (DD/MM/YYYY)": "09/11/2022", "Time ( in 24 hours)": "12:00:00", "Fatal": "1", "GI": null, "MI": null, "Severity": "Fatal", "Crash Category": "Vehicle-Pedestrian", "Accused": "2W", "Victim": "Pedestrian", "Vehicles Involved": "2W and Pedestrian", "Type of Crash": "Hit from Side", "Cause of Crash": "Rash and Negligent" }, "geometry": { "type": "Point", "coordinates": [ 77.651464, 12.959584 ] } },
{ "type": "Feature", "properties": { "Unique ID": "17_96/2022", "Year": 2022, "Tag": "Legitimate", "SL No": 17, "Traffic ps": "J B NAGAR TR PS", "Cr no": "96/2022", "Latitude": 12.959584, "Longitude": 77.651464, "Location of Black spot": "GOLDEN ENCLAVE  APARTMENT OLD AIR PORT ROAD", "Date (DD/MM/YYYY)": "09/11/2022", "Time ( in 24 hours)": "20:20:00", "Fatal": "1", "GI": null, "MI": null, "Severity": "Fatal", "Crash Category": "Vehicle-Pedestrian", "Accused": "2W", "Victim": "Pedestrian", "Vehicles Involved": "2W and Pedestrian", "Type of Crash": "Hit from Side", "Cause of Crash": "Rash and Negligent" }, "geometry": { "type": "Point", "coordinates": [ 77.651464, 12.959584 ] } },
{ "type": "Feature", "properties": { "Unique ID": "18_46/2022", "Year": 2022, "Tag": "Legitimate", "SL No": 18, "Traffic ps": "J B NAGAR TR PS", "Cr no": "46/2022", "Latitude": 12.959584, "Longitude": 77.651464, "Location of Black spot": "OLD BYAPPANAHALLI PLEYOVER KALAPALLI MAIN ROAD", "Date (DD/MM/YYYY)": "02/06/2022", "Time ( in 24 hours)": "22:30:00", "Fatal": null, "GI": 1, "MI": null, "Severity": "Non-Fatal", "Crash Category": "Vehicle-Vehicle", "Accused": "Car", "Victim": "2W", "Vehicles Involved": "Car and 2W", "Type of Crash": "Head-On", "Cause of Crash": "Rash and Negligent" }, "geometry": { "type": "Point", "coordinates": [ 77.651464, 12.959584 ] } },
{ "type": "Feature", "properties": { "Unique ID": "19_60/2022", "Year": 2022, "Tag": "Legitimate", "SL No": 19, "Traffic ps": "J B NAGAR TR PS", "Cr no": "60/2022", "Latitude": 12.959584, "Longitude": 77.651464, "Location of Black spot": "OLD BYAPPANAHALLI PLEYOVER KALAPALLI MAIN ROAD", "Date (DD/MM/YYYY)": "14/07/2022", "Time ( in 24 hours)": "08:30:00", "Fatal": "1", "GI": null, "MI": null, "Severity": "Fatal", "Crash Category": "Vehicle-Pedestrian", "Accused": "2W", "Victim": "Pedestrian", "Vehicles Involved": "2W and Pedestrian", "Type of Crash": "Hit from Side", "Cause of Crash": "Rash and Negligent" }, "geometry": { "type": "Point", "coordinates": [ 77.651464, 12.959584 ] } },
{ "type": "Feature", "properties": { "Unique ID": "20_67/2022", "Year": 2022, "Tag": "Legitimate", "SL No": 20, "Traffic ps": "J B NAGAR TR PS", "Cr no": "67/2022", "Latitude": 12.990971, "Longitude": 77.643414, "Location of Black spot": "OLD BYAPPANAHALLI PLEYOVER KALAPALLI MAIN ROAD", "Date (DD/MM/YYYY)": "20/08/2022", "Time ( in 24 hours)": "07:30:00", "Fatal": "1", "GI": null, "MI": null, "Severity": "Fatal", "Crash Category": "Vehicle-Vehicle", "Accused": "Object", "Victim": "2W", "Vehicles Involved": "Object and 2W", "Type of Crash": "Hit Fixed Object", "Cause of Crash": "Rash and Negligent" }, "geometry": { "type": "Point", "coordinates": [ 77.643414, 12.990971 ] } },
{ "type": "Feature", "properties": { "Unique ID": "21_101/2022", "Year": 2022, "Tag": "Legitimate", "SL No": 21, "Traffic ps": "J B NAGAR TR PS", "Cr no": "101/2022", "Latitude": 12.990971, "Longitude": 77.643414, "Location of Black spot": "OLD BYAPPANAHALLI PLEYOVER KALAPALLI MAIN ROAD", "Date (DD/MM/YYYY)": "17/11/2022", "Time ( in 24 hours)": "19:30:00", "Fatal": null, "GI": 1, "MI": null, "Severity": "Non-Fatal", "Crash Category": "Vehicle-Vehicle", "Accused": "Vehicle", "Victim": "2W", "Vehicles Involved": "Vehicle and 2W", "Type of Crash": "Head-On", "Cause of Crash": "Rash and Negligent" }, "geometry": { "type": "Point", "coordinates": [ 77.643414, 12.990971 ] } },
{ "type": "Feature", "properties": { "Unique ID": "22_106/2022", "Year": 2022, "Tag": "Legitimate", "SL No": 22, "Traffic ps": "J B NAGAR TR PS", "Cr no": "106/2022", "Latitude": 12.990971, "Longitude": 77.643414, "Location of Black spot": "OLD BYAPPANAHALLI PLEYOVER KALAPALLI MAIN ROAD", "Date (DD/MM/YYYY)": "17/12/2202", "Time ( in 24 hours)": "01:00:00", "Fatal": null, "GI": null, "MI": null, "Severity": "Fatal", "Crash Category": "Vehicle-Vehicle", "Accused": "Object", "Victim": "2W", "Vehicles Involved": "Object and 2W", "Type of Crash": "Hit Fixed Object", "Cause of Crash": "Rash and Negligent" }, "geometry": { "type": "Point", "coordinates": [ 77.643414, 12.990971 ] } },
{ "type": "Feature", "properties": { "Unique ID": "23_52/2022", "Year": 2022, "Tag": "Legitimate", "SL No": 23, "Traffic ps": "KR Pura traffic ps", "Cr no": "52/2022", "Latitude": 13.02494, "Longitude": 77.71797, "Location of Black spot": "RTO office kr pura and  Medahalli", "Date (DD/MM/YYYY)": "25/03/2022", "Time ( in 24 hours)": "15:30:00", "Fatal": "1", "GI": null, "MI": null, "Severity": "Fatal", "Crash Category": "Vehicle-Pedestrian", "Accused": "Vehicle", "Victim": "Pedestrian", "Vehicles Involved": "Vehicle and Pedestrian", "Type of Crash": "N.D.A", "Cause of Crash": "Rash and Negligent" }, "geometry": { "type": "Point", "coordinates": [ 77.71797, 13.02494 ] } },
{ "type": "Feature", "properties": { "Unique ID": "24_83/2022", "Year": 2022, "Tag": "Legitimate", "SL No": 24, "Traffic ps": "KR Pura traffic ps", "Cr no": "83/2022", "Latitude": 13.02542, "Longitude": 77.71951, "Location of Black spot": "RTO office kr pura and  Medahalli", "Date (DD/MM/YYYY)": "15/05/2022", "Time ( in 24 hours)": "05:30:00", "Fatal": "1", "GI": null, "MI": null, "Severity": "Fatal", "Crash Category": "Vehicle-Vehicle", "Accused": "Vehicle", "Victim": "Vehicle", "Vehicles Involved": "Vehicle and Vehicle", "Type of Crash": "Hit from Back", "Cause of Crash": "Rash and Negligent" }, "geometry": { "type": "Point", "coordinates": [ 77.71951, 13.02542 ] } },
{ "type": "Feature", "properties": { "Unique ID": "25_96/2022", "Year": 2022, "Tag": "Legitimate", "SL No": 25, "Traffic ps": "KR Pura traffic ps", "Cr no": "96/2022", "Latitude": 13.02412, "Longitude": 77.71626, "Location of Black spot": "RTO office kr pura and  Medahalli", "Date (DD/MM/YYYY)": "04/06/2022", "Time ( in 24 hours)": "09:15:00", "Fatal": "1", "GI": null, "MI": null, "Severity": "Fatal", "Crash Category": "Vehicle-Vehicle", "Accused": "Vehicle", "Victim": "Vehicle", "Vehicles Involved": "Vehicle and Vehicle", "Type of Crash": "Hit from Back", "Cause of Crash": "Rash and Negligent" }, "geometry": { "type": "Point", "coordinates": [ 77.71626, 13.02412 ] } },
{ "type": "Feature", "properties": { "Unique ID": "26_242/2022", "Year": 2022, "Tag": "Unique", "SL No": 26, "Traffic ps": "KR Pura traffic ps", "Cr no": "242/2022", "Latitude": 13.00525, "Longitude": 77.68494, "Location of Black spot": "ITI hanging bridge and  KR Pura", "Date (DD/MM/YYYY)": "16/01/2022", "Time ( in 24 hours)": "15:00:00", "Fatal": "1", "GI": null, "MI": null, "Severity": "Fatal", "Crash Category": "Vehicle-Pedestrian", "Accused": "Lorry", "Victim": "Pedestrian", "Vehicles Involved": "Lorry and Pedestrian", "Type of Crash": "N.D.A", "Cause of Crash": "Rash and Negligent" }, "geometry": { "type": "Point", "coordinates": [ 77.68494, 13.00525 ] } },
{ "type": "Feature", "properties": { "Unique ID": "27_40/2022", "Year": 2022, "Tag": "Legitimate", "SL No": 27, "Traffic ps": "HAL AIRPORT TRPS", "Cr no": "40/2022", "Latitude": 12.978835, "Longitude": 77.641821, "Location of Black spot": "KARTHIK NAGARA JUNCTION \n TO KALAMANDIR  (OUTER RING ROAD)", "Date (DD/MM/YYYY)": "16/05/2022", "Time ( in 24 hours)": "00:05:00", "Fatal": "1", "GI": 1, "MI": null, "Severity": "Fatal", "Crash Category": "Vehicle-Vehicle", "Accused": "2W", "Victim": "2W", "Vehicles Involved": "2W and 2W", "Type of Crash": "Head-On", "Cause of Crash": "Rash and Negligent" }, "geometry": { "type": "Point", "coordinates": [ 77.641821, 12.978835 ] } },
{ "type": "Feature", "properties": { "Unique ID": "28_83/2022", "Year": 2022, "Tag": "Legitimate", "SL No": 28, "Traffic ps": "HAL AIRPORT TRPS", "Cr no": "83/2022", "Latitude": 12.968228, "Longitude": 77.701665, "Location of Black spot": "KARTHIK NAGARA JUNCTION \n TO KALAMANDIR  (OUTER RING ROAD)", "Date (DD/MM/YYYY)": "29/09/2022", "Time ( in 24 hours)": "04:00:00", "Fatal": "1", "GI": 1, "MI": null, "Severity": "Fatal", "Crash Category": "Vehicle-Vehicle", "Accused": "Lorry", "Victim": "Vehicle", "Vehicles Involved": "Lorry and Vehicle", "Type of Crash": "Hit from Back", "Cause of Crash": "Rash and Negligent" }, "geometry": { "type": "Point", "coordinates": [ 77.701665, 12.968228 ] } },
{ "type": "Feature", "properties": { "Unique ID": "29_49/2022", "Year": 2022, "Tag": "Legitimate", "SL No": 29, "Traffic ps": "HAL AIRPORT TRPS", "Cr no": "49/2022", "Latitude": 12.9960198, "Longitude": 77.70117, "Location of Black spot": "KARTHIK NAGARA JUNCTION \n TO KALAMANDIR  (OUTER RING ROAD)", "Date (DD/MM/YYYY)": "06/06/2022", "Time ( in 24 hours)": "17:30:00", "Fatal": null, "GI": 1, "MI": null, "Severity": "Non-Fatal", "Crash Category": "Vehicle-Vehicle", "Accused": "Bus", "Victim": "2W", "Vehicles Involved": "Bus and 2W", "Type of Crash": "Hit from Side", "Cause of Crash": "Rash and Negligent" }, "geometry": { "type": "Point", "coordinates": [ 77.70117, 12.9960198 ] } },
{ "type": "Feature", "properties": { "Unique ID": "30_67/2022", "Year": 2022, "Tag": "Legitimate", "SL No": 30, "Traffic ps": "HAL AIRPORT TRPS", "Cr no": "67/2022", "Latitude": 12.968228, "Longitude": 77.701665, "Location of Black spot": "KARTHIK NAGARA JUNCTION \n TO KALAMANDIR  (OUTER RING ROAD)", "Date (DD/MM/YYYY)": "03/08/2022", "Time ( in 24 hours)": "20:45:00", "Fatal": null, "GI": 1, "MI": null, "Severity": "Non-Fatal", "Crash Category": "Vehicle-Vehicle", "Accused": "Vehicle", "Victim": "Vehicle", "Vehicles Involved": "Vehicle and Vehicle", "Type of Crash": "Hit from Back", "Cause of Crash": "Rash and Negligent" }, "geometry": { "type": "Point", "coordinates": [ 77.701665, 12.968228 ] } },
{ "type": "Feature", "properties": { "Unique ID": "31_0076/2022", "Year": 2022, "Tag": "Legitimate", "SL No": 31, "Traffic ps": "HAL AIRPORT TRPS", "Cr no": "0076/2022", "Latitude": 12.968228, "Longitude": 77.701665, "Location of Black spot": "KARTHIK NAGARA JUNCTION \n TO KALAMANDIR  (OUTER RING ROAD)", "Date (DD/MM/YYYY)": "07/09/2022", "Time ( in 24 hours)": "10:30:00", "Fatal": null, "GI": 1, "MI": null, "Severity": "Non-Fatal", "Crash Category": "Vehicle-Vehicle", "Accused": "Bus", "Victim": "2W", "Vehicles Involved": "Bus and 2W", "Type of Crash": "N.D.A", "Cause of Crash": "Rash and Negligent" }, "geometry": { "type": "Point", "coordinates": [ 77.701665, 12.968228 ] } },
{ "type": "Feature", "properties": { "Unique ID": "32_0011/2022", "Year": 2022, "Tag": "Unique", "SL No": 32, "Traffic ps": "HAL AIRPORT TRPS", "Cr no": "0011/2022", "Latitude": 12.942925, "Longitude": 77.697919, "Location of Black spot": "JP MORGAN TO NEW HORIZON\n COLLEGEKADUBISANAHALLI\n (OUTER RING ROAD)", "Date (DD/MM/YYYY)": "03/02/2022", "Time ( in 24 hours)": "22:45:00", "Fatal": "1", "GI": null, "MI": null, "Severity": "Fatal", "Crash Category": "Vehicle-Vehicle", "Accused": "Self", "Victim": "2W", "Vehicles Involved": "Self and 2W", "Type of Crash": "Self", "Cause of Crash": "Rash and Negligent" }, "geometry": { "type": "Point", "coordinates": [ 77.697919, 12.942925 ] } },
{ "type": "Feature", "properties": { "Unique ID": "33_64/2022", "Year": 2022, "Tag": "Legitimate", "SL No": 33, "Traffic ps": "HAL AIRPORT TRPS", "Cr no": "64/2022", "Latitude": 12.942444, "Longitude": 77.697458, "Location of Black spot": "JP MORGAN TO NEW HORIZON\n COLLEGEKADUBISANAHALLI\n (OUTER RING ROAD)", "Date (DD/MM/YYYY)": "26/07/2022", "Time ( in 24 hours)": "14:45:00", "Fatal": "1", "GI": null, "MI": null, "Severity": "Fatal", "Crash Category": "Vehicle-Pedestrian", "Accused": "2W", "Victim": "Pedestrian", "Vehicles Involved": "2W and Pedestrian", "Type of Crash": "Head-On", "Cause of Crash": "Rash and Negligent" }, "geometry": { "type": "Point", "coordinates": [ 77.697458, 12.942444 ] } },
{ "type": "Feature", "properties": { "Unique ID": "34_15/2022", "Year": 2022, "Tag": "Legitimate", "SL No": 34, "Traffic ps": "HAL AIRPORT TRPS", "Cr no": "15/2022", "Latitude": 12.934325, "Longitude": 77.689754, "Location of Black spot": "JP MORGAN TO NEW HORIZON\n COLLEGEKADUBISANAHALLI\n (OUTER RING ROAD)", "Date (DD/MM/YYYY)": "15/02/2022", "Time ( in 24 hours)": "08:30:00", "Fatal": null, "GI": 1, "MI": null, "Severity": "Non-Fatal", "Crash Category": "Vehicle-Pedestrian", "Accused": "2W", "Victim": "Pedestrian", "Vehicles Involved": "2W and Pedestrian", "Type of Crash": "Head-On", "Cause of Crash": "Rash and Negligent" }, "geometry": { "type": "Point", "coordinates": [ 77.689754, 12.934325 ] } },
{ "type": "Feature", "properties": { "Unique ID": "35_16/2022", "Year": 2022, "Tag": "Legitimate", "SL No": 35, "Traffic ps": "HAL AIRPORT TRPS", "Cr no": "16/2022", "Latitude": 12.940635, "Longitude": 77.696108, "Location of Black spot": "JP MORGAN TO NEW HORIZON\n COLLEGEKADUBISANAHALLI\n (OUTER RING ROAD)", "Date (DD/MM/YYYY)": "24/02/2022", "Time ( in 24 hours)": "06:00:00", "Fatal": null, "GI": 1, "MI": null, "Severity": "Non-Fatal", "Crash Category": "Vehicle-Vehicle", "Accused": "Car", "Victim": "Vehicle", "Vehicles Involved": "Car and Vehicle", "Type of Crash": "Head-On", "Cause of Crash": "Rash and Negligent" }, "geometry": { "type": "Point", "coordinates": [ 77.696108, 12.940635 ] } },
{ "type": "Feature", "properties": { "Unique ID": "36_23/2022", "Year": 2022, "Tag": "Unique", "SL No": 36, "Traffic ps": "HAL AIRPORT TRPS", "Cr no": "23/2022", "Latitude": 12.942925, "Longitude": 77.697919, "Location of Black spot": "JP MORGAN TO NEW HORIZON\n COLLEGEKADUBISANAHALLI\n (OUTER RING ROAD)", "Date (DD/MM/YYYY)": "02/04/2022", "Time ( in 24 hours)": "13:45:00", "Fatal": null, "GI": 1, "MI": null, "Severity": "Non-Fatal", "Crash Category": "Vehicle-Vehicle", "Accused": "Canter", "Victim": "2W", "Vehicles Involved": "Canter and 2W", "Type of Crash": "Head-On", "Cause of Crash": "Rash and Negligent" }, "geometry": { "type": "Point", "coordinates": [ 77.697919, 12.942925 ] } },
{ "type": "Feature", "properties": { "Unique ID": "37_42/2022", "Year": 2022, "Tag": "Legitimate", "SL No": 37, "Traffic ps": "HAL AIRPORT TRPS", "Cr no": "42/2022", "Latitude": 12.942925, "Longitude": 77.697919, "Location of Black spot": "JP MORGAN TO NEW HORIZON\n COLLEGEKADUBISANAHALLI\n (OUTER RING ROAD)", "Date (DD/MM/YYYY)": "21/05/2022", "Time ( in 24 hours)": "18:00:00", "Fatal": null, "GI": 1, "MI": null, "Severity": "Non-Fatal", "Crash Category": "Vehicle-Pedestrian", "Accused": "2W", "Victim": "Pedestrian", "Vehicles Involved": "2W and Pedestrian", "Type of Crash": "Head-On", "Cause of Crash": "Rash and Negligent" }, "geometry": { "type": "Point", "coordinates": [ 77.697919, 12.942925 ] } },
{ "type": "Feature", "properties": { "Unique ID": "38_58/2022", "Year": 2022, "Tag": "Legitimate", "SL No": 38, "Traffic ps": "HAL AIRPORT TRPS", "Cr no": "58/2022", "Latitude": 12.934325, "Longitude": 77.699754, "Location of Black spot": "JP MORGAN TO NEW HORIZON\n COLLEGEKADUBISANAHALLI\n (OUTER RING ROAD)", "Date (DD/MM/YYYY)": "07/07/2022", "Time ( in 24 hours)": "14:30:00", "Fatal": null, "GI": 1, "MI": null, "Severity": "Non-Fatal", "Crash Category": "Vehicle-Vehicle", "Accused": "Car", "Victim": "2W", "Vehicles Involved": "Car and 2W", "Type of Crash": "Head-On", "Cause of Crash": "Rash and Negligent" }, "geometry": { "type": "Point", "coordinates": [ 77.699754, 12.934325 ] } },
{ "type": "Feature", "properties": { "Unique ID": "39_80/2022", "Year": 2022, "Tag": "Legitimate", "SL No": 39, "Traffic ps": "HAL AIRPORT TRPS", "Cr no": "80/2022", "Latitude": 12.936525, "Longitude": 77.663319, "Location of Black spot": "JP MORGAN TO NEW HORIZON\n COLLEGEKADUBISANAHALLI\n (OUTER RING ROAD)", "Date (DD/MM/YYYY)": "11/09/2022", "Time ( in 24 hours)": "14:00:00", "Fatal": null, "GI": 1, "MI": null, "Severity": "Non-Fatal", "Crash Category": "Vehicle-Vehicle", "Accused": "Car", "Victim": "2W", "Vehicles Involved": "Car and 2W", "Type of Crash": "Head-On", "Cause of Crash": "Rash and Negligent" }, "geometry": { "type": "Point", "coordinates": [ 77.663319, 12.936525 ] } },
{ "type": "Feature", "properties": { "Unique ID": "40_87/2022", "Year": 2022, "Tag": "Legitimate", "SL No": 40, "Traffic ps": "HAL AIRPORT TRPS", "Cr no": "87/2022", "Latitude": 12.942444, "Longitude": 77.697458, "Location of Black spot": "JP MORGAN TO NEW HORIZON\n COLLEGEKADUBISANAHALLI\n (OUTER RING ROAD)", "Date (DD/MM/YYYY)": "07/10/2022", "Time ( in 24 hours)": "03:00:00", "Fatal": null, "GI": 1, "MI": null, "Severity": "Non-Fatal", "Crash Category": "Vehicle-Vehicle", "Accused": "2W", "Victim": "Self", "Vehicles Involved": "2W and Self", "Type of Crash": "Skidding", "Cause of Crash": "Rash and Negligent" }, "geometry": { "type": "Point", "coordinates": [ 77.697458, 12.942444 ] } },
{ "type": "Feature", "properties": { "Unique ID": "41_16/2022", "Year": 2022, "Tag": "Legitimate", "SL No": 41, "Traffic ps": "WHITEFIELD", "Cr no": "16/2022", "Latitude": 12.926391, "Longitude": 77.738279, "Location of Black spot": "WHITEFIELD MN RD and  IMMADIHALLI JN TOWARDS SVASTHA HOSPITAL", "Date (DD/MM/YYYY)": "04/02/2022", "Time ( in 24 hours)": "18:30:00", "Fatal": null, "GI": 1, "MI": null, "Severity": "Non-Fatal", "Crash Category": "Vehicle-Pedestrian", "Accused": "2W", "Victim": "Pedestrian", "Vehicles Involved": "2W and Pedestrian", "Type of Crash": "N.D.A", "Cause of Crash": "Rash and Negligent" }, "geometry": { "type": "Point", "coordinates": [ 77.738279, 12.926391 ] } },
{ "type": "Feature", "properties": { "Unique ID": "42_36/2022", "Year": 2022, "Tag": "Legitimate", "SL No": 42, "Traffic ps": "WHITEFIELD", "Cr no": "36/2022", "Latitude": 12.965321, "Longitude": 77.748866, "Location of Black spot": "WHITEFIELD MN RD and  IMMADIHALLI JN TOWARDS SVASTHA HOSPITAL", "Date (DD/MM/YYYY)": "10/03/2022", "Time ( in 24 hours)": "15:15:00", "Fatal": null, "GI": 1, "MI": null, "Severity": "Non-Fatal", "Crash Category": "Vehicle-Vehicle", "Accused": "2W", "Victim": "2W", "Vehicles Involved": "2W and 2W", "Type of Crash": "Hit from Back", "Cause of Crash": "Rash and Negligent" }, "geometry": { "type": "Point", "coordinates": [ 77.748866, 12.965321 ] } },
{ "type": "Feature", "properties": { "Unique ID": "43_73/2022", "Year": 2022, "Tag": "Legitimate", "SL No": 43, "Traffic ps": "WHITEFIELD", "Cr no": "73/2022", "Latitude": 12.966801, "Longitude": 77.749385, "Location of Black spot": "WHITEFIELD MN RD and  IMMADIHALLI JN TOWARDS SVASTHA HOSPITAL", "Date (DD/MM/YYYY)": "22/05/2022", "Time ( in 24 hours)": "11:30:00", "Fatal": null, "GI": 1, "MI": null, "Severity": "Non-Fatal", "Crash Category": "Vehicle-Vehicle", "Accused": "Object", "Victim": "2W", "Vehicles Involved": "Object and 2W", "Type of Crash": "N.D.A", "Cause of Crash": "Rash and Negligent" }, "geometry": { "type": "Point", "coordinates": [ 77.749385, 12.966801 ] } },
{ "type": "Feature", "properties": { "Unique ID": "44_164/2022", "Year": 2022, "Tag": "Legitimate", "SL No": 44, "Traffic ps": "WHITEFIELD", "Cr no": "164/2022", "Latitude": 12.969668, "Longitude": 77.749891, "Location of Black spot": "WHITEFIELD MN RD and  IMMADIHALLI JN TOWARDS SVASTHA HOSPITAL", "Date (DD/MM/YYYY)": "22/12/2022", "Time ( in 24 hours)": "13:20:00", "Fatal": null, "GI": 1, "MI": null, "Severity": "Non-Fatal", "Crash Category": "Vehicle-Vehicle", "Accused": "Lorry", "Victim": "2W", "Vehicles Involved": "Lorry and 2W", "Type of Crash": "Hit from Back", "Cause of Crash": "Rash and Negligent" }, "geometry": { "type": "Point", "coordinates": [ 77.749891, 12.969668 ] } },
{ "type": "Feature", "properties": { "Unique ID": "45_005/2022", "Year": 2022, "Tag": "Unique", "SL No": 45, "Traffic ps": "WHITEFIELD", "Cr no": "005/2022", "Latitude": 12.951373, "Longitude": 77.744882, "Location of Black spot": "VARTHURU KODI TO VARTHURU BRIDGE", "Date (DD/MM/YYYY)": "06/01/2022", "Time ( in 24 hours)": "14:20:00", "Fatal": null, "GI": 1, "MI": null, "Severity": "Non-Fatal", "Crash Category": "Vehicle-Vehicle", "Accused": "Car", "Victim": "2W", "Vehicles Involved": "Car and 2W", "Type of Crash": "Hit from Back", "Cause of Crash": "Rash and Negligent" }, "geometry": { "type": "Point", "coordinates": [ 77.744882, 12.951373 ] } },
{ "type": "Feature", "properties": { "Unique ID": "46_0038/2022", "Year": 2022, "Tag": "Unique", "SL No": 46, "Traffic ps": "WHITEFIELD", "Cr no": "0038/2022", "Latitude": 12.951352, "Longitude": 77.744861, "Location of Black spot": "VARTHURU KODI TO VARTHURU BRIDGE", "Date (DD/MM/YYYY)": "04/02/2022", "Time ( in 24 hours)": "22:30:00", "Fatal": null, "GI": 1, "MI": null, "Severity": "Non-Fatal", "Crash Category": "Vehicle-Vehicle", "Accused": "Vehicle", "Victim": "2W", "Vehicles Involved": "Vehicle and 2W", "Type of Crash": "Head-On", "Cause of Crash": "Rash and Negligent" }, "geometry": { "type": "Point", "coordinates": [ 77.744861, 12.951352 ] } },
{ "type": "Feature", "properties": { "Unique ID": "47_053/2022", "Year": 2022, "Tag": "Unique", "SL No": 47, "Traffic ps": "WHITEFIELD", "Cr no": "053/2022", "Latitude": 12.956857, "Longitude": 77.745641, "Location of Black spot": "VARTHURU KODI TO VARTHURU BRIDGE", "Date (DD/MM/YYYY)": "19/04/2022", "Time ( in 24 hours)": "05:45:00", "Fatal": null, "GI": 1, "MI": null, "Severity": "Non-Fatal", "Crash Category": "Vehicle-Vehicle", "Accused": "Canter", "Victim": "2W", "Vehicles Involved": "Canter and 2W", "Type of Crash": "Head-On", "Cause of Crash": "Rash and Negligent" }, "geometry": { "type": "Point", "coordinates": [ 77.745641, 12.956857 ] } },
{ "type": "Feature", "properties": { "Unique ID": "48_13/2022", "Year": 2022, "Tag": "Unique", "SL No": 48, "Traffic ps": "Mahadevapura Tr PS", "Cr no": "13/2022", "Latitude": 12.979752, "Longitude": 77.694885, "Location of Black spot": "Opp EMC square building and  Ring road MD Pura.", "Date (DD/MM/YYYY)": "28/01/2022", "Time ( in 24 hours)": "01:00:00", "Fatal": "1", "GI": null, "MI": null, "Severity": "Fatal", "Crash Category": "Vehicle-Vehicle", "Accused": "Unknown", "Victim": "2W", "Vehicles Involved": "Unknown and 2W", "Type of Crash": "N.D.A", "Cause of Crash": "Rash and Negligent" }, "geometry": { "type": "Point", "coordinates": [ 77.694885, 12.979752 ] } },
{ "type": "Feature", "properties": { "Unique ID": "49_22/2022", "Year": 2022, "Tag": "Legitimate", "SL No": 49, "Traffic ps": "Mahadevapura Tr PS", "Cr no": "22/2022", "Latitude": 12.985923, "Longitude": 77.695435, "Location of Black spot": "Opp EMC square building and  Ring road MD Pura.", "Date (DD/MM/YYYY)": "11/02/2022", "Time ( in 24 hours)": "06:45:00", "Fatal": null, "GI": 1, "MI": null, "Severity": "Non-Fatal", "Crash Category": "Vehicle-Pedestrian", "Accused": "Car", "Victim": "Pedestrian", "Vehicles Involved": "Car and Pedestrian", "Type of Crash": "N.D.A", "Cause of Crash": "Rash and Negligent" }, "geometry": { "type": "Point", "coordinates": [ 77.695435, 12.985923 ] } },
{ "type": "Feature", "properties": { "Unique ID": "50_125/2022", "Year": 2022, "Tag": "Unique", "SL No": 50, "Traffic ps": "Mahadevapura Tr PS", "Cr no": "125/2022", "Latitude": 12.98838, "Longitude": 77.689996, "Location of Black spot": "Opp EMC square building and  Ring road MD Pura.", "Date (DD/MM/YYYY)": null, "Time ( in 24 hours)": null, "Fatal": null, "GI": 1, "MI": null, "Severity": "Non-Fatal", "Crash Category": "Vehicle-Pedestrian", "Accused": "2W", "Victim": "Pedestrian", "Vehicles Involved": "2W and Pedestrian", "Type of Crash": "N.D.A", "Cause of Crash": "Rash and Negligent" }, "geometry": { "type": "Point", "coordinates": [ 77.689996, 12.98838 ] } },
{ "type": "Feature", "properties": { "Unique ID": "51_120/2022", "Year": 2022, "Tag": "Legitimate", "SL No": 51, "Traffic ps": "Mahadevapura Tr PS", "Cr no": "120/2022", "Latitude": 12.987528, "Longitude": 77.689722, "Location of Black spot": "Opp more super market and  Ring road and  MD Pura", "Date (DD/MM/YYYY)": "25/07/2022", "Time ( in 24 hours)": "19:35:00", "Fatal": "1", "GI": null, "MI": null, "Severity": "Fatal", "Crash Category": "Vehicle-Pedestrian", "Accused": "2W", "Victim": "Pedestrian", "Vehicles Involved": "2W and Pedestrian", "Type of Crash": "Hit from Back", "Cause of Crash": "Rash and Negligent" }, "geometry": { "type": "Point", "coordinates": [ 77.689722, 12.987528 ] } },
{ "type": "Feature", "properties": { "Unique ID": "52_205/2022", "Year": 2022, "Tag": "Legitimate", "SL No": 52, "Traffic ps": "Mahadevapura Tr PS", "Cr no": "205/2022", "Latitude": 12.99333, "Longitude": 77.687544, "Location of Black spot": "Opp more super market and  Ring road and  MD Pura", "Date (DD/MM/YYYY)": "09/11/2022", "Time ( in 24 hours)": "23:00:00", "Fatal": "1", "GI": null, "MI": null, "Severity": "Fatal", "Crash Category": "Vehicle-Vehicle", "Accused": "2W", "Victim": "2W", "Vehicles Involved": "2W and 2W", "Type of Crash": "Hit from Back", "Cause of Crash": "Rash and Negligent" }, "geometry": { "type": "Point", "coordinates": [ 77.687544, 12.99333 ] } },
{ "type": "Feature", "properties": { "Unique ID": "53_54/2022", "Year": 2022, "Tag": "Legitimate", "SL No": 53, "Traffic ps": "Mahadevapura Tr PS", "Cr no": "54/2022", "Latitude": 12.981208, "Longitude": 77.693606, "Location of Black spot": "Opp more super market and  Ring road and  MD Pura", "Date (DD/MM/YYYY)": "26/03/2022", "Time ( in 24 hours)": "18:00:00", "Fatal": null, "GI": 1, "MI": null, "Severity": "Non-Fatal", "Crash Category": "Vehicle-Vehicle", "Accused": "Lorry", "Victim": "2W", "Vehicles Involved": "Lorry and 2W", "Type of Crash": "Hit from Back", "Cause of Crash": "Rash and Negligent" }, "geometry": { "type": "Point", "coordinates": [ 77.693606, 12.981208 ] } },
{ "type": "Feature", "properties": { "Unique ID": "54_103/2022", "Year": 2022, "Tag": "Legitimate", "SL No": 54, "Traffic ps": "Mahadevapura Tr PS", "Cr no": "103/2022", "Latitude": 12.994736, "Longitude": 77.684567, "Location of Black spot": "Opp NCC Appartment and  Ring road and  B.Narayanapura", "Date (DD/MM/YYYY)": "20/06/2022", "Time ( in 24 hours)": "20:00:00", "Fatal": null, "GI": 1, "MI": null, "Severity": "Non-Fatal", "Crash Category": "Vehicle-Vehicle", "Accused": "2W", "Victim": "2W", "Vehicles Involved": "2W and 2W", "Type of Crash": "Head-On", "Cause of Crash": "Rash and Negligent" }, "geometry": { "type": "Point", "coordinates": [ 77.684567, 12.994736 ] } },
{ "type": "Feature", "properties": { "Unique ID": "55_116/2022", "Year": 2022, "Tag": "Legitimate", "SL No": 55, "Traffic ps": "Mahadevapura Tr PS", "Cr no": "116/2022", "Latitude": 12.993837, "Longitude": 77.684717, "Location of Black spot": "Opp NCC Appartment and  Ring road and  B.Narayanapura", "Date (DD/MM/YYYY)": "15/07/2022", "Time ( in 24 hours)": "09:30:00", "Fatal": null, "GI": 1, "MI": null, "Severity": "Non-Fatal", "Crash Category": "Vehicle-Vehicle", "Accused": "2W", "Victim": "2W", "Vehicles Involved": "2W and 2W", "Type of Crash": "Head-On", "Cause of Crash": "Rash and Negligent" }, "geometry": { "type": "Point", "coordinates": [ 77.684717, 12.993837 ] } },
{ "type": "Feature", "properties": { "Unique ID": "56_178/2022", "Year": 2022, "Tag": "Legitimate", "SL No": 56, "Traffic ps": "Mahadevapura Tr PS", "Cr no": "178/2022", "Latitude": 12.994896, "Longitude": 77.684501, "Location of Black spot": "Opp NCC Appartment and  Ring road and  B.Narayanapura", "Date (DD/MM/YYYY)": "06/10/2022", "Time ( in 24 hours)": "07:30:00", "Fatal": "1", "GI": null, "MI": null, "Severity": "Fatal", "Crash Category": "Vehicle-Vehicle", "Accused": "Unknown", "Victim": "2W", "Vehicles Involved": "Unknown and 2W", "Type of Crash": "Hit from Back", "Cause of Crash": "Rash and Negligent" }, "geometry": { "type": "Point", "coordinates": [ 77.684501, 12.994896 ] } },
{ "type": "Feature", "properties": { "Unique ID": "57_206/2022", "Year": 2022, "Tag": "Unique", "SL No": 57, "Traffic ps": "Mahadevapura Tr PS", "Cr no": "206/2022", "Latitude": 13.000099, "Longitude": 77.684953, "Location of Black spot": "3rd cross B Narayanapura to Lowry school junction", "Date (DD/MM/YYYY)": "10/11/2022", "Time ( in 24 hours)": "01:30:00", "Fatal": null, "GI": 1, "MI": null, "Severity": "Non-Fatal", "Crash Category": "Vehicle-Vehicle", "Accused": "Car", "Victim": "2W", "Vehicles Involved": "Car and 2W", "Type of Crash": "Hit from Side", "Cause of Crash": "Rash and Negligent" }, "geometry": { "type": "Point", "coordinates": [ 77.684953, 13.000099 ] } },
{ "type": "Feature", "properties": { "Unique ID": "58_25/2022", "Year": 2022, "Tag": "Legitimate", "SL No": 58, "Traffic ps": "Mahadevapura Tr PS", "Cr no": "25/2022", "Latitude": 12.999692, "Longitude": 77.681674, "Location of Black spot": "3rd cross B Narayanapura to Lowry school junction", "Date (DD/MM/YYYY)": "17/02/2022", "Time ( in 24 hours)": "09:15:00", "Fatal": null, "GI": 1, "MI": null, "Severity": "Non-Fatal", "Crash Category": "Vehicle-Vehicle", "Accused": "Canter", "Victim": "2W", "Vehicles Involved": "Canter and 2W", "Type of Crash": "Hit from Side", "Cause of Crash": "Rash and Negligent" }, "geometry": { "type": "Point", "coordinates": [ 77.681674, 12.999692 ] } },
{ "type": "Feature", "properties": { "Unique ID": "59_135/2022", "Year": 2022, "Tag": "Unique", "SL No": 59, "Traffic ps": "Mahadevapura Tr PS", "Cr no": "135/2022", "Latitude": 12.999879, "Longitude": 77.683194, "Location of Black spot": "3rd cross B Narayanapura to Lowry school junction", "Date (DD/MM/YYYY)": "15/08/2022", "Time ( in 24 hours)": "22:00:00", "Fatal": "1", "GI": null, "MI": null, "Severity": "Fatal", "Crash Category": "Vehicle-Vehicle", "Accused": "Unknown", "Victim": "2W", "Vehicles Involved": "Unknown and 2W", "Type of Crash": "Hit from Back", "Cause of Crash": "Rash and Negligent" }, "geometry": { "type": "Point", "coordinates": [ 77.683194, 12.999879 ] } },
{ "type": "Feature", "properties": { "Unique ID": "60_166/2022", "Year": 2022, "Tag": "Legitimate", "SL No": 60, "Traffic ps": "Mahadevapura Tr PS", "Cr no": "166/2022", "Latitude": 13.000057, "Longitude": 77.683473, "Location of Black spot": "3rd cross B Narayanapura to Lowry school junction", "Date (DD/MM/YYYY)": "19/09/2022", "Time ( in 24 hours)": "14:50:00", "Fatal": null, "GI": 1, "MI": null, "Severity": "Non-Fatal", "Crash Category": "Vehicle-Pedestrian", "Accused": "2W", "Victim": "Pedestrian", "Vehicles Involved": "2W and Pedestrian", "Type of Crash": "Hit from Side", "Cause of Crash": "Rash and Negligent" }, "geometry": { "type": "Point", "coordinates": [ 77.683473, 13.000057 ] } },
{ "type": "Feature", "properties": { "Unique ID": null, "Year": 2022, "Tag": "Unique", "SL No": 61, "Traffic ps": "Mahadevapura Tr PS", "Cr no": null, "Latitude": 12.987613, "Longitude": 77.740135, "Location of Black spot": "ITPL MAIN ROAD and  CONTAINED YARD ENTRY GATE", "Date (DD/MM/YYYY)": "09/01/2022", "Time ( in 24 hours)": "13:45:00", "Fatal": null, "GI": 1, "MI": null, "Severity": "Non-Fatal", "Crash Category": "Vehicle-Vehicle", "Accused": "Lorry", "Victim": "2W", "Vehicles Involved": "Lorry and 2W", "Type of Crash": "N.D.A", "Cause of Crash": "Rash and Negligent" }, "geometry": { "type": "Point", "coordinates": [ 77.740135, 12.987613 ] } },
{ "type": "Feature", "properties": { "Unique ID": "62_90/2022", "Year": 2022, "Tag": "Legitimate", "SL No": 62, "Traffic ps": "Mahadevapura Tr PS", "Cr no": "90/2022", "Latitude": 12.986491, "Longitude": 77.743241, "Location of Black spot": "ITPL MAIN ROAD and  CONTAINED YARD ENTRY GATE", "Date (DD/MM/YYYY)": "08/07/2022", "Time ( in 24 hours)": "16:15:00", "Fatal": "1", "GI": null, "MI": null, "Severity": "Fatal", "Crash Category": "Vehicle-Vehicle", "Accused": "Lorry", "Victim": "2W", "Vehicles Involved": "Lorry and 2W", "Type of Crash": "N.D.A", "Cause of Crash": "Rash and Negligent" }, "geometry": { "type": "Point", "coordinates": [ 77.743241, 12.986491 ] } },
{ "type": "Feature", "properties": { "Unique ID": "63_108/2022", "Year": 2022, "Tag": "Legitimate", "SL No": 63, "Traffic ps": "Mahadevapura Tr PS", "Cr no": "108/2022", "Latitude": 12.986198, "Longitude": 77.77952, "Location of Black spot": "ITPL MAIN ROAD and  CONTAINED YARD ENTRY GATE", "Date (DD/MM/YYYY)": "18/08/2022", "Time ( in 24 hours)": "15:57:00", "Fatal": null, "GI": 1, "MI": null, "Severity": "Non-Fatal", "Crash Category": "Vehicle-Vehicle", "Accused": "Bus", "Victim": "2W", "Vehicles Involved": "Bus and 2W", "Type of Crash": "N.D.A", "Cause of Crash": "Rash and Negligent" }, "geometry": { "type": "Point", "coordinates": [ 77.77952, 12.986198 ] } },
{ "type": "Feature", "properties": { "Unique ID": "64_134/2022", "Year": 2022, "Tag": "Unique", "SL No": 64, "Traffic ps": "Mahadevapura Tr PS", "Cr no": "134/2022", "Latitude": 12.985412, "Longitude": 77.747909, "Location of Black spot": "ITPL MAIN ROAD and  CONTAINED YARD ENTRY GATE", "Date (DD/MM/YYYY)": "19/09/2022", "Time ( in 24 hours)": "09:30:00", "Fatal": null, "GI": 1, "MI": null, "Severity": "Non-Fatal", "Crash Category": "Vehicle-Vehicle", "Accused": "Lorry", "Victim": "2W", "Vehicles Involved": "Lorry and 2W", "Type of Crash": "N.D.A", "Cause of Crash": "Rash and Negligent" }, "geometry": { "type": "Point", "coordinates": [ 77.747909, 12.985412 ] } },
{ "type": "Feature", "properties": { "Unique ID": "65_Cr no 89/2022", "Year": 2022, "Tag": "Unique", "SL No": 65, "Traffic ps": "Kamakshipalya tr ps", "Cr no": "Cr no 89/2022", "Latitude": 12.987516, "Longitude": 77.519273, "Location of Black spot": "Outer ring road Chowdeshwari underpass to Sumanahalli Upper ramp", "Date (DD/MM/YYYY)": "21/05/2022", "Time ( in 24 hours)": "15:30:00", "Fatal": "1", "GI": null, "MI": null, "Severity": "Fatal", "Crash Category": "Vehicle-Vehicle", "Accused": "Vehicle", "Victim": "Vehicle", "Vehicles Involved": "Vehicle and Vehicle", "Type of Crash": "Hit from Back", "Cause of Crash": "Rash and Negligent" }, "geometry": { "type": "Point", "coordinates": [ 77.519273, 12.987516 ] } },
{ "type": "Feature", "properties": { "Unique ID": "66_95/2022", "Year": 2022, "Tag": "Unique", "SL No": 66, "Traffic ps": "Kamakshipalya tr ps", "Cr no": "95/2022", "Latitude": 12.991671, "Longitude": 77.520738, "Location of Black spot": "Outer ring road Chowdeshwari underpass to Sumanahalli Upper ramp", "Date (DD/MM/YYYY)": "29/05/2022", "Time ( in 24 hours)": "02:09:00", "Fatal": "1", "GI": null, "MI": null, "Severity": "Fatal", "Crash Category": "Vehicle-Vehicle", "Accused": "Vehicle", "Victim": "2W", "Vehicles Involved": "Vehicle and 2W", "Type of Crash": "Head-On", "Cause of Crash": "Rash and Negligent" }, "geometry": { "type": "Point", "coordinates": [ 77.520738, 12.991671 ] } },
{ "type": "Feature", "properties": { "Unique ID": "67_101/2022", "Year": 2022, "Tag": "Unique", "SL No": 67, "Traffic ps": "Kamakshipalya tr ps", "Cr no": "101/2022", "Latitude": 12.987516, "Longitude": 77.519273, "Location of Black spot": "Outer ring road Chowdeshwari underpass to Sumanahalli Upper ramp", "Date (DD/MM/YYYY)": "06/06/2022", "Time ( in 24 hours)": "20:05:00", "Fatal": null, "GI": 1, "MI": null, "Severity": "Non-Fatal", "Crash Category": "Vehicle-Vehicle", "Accused": "Vehicle", "Victim": "Canter", "Vehicles Involved": "Vehicle and Canter", "Type of Crash": "Hit from Back", "Cause of Crash": "Rash and Negligent" }, "geometry": { "type": "Point", "coordinates": [ 77.519273, 12.987516 ] } },
{ "type": "Feature", "properties": { "Unique ID": "68_131/2022", "Year": 2022, "Tag": "Unique", "SL No": 68, "Traffic ps": "Kamakshipalya tr ps", "Cr no": "131/2022", "Latitude": 12.993453, "Longitude": 77.521317, "Location of Black spot": "Outer ring road Chowdeshwari underpass to Sumanahalli Upper ramp", "Date (DD/MM/YYYY)": "08/07/2022", "Time ( in 24 hours)": "19:50:00", "Fatal": null, "GI": 1, "MI": null, "Severity": "Non-Fatal", "Crash Category": "Vehicle-Vehicle", "Accused": "Vehicle", "Victim": "Car", "Vehicles Involved": "Vehicle and Car", "Type of Crash": "Head-On", "Cause of Crash": "Rash and Negligent" }, "geometry": { "type": "Point", "coordinates": [ 77.521317, 12.993453 ] } },
{ "type": "Feature", "properties": { "Unique ID": "69_150/2022", "Year": 2022, "Tag": "Unique", "SL No": 69, "Traffic ps": "Kamakshipalya tr ps", "Cr no": "150/2022", "Latitude": 12.991814, "Longitude": 77.521292, "Location of Black spot": "Outer ring road Chowdeshwari underpass to Sumanahalli Upper ramp", "Date (DD/MM/YYYY)": "27/07/2022", "Time ( in 24 hours)": "19:30:00", "Fatal": "1", "GI": null, "MI": null, "Severity": "Fatal", "Crash Category": "Vehicle-Vehicle", "Accused": "Vehicle", "Victim": "2W", "Vehicles Involved": "Vehicle and 2W", "Type of Crash": "Hit from Back", "Cause of Crash": "Rash and Negligent" }, "geometry": { "type": "Point", "coordinates": [ 77.521292, 12.991814 ] } },
{ "type": "Feature", "properties": { "Unique ID": "70_159/2022", "Year": 2022, "Tag": "Unique", "SL No": 70, "Traffic ps": "Kamakshipalya tr ps", "Cr no": "159/2022", "Latitude": 12.987461, "Longitude": 77.519317, "Location of Black spot": "Outer ring road Chowdeshwari underpass to Sumanahalli Upper ramp", "Date (DD/MM/YYYY)": "06/08/2022", "Time ( in 24 hours)": "14:30:00", "Fatal": null, "GI": 1, "MI": null, "Severity": "Non-Fatal", "Crash Category": "Self Accident", "Accused": "Self", "Victim": "Car", "Vehicles Involved": "Self and Car", "Type of Crash": "Self", "Cause of Crash": "Rash and Negligent" }, "geometry": { "type": "Point", "coordinates": [ 77.519317, 12.987461 ] } },
{ "type": "Feature", "properties": { "Unique ID": "71_202/2022", "Year": 2022, "Tag": "Unique", "SL No": 71, "Traffic ps": "Kamakshipalya tr ps", "Cr no": "202/2022", "Latitude": 12.99843, "Longitude": 77.523453, "Location of Black spot": "Outer ring road Chowdeshwari underpass to Sumanahalli Upper ramp", "Date (DD/MM/YYYY)": "03/10/2022", "Time ( in 24 hours)": "09:00:00", "Fatal": null, "GI": 1, "MI": null, "Severity": "Non-Fatal", "Crash Category": "Vehicle-Vehicle", "Accused": "Lorry", "Victim": "2W", "Vehicles Involved": "Lorry and 2W", "Type of Crash": "N.D.A", "Cause of Crash": "Rash and Negligent" }, "geometry": { "type": "Point", "coordinates": [ 77.523453, 12.99843 ] } },
{ "type": "Feature", "properties": { "Unique ID": "72_209/2022", "Year": 2022, "Tag": "Unique", "SL No": 72, "Traffic ps": "Kamakshipalya tr ps", "Cr no": "209/2022", "Latitude": 12.976813, "Longitude": 77.514178, "Location of Black spot": "Outer ring road Chowdeshwari underpass to Sumanahalli Upper ramp", "Date (DD/MM/YYYY)": "08/10/2022", "Time ( in 24 hours)": "03:00:00", "Fatal": "1", "GI": null, "MI": null, "Severity": "Fatal", "Crash Category": "Vehicle-Vehicle", "Accused": "Vehicle", "Victim": "Lorry", "Vehicles Involved": "Vehicle and Lorry", "Type of Crash": "Hit from Side", "Cause of Crash": "Rash and Negligent" }, "geometry": { "type": "Point", "coordinates": [ 77.514178, 12.976813 ] } },
{ "type": "Feature", "properties": { "Unique ID": "73_229/2022", "Year": 2022, "Tag": "Unique", "SL No": 73, "Traffic ps": "Kamakshipalya tr ps", "Cr no": "229/2022", "Latitude": 12.997234, "Longitude": 77.523436, "Location of Black spot": "Outer ring road Chowdeshwari underpass to Sumanahalli Upper ramp", "Date (DD/MM/YYYY)": "03/11/2022", "Time ( in 24 hours)": "10:10:00", "Fatal": "1", "GI": null, "MI": null, "Severity": "Fatal", "Crash Category": "Vehicle-Vehicle", "Accused": "Bus", "Victim": "2W", "Vehicles Involved": "Bus and 2W", "Type of Crash": "Hit from Side", "Cause of Crash": "Rash and Negligent" }, "geometry": { "type": "Point", "coordinates": [ 77.523436, 12.997234 ] } },
{ "type": "Feature", "properties": { "Unique ID": "74_235/2022", "Year": 2022, "Tag": "Unique", "SL No": 74, "Traffic ps": "Kamakshipalya tr ps", "Cr no": "235/2022", "Latitude": 12.989127, "Longitude": 77.51977, "Location of Black spot": "Outer ring road Chowdeshwari underpass to Sumanahalli Upper ramp", "Date (DD/MM/YYYY)": "07/11/2022", "Time ( in 24 hours)": "06:45:00", "Fatal": "1", "GI": null, "MI": null, "Severity": "Fatal", "Crash Category": "Vehicle-Vehicle", "Accused": "Bus", "Victim": "2W", "Vehicles Involved": "Bus and 2W", "Type of Crash": "Hit from Side", "Cause of Crash": "Rash and Negligent" }, "geometry": { "type": "Point", "coordinates": [ 77.51977, 12.989127 ] } },
{ "type": "Feature", "properties": { "Unique ID": "75_277/2022", "Year": 2022, "Tag": "Unique", "SL No": 75, "Traffic ps": "Kamakshipalya tr ps", "Cr no": "277/2022", "Latitude": 12.992834, "Longitude": 77.521453, "Location of Black spot": "Outer ring road Chowdeshwari underpass to Sumanahalli Upper ramp", "Date (DD/MM/YYYY)": "30/11/2022", "Time ( in 24 hours)": "01:30:00", "Fatal": "1", "GI": null, "MI": null, "Severity": "Fatal", "Crash Category": "Vehicle-Vehicle", "Accused": "2W", "Victim": "Lorry", "Vehicles Involved": "2W and Lorry", "Type of Crash": "Hit from Side", "Cause of Crash": "Rash and Negligent" }, "geometry": { "type": "Point", "coordinates": [ 77.521453, 12.992834 ] } },
{ "type": "Feature", "properties": { "Unique ID": "76_287/2022", "Year": 2022, "Tag": "Unique", "SL No": 76, "Traffic ps": "Kamakshipalya tr ps", "Cr no": "287/2022", "Latitude": 12.986775, "Longitude": 77.52083, "Location of Black spot": "Outer ring road Chowdeshwari underpass to Sumanahalli Upper ramp", "Date (DD/MM/YYYY)": "10/12/2022", "Time ( in 24 hours)": "07:30:00", "Fatal": "1", "GI": null, "MI": null, "Severity": "Fatal", "Crash Category": "Vehicle-Vehicle", "Accused": null, "Victim": null, "Vehicles Involved": " and ", "Type of Crash": "N.D.A", "Cause of Crash": "Rash and Negligent" }, "geometry": { "type": "Point", "coordinates": [ 77.52083, 12.986775 ] } },
{ "type": "Feature", "properties": { "Unique ID": "77_34/2022", "Year": 2022, "Tag": "Unique", "SL No": 77, "Traffic ps": "Kamakshipalya tr ps", "Cr no": "34/2022", "Latitude": 12.983003, "Longitude": 77.518286, "Location of Black spot": "UTER RING ROAD  MAHADESHWARA TEMPAL TO NAGARABHAVI NAMURA THINDI UNDER PASS", "Date (DD/MM/YYYY)": "02/02/2022", "Time ( in 24 hours)": "20:00:00", "Fatal": null, "GI": 1, "MI": null, "Severity": "Non-Fatal", "Crash Category": "Vehicle-Vehicle", "Accused": "Car", "Victim": "2W", "Vehicles Involved": "Car and 2W", "Type of Crash": "Hit from Side", "Cause of Crash": "Rash and Negligent" }, "geometry": { "type": "Point", "coordinates": [ 77.518286, 12.983003 ] } },
{ "type": "Feature", "properties": { "Unique ID": "78_35/2022", "Year": 2022, "Tag": "Unique", "SL No": 78, "Traffic ps": "Kamakshipalya tr ps", "Cr no": "35/2022", "Latitude": 12.981691, "Longitude": 77.517329, "Location of Black spot": "UTER RING ROAD  MAHADESHWARA TEMPAL TO NAGARABHAVI NAMURA THINDI UNDER PASS", "Date (DD/MM/YYYY)": "07/02/2022", "Time ( in 24 hours)": "11:30:00", "Fatal": null, "GI": 1, "MI": null, "Severity": "Non-Fatal", "Crash Category": "Vehicle-Vehicle", "Accused": "2W", "Victim": "2W", "Vehicles Involved": "2W and 2W", "Type of Crash": "N.D.A", "Cause of Crash": "Rash and Negligent" }, "geometry": { "type": "Point", "coordinates": [ 77.517329, 12.981691 ] } },
{ "type": "Feature", "properties": { "Unique ID": "79_38/2022", "Year": 2022, "Tag": "Legitimate", "SL No": 79, "Traffic ps": "Kamakshipalya tr ps", "Cr no": "38/2022", "Latitude": 12.978417, "Longitude": 77.514788, "Location of Black spot": "UTER RING ROAD  MAHADESHWARA TEMPAL TO NAGARABHAVI NAMURA THINDI UNDER PASS", "Date (DD/MM/YYYY)": "20/02/2022", "Time ( in 24 hours)": "16:00:00", "Fatal": null, "GI": 1, "MI": null, "Severity": "Non-Fatal", "Crash Category": "Vehicle-Vehicle", "Accused": "2W", "Victim": "2W", "Vehicles Involved": "2W and 2W", "Type of Crash": "Hit from Back", "Cause of Crash": "Rash and Negligent" }, "geometry": { "type": "Point", "coordinates": [ 77.514788, 12.978417 ] } },
{ "type": "Feature", "properties": { "Unique ID": "80_43/2022", "Year": 2022, "Tag": "Legitimate", "SL No": 80, "Traffic ps": "Kamakshipalya tr ps", "Cr no": "43/2022", "Latitude": 12.978417, "Longitude": 77.514788, "Location of Black spot": "UTER RING ROAD  MAHADESHWARA TEMPAL TO NAGARABHAVI NAMURA THINDI UNDER PASS", "Date (DD/MM/YYYY)": "25/02/2022", "Time ( in 24 hours)": "11:30:00", "Fatal": null, "GI": 1, "MI": null, "Severity": "Non-Fatal", "Crash Category": "Vehicle-Vehicle", "Accused": "Pedestrian", "Victim": "2W", "Vehicles Involved": "Pedestrian and 2W", "Type of Crash": "N.D.A", "Cause of Crash": "Rash and Negligent" }, "geometry": { "type": "Point", "coordinates": [ 77.514788, 12.978417 ] } },
{ "type": "Feature", "properties": { "Unique ID": "81_46/2022", "Year": 2022, "Tag": "Legitimate", "SL No": 81, "Traffic ps": "Kamakshipalya tr ps", "Cr no": "46/2022", "Latitude": 12.978417, "Longitude": 77.514788, "Location of Black spot": "UTER RING ROAD  MAHADESHWARA TEMPAL TO NAGARABHAVI NAMURA THINDI UNDER PASS", "Date (DD/MM/YYYY)": "28/02/2022", "Time ( in 24 hours)": "07:15:00", "Fatal": "1", "GI": null, "MI": null, "Severity": "Fatal", "Crash Category": "Vehicle-Vehicle", "Accused": "Pedestrian", "Victim": "2W", "Vehicles Involved": "Pedestrian and 2W", "Type of Crash": "N.D.A", "Cause of Crash": "Rash and Negligent" }, "geometry": { "type": "Point", "coordinates": [ 77.514788, 12.978417 ] } },
{ "type": "Feature", "properties": { "Unique ID": "82_37/2022", "Year": 2022, "Tag": "Legitimate", "SL No": 82, "Traffic ps": "Kamakshipalya tr ps", "Cr no": "37/2022", "Latitude": 12.971974, "Longitude": 77.512713, "Location of Black spot": "UTER RING ROAD  MAHADESHWARA TEMPAL TO NAGARABHAVI NAMURA THINDI UNDER PASS", "Date (DD/MM/YYYY)": "21/02/2022", "Time ( in 24 hours)": "15:00:00", "Fatal": null, "GI": 1, "MI": null, "Severity": "Non-Fatal", "Crash Category": "Vehicle-Vehicle", "Accused": "Pedestrian", "Victim": "Car", "Vehicles Involved": "Pedestrian and Car", "Type of Crash": "Hit from Side", "Cause of Crash": "Rash and Negligent" }, "geometry": { "type": "Point", "coordinates": [ 77.512713, 12.971974 ] } },
{ "type": "Feature", "properties": { "Unique ID": "83_61/2022", "Year": 2022, "Tag": "Legitimate", "SL No": 83, "Traffic ps": "Kamakshipalya tr ps", "Cr no": "61/2022", "Latitude": 12.987552, "Longitude": 77.519144, "Location of Black spot": "UTER RING ROAD  MAHADESHWARA TEMPAL TO NAGARABHAVI NAMURA THINDI UNDER PASS", "Date (DD/MM/YYYY)": "20/02/2022", "Time ( in 24 hours)": "14:30:00", "Fatal": null, "GI": 1, "MI": null, "Severity": "Non-Fatal", "Crash Category": "Vehicle-Vehicle", "Accused": "Pedestrian", "Victim": "2W", "Vehicles Involved": "Pedestrian and 2W", "Type of Crash": "Hit from Side", "Cause of Crash": "Rash and Negligent" }, "geometry": { "type": "Point", "coordinates": [ 77.519144, 12.987552 ] } },
{ "type": "Feature", "properties": { "Unique ID": "84_64/2022", "Year": 2022, "Tag": "Legitimate", "SL No": 84, "Traffic ps": "Kamakshipalya tr ps", "Cr no": "64/2022", "Latitude": 12.972079, "Longitude": 77.512716, "Location of Black spot": "UTER RING ROAD  MAHADESHWARA TEMPAL TO NAGARABHAVI NAMURA THINDI UNDER PASS", "Date (DD/MM/YYYY)": "24/03/2022", "Time ( in 24 hours)": "10:30:00", "Fatal": "1", "GI": null, "MI": null, "Severity": "Fatal", "Crash Category": "Vehicle-Vehicle", "Accused": "2W", "Victim": "2W", "Vehicles Involved": "2W and 2W", "Type of Crash": "N.D.A", "Cause of Crash": "Rash and Negligent" }, "geometry": { "type": "Point", "coordinates": [ 77.512716, 12.972079 ] } },
{ "type": "Feature", "properties": { "Unique ID": "85_76/2022", "Year": 2022, "Tag": "Legitimate", "SL No": 85, "Traffic ps": "Kamakshipalya tr ps", "Cr no": "76/2022", "Latitude": 12.969959, "Longitude": 77.512506, "Location of Black spot": "UTER RING ROAD  MAHADESHWARA TEMPAL TO NAGARABHAVI NAMURA THINDI UNDER PASS", "Date (DD/MM/YYYY)": "17/04/2022", "Time ( in 24 hours)": "06:00:00", "Fatal": "1", "GI": null, "MI": null, "Severity": "Fatal", "Crash Category": "Vehicle-Vehicle", "Accused": null, "Victim": null, "Vehicles Involved": " and ", "Type of Crash": "N.D.A", "Cause of Crash": "Rash and Negligent" }, "geometry": { "type": "Point", "coordinates": [ 77.512506, 12.969959 ] } },
{ "type": "Feature", "properties": { "Unique ID": "86_82/2022", "Year": 2022, "Tag": "Legitimate", "SL No": 86, "Traffic ps": "Kamakshipalya tr ps", "Cr no": "82/2022", "Latitude": 12.973284, "Longitude": 77.508547, "Location of Black spot": "UTER RING ROAD  MAHADESHWARA TEMPAL TO NAGARABHAVI NAMURA THINDI UNDER PASS", "Date (DD/MM/YYYY)": "03/05/2022", "Time ( in 24 hours)": "10:00:00", "Fatal": "1", "GI": null, "MI": null, "Severity": "Fatal", "Crash Category": "Vehicle-Vehicle", "Accused": "Lorry", "Victim": "Unknown", "Vehicles Involved": "Lorry and Unknown", "Type of Crash": "N.D.A", "Cause of Crash": "Rash and Negligent" }, "geometry": { "type": "Point", "coordinates": [ 77.508547, 12.973284 ] } },
{ "type": "Feature", "properties": { "Unique ID": "87_92/2022", "Year": 2022, "Tag": "Legitimate", "SL No": 87, "Traffic ps": "Kamakshipalya tr ps", "Cr no": "92/2022", "Latitude": 12.971673, "Longitude": 77.512646, "Location of Black spot": "UTER RING ROAD  MAHADESHWARA TEMPAL TO NAGARABHAVI NAMURA THINDI UNDER PASS", "Date (DD/MM/YYYY)": "25/05/2022", "Time ( in 24 hours)": "05:15:00", "Fatal": "1", "GI": null, "MI": null, "Severity": "Fatal", "Crash Category": "Vehicle-Vehicle", "Accused": "Vehicle", "Victim": "3W", "Vehicles Involved": "Vehicle and 3W", "Type of Crash": "N.D.A", "Cause of Crash": "Rash and Negligent" }, "geometry": { "type": "Point", "coordinates": [ 77.512646, 12.971673 ] } },
{ "type": "Feature", "properties": { "Unique ID": "88_94/2022", "Year": 2022, "Tag": "Legitimate", "SL No": 88, "Traffic ps": "Kamakshipalya tr ps", "Cr no": "94/2022", "Latitude": 12.987359, "Longitude": 77.519232, "Location of Black spot": "UTER RING ROAD  MAHADESHWARA TEMPAL TO NAGARABHAVI NAMURA THINDI UNDER PASS", "Date (DD/MM/YYYY)": "26/05/2022", "Time ( in 24 hours)": "18:00:00", "Fatal": "1", "GI": null, "MI": null, "Severity": "Fatal", "Crash Category": "Vehicle-Vehicle", "Accused": "Pedestrian", "Victim": "2W", "Vehicles Involved": "Pedestrian and 2W", "Type of Crash": "N.D.A", "Cause of Crash": "Rash and Negligent" }, "geometry": { "type": "Point", "coordinates": [ 77.519232, 12.987359 ] } },
{ "type": "Feature", "properties": { "Unique ID": "89_108/2022", "Year": 2022, "Tag": "Legitimate", "SL No": 89, "Traffic ps": "Kamakshipalya tr ps", "Cr no": "108/2022", "Latitude": 12.972024, "Longitude": 77.512654, "Location of Black spot": "UTER RING ROAD  MAHADESHWARA TEMPAL TO NAGARABHAVI NAMURA THINDI UNDER PASS", "Date (DD/MM/YYYY)": "16/06/2022", "Time ( in 24 hours)": "07:30:00", "Fatal": "1", "GI": null, "MI": null, "Severity": "Fatal", "Crash Category": "Vehicle-Vehicle", "Accused": "Vehicle", "Victim": "2W", "Vehicles Involved": "Vehicle and 2W", "Type of Crash": "N.D.A", "Cause of Crash": "Rash and Negligent" }, "geometry": { "type": "Point", "coordinates": [ 77.512654, 12.972024 ] } },
{ "type": "Feature", "properties": { "Unique ID": "90_119/2022", "Year": 2022, "Tag": "Unique", "SL No": 90, "Traffic ps": "Kamakshipalya tr ps", "Cr no": "119/2022", "Latitude": 12.967983, "Longitude": 77.512349, "Location of Black spot": "UTER RING ROAD  MAHADESHWARA TEMPAL TO NAGARABHAVI NAMURA THINDI UNDER PASS", "Date (DD/MM/YYYY)": "30/06/2022", "Time ( in 24 hours)": "06:00:00", "Fatal": "1", "GI": null, "MI": null, "Severity": "Fatal", "Crash Category": "Vehicle-Vehicle", "Accused": "Pedestrian", "Victim": "2W", "Vehicles Involved": "Pedestrian and 2W", "Type of Crash": "N.D.A", "Cause of Crash": "Rash and Negligent" }, "geometry": { "type": "Point", "coordinates": [ 77.512349, 12.967983 ] } },
{ "type": "Feature", "properties": { "Unique ID": "91_148/2022", "Year": 2022, "Tag": "Legitimate", "SL No": 91, "Traffic ps": "Kamakshipalya tr ps", "Cr no": "148/2022", "Latitude": 12.963639, "Longitude": 77.578398, "Location of Black spot": "UTER RING ROAD  MAHADESHWARA TEMPAL TO NAGARABHAVI NAMURA THINDI UNDER PASS", "Date (DD/MM/YYYY)": "22/07/2022", "Time ( in 24 hours)": "08:30:00", "Fatal": "1", "GI": null, "MI": null, "Severity": "Fatal", "Crash Category": "Vehicle-Vehicle", "Accused": "Lorry", "Victim": "2W", "Vehicles Involved": "Lorry and 2W", "Type of Crash": "N.D.A", "Cause of Crash": "Rash and Negligent" }, "geometry": { "type": "Point", "coordinates": [ 77.578398, 12.963639 ] } },
{ "type": "Feature", "properties": { "Unique ID": "92_179/2022", "Year": 2022, "Tag": "Legitimate", "SL No": 92, "Traffic ps": "Kamakshipalya tr ps", "Cr no": "179/2022", "Latitude": 12.964579, "Longitude": 77.575976, "Location of Black spot": "UTER RING ROAD  MAHADESHWARA TEMPAL TO NAGARABHAVI NAMURA THINDI UNDER PASS", "Date (DD/MM/YYYY)": "03/09/2022", "Time ( in 24 hours)": "14:30:00", "Fatal": null, "GI": null, "MI": 1, "Severity": "Non-Fatal", "Crash Category": "Vehicle-Vehicle", "Accused": "Car", "Victim": "Unknown", "Vehicles Involved": "Car and Unknown", "Type of Crash": "Hit from Side", "Cause of Crash": "Rash and Negligent" }, "geometry": { "type": "Point", "coordinates": [ 77.575976, 12.964579 ] } },
{ "type": "Feature", "properties": { "Unique ID": "93_44896.0", "Year": 2022, "Tag": "Identical", "SL No": 93, "Traffic ps": "City market tr ps", "Cr no": "44896.0", "Latitude": 12.964672, "Longitude": 77.575719, "Location of Black spot": "MYSORE ROAD BGS FLYOVER", "Date (DD/MM/YYYY)": "06/02/2022", "Time ( in 24 hours)": "16:30:00", "Fatal": null, "GI": 1, "MI": null, "Severity": "Non-Fatal", "Crash Category": "Vehicle-Vehicle", "Accused": "Vehicle", "Victim": "2W", "Vehicles Involved": "Vehicle and 2W", "Type of Crash": "N.D.A", "Cause of Crash": "Rash and Negligent" }, "geometry": { "type": "Point", "coordinates": [ 77.575719, 12.964672 ] } },
{ "type": "Feature", "properties": { "Unique ID": "94_28/2022", "Year": 2022, "Tag": "Identical", "SL No": 94, "Traffic ps": "City market tr ps", "Cr no": "28/2022", "Latitude": 12.977479, "Longitude": 77.574347, "Location of Black spot": "MYSORE ROAD BGS FLYOVER", "Date (DD/MM/YYYY)": "31/03/2022", "Time ( in 24 hours)": "05:45:00", "Fatal": null, "GI": 1, "MI": null, "Severity": "Non-Fatal", "Crash Category": "Vehicle-Vehicle", "Accused": "Vehicle", "Victim": "3W", "Vehicles Involved": "Vehicle and 3W", "Type of Crash": "N.D.A", "Cause of Crash": "Rash and Negligent" }, "geometry": { "type": "Point", "coordinates": [ 77.574347, 12.977479 ] } },
{ "type": "Feature", "properties": { "Unique ID": "95_29/2022", "Year": 2022, "Tag": "Identical", "SL No": 95, "Traffic ps": "City market tr ps", "Cr no": "29/2022", "Latitude": 12.978591, "Longitude": 77.57339, "Location of Black spot": "MYSORE ROAD BGS FLYOVER", "Date (DD/MM/YYYY)": "31/03/2022", "Time ( in 24 hours)": "05:45:00", "Fatal": null, "GI": 1, "MI": null, "Severity": "Non-Fatal", "Crash Category": "Vehicle-Vehicle", "Accused": "Vehicle", "Victim": "2W", "Vehicles Involved": "Vehicle and 2W", "Type of Crash": "N.D.A", "Cause of Crash": "Rash and Negligent" }, "geometry": { "type": "Point", "coordinates": [ 77.57339, 12.978591 ] } },
{ "type": "Feature", "properties": { "Unique ID": "96_21/2022", "Year": 2022, "Tag": "Identical", "SL No": 96, "Traffic ps": "Upparapete trf PS", "Cr no": "21/2022", "Latitude": 12.97647, "Longitude": 77.57504, "Location of Black spot": "T.B.Road ", "Date (DD/MM/YYYY)": "02/02/2022", "Time ( in 24 hours)": "09:45:00", "Fatal": "1", "GI": null, "MI": null, "Severity": "Fatal", "Crash Category": "Vehicle-Pedestrian", "Accused": "Vehicle", "Victim": "Pedestrian", "Vehicles Involved": "Vehicle and Pedestrian", "Type of Crash": "N.D.A", "Cause of Crash": "Rash and Negligent" }, "geometry": { "type": "Point", "coordinates": [ 77.57504, 12.97647 ] } },
{ "type": "Feature", "properties": { "Unique ID": "97_30/2022", "Year": 2022, "Tag": "Identical", "SL No": 97, "Traffic ps": "Upparapete trf PS", "Cr no": "30/2022", "Latitude": 12.975616, "Longitude": 77.574821, "Location of Black spot": "T.B.Road ", "Date (DD/MM/YYYY)": "26/03/2022", "Time ( in 24 hours)": "04:30:00", "Fatal": null, "GI": 1, "MI": null, "Severity": "Non-Fatal", "Crash Category": "Vehicle-Pedestrian", "Accused": "Vehicle", "Victim": "Pedestrian", "Vehicles Involved": "Vehicle and Pedestrian", "Type of Crash": "N.D.A", "Cause of Crash": "Rash and Negligent" }, "geometry": { "type": "Point", "coordinates": [ 77.574821, 12.975616 ] } },
{ "type": "Feature", "properties": { "Unique ID": "98_36/2022", "Year": 2022, "Tag": "Identical", "SL No": 98, "Traffic ps": "Upparapete trf PS", "Cr no": "36/2022", "Latitude": 12.977783, "Longitude": 77.574105, "Location of Black spot": "T.B.Road ", "Date (DD/MM/YYYY)": "08/04/2022", "Time ( in 24 hours)": "20:10:00", "Fatal": null, "GI": 1, "MI": null, "Severity": "Non-Fatal", "Crash Category": "Vehicle-Pedestrian", "Accused": "Vehicle", "Victim": "Pedestrian", "Vehicles Involved": "Vehicle and Pedestrian", "Type of Crash": "N.D.A", "Cause of Crash": "Rash and Negligent" }, "geometry": { "type": "Point", "coordinates": [ 77.574105, 12.977783 ] } },
{ "type": "Feature", "properties": { "Unique ID": "99_42/2022", "Year": 2022, "Tag": "Identical", "SL No": 99, "Traffic ps": "Upparapete trf PS", "Cr no": "42/2022", "Latitude": 12.977737, "Longitude": 77.574189, "Location of Black spot": "T.B.Road ", "Date (DD/MM/YYYY)": "24/06/2022", "Time ( in 24 hours)": "17:45:00", "Fatal": null, "GI": 1, "MI": null, "Severity": "Non-Fatal", "Crash Category": "Vehicle-Pedestrian", "Accused": "Vehicle", "Victim": "Pedestrian", "Vehicles Involved": "Vehicle and Pedestrian", "Type of Crash": "N.D.A", "Cause of Crash": "Rash and Negligent" }, "geometry": { "type": "Point", "coordinates": [ 77.574189, 12.977737 ] } },
{ "type": "Feature", "properties": { "Unique ID": "100_43/2022", "Year": 2022, "Tag": "Identical", "SL No": 100, "Traffic ps": "Upparapete trf PS", "Cr no": "43/2022", "Latitude": 12.959549, "Longitude": 77.555948, "Location of Black spot": "T.B.Road ", "Date (DD/MM/YYYY)": "30/06/2022", "Time ( in 24 hours)": "22:30:00", "Fatal": null, "GI": 1, "MI": null, "Severity": "Non-Fatal", "Crash Category": "Vehicle-Pedestrian", "Accused": "Vehicle", "Victim": "Pedestrian", "Vehicles Involved": "Vehicle and Pedestrian", "Type of Crash": "N.D.A", "Cause of Crash": "Rash and Negligent" }, "geometry": { "type": "Point", "coordinates": [ 77.555948, 12.959549 ] } },
{ "type": "Feature", "properties": { "Unique ID": "101_103/2022", "Year": 2022, "Tag": "Identical", "SL No": 101, "Traffic ps": "Upparapete trf PS", "Cr no": "103/2022", "Latitude": 12.957412, "Longitude": 77.552204, "Location of Black spot": "T.B.Road ", "Date (DD/MM/YYYY)": "21/10/2022", "Time ( in 24 hours)": "04:45:00", "Fatal": null, "GI": 1, "MI": null, "Severity": "Non-Fatal", "Crash Category": "Vehicle-Pedestrian", "Accused": "Vehicle", "Victim": "Pedestrian", "Vehicles Involved": "Vehicle and Pedestrian", "Type of Crash": "N.D.A", "Cause of Crash": "Rash and Negligent" }, "geometry": { "type": "Point", "coordinates": [ 77.552204, 12.957412 ] } },
{ "type": "Feature", "properties": { "Unique ID": "102_006/2022", "Year": 2022, "Tag": "Maybe", "SL No": 102, "Traffic ps": "CHAMARAJAPETE TR PS", "Cr no": "006/2022", "Latitude": 12.957405, "Longitude": 77.552215, "Location of Black spot": "BB JUNCTION UP & DOWN RAMP MYSORE ROAD", "Date (DD/MM/YYYY)": "05/02/2022", "Time ( in 24 hours)": "18:30:00", "Fatal": null, "GI": 1, "MI": null, "Severity": "Non-Fatal", "Crash Category": "Vehicle-Vehicle", "Accused": "Lorry", "Victim": "2W", "Vehicles Involved": "Lorry and 2W", "Type of Crash": "N.D.A", "Cause of Crash": "Rash and Negligent" }, "geometry": { "type": "Point", "coordinates": [ 77.552215, 12.957405 ] } },
{ "type": "Feature", "properties": { "Unique ID": "103_012/2022", "Year": 2022, "Tag": "Maybe", "SL No": 103, "Traffic ps": "CHAMARAJAPETE TR PS", "Cr no": "012/2022", "Latitude": 12.960451, "Longitude": 77.557209, "Location of Black spot": "BB JUNCTION UP & DOWN RAMP MYSORE ROAD", "Date (DD/MM/YYYY)": "28/02/2022", "Time ( in 24 hours)": "22:40:00", "Fatal": null, "GI": 1, "MI": null, "Severity": "Non-Fatal", "Crash Category": "Vehicle-Vehicle", "Accused": "Vehicle", "Victim": "2W", "Vehicles Involved": "Vehicle and 2W", "Type of Crash": "N.D.A", "Cause of Crash": "Rash and Negligent" }, "geometry": { "type": "Point", "coordinates": [ 77.557209, 12.960451 ] } },
{ "type": "Feature", "properties": { "Unique ID": "104_25/2022", "Year": 2022, "Tag": "Maybe", "SL No": 104, "Traffic ps": "CHAMARAJAPETE TR PS", "Cr no": "25/2022", "Latitude": 12.960492, "Longitude": 77.557077, "Location of Black spot": "BB JUNCTION UP & DOWN RAMP MYSORE ROAD", "Date (DD/MM/YYYY)": "07/06/2022", "Time ( in 24 hours)": "23:15:00", "Fatal": null, "GI": 1, "MI": null, "Severity": "Non-Fatal", "Crash Category": "Vehicle-Pedestrian", "Accused": "Vehicle", "Victim": "Pedestrian", "Vehicles Involved": "Vehicle and Pedestrian", "Type of Crash": "N.D.A", "Cause of Crash": "Rash and Negligent" }, "geometry": { "type": "Point", "coordinates": [ 77.557077, 12.960492 ] } },
{ "type": "Feature", "properties": { "Unique ID": "105_36/2022", "Year": 2022, "Tag": "Maybe", "SL No": 105, "Traffic ps": "CHAMARAJAPETE TR PS", "Cr no": "36/2022", "Latitude": 12.957986, "Longitude": 77.553699, "Location of Black spot": "BB JUNCTION UP & DOWN RAMP MYSORE ROAD", "Date (DD/MM/YYYY)": null, "Time ( in 24 hours)": null, "Fatal": null, "GI": 1, "MI": null, "Severity": "Non-Fatal", "Crash Category": "Vehicle-Vehicle", "Accused": "Vehicle", "Victim": "Vehicle", "Vehicles Involved": "Vehicle and Vehicle", "Type of Crash": "N.D.A", "Cause of Crash": "Rash and Negligent" }, "geometry": { "type": "Point", "coordinates": [ 77.553699, 12.957986 ] } },
{ "type": "Feature", "properties": { "Unique ID": "106_54/2022", "Year": 2022, "Tag": "Maybe", "SL No": 106, "Traffic ps": "CHAMARAJAPETE TR PS", "Cr no": "54/2022", "Latitude": 12.960415, "Longitude": 77.557153, "Location of Black spot": "BB JUNCTION UP & DOWN RAMP MYSORE ROAD", "Date (DD/MM/YYYY)": "20/08/2022", "Time ( in 24 hours)": "16:30:00", "Fatal": "1", "GI": null, "MI": null, "Severity": "Fatal", "Crash Category": "Vehicle-Vehicle", "Accused": "Vehicle", "Victim": "Car", "Vehicles Involved": "Vehicle and Car", "Type of Crash": "N.D.A", "Cause of Crash": "Rash and Negligent" }, "geometry": { "type": "Point", "coordinates": [ 77.557153, 12.960415 ] } },
{ "type": "Feature", "properties": { "Unique ID": "107_71/2022", "Year": 2022, "Tag": "Maybe", "SL No": 107, "Traffic ps": "CHAMARAJAPETE TR PS", "Cr no": "71/2022", "Latitude": 12.959563, "Longitude": 77.555957, "Location of Black spot": "BB JUNCTION UP & DOWN RAMP MYSORE ROAD", "Date (DD/MM/YYYY)": "18/09/2022", "Time ( in 24 hours)": "09:35:00", "Fatal": null, "GI": 1, "MI": null, "Severity": "Non-Fatal", "Crash Category": "Vehicle-Vehicle", "Accused": "Bus", "Victim": "2W", "Vehicles Involved": "Bus and 2W", "Type of Crash": "N.D.A", "Cause of Crash": "Rash and Negligent" }, "geometry": { "type": "Point", "coordinates": [ 77.555957, 12.959563 ] } },
{ "type": "Feature", "properties": { "Unique ID": "108_80/2022", "Year": 2022, "Tag": "Maybe", "SL No": 108, "Traffic ps": "CHAMARAJAPETE TR PS", "Cr no": "80/2022", "Latitude": 12.957403, "Longitude": 77.552193, "Location of Black spot": "BB JUNCTION UP & DOWN RAMP MYSORE ROAD", "Date (DD/MM/YYYY)": "28/09/2022", "Time ( in 24 hours)": "22:30:00", "Fatal": "1", "GI": 1, "MI": null, "Severity": "Fatal", "Crash Category": "Vehicle-Vehicle", "Accused": "Lorry", "Victim": "Cycle", "Vehicles Involved": "Lorry and Cycle", "Type of Crash": "N.D.A", "Cause of Crash": "Rash and Negligent" }, "geometry": { "type": "Point", "coordinates": [ 77.552193, 12.957403 ] } },
{ "type": "Feature", "properties": { "Unique ID": "109_82/2022", "Year": 2022, "Tag": "Maybe", "SL No": 109, "Traffic ps": "CHAMARAJAPETE TR PS", "Cr no": "82/2022", "Latitude": 12.952297, "Longitude": 77.544515, "Location of Black spot": "BB JUNCTION UP & DOWN RAMP MYSORE ROAD", "Date (DD/MM/YYYY)": "06/10/2022", "Time ( in 24 hours)": "14:20:00", "Fatal": null, "GI": 1, "MI": null, "Severity": "Non-Fatal", "Crash Category": "Vehicle-Vehicle", "Accused": "Vehicle", "Victim": "Bus", "Vehicles Involved": "Vehicle and Bus", "Type of Crash": "N.D.A", "Cause of Crash": "Rash and Negligent" }, "geometry": { "type": "Point", "coordinates": [ 77.544515, 12.952297 ] } },
{ "type": "Feature", "properties": { "Unique ID": "110_115/2022", "Year": 2022, "Tag": "Maybe", "SL No": 110, "Traffic ps": "CHAMARAJAPETE TR PS", "Cr no": "115/2022", "Latitude": 12.951954, "Longitude": 77.544415, "Location of Black spot": "BB JUNCTION UP & DOWN RAMP MYSORE ROAD", "Date (DD/MM/YYYY)": "03/12/2022", "Time ( in 24 hours)": "23:00:00", "Fatal": null, "GI": 1, "MI": null, "Severity": "Non-Fatal", "Crash Category": "Vehicle-Vehicle", "Accused": "Vehicle", "Victim": "2W", "Vehicles Involved": "Vehicle and 2W", "Type of Crash": "N.D.A", "Cause of Crash": "Rash and Negligent" }, "geometry": { "type": "Point", "coordinates": [ 77.544415, 12.951954 ] } },
{ "type": "Feature", "properties": { "Unique ID": "111_16/2022", "Year": 2022, "Tag": "Identical", "SL No": 111, "Traffic ps": "Byatarayanapura tr ps", "Cr no": "16/2022", "Latitude": 12.952208, "Longitude": 77.543799, "Location of Black spot": " KSRTC JUNCTION MYSORE ROAD ", "Date (DD/MM/YYYY)": "03/03/2022", "Time ( in 24 hours)": "06:29:00", "Fatal": "1", "GI": null, "MI": null, "Severity": "Fatal", "Crash Category": "Vehicle-Pedestrian", "Accused": "Vehicle", "Victim": "Pedestrian", "Vehicles Involved": "Vehicle and Pedestrian", "Type of Crash": "N.D.A", "Cause of Crash": "Rash and Negligent" }, "geometry": { "type": "Point", "coordinates": [ 77.543799, 12.952208 ] } },
{ "type": "Feature", "properties": { "Unique ID": "112_17/2022", "Year": 2022, "Tag": "Identical", "SL No": 112, "Traffic ps": "Byatarayanapura tr ps", "Cr no": "17/2022", "Latitude": 12.953737, "Longitude": 77.542977, "Location of Black spot": " KSRTC JUNCTION MYSORE ROAD ", "Date (DD/MM/YYYY)": "03/04/2022", "Time ( in 24 hours)": "14:39:00", "Fatal": "1", "GI": null, "MI": null, "Severity": "Fatal", "Crash Category": "Vehicle-Pedestrian", "Accused": "Vehicle", "Victim": "Pedestrian", "Vehicles Involved": "Vehicle and Pedestrian", "Type of Crash": "N.D.A", "Cause of Crash": "Rash and Negligent" }, "geometry": { "type": "Point", "coordinates": [ 77.542977, 12.953737 ] } },
{ "type": "Feature", "properties": { "Unique ID": "113_37/2022", "Year": 2022, "Tag": "Identical", "SL No": 113, "Traffic ps": "Byatarayanapura tr ps", "Cr no": "37/2022", "Latitude": 12.953098, "Longitude": 77.544409, "Location of Black spot": " KSRTC JUNCTION MYSORE ROAD ", "Date (DD/MM/YYYY)": "04/06/2022", "Time ( in 24 hours)": "08:19:00", "Fatal": "1", "GI": null, "MI": null, "Severity": "Fatal", "Crash Category": "Vehicle-Pedestrian", "Accused": "Vehicle", "Victim": "Pedestrian", "Vehicles Involved": "Vehicle and Pedestrian", "Type of Crash": "N.D.A", "Cause of Crash": "Rash and Negligent" }, "geometry": { "type": "Point", "coordinates": [ 77.544409, 12.953098 ] } },
{ "type": "Feature", "properties": { "Unique ID": "114_99/2022", "Year": 2022, "Tag": "Identical", "SL No": 114, "Traffic ps": "Byatarayanapura tr ps", "Cr no": "99/2022", "Latitude": 12.542406, "Longitude": 77.544264, "Location of Black spot": " KSRTC JUNCTION MYSORE ROAD ", "Date (DD/MM/YYYY)": "13/06/2022", "Time ( in 24 hours)": "06:30:00", "Fatal": "1", "GI": null, "MI": null, "Severity": "Fatal", "Crash Category": "Vehicle-Vehicle", "Accused": "Vehicle", "Victim": "Vehicle", "Vehicles Involved": "Vehicle and Vehicle", "Type of Crash": "N.D.A", "Cause of Crash": "Rash and Negligent" }, "geometry": { "type": "Point", "coordinates": [ 77.544264, 12.542406 ] } },
{ "type": "Feature", "properties": { "Unique ID": "115_29/2022", "Year": 2022, "Tag": "Identical", "SL No": 115, "Traffic ps": "Byatarayanapura tr ps", "Cr no": "29/2022", "Latitude": 12.954351, "Longitude": 77.543928, "Location of Black spot": " KSRTC JUNCTION MYSORE ROAD ", "Date (DD/MM/YYYY)": "23/03/2022", "Time ( in 24 hours)": "16:00:00", "Fatal": null, "GI": 1, "MI": null, "Severity": "Non-Fatal", "Crash Category": "Vehicle-Vehicle", "Accused": "Vehicle", "Victim": "Vehicle", "Vehicles Involved": "Vehicle and Vehicle", "Type of Crash": "N.D.A", "Cause of Crash": "Rash and Negligent" }, "geometry": { "type": "Point", "coordinates": [ 77.543928, 12.954351 ] } },
{ "type": "Feature", "properties": { "Unique ID": "116_253/2022", "Year": 2022, "Tag": "Identical", "SL No": 116, "Traffic ps": "Byatarayanapura tr ps", "Cr no": "253/2022", "Latitude": 12.946672, "Longitude": 77.525474, "Location of Black spot": " KSRTC JUNCTION MYSORE ROAD ", "Date (DD/MM/YYYY)": "12/02/2022", "Time ( in 24 hours)": "10:14:00", "Fatal": null, "GI": 1, "MI": null, "Severity": "Non-Fatal", "Crash Category": "Vehicle-Pedestrian", "Accused": "Vehicle", "Victim": "Pedestrian", "Vehicles Involved": "Vehicle and Pedestrian", "Type of Crash": "N.D.A", "Cause of Crash": "Rash and Negligent" }, "geometry": { "type": "Point", "coordinates": [ 77.525474, 12.946672 ] } },
{ "type": "Feature", "properties": { "Unique ID": "117_254/2022", "Year": 2022, "Tag": "Identical", "SL No": 117, "Traffic ps": "Byatarayanapura tr ps", "Cr no": "254/2022", "Latitude": 12.944936, "Longitude": 77.528916, "Location of Black spot": " KSRTC JUNCTION MYSORE ROAD ", "Date (DD/MM/YYYY)": "11/03/2022", "Time ( in 24 hours)": "07:00:00", "Fatal": null, "GI": 1, "MI": null, "Severity": "Non-Fatal", "Crash Category": "Vehicle-Vehicle", "Accused": "Vehicle", "Victim": "Vehicle", "Vehicles Involved": "Vehicle and Vehicle", "Type of Crash": "N.D.A", "Cause of Crash": "Rash and Negligent" }, "geometry": { "type": "Point", "coordinates": [ 77.528916, 12.944936 ] } },
{ "type": "Feature", "properties": { "Unique ID": "118_46/2022", "Year": 2022, "Tag": "Identical", "SL No": 118, "Traffic ps": "Byatarayanapura tr ps", "Cr no": "46/2022", "Latitude": 12.943052, "Longitude": 77.525989, "Location of Black spot": " NAYANDAHALLI JUNCTION MYSORE ROAD ", "Date (DD/MM/YYYY)": "18/04/2022", "Time ( in 24 hours)": "19:10:00", "Fatal": "1", "GI": null, "MI": null, "Severity": "Fatal", "Crash Category": "Vehicle-Vehicle", "Accused": "Vehicle", "Victim": "Vehicle", "Vehicles Involved": "Vehicle and Vehicle", "Type of Crash": "N.D.A", "Cause of Crash": "Rash and Negligent" }, "geometry": { "type": "Point", "coordinates": [ 77.525989, 12.943052 ] } },
{ "type": "Feature", "properties": { "Unique ID": "119_55/2022", "Year": 2022, "Tag": "Identical", "SL No": 119, "Traffic ps": "Byatarayanapura tr ps", "Cr no": "55/2022", "Latitude": 12.945089, "Longitude": 77.52785, "Location of Black spot": " NAYANDAHALLI JUNCTION MYSORE ROAD ", "Date (DD/MM/YYYY)": "17/02/2022", "Time ( in 24 hours)": "08:30:00", "Fatal": "1", "GI": null, "MI": null, "Severity": "Fatal", "Crash Category": "Vehicle-Vehicle", "Accused": "Vehicle", "Victim": "Vehicle", "Vehicles Involved": "Vehicle and Vehicle", "Type of Crash": "N.D.A", "Cause of Crash": "Rash and Negligent" }, "geometry": { "type": "Point", "coordinates": [ 77.52785, 12.945089 ] } },
{ "type": "Feature", "properties": { "Unique ID": "120_68/2022", "Year": 2022, "Tag": "Identical", "SL No": 120, "Traffic ps": "Byatarayanapura tr ps", "Cr no": "68/2022", "Latitude": 12.946982, "Longitude": 77.524704, "Location of Black spot": " NAYANDAHALLI JUNCTION MYSORE ROAD ", "Date (DD/MM/YYYY)": "05/06/2022", "Time ( in 24 hours)": "08:15:00", "Fatal": "1", "GI": null, "MI": null, "Severity": "Fatal", "Crash Category": "Vehicle-Pedestrian", "Accused": "Vehicle", "Victim": "Pedestrian", "Vehicles Involved": "Vehicle and Pedestrian", "Type of Crash": "N.D.A", "Cause of Crash": "Rash and Negligent" }, "geometry": { "type": "Point", "coordinates": [ 77.524704, 12.946982 ] } },
{ "type": "Feature", "properties": { "Unique ID": "121_103/2022", "Year": 2022, "Tag": "Identical", "SL No": 121, "Traffic ps": "Byatarayanapura tr ps", "Cr no": "103/2022", "Latitude": 12.946118, "Longitude": 77.52653, "Location of Black spot": " NAYANDAHALLI JUNCTION MYSORE ROAD ", "Date (DD/MM/YYYY)": "25/06/2022", "Time ( in 24 hours)": "22:30:00", "Fatal": "1", "GI": null, "MI": null, "Severity": "Fatal", "Crash Category": "Vehicle-Vehicle", "Accused": "Vehicle", "Victim": "Self", "Vehicles Involved": "Vehicle and Self", "Type of Crash": "Self", "Cause of Crash": "Rash and Negligent" }, "geometry": { "type": "Point", "coordinates": [ 77.52653, 12.946118 ] } },
{ "type": "Feature", "properties": { "Unique ID": "122_84/2022", "Year": 2022, "Tag": "Identical", "SL No": 122, "Traffic ps": "Byatarayanapura tr ps", "Cr no": "84/2022", "Latitude": 12.945724, "Longitude": 77.527843, "Location of Black spot": " NAYANDAHALLI JUNCTION MYSORE ROAD ", "Date (DD/MM/YYYY)": "24/05/2022", "Time ( in 24 hours)": "12:40:00", "Fatal": "1", "GI": null, "MI": null, "Severity": "Fatal", "Crash Category": "Vehicle-Pedestrian", "Accused": "Vehicle", "Victim": "Pedestrian", "Vehicles Involved": "Vehicle and Pedestrian", "Type of Crash": "N.D.A", "Cause of Crash": "Rash and Negligent" }, "geometry": { "type": "Point", "coordinates": [ 77.527843, 12.945724 ] } },
{ "type": "Feature", "properties": { "Unique ID": "123_175/2022", "Year": 2022, "Tag": "Identical", "SL No": 123, "Traffic ps": "Byatarayanapura tr ps", "Cr no": "175/2022", "Latitude": 12.946325, "Longitude": 77.525484, "Location of Black spot": " NAYANDAHALLI JUNCTION MYSORE ROAD ", "Date (DD/MM/YYYY)": "14/09/2022", "Time ( in 24 hours)": "11:10:00", "Fatal": "1", "GI": null, "MI": null, "Severity": "Fatal", "Crash Category": "Vehicle-Vehicle", "Accused": "Vehicle", "Victim": "Vehicle", "Vehicles Involved": "Vehicle and Vehicle", "Type of Crash": "N.D.A", "Cause of Crash": "Rash and Negligent" }, "geometry": { "type": "Point", "coordinates": [ 77.525484, 12.946325 ] } },
{ "type": "Feature", "properties": { "Unique ID": "124_20/2022", "Year": 2022, "Tag": "Identical", "SL No": 124, "Traffic ps": "Byatarayanapura tr ps", "Cr no": "20/2022", "Latitude": 12.936259, "Longitude": 77.518118, "Location of Black spot": " NAYANDAHALLI JUNCTION MYSORE ROAD ", "Date (DD/MM/YYYY)": "03/12/2022", "Time ( in 24 hours)": "13:34:00", "Fatal": null, "GI": 1, "MI": null, "Severity": "Non-Fatal", "Crash Category": "Vehicle-Vehicle", "Accused": "Vehicle", "Victim": "Vehicle", "Vehicles Involved": "Vehicle and Vehicle", "Type of Crash": "N.D.A", "Cause of Crash": "Rash and Negligent" }, "geometry": { "type": "Point", "coordinates": [ 77.518118, 12.936259 ] } },
{ "type": "Feature", "properties": { "Unique ID": "125_59/2022", "Year": 2022, "Tag": "Identical", "SL No": 125, "Traffic ps": "Byatarayanapura tr ps", "Cr no": "59/2022", "Latitude": 12.945464, "Longitude": 77.528341, "Location of Black spot": " NAYANDAHALLI JUNCTION MYSORE ROAD ", "Date (DD/MM/YYYY)": "29/04/2022", "Time ( in 24 hours)": "14:00:00", "Fatal": null, "GI": 1, "MI": null, "Severity": "Non-Fatal", "Crash Category": "Vehicle-Vehicle", "Accused": "Vehicle", "Victim": "Vehicle", "Vehicles Involved": "Vehicle and Vehicle", "Type of Crash": "N.D.A", "Cause of Crash": "Rash and Negligent" }, "geometry": { "type": "Point", "coordinates": [ 77.528341, 12.945464 ] } },
{ "type": "Feature", "properties": { "Unique ID": "126_64/2022", "Year": 2022, "Tag": "Identical", "SL No": 126, "Traffic ps": "Byatarayanapura tr ps", "Cr no": "64/2022", "Latitude": 12.946684, "Longitude": 77.530361, "Location of Black spot": " NAYANDAHALLI JUNCTION MYSORE ROAD ", "Date (DD/MM/YYYY)": "05/02/2022", "Time ( in 24 hours)": "10:30:00", "Fatal": null, "GI": 1, "MI": null, "Severity": "Non-Fatal", "Crash Category": "Vehicle-Vehicle", "Accused": "Vehicle", "Victim": "Vehicle", "Vehicles Involved": "Vehicle and Vehicle", "Type of Crash": "N.D.A", "Cause of Crash": "Rash and Negligent" }, "geometry": { "type": "Point", "coordinates": [ 77.530361, 12.946684 ] } },
{ "type": "Feature", "properties": { "Unique ID": "127_72/2022", "Year": 2022, "Tag": "Identical", "SL No": 127, "Traffic ps": "Byatarayanapura tr ps", "Cr no": "72/2022", "Latitude": 12.943909, "Longitude": 77.53033, "Location of Black spot": " NAYANDAHALLI JUNCTION MYSORE ROAD ", "Date (DD/MM/YYYY)": "15/05/2022", "Time ( in 24 hours)": "12:00:00", "Fatal": null, "GI": 1, "MI": null, "Severity": "Non-Fatal", "Crash Category": "Vehicle-Vehicle", "Accused": "Vehicle", "Victim": "Vehicle", "Vehicles Involved": "Vehicle and Vehicle", "Type of Crash": "N.D.A", "Cause of Crash": "Rash and Negligent" }, "geometry": { "type": "Point", "coordinates": [ 77.53033, 12.943909 ] } },
{ "type": "Feature", "properties": { "Unique ID": "128_102/2022", "Year": 2022, "Tag": "Identical", "SL No": 128, "Traffic ps": "Byatarayanapura tr ps", "Cr no": "102/2022", "Latitude": 12.958299, "Longitude": 77.51841, "Location of Black spot": " NAYANDAHALLI JUNCTION MYSORE ROAD ", "Date (DD/MM/YYYY)": "19/06/2022", "Time ( in 24 hours)": "20:00:00", "Fatal": null, "GI": 1, "MI": null, "Severity": "Non-Fatal", "Crash Category": "Vehicle-Vehicle", "Accused": "Vehicle", "Victim": "Vehicle", "Vehicles Involved": "Vehicle and Vehicle", "Type of Crash": "N.D.A", "Cause of Crash": "Rash and Negligent" }, "geometry": { "type": "Point", "coordinates": [ 77.51841, 12.958299 ] } },
{ "type": "Feature", "properties": { "Unique ID": "129_232/2022", "Year": 2022, "Tag": "Identical", "SL No": 129, "Traffic ps": "Byatarayanapura tr ps", "Cr no": "232/2022", "Latitude": 12.958438, "Longitude": 77.518704, "Location of Black spot": " NAYANDAHALLI JUNCTION MYSORE ROAD ", "Date (DD/MM/YYYY)": "19/11/2022", "Time ( in 24 hours)": "08:45:00", "Fatal": null, "GI": 1, "MI": null, "Severity": "Non-Fatal", "Crash Category": "Vehicle-Pedestrian", "Accused": "Vehicle", "Victim": "Pedestrian", "Vehicles Involved": "Vehicle and Pedestrian", "Type of Crash": "N.D.A", "Cause of Crash": "Rash and Negligent" }, "geometry": { "type": "Point", "coordinates": [ 77.518704, 12.958438 ] } },
{ "type": "Feature", "properties": { "Unique ID": "130_44593.0", "Year": 2022, "Tag": "Identical", "SL No": 130, "Traffic ps": "Byatarayanapura tr ps", "Cr no": "44593.0", "Latitude": 12.959134, "Longitude": 77.516971, "Location of Black spot": "SUVARNA LAYOUT OUTER RING  ROAD ", "Date (DD/MM/YYYY)": "01/06/2022", "Time ( in 24 hours)": "22:50:00", "Fatal": "1", "GI": null, "MI": null, "Severity": "Fatal", "Crash Category": "Vehicle-Vehicle", "Accused": "Vehicle", "Victim": "Self", "Vehicles Involved": "Vehicle and Self", "Type of Crash": "Self", "Cause of Crash": "Rash and Negligent" }, "geometry": { "type": "Point", "coordinates": [ 77.516971, 12.959134 ] } },
{ "type": "Feature", "properties": { "Unique ID": "131_116/2022", "Year": 2022, "Tag": "Identical", "SL No": 131, "Traffic ps": "Byatarayanapura tr ps", "Cr no": "116/2022", "Latitude": 12.958929, "Longitude": 77.517173, "Location of Black spot": "SUVARNA LAYOUT OUTER RING  ROAD ", "Date (DD/MM/YYYY)": "07/09/2022", "Time ( in 24 hours)": "21:49:00", "Fatal": "1", "GI": null, "MI": null, "Severity": "Fatal", "Crash Category": "Vehicle-Vehicle", "Accused": "Vehicle", "Victim": "Vehicle", "Vehicles Involved": "Vehicle and Vehicle", "Type of Crash": "N.D.A", "Cause of Crash": "Rash and Negligent" }, "geometry": { "type": "Point", "coordinates": [ 77.517173, 12.958929 ] } },
{ "type": "Feature", "properties": { "Unique ID": "132_131/2022", "Year": 2022, "Tag": "Identical", "SL No": 132, "Traffic ps": "Byatarayanapura tr ps", "Cr no": "131/2022", "Latitude": 12.958279, "Longitude": 77.518553, "Location of Black spot": "SUVARNA LAYOUT OUTER RING  ROAD ", "Date (DD/MM/YYYY)": "14/07/2022", "Time ( in 24 hours)": "13:40:00", "Fatal": "1", "GI": null, "MI": null, "Severity": "Fatal", "Crash Category": "Vehicle-Vehicle", "Accused": "Vehicle", "Victim": "Vehicle", "Vehicles Involved": "Vehicle and Vehicle", "Type of Crash": "N.D.A", "Cause of Crash": "Rash and Negligent" }, "geometry": { "type": "Point", "coordinates": [ 77.518553, 12.958279 ] } },
{ "type": "Feature", "properties": { "Unique ID": "133_190/2022", "Year": 2022, "Tag": "Identical", "SL No": 133, "Traffic ps": "Byatarayanapura tr ps", "Cr no": "190/2022", "Latitude": 12.956279, "Longitude": 77.519419, "Location of Black spot": "SUVARNA LAYOUT OUTER RING  ROAD ", "Date (DD/MM/YYYY)": "29/09/2022", "Time ( in 24 hours)": "07:00:00", "Fatal": "1", "GI": null, "MI": null, "Severity": "Fatal", "Crash Category": "Vehicle-Pedestrian", "Accused": "Vehicle", "Victim": "Pedestrian", "Vehicles Involved": "Vehicle and Pedestrian", "Type of Crash": "N.D.A", "Cause of Crash": "Rash and Negligent" }, "geometry": { "type": "Point", "coordinates": [ 77.519419, 12.956279 ] } },
{ "type": "Feature", "properties": { "Unique ID": "134_198/2022", "Year": 2022, "Tag": "Identical", "SL No": 134, "Traffic ps": "Byatarayanapura tr ps", "Cr no": "198/2022", "Latitude": 12.95836, "Longitude": 77.517975, "Location of Black spot": "SUVARNA LAYOUT OUTER RING  ROAD ", "Date (DD/MM/YYYY)": "10/09/2022", "Time ( in 24 hours)": "09:29:00", "Fatal": "1", "GI": null, "MI": null, "Severity": "Fatal", "Crash Category": "Vehicle-Vehicle", "Accused": "Vehicle", "Victim": "Vehicle", "Vehicles Involved": "Vehicle and Vehicle", "Type of Crash": "N.D.A", "Cause of Crash": "Rash and Negligent" }, "geometry": { "type": "Point", "coordinates": [ 77.517975, 12.95836 ] } },
{ "type": "Feature", "properties": { "Unique ID": "135_205/2022", "Year": 2022, "Tag": "Identical", "SL No": 135, "Traffic ps": "Byatarayanapura tr ps", "Cr no": "205/2022", "Latitude": 12.958364, "Longitude": 77.518877, "Location of Black spot": "SUVARNA LAYOUT OUTER RING  ROAD ", "Date (DD/MM/YYYY)": "16/10/2022", "Time ( in 24 hours)": "19:05:00", "Fatal": "1", "GI": null, "MI": null, "Severity": "Fatal", "Crash Category": "Vehicle-Vehicle", "Accused": "Vehicle", "Victim": "Self", "Vehicles Involved": "Vehicle and Self", "Type of Crash": "Self", "Cause of Crash": "Rash and Negligent" }, "geometry": { "type": "Point", "coordinates": [ 77.518877, 12.958364 ] } },
{ "type": "Feature", "properties": { "Unique ID": "136_207/2022", "Year": 2022, "Tag": "Identical", "SL No": 136, "Traffic ps": "Byatarayanapura tr ps", "Cr no": "207/2022", "Latitude": 12.958364, "Longitude": 77.518877, "Location of Black spot": "SUVARNA LAYOUT OUTER RING  ROAD ", "Date (DD/MM/YYYY)": "20/10/2022", "Time ( in 24 hours)": "11:50:00", "Fatal": "1", "GI": null, "MI": null, "Severity": "Fatal", "Crash Category": "Vehicle-Vehicle", "Accused": "Vehicle", "Victim": "Vehicle", "Vehicles Involved": "Vehicle and Vehicle", "Type of Crash": "N.D.A", "Cause of Crash": "Rash and Negligent" }, "geometry": { "type": "Point", "coordinates": [ 77.518877, 12.958364 ] } },
{ "type": "Feature", "properties": { "Unique ID": "137_209/2022", "Year": 2022, "Tag": "Identical", "SL No": 137, "Traffic ps": "Byatarayanapura tr ps", "Cr no": "209/2022", "Latitude": 12.959127, "Longitude": 77.516385, "Location of Black spot": "SUVARNA LAYOUT OUTER RING  ROAD ", "Date (DD/MM/YYYY)": "30/10/2022", "Time ( in 24 hours)": "08:28:00", "Fatal": "1", "GI": null, "MI": null, "Severity": "Fatal", "Crash Category": "Vehicle-Vehicle", "Accused": "Vehicle", "Victim": "Vehicle", "Vehicles Involved": "Vehicle and Vehicle", "Type of Crash": "N.D.A", "Cause of Crash": "Rash and Negligent" }, "geometry": { "type": "Point", "coordinates": [ 77.516385, 12.959127 ] } },
{ "type": "Feature", "properties": { "Unique ID": "138_44/2022", "Year": 2022, "Tag": "Identical", "SL No": 138, "Traffic ps": "Byatarayanapura tr ps", "Cr no": "44/2022", "Latitude": 12.951747, "Longitude": 77.521075, "Location of Black spot": "SUVARNA LAYOUT OUTER RING  ROAD ", "Date (DD/MM/YYYY)": "17/04/2022", "Time ( in 24 hours)": "01:30:00", "Fatal": null, "GI": 1, "MI": null, "Severity": "Non-Fatal", "Crash Category": "Vehicle-Vehicle", "Accused": "Vehicle", "Victim": "Self", "Vehicles Involved": "Vehicle and Self", "Type of Crash": "Self", "Cause of Crash": "Rash and Negligent" }, "geometry": { "type": "Point", "coordinates": [ 77.521075, 12.951747 ] } },
{ "type": "Feature", "properties": { "Unique ID": "139_73/2022", "Year": 2022, "Tag": "Identical", "SL No": 139, "Traffic ps": "Byatarayanapura tr ps", "Cr no": "73/2022", "Latitude": 12.958186, "Longitude": 77.51888, "Location of Black spot": "SUVARNA LAYOUT OUTER RING  ROAD ", "Date (DD/MM/YYYY)": "05/11/2022", "Time ( in 24 hours)": "17:15:00", "Fatal": null, "GI": 1, "MI": null, "Severity": "Non-Fatal", "Crash Category": "Vehicle-Vehicle", "Accused": "Vehicle", "Victim": "Vehicle", "Vehicles Involved": "Vehicle and Vehicle", "Type of Crash": "N.D.A", "Cause of Crash": "Rash and Negligent" }, "geometry": { "type": "Point", "coordinates": [ 77.51888, 12.958186 ] } },
{ "type": "Feature", "properties": { "Unique ID": "140_88/2022", "Year": 2022, "Tag": "Identical", "SL No": 140, "Traffic ps": "Byatarayanapura tr ps", "Cr no": "88/2022", "Latitude": 12.959134, "Longitude": 77.516971, "Location of Black spot": "SUVARNA LAYOUT OUTER RING  ROAD ", "Date (DD/MM/YYYY)": "31/05/2022", "Time ( in 24 hours)": "14:15:00", "Fatal": null, "GI": 1, "MI": null, "Severity": "Non-Fatal", "Crash Category": "Vehicle-Vehicle", "Accused": "Vehicle", "Victim": "Vehicle", "Vehicles Involved": "Vehicle and Vehicle", "Type of Crash": "N.D.A", "Cause of Crash": "Rash and Negligent" }, "geometry": { "type": "Point", "coordinates": [ 77.516971, 12.959134 ] } },
{ "type": "Feature", "properties": { "Unique ID": "141_97/2022", "Year": 2022, "Tag": "Identical", "SL No": 141, "Traffic ps": "Byatarayanapura tr ps", "Cr no": "97/2022", "Latitude": 12.969962, "Longitude": 77.51236, "Location of Black spot": "SUVARNA LAYOUT OUTER RING  ROAD ", "Date (DD/MM/YYYY)": "06/10/2022", "Time ( in 24 hours)": "03:00:00", "Fatal": null, "GI": 1, "MI": null, "Severity": "Non-Fatal", "Crash Category": "Vehicle-Vehicle", "Accused": "Vehicle", "Victim": "Vehicle", "Vehicles Involved": "Vehicle and Vehicle", "Type of Crash": "N.D.A", "Cause of Crash": "Rash and Negligent" }, "geometry": { "type": "Point", "coordinates": [ 77.51236, 12.969962 ] } },
{ "type": "Feature", "properties": { "Unique ID": "142_208/2022", "Year": 2022, "Tag": "Identical", "SL No": 142, "Traffic ps": "Byatarayanapura tr ps", "Cr no": "208/2022", "Latitude": 12.997931, "Longitude": 77.523725, "Location of Black spot": "SUVARNA LAYOUT OUTER RING  ROAD ", "Date (DD/MM/YYYY)": "23/10/2022", "Time ( in 24 hours)": "10:50:00", "Fatal": null, "GI": 1, "MI": null, "Severity": "Non-Fatal", "Crash Category": "Vehicle-Vehicle", "Accused": "Vehicle", "Victim": "Vehicle", "Vehicles Involved": "Vehicle and Vehicle", "Type of Crash": "N.D.A", "Cause of Crash": "Rash and Negligent" }, "geometry": { "type": "Point", "coordinates": [ 77.523725, 12.997931 ] } },
{ "type": "Feature", "properties": { "Unique ID": "143_Cr no 89/2022", "Year": 2022, "Tag": "Unique", "SL No": 143, "Traffic ps": "Kamakshipalya tr ps", "Cr no": "Cr no 89/2022", "Latitude": 12.987383, "Longitude": 77.519333, "Location of Black spot": "Outer ring road Chowdeshwari underpass to Sumanahalli Upper ramp", "Date (DD/MM/YYYY)": null, "Time ( in 24 hours)": null, "Fatal": "1", "GI": null, "MI": null, "Severity": "Fatal", "Crash Category": "Vehicle-Vehicle", "Accused": null, "Victim": null, "Vehicles Involved": " and ", "Type of Crash": "Hit from Back", "Cause of Crash": "Rash and Negligent" }, "geometry": { "type": "Point", "coordinates": [ 77.519333, 12.987383 ] } },
{ "type": "Feature", "properties": { "Unique ID": "144_95/2022", "Year": 2022, "Tag": "Unique", "SL No": 144, "Traffic ps": "Kamakshipalya tr ps", "Cr no": "95/2022", "Latitude": 12.990675, "Longitude": 77.520715, "Location of Black spot": "Outer ring road Chowdeshwari underpass to Sumanahalli Upper ramp", "Date (DD/MM/YYYY)": null, "Time ( in 24 hours)": null, "Fatal": "1", "GI": null, "MI": null, "Severity": "Fatal", "Crash Category": "Vehicle-Vehicle", "Accused": "Vehicle", "Victim": "2W", "Vehicles Involved": "Vehicle and 2W", "Type of Crash": "Head-On", "Cause of Crash": "Rash and Negligent" }, "geometry": { "type": "Point", "coordinates": [ 77.520715, 12.990675 ] } },
{ "type": "Feature", "properties": { "Unique ID": "145_101/2022", "Year": 2022, "Tag": "Unique", "SL No": 145, "Traffic ps": "Kamakshipalya tr ps", "Cr no": "101/2022", "Latitude": 12.987442, "Longitude": 77.519234, "Location of Black spot": "Outer ring road Chowdeshwari underpass to Sumanahalli Upper ramp", "Date (DD/MM/YYYY)": null, "Time ( in 24 hours)": null, "Fatal": null, "GI": 1, "MI": null, "Severity": "Non-Fatal", "Crash Category": "Vehicle-Vehicle", "Accused": "Vehicle", "Victim": "Canter", "Vehicles Involved": "Vehicle and Canter", "Type of Crash": "Hit from Back", "Cause of Crash": "Rash and Negligent" }, "geometry": { "type": "Point", "coordinates": [ 77.519234, 12.987442 ] } },
{ "type": "Feature", "properties": { "Unique ID": "146_131/2022", "Year": 2022, "Tag": "Unique", "SL No": 146, "Traffic ps": "Kamakshipalya tr ps", "Cr no": "131/2022", "Latitude": 12.992616, "Longitude": 77.521187, "Location of Black spot": "Outer ring road Chowdeshwari underpass to Sumanahalli Upper ramp", "Date (DD/MM/YYYY)": null, "Time ( in 24 hours)": null, "Fatal": "1", "GI": null, "MI": null, "Severity": "Fatal", "Crash Category": "Vehicle-Vehicle", "Accused": "Vehicle", "Victim": "Car", "Vehicles Involved": "Vehicle and Car", "Type of Crash": "Head-On", "Cause of Crash": "Rash and Negligent" }, "geometry": { "type": "Point", "coordinates": [ 77.521187, 12.992616 ] } },
{ "type": "Feature", "properties": { "Unique ID": "147_150/2022", "Year": 2022, "Tag": "Unique", "SL No": 147, "Traffic ps": "Kamakshipalya tr ps", "Cr no": "150/2022", "Latitude": 12.987373, "Longitude": 77.519398, "Location of Black spot": "Outer ring road Chowdeshwari underpass to Sumanahalli Upper ramp", "Date (DD/MM/YYYY)": null, "Time ( in 24 hours)": null, "Fatal": "1", "GI": null, "MI": null, "Severity": "Fatal", "Crash Category": "Vehicle-Vehicle", "Accused": "Vehicle", "Victim": "2W", "Vehicles Involved": "Vehicle and 2W", "Type of Crash": "Hit from Back", "Cause of Crash": "Rash and Negligent" }, "geometry": { "type": "Point", "coordinates": [ 77.519398, 12.987373 ] } },
{ "type": "Feature", "properties": { "Unique ID": "148_159/2022", "Year": 2022, "Tag": "Unique", "SL No": 148, "Traffic ps": "Kamakshipalya tr ps", "Cr no": "159/2022", "Latitude": 12.99757, "Longitude": 77.523434, "Location of Black spot": "Outer ring road Chowdeshwari underpass to Sumanahalli Upper ramp", "Date (DD/MM/YYYY)": null, "Time ( in 24 hours)": null, "Fatal": null, "GI": 1, "MI": null, "Severity": "Non-Fatal", "Crash Category": "Self Accident", "Accused": "Self", "Victim": "Car", "Vehicles Involved": "Self and Car", "Type of Crash": "Self", "Cause of Crash": "Rash and Negligent" }, "geometry": { "type": "Point", "coordinates": [ 77.523434, 12.99757 ] } },
{ "type": "Feature", "properties": { "Unique ID": "149_202/2022", "Year": 2022, "Tag": "Unique", "SL No": 149, "Traffic ps": "Kamakshipalya tr ps", "Cr no": "202/2022", "Latitude": 12.974592, "Longitude": 77.513466, "Location of Black spot": "Outer ring road Chowdeshwari underpass to Sumanahalli Upper ramp", "Date (DD/MM/YYYY)": null, "Time ( in 24 hours)": null, "Fatal": null, "GI": 1, "MI": null, "Severity": "Non-Fatal", "Crash Category": "Vehicle-Vehicle", "Accused": "Lorry", "Victim": "2W", "Vehicles Involved": "Lorry and 2W", "Type of Crash": "N.D.A", "Cause of Crash": "Rash and Negligent" }, "geometry": { "type": "Point", "coordinates": [ 77.513466, 12.974592 ] } },
{ "type": "Feature", "properties": { "Unique ID": "150_209/2022", "Year": 2022, "Tag": "Unique", "SL No": 150, "Traffic ps": "Kamakshipalya tr ps", "Cr no": "209/2022", "Latitude": 12.997656, "Longitude": 77.5253148, "Location of Black spot": "Outer ring road Chowdeshwari underpass to Sumanahalli Upper ramp", "Date (DD/MM/YYYY)": null, "Time ( in 24 hours)": null, "Fatal": "1", "GI": null, "MI": null, "Severity": "Fatal", "Crash Category": "Vehicle-Vehicle", "Accused": "Vehicle", "Victim": "Lorry", "Vehicles Involved": "Vehicle and Lorry", "Type of Crash": "Hit from Side", "Cause of Crash": "Rash and Negligent" }, "geometry": { "type": "Point", "coordinates": [ 77.5253148, 12.997656 ] } },
{ "type": "Feature", "properties": { "Unique ID": "151_229/2022", "Year": 2022, "Tag": "Unique", "SL No": 151, "Traffic ps": "Kamakshipalya tr ps", "Cr no": "229/2022", "Latitude": 12.993892, "Longitude": 77.521785, "Location of Black spot": "Outer ring road Chowdeshwari underpass to Sumanahalli Upper ramp", "Date (DD/MM/YYYY)": null, "Time ( in 24 hours)": null, "Fatal": "1", "GI": null, "MI": null, "Severity": "Fatal", "Crash Category": "Vehicle-Vehicle", "Accused": "Bus", "Victim": "2W", "Vehicles Involved": "Bus and 2W", "Type of Crash": "Hit from Side", "Cause of Crash": "Rash and Negligent" }, "geometry": { "type": "Point", "coordinates": [ 77.521785, 12.993892 ] } },
{ "type": "Feature", "properties": { "Unique ID": "152_235/2022", "Year": 2022, "Tag": "Unique", "SL No": 152, "Traffic ps": "Kamakshipalya tr ps", "Cr no": "235/2022", "Latitude": 12.993892, "Longitude": 77.521785, "Location of Black spot": "Outer ring road Chowdeshwari underpass to Sumanahalli Upper ramp", "Date (DD/MM/YYYY)": null, "Time ( in 24 hours)": null, "Fatal": "1", "GI": null, "MI": null, "Severity": "Fatal", "Crash Category": "Vehicle-Vehicle", "Accused": "Bus", "Victim": "2W", "Vehicles Involved": "Bus and 2W", "Type of Crash": "Hit from Side", "Cause of Crash": "Rash and Negligent" }, "geometry": { "type": "Point", "coordinates": [ 77.521785, 12.993892 ] } },
{ "type": "Feature", "properties": { "Unique ID": "153_277/2022", "Year": 2022, "Tag": "Unique", "SL No": 153, "Traffic ps": "Kamakshipalya tr ps", "Cr no": "277/2022", "Latitude": 12.963639, "Longitude": 77.578398, "Location of Black spot": "Outer ring road Chowdeshwari underpass to Sumanahalli Upper ramp", "Date (DD/MM/YYYY)": null, "Time ( in 24 hours)": null, "Fatal": "1", "GI": null, "MI": null, "Severity": "Fatal", "Crash Category": "Vehicle-Vehicle", "Accused": "2W", "Victim": "Lorry", "Vehicles Involved": "2W and Lorry", "Type of Crash": "Hit from Side", "Cause of Crash": "Rash and Negligent" }, "geometry": { "type": "Point", "coordinates": [ 77.578398, 12.963639 ] } },
{ "type": "Feature", "properties": { "Unique ID": "154_287/2022", "Year": 2022, "Tag": "Unique", "SL No": 154, "Traffic ps": "Kamakshipalya tr ps", "Cr no": "287/2022", "Latitude": 12.964579, "Longitude": 77.575976, "Location of Black spot": "Outer ring road Chowdeshwari underpass to Sumanahalli Upper ramp", "Date (DD/MM/YYYY)": null, "Time ( in 24 hours)": null, "Fatal": "1", "GI": null, "MI": null, "Severity": "Fatal", "Crash Category": "Vehicle-Vehicle", "Accused": "Vehicle", "Victim": "Vehicle", "Vehicles Involved": "Vehicle and Vehicle", "Type of Crash": "N.D.A", "Cause of Crash": "Rash and Negligent" }, "geometry": { "type": "Point", "coordinates": [ 77.575976, 12.964579 ] } },
{ "type": "Feature", "properties": { "Unique ID": "205_85/2022", "Year": 2022, "Tag": "Identical", "SL No": 205, "Traffic ps": "KENGERI TR PS", "Cr no": "85/2022", "Latitude": 12.91972, "Longitude": 77.46885, "Location of Black spot": "GAYATREE CRUSER NICE ROAD ", "Date (DD/MM/YYYY)": "08/03/2022", "Time ( in 24 hours)": "19:30:00", "Fatal": "1", "GI": null, "MI": null, "Severity": "Fatal", "Crash Category": "Vehicle-Vehicle", "Accused": "2W", "Victim": "Lorry", "Vehicles Involved": "2W and Lorry", "Type of Crash": "N.D.A", "Cause of Crash": "Rash and Negligent" }, "geometry": { "type": "Point", "coordinates": [ 77.46885, 12.91972 ] } },
{ "type": "Feature", "properties": { "Unique ID": "206_110/2022", "Year": 2022, "Tag": "Identical", "SL No": 206, "Traffic ps": "KENGERI TR PS", "Cr no": "110/2022", "Latitude": 12.91972, "Longitude": 77.46885, "Location of Black spot": "GAYATREE CRUSER NICE ROAD", "Date (DD/MM/YYYY)": "01/04/2022", "Time ( in 24 hours)": "13:30:00", "Fatal": "1", "GI": null, "MI": null, "Severity": "Fatal", "Crash Category": "Vehicle-Vehicle", "Accused": "Lorry", "Victim": "Lorry", "Vehicles Involved": "Lorry and Lorry", "Type of Crash": "N.D.A", "Cause of Crash": "Rash and Negligent" }, "geometry": { "type": "Point", "coordinates": [ 77.46885, 12.91972 ] } },
{ "type": "Feature", "properties": { "Unique ID": "207_173/2022", "Year": 2022, "Tag": "Identical", "SL No": 207, "Traffic ps": "KENGERI TR PS", "Cr no": "173/2022", "Latitude": 12.912607, "Longitude": 77.467528, "Location of Black spot": "GAYATREE CRUSER NICE ROAD", "Date (DD/MM/YYYY)": "30/05/2022", "Time ( in 24 hours)": "21:00:00", "Fatal": null, "GI": 1, "MI": null, "Severity": "Non-Fatal", "Crash Category": "Vehicle-Vehicle", "Accused": "2W", "Victim": "2W", "Vehicles Involved": "2W and 2W", "Type of Crash": "N.D.A", "Cause of Crash": "Rash and Negligent" }, "geometry": { "type": "Point", "coordinates": [ 77.467528, 12.912607 ] } },
{ "type": "Feature", "properties": { "Unique ID": "208_194/2022", "Year": 2022, "Tag": "Identical", "SL No": 208, "Traffic ps": "KENGERI TR PS", "Cr no": "194/2022", "Latitude": 12.912607, "Longitude": 77.467528, "Location of Black spot": "GAYATREE CRUSER NICE ROAD", "Date (DD/MM/YYYY)": "18/06/2022", "Time ( in 24 hours)": "02:09:00", "Fatal": null, "GI": 1, "MI": null, "Severity": "Non-Fatal", "Crash Category": "Vehicle-Vehicle", "Accused": "2W", "Victim": "2W", "Vehicles Involved": "2W and 2W", "Type of Crash": "N.D.A", "Cause of Crash": "Rash and Negligent" }, "geometry": { "type": "Point", "coordinates": [ 77.467528, 12.912607 ] } },
{ "type": "Feature", "properties": { "Unique ID": "209_199/2022", "Year": 2022, "Tag": "Identical", "SL No": 209, "Traffic ps": "KENGERI TR PS", "Cr no": "199/2022", "Latitude": 12.895677, "Longitude": 77.496273, "Location of Black spot": "GAYATREE CRUSER NICE ROAD", "Date (DD/MM/YYYY)": "24/06/2022", "Time ( in 24 hours)": "05:30:00", "Fatal": null, "GI": 2, "MI": null, "Severity": "Non-Fatal", "Crash Category": "Vehicle-Vehicle", "Accused": "Canter", "Victim": "Pedestrian", "Vehicles Involved": "Canter and Pedestrian", "Type of Crash": "N.D.A", "Cause of Crash": "Rash and Negligent" }, "geometry": { "type": "Point", "coordinates": [ 77.496273, 12.895677 ] } },
{ "type": "Feature", "properties": { "Unique ID": "210_274/2022", "Year": 2022, "Tag": "Identical", "SL No": 210, "Traffic ps": "KENGERI TR PS", "Cr no": "274/2022", "Latitude": 12.895677, "Longitude": 77.496273, "Location of Black spot": "GAYATREE CRUSER NICE ROAD", "Date (DD/MM/YYYY)": "25/09/2022", "Time ( in 24 hours)": "07:50:00", "Fatal": "1", "GI": null, "MI": null, "Severity": "Fatal", "Crash Category": "Vehicle-Vehicle", "Accused": "Car", "Victim": "Lorry", "Vehicles Involved": "Car and Lorry", "Type of Crash": "N.D.A", "Cause of Crash": "Rash and Negligent" }, "geometry": { "type": "Point", "coordinates": [ 77.496273, 12.895677 ] } },
{ "type": "Feature", "properties": { "Unique ID": "211_66/2022", "Year": 2022, "Tag": "Identical", "SL No": 211, "Traffic ps": "KENGERI TR PS", "Cr no": "66/2022", "Latitude": 12.895677, "Longitude": 77.496273, "Location of Black spot": "VRUSHABHAVTHI BRIDGE NICE ROAD ", "Date (DD/MM/YYYY)": "23/02/2022", "Time ( in 24 hours)": "15:00:00", "Fatal": "1", "GI": null, "MI": null, "Severity": "Fatal", "Crash Category": "Vehicle-Vehicle", "Accused": "2W", "Victim": "Lorry", "Vehicles Involved": "2W and Lorry", "Type of Crash": "N.D.A", "Cause of Crash": "Rash and Negligent" }, "geometry": { "type": "Point", "coordinates": [ 77.496273, 12.895677 ] } },
{ "type": "Feature", "properties": { "Unique ID": "212_100/2022", "Year": 2022, "Tag": "Identical", "SL No": 212, "Traffic ps": "KENGERI TR PS", "Cr no": "100/2022", "Latitude": 12.895677, "Longitude": 77.496273, "Location of Black spot": "VRUSHABHAVTHI BRIDGE NICE ROAD ", "Date (DD/MM/YYYY)": "17/03/2022", "Time ( in 24 hours)": "01:00:00", "Fatal": null, "GI": 1, "MI": null, "Severity": "Non-Fatal", "Crash Category": "Vehicle-Vehicle", "Accused": "Lorry", "Victim": "2W", "Vehicles Involved": "Lorry and 2W", "Type of Crash": "N.D.A", "Cause of Crash": "Rash and Negligent" }, "geometry": { "type": "Point", "coordinates": [ 77.496273, 12.895677 ] } },
{ "type": "Feature", "properties": { "Unique ID": "213_105/2022", "Year": 2022, "Tag": "Identical", "SL No": 213, "Traffic ps": "KENGERI TR PS", "Cr no": "105/2022", "Latitude": 12.895677, "Longitude": 77.496273, "Location of Black spot": "VRUSHABHAVTHI BRIDGE NICE ROAD ", "Date (DD/MM/YYYY)": "25/03/2022", "Time ( in 24 hours)": "15:00:00", "Fatal": "1", "GI": 1, "MI": null, "Severity": "Fatal", "Crash Category": "Vehicle-Vehicle", "Accused": "Crane", "Victim": "Car", "Vehicles Involved": "Crane and Car", "Type of Crash": "N.D.A", "Cause of Crash": "Rash and Negligent" }, "geometry": { "type": "Point", "coordinates": [ 77.496273, 12.895677 ] } },
{ "type": "Feature", "properties": { "Unique ID": "214_202/2022", "Year": 2022, "Tag": "Identical", "SL No": 214, "Traffic ps": "KENGERI TR PS", "Cr no": "202/2022", "Latitude": 12.895677, "Longitude": 77.496273, "Location of Black spot": "VRUSHABHAVTHI BRIDGE NICE ROAD ", "Date (DD/MM/YYYY)": "28/06/2022", "Time ( in 24 hours)": "17:30:00", "Fatal": null, "GI": 1, "MI": null, "Severity": "Non-Fatal", "Crash Category": "Vehicle-Vehicle", "Accused": "Lorry", "Victim": "Car", "Vehicles Involved": "Lorry and Car", "Type of Crash": "N.D.A", "Cause of Crash": "Rash and Negligent" }, "geometry": { "type": "Point", "coordinates": [ 77.496273, 12.895677 ] } },
{ "type": "Feature", "properties": { "Unique ID": "215_238/2022", "Year": 2022, "Tag": "Identical", "SL No": 215, "Traffic ps": "KENGERI TR PS", "Cr no": "238/2022", "Latitude": null, "Longitude": null, "Location of Black spot": "VRUSHABHAVTHI BRIDGE NICE ROAD ", "Date (DD/MM/YYYY)": "24/08/2022", "Time ( in 24 hours)": "05:00:00", "Fatal": "1", "GI": null, "MI": null, "Severity": "Fatal", "Crash Category": "Vehicle-Vehicle", "Accused": "Canter", "Victim": "Lorry", "Vehicles Involved": "Canter and Lorry", "Type of Crash": "N.D.A", "Cause of Crash": "Rash and Negligent" }, "geometry": null },
{ "type": "Feature", "properties": { "Unique ID": "216_284/2022", "Year": 2022, "Tag": "Identical", "SL No": 216, "Traffic ps": "KENGERI TR PS", "Cr no": "284/2022", "Latitude": 12.906586, "Longitude": 77.473165, "Location of Black spot": "VRUSHABHAVTHI BRIDGE NICE ROAD ", "Date (DD/MM/YYYY)": "15/10/2022", "Time ( in 24 hours)": "20:30:00", "Fatal": null, "GI": 1, "MI": null, "Severity": "Non-Fatal", "Crash Category": "Vehicle-Vehicle", "Accused": "Car", "Victim": "Lorry", "Vehicles Involved": "Car and Lorry", "Type of Crash": "N.D.A", "Cause of Crash": "Rash and Negligent" }, "geometry": { "type": "Point", "coordinates": [ 77.473165, 12.906586 ] } },
{ "type": "Feature", "properties": { "Unique ID": "217_339/2022", "Year": 2022, "Tag": "Identical", "SL No": 217, "Traffic ps": "KENGERI TR PS", "Cr no": "339/2022", "Latitude": 12.905542, "Longitude": 77.471674, "Location of Black spot": "VRUSHABHAVTHI BRIDGE NICE ROAD ", "Date (DD/MM/YYYY)": "19/12/2022", "Time ( in 24 hours)": "03:00:00", "Fatal": null, "GI": 1, "MI": null, "Severity": "Non-Fatal", "Crash Category": "Vehicle-Vehicle", "Accused": "Lorry", "Victim": "Lorry", "Vehicles Involved": "Lorry and Lorry", "Type of Crash": "N.D.A", "Cause of Crash": "Rash and Negligent" }, "geometry": { "type": "Point", "coordinates": [ 77.471674, 12.905542 ] } },
{ "type": "Feature", "properties": { "Unique ID": "218_120/2022", "Year": 2022, "Tag": "Identical", "SL No": 218, "Traffic ps": "KENGERI TR PS", "Cr no": "120/2022", "Latitude": 12.912881, "Longitude": 77.485505, "Location of Black spot": "DODDABELE JUNCTION MYSURU MAIN ROAD", "Date (DD/MM/YYYY)": "15/04/2022", "Time ( in 24 hours)": "09:30:00", "Fatal": null, "GI": 1, "MI": null, "Severity": "Non-Fatal", "Crash Category": "Vehicle-Vehicle", "Accused": "2W", "Victim": "2W", "Vehicles Involved": "2W and 2W", "Type of Crash": "N.D.A", "Cause of Crash": "Rash and Negligent" }, "geometry": { "type": "Point", "coordinates": [ 77.485505, 12.912881 ] } },
{ "type": "Feature", "properties": { "Unique ID": "219_216/2022", "Year": 2022, "Tag": "Identical", "SL No": 219, "Traffic ps": "KENGERI TR PS", "Cr no": "216/2022", "Latitude": 12.91249, "Longitude": 77.485351, "Location of Black spot": "DODDABELE JUNCTION MYSURU MAIN ROAD", "Date (DD/MM/YYYY)": "23/07/2022", "Time ( in 24 hours)": "09:45:00", "Fatal": null, "GI": 2, "MI": null, "Severity": "Non-Fatal", "Crash Category": "Vehicle-Vehicle", "Accused": "Car", "Victim": "2W", "Vehicles Involved": "Car and 2W", "Type of Crash": "N.D.A", "Cause of Crash": "Rash and Negligent" }, "geometry": { "type": "Point", "coordinates": [ 77.485351, 12.91249 ] } },
{ "type": "Feature", "properties": { "Unique ID": "220_70/2022", "Year": 2022, "Tag": "Identical", "SL No": 220, "Traffic ps": "KENGERI TR PS", "Cr no": "70/2022", "Latitude": 12.91249, "Longitude": 77.485351, "Location of Black spot": "MADHU JUNCTION MYSURU MAIN ROAD ", "Date (DD/MM/YYYY)": "26/02/2022", "Time ( in 24 hours)": "13:30:00", "Fatal": "1", "GI": null, "MI": null, "Severity": "Fatal", "Crash Category": "Vehicle-Vehicle", "Accused": "Lorry", "Victim": "Vehicle", "Vehicles Involved": "Lorry and Vehicle", "Type of Crash": "N.D.A", "Cause of Crash": "Rash and Negligent" }, "geometry": { "type": "Point", "coordinates": [ 77.485351, 12.91249 ] } },
{ "type": "Feature", "properties": { "Unique ID": "221_139/2022", "Year": 2022, "Tag": "Identical", "SL No": 221, "Traffic ps": "KENGERI TR PS", "Cr no": "139/2022", "Latitude": 12.912881, "Longitude": 77.485505, "Location of Black spot": "MADHU JUNCTION MYSURU MAIN ROAD ", "Date (DD/MM/YYYY)": "09/05/2022", "Time ( in 24 hours)": "01:30:00", "Fatal": null, "GI": 1, "MI": 23, "Severity": "Non-Fatal", "Crash Category": "Vehicle-Vehicle", "Accused": "Bus", "Victim": "Vehicle", "Vehicles Involved": "Bus and Vehicle", "Type of Crash": "N.D.A", "Cause of Crash": "Rash and Negligent" }, "geometry": { "type": "Point", "coordinates": [ 77.485505, 12.912881 ] } },
{ "type": "Feature", "properties": { "Unique ID": "222_185/2022", "Year": 2022, "Tag": "Identical", "SL No": 222, "Traffic ps": "KENGERI TR PS", "Cr no": "185/2022", "Latitude": 12.912881, "Longitude": 77.485505, "Location of Black spot": "MADHU JUNCTION MYSURU MAIN ROAD ", "Date (DD/MM/YYYY)": "16/06/2022", "Time ( in 24 hours)": "19:30:00", "Fatal": null, "GI": 1, "MI": null, "Severity": "Non-Fatal", "Crash Category": "Vehicle-Vehicle", "Accused": "Lorry", "Victim": "2W", "Vehicles Involved": "Lorry and 2W", "Type of Crash": "N.D.A", "Cause of Crash": "Rash and Negligent" }, "geometry": { "type": "Point", "coordinates": [ 77.485505, 12.912881 ] } },
{ "type": "Feature", "properties": { "Unique ID": "223_214/2022", "Year": 2022, "Tag": "Identical", "SL No": 223, "Traffic ps": "KENGERI TR PS", "Cr no": "214/2022", "Latitude": 12.91249, "Longitude": 77.485351, "Location of Black spot": "MADHU JUNCTION MYSURU MAIN ROAD ", "Date (DD/MM/YYYY)": "19/07/2022", "Time ( in 24 hours)": "12:20:00", "Fatal": null, "GI": 1, "MI": null, "Severity": "Non-Fatal", "Crash Category": "Vehicle-Vehicle", "Accused": "Bus", "Victim": "Vehicle", "Vehicles Involved": "Bus and Vehicle", "Type of Crash": "N.D.A", "Cause of Crash": "Rash and Negligent" }, "geometry": { "type": "Point", "coordinates": [ 77.485351, 12.91249 ] } },
{ "type": "Feature", "properties": { "Unique ID": "224_246/2022", "Year": 2022, "Tag": "Identical", "SL No": 224, "Traffic ps": "KENGERI TR PS", "Cr no": "246/2022", "Latitude": 12.910442, "Longitude": 77.484255, "Location of Black spot": "MADHU JUNCTION MYSURU MAIN ROAD ", "Date (DD/MM/YYYY)": "24/08/2022", "Time ( in 24 hours)": "08:15:00", "Fatal": null, "GI": 1, "MI": null, "Severity": "Non-Fatal", "Crash Category": "Vehicle-Vehicle", "Accused": "Pedestrian", "Victim": "Car", "Vehicles Involved": "Pedestrian and Car", "Type of Crash": "N.D.A", "Cause of Crash": "Rash and Negligent" }, "geometry": { "type": "Point", "coordinates": [ 77.484255, 12.910442 ] } },
{ "type": "Feature", "properties": { "Unique ID": "225_257/2022", "Year": 2022, "Tag": "Identical", "SL No": 225, "Traffic ps": "KENGERI TR PS", "Cr no": "257/2022", "Latitude": 12.961075, "Longitude": 77.512875, "Location of Black spot": "MADHU JUNCTION MYSURU MAIN ROAD ", "Date (DD/MM/YYYY)": "30/08/2022", "Time ( in 24 hours)": "22:15:00", "Fatal": "1", "GI": null, "MI": null, "Severity": "Fatal", "Crash Category": "Vehicle-Vehicle", "Accused": "Car", "Victim": "3W", "Vehicles Involved": "Car and 3W", "Type of Crash": "N.D.A", "Cause of Crash": "Rash and Negligent" }, "geometry": { "type": "Point", "coordinates": [ 77.512875, 12.961075 ] } },
{ "type": "Feature", "properties": { "Unique ID": "226_345/2022", "Year": 2022, "Tag": "Identical", "SL No": 226, "Traffic ps": "KENGERI TR PS", "Cr no": "345/2022", "Latitude": 12.961075, "Longitude": 77.512875, "Location of Black spot": "MADHU JUNCTION MYSURU MAIN ROAD ", "Date (DD/MM/YYYY)": "19/12/2022", "Time ( in 24 hours)": "17:00:00", "Fatal": null, "GI": 1, "MI": null, "Severity": "Non-Fatal", "Crash Category": "Vehicle-Vehicle", "Accused": "Lorry", "Victim": "Pedestrian", "Vehicles Involved": "Lorry and Pedestrian", "Type of Crash": "N.D.A", "Cause of Crash": "Rash and Negligent" }, "geometry": { "type": "Point", "coordinates": [ 77.512875, 12.961075 ] } },
{ "type": "Feature", "properties": { "Unique ID": "227_37/2022", "Year": 2022, "Tag": "Legitimate", "SL No": 227, "Traffic ps": "Jnanabharathi Tr PS", "Cr no": "37/2022", "Latitude": 12.981598, "Longitude": 77.51754, "Location of Black spot": "Nagarabhavi ring road near sri malai mahadeshwara temple", "Date (DD/MM/YYYY)": "21/01/2022", "Time ( in 24 hours)": "00:10:00", "Fatal": null, "GI": null, "MI": 1, "Severity": "Non-Fatal", "Crash Category": "Vehicle-Vehicle", "Accused": "Car", "Victim": "Self", "Vehicles Involved": "Car and Self", "Type of Crash": "Self", "Cause of Crash": "Rash and Negligent" }, "geometry": { "type": "Point", "coordinates": [ 77.51754, 12.981598 ] } },
{ "type": "Feature", "properties": { "Unique ID": "228_61/2022", "Year": 2022, "Tag": "Legitimate", "SL No": 228, "Traffic ps": "Jnanabharathi Tr PS", "Cr no": "61/2022", "Latitude": 12.9719662, "Longitude": 77.512787, "Location of Black spot": "Nagarabhavi ring road near sri malai mahadeshwara temple", "Date (DD/MM/YYYY)": "17/03/2022", "Time ( in 24 hours)": "23:20:00", "Fatal": null, "GI": null, "MI": 1, "Severity": "Non-Fatal", "Crash Category": "Vehicle-Vehicle", "Accused": "Car", "Victim": "Self", "Vehicles Involved": "Car and Self", "Type of Crash": "Self", "Cause of Crash": "Rash and Negligent" }, "geometry": { "type": "Point", "coordinates": [ 77.512787, 12.9719662 ] } },
{ "type": "Feature", "properties": { "Unique ID": "229_78/2022", "Year": 2022, "Tag": "Unique", "SL No": 229, "Traffic ps": "Jnanabharathi Tr PS", "Cr no": "78/2022", "Latitude": 12.98749, "Longitude": 77.519521, "Location of Black spot": "Nagarabhavi ring road near sri malai mahadeshwara temple", "Date (DD/MM/YYYY)": "25/04/2022", "Time ( in 24 hours)": "22:00:00", "Fatal": null, "GI": null, "MI": 1, "Severity": "Non-Fatal", "Crash Category": "Vehicle-Vehicle", "Accused": "Car", "Victim": "Self", "Vehicles Involved": "Car and Self", "Type of Crash": "Self", "Cause of Crash": "Rash and Negligent" }, "geometry": { "type": "Point", "coordinates": [ 77.519521, 12.98749 ] } },
{ "type": "Feature", "properties": { "Unique ID": "230_81/2022", "Year": 2022, "Tag": "Unique", "SL No": 230, "Traffic ps": "Jnanabharathi Tr PS", "Cr no": "81/2022", "Latitude": 12.9719662, "Longitude": 77.512787, "Location of Black spot": "Nagarabhavi ring road near sri malai mahadeshwara temple", "Date (DD/MM/YYYY)": "24/04/2022", "Time ( in 24 hours)": "18:15:00", "Fatal": null, "GI": null, "MI": 1, "Severity": "Non-Fatal", "Crash Category": "Vehicle-Vehicle", "Accused": "Car", "Victim": "Pedestrian", "Vehicles Involved": "Car and Pedestrian", "Type of Crash": "N.D.A", "Cause of Crash": "Rash and Negligent" }, "geometry": { "type": "Point", "coordinates": [ 77.512787, 12.9719662 ] } },
{ "type": "Feature", "properties": { "Unique ID": "231_91/2022", "Year": 2022, "Tag": "Unique", "SL No": 231, "Traffic ps": "Jnanabharathi Tr PS", "Cr no": "91/2022", "Latitude": 12.9719662, "Longitude": 77.512787, "Location of Black spot": "Nagarabhavi ring road near sri malai mahadeshwara temple", "Date (DD/MM/YYYY)": "23/05/2022", "Time ( in 24 hours)": "08:00:00", "Fatal": null, "GI": 1, "MI": null, "Severity": "Non-Fatal", "Crash Category": "Vehicle-Vehicle", "Accused": "2W", "Victim": "Self", "Vehicles Involved": "2W and Self", "Type of Crash": "Self", "Cause of Crash": "Rash and Negligent" }, "geometry": { "type": "Point", "coordinates": [ 77.512787, 12.9719662 ] } },
{ "type": "Feature", "properties": { "Unique ID": "232_93/2022", "Year": 2022, "Tag": "Unique", "SL No": 232, "Traffic ps": "Jnanabharathi Tr PS", "Cr no": "93/2022", "Latitude": 12.973626, "Longitude": 77.513207, "Location of Black spot": "Nagarabhavi ring road near sri malai mahadeshwara temple", "Date (DD/MM/YYYY)": "24/05/2022", "Time ( in 24 hours)": "06:45:00", "Fatal": null, "GI": 1, "MI": null, "Severity": "Non-Fatal", "Crash Category": "Vehicle-Vehicle", "Accused": "2W", "Victim": "Car", "Vehicles Involved": "2W and Car", "Type of Crash": "N.D.A", "Cause of Crash": "Rash and Negligent" }, "geometry": { "type": "Point", "coordinates": [ 77.513207, 12.973626 ] } },
{ "type": "Feature", "properties": { "Unique ID": "233_126/2022", "Year": 2022, "Tag": "Legitimate", "SL No": 233, "Traffic ps": "Jnanabharathi Tr PS", "Cr no": "126/2022", "Latitude": 12.961118, "Longitude": 77.512795, "Location of Black spot": "Nagarabhavi ring road near sri malai mahadeshwara temple", "Date (DD/MM/YYYY)": "06/06/2022", "Time ( in 24 hours)": "20:30:00", "Fatal": null, "GI": 1, "MI": null, "Severity": "Non-Fatal", "Crash Category": "Vehicle-Vehicle", "Accused": "2W", "Victim": "Car", "Vehicles Involved": "2W and Car", "Type of Crash": "N.D.A", "Cause of Crash": "Rash and Negligent" }, "geometry": { "type": "Point", "coordinates": [ 77.512795, 12.961118 ] } },
{ "type": "Feature", "properties": { "Unique ID": "234_157/2022", "Year": 2022, "Tag": "Legitimate", "SL No": 234, "Traffic ps": "Jnanabharathi Tr PS", "Cr no": "157/2022", "Latitude": 12.972565, "Longitude": 77.512595, "Location of Black spot": "Nagarabhavi ring road near sri malai mahadeshwara temple", "Date (DD/MM/YYYY)": "31/07/2022", "Time ( in 24 hours)": "13:40:00", "Fatal": null, "GI": null, "MI": 1, "Severity": "Non-Fatal", "Crash Category": "Vehicle-Vehicle", "Accused": "2W", "Victim": "Car", "Vehicles Involved": "2W and Car", "Type of Crash": "N.D.A", "Cause of Crash": "Rash and Negligent" }, "geometry": { "type": "Point", "coordinates": [ 77.512595, 12.972565 ] } },
{ "type": "Feature", "properties": { "Unique ID": "235_172/2022", "Year": 2022, "Tag": "Unique", "SL No": 235, "Traffic ps": "Jnanabharathi Tr PS", "Cr no": "172/2022", "Latitude": 12.98749, "Longitude": 77.519521, "Location of Black spot": "Nagarabhavi ring road near sri malai mahadeshwara temple", "Date (DD/MM/YYYY)": "24/08/2022", "Time ( in 24 hours)": "00:40:00", "Fatal": null, "GI": 1, "MI": null, "Severity": "Non-Fatal", "Crash Category": "Vehicle-Vehicle", "Accused": "2W", "Victim": "Self", "Vehicles Involved": "2W and Self", "Type of Crash": "Self", "Cause of Crash": "Rash and Negligent" }, "geometry": { "type": "Point", "coordinates": [ 77.519521, 12.98749 ] } },
{ "type": "Feature", "properties": { "Unique ID": "236_175/2022", "Year": 2022, "Tag": "Legitimate", "SL No": 236, "Traffic ps": "Jnanabharathi Tr PS", "Cr no": "175/2022", "Latitude": 12.984614, "Longitude": 77.519432, "Location of Black spot": "Nagarabhavi ring road near sri malai mahadeshwara temple", "Date (DD/MM/YYYY)": "27/08/2022", "Time ( in 24 hours)": "09:00:00", "Fatal": null, "GI": 1, "MI": null, "Severity": "Non-Fatal", "Crash Category": "Vehicle-Vehicle", "Accused": "Canter", "Victim": "2W", "Vehicles Involved": "Canter and 2W", "Type of Crash": "N.D.A", "Cause of Crash": "Rash and Negligent" }, "geometry": { "type": "Point", "coordinates": [ 77.519432, 12.984614 ] } },
{ "type": "Feature", "properties": { "Unique ID": "237_46/2022", "Year": 2022, "Tag": "Legitimate", "SL No": 237, "Traffic ps": "Jnanabharathi Tr PS", "Cr no": "46/2022", "Latitude": 12.961075, "Longitude": 77.512875, "Location of Black spot": "Nagarabhavi ring road near sri malai mahadeshwara temple", "Date (DD/MM/YYYY)": "27/02/2022", "Time ( in 24 hours)": "22:30:00", "Fatal": "1", "GI": null, "MI": null, "Severity": "Fatal", "Crash Category": "Vehicle-Vehicle", "Accused": "2W", "Victim": "Self", "Vehicles Involved": "2W and Self", "Type of Crash": "Self", "Cause of Crash": "Rash and Negligent" }, "geometry": { "type": "Point", "coordinates": [ 77.512875, 12.961075 ] } },
{ "type": "Feature", "properties": { "Unique ID": "238_64/2022", "Year": 2022, "Tag": "Legitimate", "SL No": 238, "Traffic ps": "Jnanabharathi Tr PS", "Cr no": "64/2022", "Latitude": 12.961078, "Longitude": 77.51266, "Location of Black spot": "Nagarabhavi ring road near sri malai mahadeshwara temple", "Date (DD/MM/YYYY)": "16/08/2022", "Time ( in 24 hours)": "15:10:00", "Fatal": "1", "GI": null, "MI": null, "Severity": "Fatal", "Crash Category": "Vehicle-Vehicle", "Accused": "2W", "Victim": "Bus", "Vehicles Involved": "2W and Bus", "Type of Crash": "N.D.A", "Cause of Crash": "Rash and Negligent" }, "geometry": { "type": "Point", "coordinates": [ 77.51266, 12.961078 ] } },
{ "type": "Feature", "properties": { "Unique ID": "239_148/2022", "Year": 2022, "Tag": "Legitimate", "SL No": 239, "Traffic ps": "Jnanabharathi Tr PS", "Cr no": "148/2022", "Latitude": 12.961078, "Longitude": 77.51266, "Location of Black spot": "Nagarabhavi ring road near sri malai mahadeshwara temple", "Date (DD/MM/YYYY)": "22/07/2022", "Time ( in 24 hours)": "04:30:00", "Fatal": "1", "GI": 1, "MI": null, "Severity": "Fatal", "Crash Category": "Vehicle-Vehicle", "Accused": "Lorry", "Victim": "2W", "Vehicles Involved": "Lorry and 2W", "Type of Crash": "N.D.A", "Cause of Crash": "Rash and Negligent" }, "geometry": { "type": "Point", "coordinates": [ 77.51266, 12.961078 ] } },
{ "type": "Feature", "properties": { "Unique ID": "240_162/2022", "Year": 2022, "Tag": "Unique", "SL No": 240, "Traffic ps": "Jnanabharathi Tr PS", "Cr no": "162/2022", "Latitude": 12.965043, "Longitude": 77.512268, "Location of Black spot": "Nagarabhavi ring road near sri malai mahadeshwara temple", "Date (DD/MM/YYYY)": "13/08/2022", "Time ( in 24 hours)": "09:05:00", "Fatal": "1", "GI": null, "MI": null, "Severity": "Fatal", "Crash Category": "Vehicle-Vehicle", "Accused": "Lorry", "Victim": "2W", "Vehicles Involved": "Lorry and 2W", "Type of Crash": "N.D.A", "Cause of Crash": "Rash and Negligent" }, "geometry": { "type": "Point", "coordinates": [ 77.512268, 12.965043 ] } },
{ "type": "Feature", "properties": { "Unique ID": "241_178/2022", "Year": 2022, "Tag": "Legitimate", "SL No": 241, "Traffic ps": "Jnanabharathi Tr PS", "Cr no": "178/2022", "Latitude": 12.965043, "Longitude": 77.512268, "Location of Black spot": "Nagarabhavi ring road near sri malai mahadeshwara temple", "Date (DD/MM/YYYY)": "09/01/2022", "Time ( in 24 hours)": "16:45:00", "Fatal": "1", "GI": null, "MI": null, "Severity": "Fatal", "Crash Category": "Vehicle-Vehicle", "Accused": "Bus", "Victim": "Pedestrian", "Vehicles Involved": "Bus and Pedestrian", "Type of Crash": "N.D.A", "Cause of Crash": "Rash and Negligent" }, "geometry": { "type": "Point", "coordinates": [ 77.512268, 12.965043 ] } },
{ "type": "Feature", "properties": { "Unique ID": "242_183/2022", "Year": 2022, "Tag": "Unique", "SL No": 242, "Traffic ps": "Jnanabharathi Tr PS", "Cr no": "183/2022", "Latitude": 12.993892, "Longitude": 77.521785, "Location of Black spot": "Nagarabhavi ring road near sri malai mahadeshwara temple", "Date (DD/MM/YYYY)": "09/09/2022", "Time ( in 24 hours)": "23:15:00", "Fatal": "1", "GI": null, "MI": null, "Severity": "Fatal", "Crash Category": "Vehicle-Vehicle", "Accused": "2W", "Victim": "Self", "Vehicles Involved": "2W and Self", "Type of Crash": "Self", "Cause of Crash": "Rash and Negligent" }, "geometry": { "type": "Point", "coordinates": [ 77.521785, 12.993892 ] } },
{ "type": "Feature", "properties": { "Unique ID": "243_208/2022", "Year": 2022, "Tag": "Legitimate", "SL No": 243, "Traffic ps": "Jnanabharathi Tr PS", "Cr no": "208/2022", "Latitude": 12.99389, "Longitude": 77.52178, "Location of Black spot": "Nagarabhavi ring road near sri malai mahadeshwara temple", "Date (DD/MM/YYYY)": "10/07/2022", "Time ( in 24 hours)": "16:59:00", "Fatal": "1", "GI": null, "MI": null, "Severity": "Fatal", "Crash Category": "Vehicle-Vehicle", "Accused": "Lorry", "Victim": "2W", "Vehicles Involved": "Lorry and 2W", "Type of Crash": "N.D.A", "Cause of Crash": "Rash and Negligent" }, "geometry": { "type": "Point", "coordinates": [ 77.52178, 12.99389 ] } },
{ "type": "Feature", "properties": { "Unique ID": "244_89/2022", "Year": 2022, "Tag": "Legitimate", "SL No": 244, "Traffic ps": "Kamakshipalya tr ps", "Cr no": "89/2022", "Latitude": 12.987383, "Longitude": 77.519333, "Location of Black spot": " Outer ring road Chowdeshwari underpass to Sumanahalli Upper ramp", "Date (DD/MM/YYYY)": "20/05/2022", "Time ( in 24 hours)": "05:30:00", "Fatal": "1", "GI": null, "MI": null, "Severity": "Fatal", "Crash Category": "Vehicle-Vehicle", "Accused": "Vehicle", "Victim": "Pedestrian", "Vehicles Involved": "Vehicle and Pedestrian", "Type of Crash": "N.D.A", "Cause of Crash": "Rash and Negligent" }, "geometry": { "type": "Point", "coordinates": [ 77.519333, 12.987383 ] } },
{ "type": "Feature", "properties": { "Unique ID": "245_95/2022", "Year": 2022, "Tag": "Unique", "SL No": 245, "Traffic ps": "Kamakshipalya tr ps", "Cr no": "95/2022", "Latitude": 12.990675, "Longitude": 77.520715, "Location of Black spot": " Outer ring road Chowdeshwari underpass to Sumanahalli Upper ramp", "Date (DD/MM/YYYY)": "29/05/2022", "Time ( in 24 hours)": "05:40:00", "Fatal": "1", "GI": null, "MI": null, "Severity": "Fatal", "Crash Category": "Vehicle-Vehicle", "Accused": "Vehicle", "Victim": "Pedestrian", "Vehicles Involved": "Vehicle and Pedestrian", "Type of Crash": "N.D.A", "Cause of Crash": "Rash and Negligent" }, "geometry": { "type": "Point", "coordinates": [ 77.520715, 12.990675 ] } },
{ "type": "Feature", "properties": { "Unique ID": "246_101/2022", "Year": 2022, "Tag": "Unique", "SL No": 246, "Traffic ps": "Kamakshipalya tr ps", "Cr no": "101/2022", "Latitude": 12.987442, "Longitude": 77.519234, "Location of Black spot": " Outer ring road Chowdeshwari underpass to Sumanahalli Upper ramp", "Date (DD/MM/YYYY)": "06/06/2022", "Time ( in 24 hours)": "09:40:00", "Fatal": null, "GI": 1, "MI": null, "Severity": "Non-Fatal", "Crash Category": "Vehicle-Vehicle", "Accused": "Vehicle", "Victim": "Pedestrian", "Vehicles Involved": "Vehicle and Pedestrian", "Type of Crash": "N.D.A", "Cause of Crash": "Rash and Negligent" }, "geometry": { "type": "Point", "coordinates": [ 77.519234, 12.987442 ] } },
{ "type": "Feature", "properties": { "Unique ID": "247_131/2022", "Year": 2022, "Tag": "Unique", "SL No": 247, "Traffic ps": "Kamakshipalya tr ps", "Cr no": "131/2022", "Latitude": 12.992616, "Longitude": 77.521187, "Location of Black spot": " Outer ring road Chowdeshwari underpass to Sumanahalli Upper ramp", "Date (DD/MM/YYYY)": "07/07/2022", "Time ( in 24 hours)": "19:50:00", "Fatal": null, "GI": 1, "MI": null, "Severity": "Non-Fatal", "Crash Category": "Vehicle-Vehicle", "Accused": "Vehicle", "Victim": "Pedestrian", "Vehicles Involved": "Vehicle and Pedestrian", "Type of Crash": "N.D.A", "Cause of Crash": "Rash and Negligent" }, "geometry": { "type": "Point", "coordinates": [ 77.521187, 12.992616 ] } },
{ "type": "Feature", "properties": { "Unique ID": "248_150/2022", "Year": 2022, "Tag": "Unique", "SL No": 248, "Traffic ps": "Kamakshipalya tr ps", "Cr no": "150/2022", "Latitude": 12.987373, "Longitude": 77.519398, "Location of Black spot": " Outer ring road Chowdeshwari underpass to Sumanahalli Upper ramp", "Date (DD/MM/YYYY)": "24/07/2022", "Time ( in 24 hours)": "17:30:00", "Fatal": "1", "GI": null, "MI": null, "Severity": "Fatal", "Crash Category": "Vehicle-Vehicle", "Accused": "Vehicle", "Victim": "Self", "Vehicles Involved": "Vehicle and Self", "Type of Crash": "Self", "Cause of Crash": "Rash and Negligent" }, "geometry": { "type": "Point", "coordinates": [ 77.519398, 12.987373 ] } },
{ "type": "Feature", "properties": { "Unique ID": "249_159/2022", "Year": 2022, "Tag": "Unique", "SL No": 249, "Traffic ps": "Kamakshipalya tr ps", "Cr no": "159/2022", "Latitude": 12.99757, "Longitude": 77.523434, "Location of Black spot": " Outer ring road Chowdeshwari underpass to Sumanahalli Upper ramp", "Date (DD/MM/YYYY)": "04/08/2022", "Time ( in 24 hours)": "15:30:00", "Fatal": null, "GI": 1, "MI": null, "Severity": "Non-Fatal", "Crash Category": "Vehicle-Vehicle", "Accused": "Vehicle", "Victim": "Self", "Vehicles Involved": "Vehicle and Self", "Type of Crash": "Self", "Cause of Crash": "Rash and Negligent" }, "geometry": { "type": "Point", "coordinates": [ 77.523434, 12.99757 ] } },
{ "type": "Feature", "properties": { "Unique ID": "250_202/2022", "Year": 2022, "Tag": "Unique", "SL No": 250, "Traffic ps": "Kamakshipalya tr ps", "Cr no": "202/2022", "Latitude": 12.974592, "Longitude": 77.513466, "Location of Black spot": " Outer ring road Chowdeshwari underpass to Sumanahalli Upper ramp", "Date (DD/MM/YYYY)": "03/10/2022", "Time ( in 24 hours)": "06:40:00", "Fatal": null, "GI": 1, "MI": null, "Severity": "Non-Fatal", "Crash Category": "Vehicle-Vehicle", "Accused": "Bus and  Lorry", "Victim": "2W", "Vehicles Involved": "Bus and  Lorry and 2W", "Type of Crash": "N.D.A", "Cause of Crash": "Rash and Negligent" }, "geometry": { "type": "Point", "coordinates": [ 77.513466, 12.974592 ] } },
{ "type": "Feature", "properties": { "Unique ID": "251_209/2022", "Year": 2022, "Tag": "Unique", "SL No": 251, "Traffic ps": "Kamakshipalya tr ps", "Cr no": "209/2022", "Latitude": 12.997656, "Longitude": 77.5253148, "Location of Black spot": " Outer ring road Chowdeshwari underpass to Sumanahalli Upper ramp", "Date (DD/MM/YYYY)": "07/10/2020", "Time ( in 24 hours)": "23:30:00", "Fatal": "1", "GI": null, "MI": null, "Severity": "Fatal", "Crash Category": "Vehicle-Vehicle", "Accused": "Lorry", "Victim": "Vehicle", "Vehicles Involved": "Lorry and Vehicle", "Type of Crash": "N.D.A", "Cause of Crash": "Rash and Negligent" }, "geometry": { "type": "Point", "coordinates": [ 77.5253148, 12.997656 ] } },
{ "type": "Feature", "properties": { "Unique ID": "252_229/2022", "Year": 2022, "Tag": "Unique", "SL No": 252, "Traffic ps": "Kamakshipalya tr ps", "Cr no": "229/2022", "Latitude": 12.993892, "Longitude": 77.521785, "Location of Black spot": " Outer ring road Chowdeshwari underpass to Sumanahalli Upper ramp", "Date (DD/MM/YYYY)": "02/11/2022", "Time ( in 24 hours)": "22:10:00", "Fatal": "1", "GI": null, "MI": null, "Severity": "Fatal", "Crash Category": "Vehicle-Vehicle", "Accused": "Bus", "Victim": "2W", "Vehicles Involved": "Bus and 2W", "Type of Crash": "N.D.A", "Cause of Crash": "Rash and Negligent" }, "geometry": { "type": "Point", "coordinates": [ 77.521785, 12.993892 ] } },
{ "type": "Feature", "properties": { "Unique ID": "253_235/2022", "Year": 2022, "Tag": "Unique", "SL No": 253, "Traffic ps": "Kamakshipalya tr ps", "Cr no": "235/2022", "Latitude": 12.993892, "Longitude": 77.521785, "Location of Black spot": " Outer ring road Chowdeshwari underpass to Sumanahalli Upper ramp", "Date (DD/MM/YYYY)": "07/11/2022", "Time ( in 24 hours)": "06:45:00", "Fatal": "1", "GI": null, "MI": null, "Severity": "Fatal", "Crash Category": "Vehicle-Vehicle", "Accused": "Bus", "Victim": "2W", "Vehicles Involved": "Bus and 2W", "Type of Crash": "N.D.A", "Cause of Crash": "Rash and Negligent" }, "geometry": { "type": "Point", "coordinates": [ 77.521785, 12.993892 ] } },
{ "type": "Feature", "properties": { "Unique ID": "254_277/2022", "Year": 2022, "Tag": "Unique", "SL No": 254, "Traffic ps": "Kamakshipalya tr ps", "Cr no": "277/2022", "Latitude": 12.963639, "Longitude": 77.578398, "Location of Black spot": " Outer ring road Chowdeshwari underpass to Sumanahalli Upper ramp", "Date (DD/MM/YYYY)": "03/12/2022", "Time ( in 24 hours)": "21:15:00", "Fatal": "1", "GI": null, "MI": null, "Severity": "Fatal", "Crash Category": "Vehicle-Vehicle", "Accused": "Lorry", "Victim": "2W", "Vehicles Involved": "Lorry and 2W", "Type of Crash": "N.D.A", "Cause of Crash": "Rash and Negligent" }, "geometry": { "type": "Point", "coordinates": [ 77.578398, 12.963639 ] } },
{ "type": "Feature", "properties": { "Unique ID": "255_287/2022", "Year": 2022, "Tag": "Unique", "SL No": 255, "Traffic ps": "Kamakshipalya tr ps", "Cr no": "287/2022", "Latitude": 12.964579, "Longitude": 77.575976, "Location of Black spot": " Outer ring road Chowdeshwari underpass to Sumanahalli Upper ramp", "Date (DD/MM/YYYY)": "10/12/2022", "Time ( in 24 hours)": "19:30:00", "Fatal": "1", "GI": null, "MI": null, "Severity": "Fatal", "Crash Category": "Vehicle-Vehicle", "Accused": "Vehicle", "Victim": "Pedestrian", "Vehicles Involved": "Vehicle and Pedestrian", "Type of Crash": "N.D.A", "Cause of Crash": "Rash and Negligent" }, "geometry": { "type": "Point", "coordinates": [ 77.575976, 12.964579 ] } },
{ "type": "Feature", "properties": { "Unique ID": "323_22/2022", "Year": 2022, "Tag": "Legitimate", "SL No": 323, "Traffic ps": "MADIVALA TR PS", "Cr no": "22/2022", "Latitude": 12.911913, "Longitude": 77.626051, "Location of Black spot": "ROOPEN AGARAHA BUS STOP", "Date (DD/MM/YYYY)": "26/05/2022", "Time ( in 24 hours)": "23:30:00", "Fatal": "1", "GI": null, "MI": null, "Severity": "Fatal", "Crash Category": "Vehicle-Vehicle", "Accused": "2W", "Victim": "Self", "Vehicles Involved": "2W and Self", "Type of Crash": "Self", "Cause of Crash": "Rash and Negligent" }, "geometry": { "type": "Point", "coordinates": [ 77.626051, 12.911913 ] } },
{ "type": "Feature", "properties": { "Unique ID": "324_38/2022", "Year": 2022, "Tag": "Legitimate", "SL No": 324, "Traffic ps": "MADIVALA TR PS", "Cr no": "38/2022", "Latitude": 12.911913, "Longitude": 77.626051, "Location of Black spot": "ROOPEN AGARAHA BUS STOP", "Date (DD/MM/YYYY)": "14/07/2022", "Time ( in 24 hours)": "08:00:00", "Fatal": "1", "GI": null, "MI": null, "Severity": "Fatal", "Crash Category": "Vehicle-Vehicle", "Accused": "2W", "Victim": "Self", "Vehicles Involved": "2W and Self", "Type of Crash": "Self", "Cause of Crash": "Rash and Negligent" }, "geometry": { "type": "Point", "coordinates": [ 77.626051, 12.911913 ] } },
{ "type": "Feature", "properties": { "Unique ID": "325_40/2022", "Year": 2022, "Tag": "Legitimate", "SL No": 325, "Traffic ps": "MADIVALA TR PS", "Cr no": "40/2022", "Latitude": 12.911913, "Longitude": 77.626051, "Location of Black spot": "ROOPEN AGARAHA BUS STOP", "Date (DD/MM/YYYY)": "31/07/2022", "Time ( in 24 hours)": "11:30:00", "Fatal": null, "GI": 1, "MI": null, "Severity": "Non-Fatal", "Crash Category": "Vehicle-Vehicle", "Accused": "Car", "Victim": "Pedestrian", "Vehicles Involved": "Car and Pedestrian", "Type of Crash": "N.D.A", "Cause of Crash": "Rash and Negligent" }, "geometry": { "type": "Point", "coordinates": [ 77.626051, 12.911913 ] } },
{ "type": "Feature", "properties": { "Unique ID": "326_27/2022", "Year": 2022, "Tag": "Legitimate", "SL No": 326, "Traffic ps": "MADIVALA TR PS", "Cr no": "27/2022", "Latitude": 12.911913, "Longitude": 77.626051, "Location of Black spot": "ROOPEN AGARAHA BUS STOP", "Date (DD/MM/YYYY)": "09/05/2022", "Time ( in 24 hours)": "21:30:00", "Fatal": null, "GI": 1, "MI": null, "Severity": "Non-Fatal", "Crash Category": "Vehicle-Vehicle", "Accused": "2W", "Victim": "Pedestrian", "Vehicles Involved": "2W and Pedestrian", "Type of Crash": "N.D.A", "Cause of Crash": "Rash and Negligent" }, "geometry": { "type": "Point", "coordinates": [ 77.626051, 12.911913 ] } },
{ "type": "Feature", "properties": { "Unique ID": "327_0063/2022", "Year": 2022, "Tag": "Unique", "SL No": 327, "Traffic ps": "BELLANDUR TRPS", "Cr no": "0063/2022", "Latitude": 12.92086, "Longitude": 77.665206, "Location of Black spot": "IBBALUR JUNCTION", "Date (DD/MM/YYYY)": "01/10/2022", "Time ( in 24 hours)": "14:30:00", "Fatal": null, "GI": 1, "MI": null, "Severity": "Non-Fatal", "Crash Category": "Vehicle-Vehicle", "Accused": "Lorry", "Victim": "2W", "Vehicles Involved": "Lorry and 2W", "Type of Crash": "Hit from Back", "Cause of Crash": "Rash and Negligent" }, "geometry": { "type": "Point", "coordinates": [ 77.665206, 12.92086 ] } },
{ "type": "Feature", "properties": { "Unique ID": "328_0076/2022", "Year": 2022, "Tag": "Legitimate", "SL No": 328, "Traffic ps": "BELLANDUR TRPS", "Cr no": "0076/2022", "Latitude": 12.921137, "Longitude": 77.663441, "Location of Black spot": "IBBALUR JUNCTION", "Date (DD/MM/YYYY)": "01/11/2022", "Time ( in 24 hours)": "20:00:00", "Fatal": null, "GI": 1, "MI": null, "Severity": "Non-Fatal", "Crash Category": "Vehicle-Pedestrian", "Accused": "Bus", "Victim": "Pedestrian", "Vehicles Involved": "Bus and Pedestrian", "Type of Crash": "Hit from Side", "Cause of Crash": "Rash and Negligent" }, "geometry": { "type": "Point", "coordinates": [ 77.663441, 12.921137 ] } },
{ "type": "Feature", "properties": { "Unique ID": "329_27/2022", "Year": 2022, "Tag": "Legitimate", "SL No": 329, "Traffic ps": "HSR TRPS", "Cr no": "27/2022", "Latitude": 12.894391, "Longitude": 77.636891, "Location of Black spot": " G.B PALYA ", "Date (DD/MM/YYYY)": "03/03/2022", "Time ( in 24 hours)": null, "Fatal": "1", "GI": null, "MI": null, "Severity": "Fatal", "Crash Category": "Vehicle-Vehicle", "Accused": "2W", "Victim": "2W", "Vehicles Involved": "2W and 2W", "Type of Crash": "Hit from Back", "Cause of Crash": "Rash and Negligent" }, "geometry": { "type": "Point", "coordinates": [ 77.636891, 12.894391 ] } },
{ "type": "Feature", "properties": { "Unique ID": "330_0012/2022", "Year": 2022, "Tag": "Unique", "SL No": 330, "Traffic ps": "BELLANDUR TRPS", "Cr no": "0012/2022", "Latitude": 12.906407, "Longitude": 77.697904, "Location of Black spot": "SHANIMAHAT  MA TEMPLE  ", "Date (DD/MM/YYYY)": "03/03/2022", "Time ( in 24 hours)": "08:00:00", "Fatal": null, "GI": 1, "MI": null, "Severity": "Non-Fatal", "Crash Category": "Vehicle-Vehicle", "Accused": "2W", "Victim": "2W", "Vehicles Involved": "2W and 2W", "Type of Crash": "Hit from Back", "Cause of Crash": "Rash and Negligent" }, "geometry": { "type": "Point", "coordinates": [ 77.697904, 12.906407 ] } },
{ "type": "Feature", "properties": { "Unique ID": "331_0036/2022", "Year": 2022, "Tag": "Unique", "SL No": 331, "Traffic ps": "BELLANDUR TRPS", "Cr no": "0036/2022", "Latitude": 12.903481, "Longitude": 77.703955, "Location of Black spot": "KAIKONDRAHALLI JUNCTION ", "Date (DD/MM/YYYY)": "04/06/2022", "Time ( in 24 hours)": "21:45:00", "Fatal": null, "GI": 2, "MI": null, "Severity": "Non-Fatal", "Crash Category": "Vehicle-Vehicle", "Accused": "2W", "Victim": "Car", "Vehicles Involved": "2W and Car", "Type of Crash": "Hit from Back", "Cause of Crash": "Rash and Negligent" }, "geometry": { "type": "Point", "coordinates": [ 77.703955, 12.903481 ] } },
{ "type": "Feature", "properties": { "Unique ID": "332_21/2022", "Year": 2022, "Tag": "Legitimate", "SL No": 332, "Traffic ps": "Ecity", "Cr no": "21/2022", "Latitude": 12.84247, "Longitude": 77.6749, "Location of Black spot": "Konappana agrahara Junction", "Date (DD/MM/YYYY)": "04/02/2022", "Time ( in 24 hours)": "02:00:00", "Fatal": "1", "GI": 1, "MI": null, "Severity": "Fatal", "Crash Category": "Vehicle-Vehicle", "Accused": "Lorry", "Victim": "2W", "Vehicles Involved": "Lorry and 2W", "Type of Crash": "Hit from Back", "Cause of Crash": "Rash and Negligent" }, "geometry": { "type": "Point", "coordinates": [ 77.6749, 12.84247 ] } },
{ "type": "Feature", "properties": { "Unique ID": "333_99/2022", "Year": 2022, "Tag": "Legitimate", "SL No": 333, "Traffic ps": "Ecity", "Cr no": "99/2022", "Latitude": 12.853474, "Longitude": 77.666274, "Location of Black spot": "Naganathapura junction", "Date (DD/MM/YYYY)": "04/08/2022", "Time ( in 24 hours)": "15:35:00", "Fatal": "1", "GI": null, "MI": null, "Severity": "Fatal", "Crash Category": "Vehicle-Pedestrian", "Accused": "Lorry", "Victim": "Pedestrian", "Vehicles Involved": "Lorry and Pedestrian", "Type of Crash": "Hit from Side", "Cause of Crash": "Rash and Negligent" }, "geometry": { "type": "Point", "coordinates": [ 77.666274, 12.853474 ] } },
{ "type": "Feature", "properties": { "Unique ID": "334_68/2022", "Year": 2022, "Tag": "Legitimate", "SL No": 334, "Traffic ps": "Ecity", "Cr no": "68/2022", "Latitude": 12.85278, "Longitude": 77.66673, "Location of Black spot": "Electronic city Phase-1 EC-1", "Date (DD/MM/YYYY)": "05/06/2022", "Time ( in 24 hours)": "02:15:00", "Fatal": null, "GI": 1, "MI": null, "Severity": "Non-Fatal", "Crash Category": "Vehicle-Vehicle", "Accused": "Lorry", "Victim": "Car", "Vehicles Involved": "Lorry and Car", "Type of Crash": "Hit from Back", "Cause of Crash": "Rash and Negligent" }, "geometry": { "type": "Point", "coordinates": [ 77.66673, 12.85278 ] } },
{ "type": "Feature", "properties": { "Unique ID": "335_124/2022", "Year": 2022, "Tag": "Unique", "SL No": 335, "Traffic ps": "Ecity", "Cr no": "124/2022", "Latitude": 12.84206, "Longitude": 77.675483, "Location of Black spot": "Veerasandra Junction", "Date (DD/MM/YYYY)": "05/09/2022", "Time ( in 24 hours)": "01:10:00", "Fatal": null, "GI": 1, "MI": null, "Severity": "Non-Fatal", "Crash Category": "Vehicle-Pedestrian", "Accused": "Car", "Victim": "Pedestrian", "Vehicles Involved": "Car and Pedestrian", "Type of Crash": "Hit from Side", "Cause of Crash": "Rash and Negligent" }, "geometry": { "type": "Point", "coordinates": [ 77.675483, 12.84206 ] } },
{ "type": "Feature", "properties": { "Unique ID": "336_157/2022", "Year": 2022, "Tag": "Legitimate", "SL No": 336, "Traffic ps": "Ecity", "Cr no": "157/2022", "Latitude": 12.855621, "Longitude": 77.664615, "Location of Black spot": "Konappana agrahara Junction", "Date (DD/MM/YYYY)": "06/11/2022", "Time ( in 24 hours)": "15:00:00", "Fatal": null, "GI": 1, "MI": null, "Severity": "Non-Fatal", "Crash Category": "Vehicle-Vehicle", "Accused": "Car", "Victim": "2W", "Vehicles Involved": "Car and 2W", "Type of Crash": "Hit from Back", "Cause of Crash": "Rash and Negligent" }, "geometry": { "type": "Point", "coordinates": [ 77.664615, 12.855621 ] } },
{ "type": "Feature", "properties": { "Unique ID": "337_0030/2022", "Year": 2022, "Tag": "Unique", "SL No": 337, "Traffic ps": "BELLANDUR TRPS", "Cr no": "0030/2022", "Latitude": 12.858422, "Longitude": 77.459247, "Location of Black spot": "SHANIMAHAT  MA TEMPLE  ", "Date (DD/MM/YYYY)": "08/05/2022", "Time ( in 24 hours)": "04:30:00", "Fatal": null, "GI": 2, "MI": null, "Severity": "Non-Fatal", "Crash Category": "Vehicle-Vehicle", "Accused": "2W", "Victim": "Car", "Vehicles Involved": "2W and Car", "Type of Crash": "Hit from Back", "Cause of Crash": "Rash and Negligent" }, "geometry": { "type": "Point", "coordinates": [ 77.459247, 12.858422 ] } },
{ "type": "Feature", "properties": { "Unique ID": "338_41/2022", "Year": 2022, "Tag": "Unique", "SL No": 338, "Traffic ps": "HSR TRPS", "Cr no": "41/2022", "Latitude": 12.896595, "Longitude": 77.635511, "Location of Black spot": " G.B PALYA ", "Date (DD/MM/YYYY)": "09/04/2022", "Time ( in 24 hours)": null, "Fatal": null, "GI": 1, "MI": null, "Severity": "Non-Fatal", "Crash Category": "Self Accident", "Accused": "2W", "Victim": "Self", "Vehicles Involved": "2W and Self", "Type of Crash": "Skidding", "Cause of Crash": "Rash and Negligent" }, "geometry": { "type": "Point", "coordinates": [ 77.635511, 12.896595 ] } },
{ "type": "Feature", "properties": { "Unique ID": "339_71/2022", "Year": 2022, "Tag": "Legitimate", "SL No": 339, "Traffic ps": "Ecity", "Cr no": "71/2022", "Latitude": 12.849046, "Longitude": 77.669715, "Location of Black spot": "Electronic city Phase-1 EC-1", "Date (DD/MM/YYYY)": "09/06/2022", "Time ( in 24 hours)": "19:00:00", "Fatal": "1", "GI": null, "MI": null, "Severity": "Fatal", "Crash Category": "Vehicle-Pedestrian", "Accused": "Lorry", "Victim": "Pedestrian", "Vehicles Involved": "Lorry and Pedestrian", "Type of Crash": "N.D.A", "Cause of Crash": "Rash and Negligent" }, "geometry": { "type": "Point", "coordinates": [ 77.669715, 12.849046 ] } },
{ "type": "Feature", "properties": { "Unique ID": "340_15/2022", "Year": 2022, "Tag": "Legitimate", "SL No": 340, "Traffic ps": "Ecity", "Cr no": "15/2022", "Latitude": 12.86974, "Longitude": 77.65332, "Location of Black spot": "Naganathapura junction", "Date (DD/MM/YYYY)": "10/02/2022", "Time ( in 24 hours)": "05:53:00", "Fatal": null, "GI": 1, "MI": null, "Severity": "Non-Fatal", "Crash Category": "Vehicle-Vehicle", "Accused": "Lorry", "Victim": "2W", "Vehicles Involved": "Lorry and 2W", "Type of Crash": "Hit from Back", "Cause of Crash": "Rash and Negligent" }, "geometry": { "type": "Point", "coordinates": [ 77.65332, 12.86974 ] } },
{ "type": "Feature", "properties": { "Unique ID": "341_143/2022", "Year": 2022, "Tag": "Unique", "SL No": 341, "Traffic ps": "HSR TRPS", "Cr no": "143/2022", "Latitude": 12.894432, "Longitude": 77.636907, "Location of Black spot": " G.B PALYA ", "Date (DD/MM/YYYY)": "11/10/2022", "Time ( in 24 hours)": null, "Fatal": null, "GI": 1, "MI": null, "Severity": "Non-Fatal", "Crash Category": "Vehicle-Vehicle", "Accused": "Lorry", "Victim": "2W", "Vehicles Involved": "Lorry and 2W", "Type of Crash": "Hit from Back", "Cause of Crash": "Rash and Negligent" }, "geometry": { "type": "Point", "coordinates": [ 77.636907, 12.894432 ] } },
{ "type": "Feature", "properties": { "Unique ID": "342_84/2022", "Year": 2022, "Tag": "Legitimate", "SL No": 342, "Traffic ps": "Ecity", "Cr no": "84/2022", "Latitude": 12.856095, "Longitude": 77.664371, "Location of Black spot": "Konappana agrahara Junction", "Date (DD/MM/YYYY)": "11/07/2022", "Time ( in 24 hours)": "00:20:00", "Fatal": null, "GI": 2, "MI": null, "Severity": "Non-Fatal", "Crash Category": "Vehicle-Vehicle", "Accused": "2W", "Victim": "2W", "Vehicles Involved": "2W and 2W", "Type of Crash": "Hit from Side", "Cause of Crash": "Rash and Negligent" }, "geometry": { "type": "Point", "coordinates": [ 77.664371, 12.856095 ] } },
{ "type": "Feature", "properties": { "Unique ID": "343_17/2022", "Year": 2022, "Tag": "Legitimate", "SL No": 343, "Traffic ps": "Ecity", "Cr no": "17/2022", "Latitude": 12.855207, "Longitude": 77.664881, "Location of Black spot": "Konappana agrahara Junction", "Date (DD/MM/YYYY)": "13/02/2022", "Time ( in 24 hours)": "20:40:00", "Fatal": null, "GI": 1, "MI": null, "Severity": "Non-Fatal", "Crash Category": "Vehicle-Pedestrian", "Accused": "2W", "Victim": "Pedestrian", "Vehicles Involved": "2W and Pedestrian", "Type of Crash": "Head-On", "Cause of Crash": "Rash and Negligent" }, "geometry": { "type": "Point", "coordinates": [ 77.664881, 12.855207 ] } },
{ "type": "Feature", "properties": { "Unique ID": "344_0059/2022", "Year": 2022, "Tag": "Unique", "SL No": 344, "Traffic ps": "BELLANDUR TRPS", "Cr no": "0059/2022", "Latitude": 12.568954, "Longitude": 77.674289, "Location of Black spot": "SHANIMAHAT  MA TEMPLE  ", "Date (DD/MM/YYYY)": "15/09/2022", "Time ( in 24 hours)": "23:30:00", "Fatal": null, "GI": 1, "MI": null, "Severity": "Non-Fatal", "Crash Category": "Self Accident", "Accused": "2W", "Victim": "Self", "Vehicles Involved": "2W and Self", "Type of Crash": "Skidding", "Cause of Crash": "Rash and Negligent" }, "geometry": { "type": "Point", "coordinates": [ 77.674289, 12.568954 ] } },
{ "type": "Feature", "properties": { "Unique ID": "345_107/2022", "Year": 2022, "Tag": "Legitimate", "SL No": 345, "Traffic ps": "HSR TRPS", "Cr no": "107/2022", "Latitude": 12.894431, "Longitude": 77.636908, "Location of Black spot": " G.B PALYA ", "Date (DD/MM/YYYY)": "17/08/2022", "Time ( in 24 hours)": null, "Fatal": "1", "GI": null, "MI": null, "Severity": "Fatal", "Crash Category": "Vehicle-Vehicle", "Accused": "Canter", "Victim": "2W", "Vehicles Involved": "Canter and 2W", "Type of Crash": "N.D.A", "Cause of Crash": "Rash and Negligent" }, "geometry": { "type": "Point", "coordinates": [ 77.636908, 12.894431 ] } },
{ "type": "Feature", "properties": { "Unique ID": "346_180/2022", "Year": 2022, "Tag": "Unique", "SL No": 346, "Traffic ps": "Ecity", "Cr no": "180/2022", "Latitude": 12.870198, "Longitude": 77.652759, "Location of Black spot": "Naganathapura junction", "Date (DD/MM/YYYY)": "17/12/2022", "Time ( in 24 hours)": "17:30:00", "Fatal": null, "GI": 1, "MI": null, "Severity": "Non-Fatal", "Crash Category": "Vehicle-Vehicle", "Accused": "2W", "Victim": "2W", "Vehicles Involved": "2W and 2W", "Type of Crash": "Head-On", "Cause of Crash": "Rash and Negligent" }, "geometry": { "type": "Point", "coordinates": [ 77.652759, 12.870198 ] } },
{ "type": "Feature", "properties": { "Unique ID": "347_92/2022", "Year": 2022, "Tag": "Legitimate", "SL No": 347, "Traffic ps": "Ecity", "Cr no": "92/2022", "Latitude": 12.856095, "Longitude": 77.664371, "Location of Black spot": "Konappana agrahara Junction", "Date (DD/MM/YYYY)": "20/07/2022", "Time ( in 24 hours)": "10:00:00", "Fatal": null, "GI": 1, "MI": null, "Severity": "Non-Fatal", "Crash Category": "Vehicle-Vehicle", "Accused": "Canter", "Victim": "2W", "Vehicles Involved": "Canter and 2W", "Type of Crash": "Hit from Back", "Cause of Crash": "Rash and Negligent" }, "geometry": { "type": "Point", "coordinates": [ 77.664371, 12.856095 ] } },
{ "type": "Feature", "properties": { "Unique ID": "348_0005/2022", "Year": 2022, "Tag": "Unique", "SL No": 348, "Traffic ps": "BELLANDUR TRPS", "Cr no": "0005/2022", "Latitude": 12.922291, "Longitude": 77.668499, "Location of Black spot": "IBBALUR JUNCTION", "Date (DD/MM/YYYY)": "21/02/2022", "Time ( in 24 hours)": "14:00:00", "Fatal": null, "GI": 1, "MI": null, "Severity": "Non-Fatal", "Crash Category": "Vehicle-Vehicle", "Accused": "2W", "Victim": "2W", "Vehicles Involved": "2W and 2W", "Type of Crash": "Hit from Back", "Cause of Crash": "Rash and Negligent" }, "geometry": { "type": "Point", "coordinates": [ 77.668499, 12.922291 ] } },
{ "type": "Feature", "properties": { "Unique ID": "349_76/2022", "Year": 2022, "Tag": "Legitimate", "SL No": 349, "Traffic ps": "Ecity", "Cr no": "76/2022", "Latitude": 12.849046, "Longitude": 77.669715, "Location of Black spot": "Electronic city Phase-1 EC-1", "Date (DD/MM/YYYY)": "21/06/2022", "Time ( in 24 hours)": "23:45:00", "Fatal": "1", "GI": null, "MI": null, "Severity": "Fatal", "Crash Category": "Self Accident", "Accused": "2W", "Victim": "Self", "Vehicles Involved": "2W and Self", "Type of Crash": "Skidding", "Cause of Crash": "Rash and Negligent" }, "geometry": { "type": "Point", "coordinates": [ 77.669715, 12.849046 ] } },
{ "type": "Feature", "properties": { "Unique ID": "350_113/2022", "Year": 2022, "Tag": "Unique", "SL No": 350, "Traffic ps": "Ecity", "Cr no": "113/2022", "Latitude": 12.84692, "Longitude": 77.67338, "Location of Black spot": "Electronic city Phase-1 EC-1", "Date (DD/MM/YYYY)": "21/08/2022", "Time ( in 24 hours)": "21:30:00", "Fatal": null, "GI": 1, "MI": null, "Severity": "Non-Fatal", "Crash Category": "Vehicle-Pedestrian", "Accused": "3W", "Victim": "Pedestrian", "Vehicles Involved": "3W and Pedestrian", "Type of Crash": "Hit from Side", "Cause of Crash": "Rash and Negligent" }, "geometry": { "type": "Point", "coordinates": [ 77.67338, 12.84692 ] } },
{ "type": "Feature", "properties": { "Unique ID": "351_112/2022", "Year": 2022, "Tag": "Legitimate", "SL No": 351, "Traffic ps": "Ecity", "Cr no": "112/2022", "Latitude": 12.84188, "Longitude": 77.67618, "Location of Black spot": "Veerasandra Junction", "Date (DD/MM/YYYY)": "22/08/2022", "Time ( in 24 hours)": "06:15:00", "Fatal": "1", "GI": 3, "MI": null, "Severity": "Fatal", "Crash Category": "Vehicle-Vehicle", "Accused": "Canter", "Victim": "3W", "Vehicles Involved": "Canter and 3W", "Type of Crash": "Hit from Back", "Cause of Crash": "Rash and Negligent" }, "geometry": { "type": "Point", "coordinates": [ 77.67618, 12.84188 ] } },
{ "type": "Feature", "properties": { "Unique ID": "352_0052/2022", "Year": 2022, "Tag": "Unique", "SL No": 352, "Traffic ps": "BELLANDUR TRPS", "Cr no": "0052/2022", "Latitude": 12.875834, "Longitude": 77.564862, "Location of Black spot": "SHANIMAHAT  MA TEMPLE  ", "Date (DD/MM/YYYY)": "24/08/2022", "Time ( in 24 hours)": "11:15:00", "Fatal": null, "GI": 1, "MI": null, "Severity": "Non-Fatal", "Crash Category": "Vehicle-Pedestrian", "Accused": "2W", "Victim": "Pedestrian", "Vehicles Involved": "2W and Pedestrian", "Type of Crash": "Hit from Back", "Cause of Crash": "Rash and Negligent" }, "geometry": { "type": "Point", "coordinates": [ 77.564862, 12.875834 ] } },
{ "type": "Feature", "properties": { "Unique ID": "353_24/2022", "Year": 2022, "Tag": "Unique", "SL No": 353, "Traffic ps": "Ecity", "Cr no": "24/2022", "Latitude": 12.84247, "Longitude": 77.6749, "Location of Black spot": "Electronic city Phase-1 EC-1", "Date (DD/MM/YYYY)": "24/02/2022", "Time ( in 24 hours)": "23:00:00", "Fatal": "1", "GI": null, "MI": null, "Severity": "Fatal", "Crash Category": "Vehicle-Vehicle", "Accused": "Lorry", "Victim": "2W", "Vehicles Involved": "Lorry and 2W", "Type of Crash": "Head-On", "Cause of Crash": "Rash and Negligent" }, "geometry": { "type": "Point", "coordinates": [ 77.6749, 12.84247 ] } },
{ "type": "Feature", "properties": { "Unique ID": "354_0035/2022", "Year": 2022, "Tag": "Unique", "SL No": 354, "Traffic ps": "BELLANDUR TRPS", "Cr no": "0035/2022", "Latitude": 12.914145, "Longitude": 77.677644, "Location of Black spot": "KAIKONDRAHALLI JUNCTION ", "Date (DD/MM/YYYY)": "26/05/2022", "Time ( in 24 hours)": "12:10:00", "Fatal": "1", "GI": null, "MI": null, "Severity": "Fatal", "Crash Category": "Vehicle-Pedestrian", "Accused": "Lorry", "Victim": "Pedestrian", "Vehicles Involved": "Lorry and Pedestrian", "Type of Crash": "Hit from Back", "Cause of Crash": "Rash and Negligent" }, "geometry": { "type": "Point", "coordinates": [ 77.677644, 12.914145 ] } },
{ "type": "Feature", "properties": { "Unique ID": "355_118/2022", "Year": 2022, "Tag": "Legitimate", "SL No": 355, "Traffic ps": "Ecity", "Cr no": "118/2022", "Latitude": 12.847, "Longitude": 77.670831, "Location of Black spot": "Electronic city Phase-1 EC-1", "Date (DD/MM/YYYY)": "26/08/2022", "Time ( in 24 hours)": "12:10:00", "Fatal": null, "GI": 1, "MI": null, "Severity": "Non-Fatal", "Crash Category": "Vehicle-Vehicle", "Accused": "2W", "Victim": "Car", "Vehicles Involved": "2W and Car", "Type of Crash": "Hit from Side", "Cause of Crash": "Rash and Negligent" }, "geometry": { "type": "Point", "coordinates": [ 77.670831, 12.847 ] } },
{ "type": "Feature", "properties": { "Unique ID": "356_120/2022", "Year": 2022, "Tag": "Legitimate", "SL No": 356, "Traffic ps": "Ecity", "Cr no": "120/2022", "Latitude": 12.842948, "Longitude": 77.674396, "Location of Black spot": "Veerasandra Junction", "Date (DD/MM/YYYY)": "28/08/2022", "Time ( in 24 hours)": "21:00:00", "Fatal": null, "GI": 1, "MI": null, "Severity": "Non-Fatal", "Crash Category": "Vehicle-Pedestrian", "Accused": "Car", "Victim": "Pedestrian", "Vehicles Involved": "Car and Pedestrian", "Type of Crash": "Hit from Side", "Cause of Crash": "Rash and Negligent" }, "geometry": { "type": "Point", "coordinates": [ 77.674396, 12.842948 ] } },
{ "type": "Feature", "properties": { "Unique ID": "357_167/2022", "Year": 2022, "Tag": "Unique", "SL No": 357, "Traffic ps": "Ecity", "Cr no": "167/2022", "Latitude": 12.842948, "Longitude": 77.674396, "Location of Black spot": "Veerasandra Junction", "Date (DD/MM/YYYY)": "28/11/2022", "Time ( in 24 hours)": "09:30:00", "Fatal": null, "GI": 1, "MI": null, "Severity": "Non-Fatal", "Crash Category": "Vehicle-Pedestrian", "Accused": "2W", "Victim": "Pedestrian", "Vehicles Involved": "2W and Pedestrian", "Type of Crash": "N.D.A", "Cause of Crash": "Rash and Negligent" }, "geometry": { "type": "Point", "coordinates": [ 77.674396, 12.842948 ] } },
{ "type": "Feature", "properties": { "Unique ID": "358_199/2022", "Year": 2022, "Tag": "Legitimate", "SL No": 358, "Traffic ps": "Ecity", "Cr no": "199/2022", "Latitude": 12.872144, "Longitude": 77.651912, "Location of Black spot": "Naganathapura junction", "Date (DD/MM/YYYY)": "28/12/2022", "Time ( in 24 hours)": "13:30:00", "Fatal": null, "GI": 1, "MI": null, "Severity": "Non-Fatal", "Crash Category": "Vehicle-Pedestrian", "Accused": "Car", "Victim": "Pedestrian", "Vehicles Involved": "Car and Pedestrian", "Type of Crash": "Hit from Side", "Cause of Crash": "Rash and Negligent" }, "geometry": { "type": "Point", "coordinates": [ 77.651912, 12.872144 ] } },
{ "type": "Feature", "properties": { "Unique ID": "359_95/2022", "Year": 2022, "Tag": "Legitimate", "SL No": 359, "Traffic ps": "Ecity", "Cr no": "95/2022", "Latitude": 12.855854, "Longitude": 77.664495, "Location of Black spot": "Veerasandra Junction", "Date (DD/MM/YYYY)": "31/07/2022", "Time ( in 24 hours)": "00:15:00", "Fatal": null, "GI": 1, "MI": null, "Severity": "Non-Fatal", "Crash Category": "Vehicle-Vehicle", "Accused": "Canter", "Victim": "2W", "Vehicles Involved": "Canter and 2W", "Type of Crash": "Hit from Back", "Cause of Crash": "Rash and Negligent" }, "geometry": { "type": "Point", "coordinates": [ 77.664495, 12.855854 ] } },
{ "type": "Feature", "properties": { "Unique ID": "360_09/2022", "Year": 2022, "Tag": "Unique", "SL No": 360, "Traffic ps": "KS Layout", "Cr no": "09/2022", "Latitude": 12.86308, "Longitude": 77.514315, "Location of Black spot": "Nice Road Nagegowdanaplaya Bridge ", "Date (DD/MM/YYYY)": null, "Time ( in 24 hours)": null, "Fatal": null, "GI": 1, "MI": null, "Severity": "Non-Fatal", "Crash Category": "Vehicle-Vehicle", "Accused": "Lorry", "Victim": "Canter", "Vehicles Involved": "Lorry and Canter", "Type of Crash": "Hit from Back", "Cause of Crash": "Rash and Negligent" }, "geometry": { "type": "Point", "coordinates": [ 77.514315, 12.86308 ] } },
{ "type": "Feature", "properties": { "Unique ID": "361_51/2022", "Year": 2022, "Tag": "Unique", "SL No": 361, "Traffic ps": "KS Layout", "Cr no": "51/2022", "Latitude": 12.864661, "Longitude": 77.514315, "Location of Black spot": "Nice Road Nagegowdanaplaya Bridge ", "Date (DD/MM/YYYY)": null, "Time ( in 24 hours)": null, "Fatal": "1", "GI": null, "MI": null, "Severity": "Fatal", "Crash Category": "Vehicle-Vehicle", "Accused": "2W", "Victim": "Canter", "Vehicles Involved": "2W and Canter", "Type of Crash": "Hit from Back", "Cause of Crash": "Rash and Negligent" }, "geometry": { "type": "Point", "coordinates": [ 77.514315, 12.864661 ] } },
{ "type": "Feature", "properties": { "Unique ID": "362_97/2022", "Year": 2022, "Tag": "Legitimate", "SL No": 362, "Traffic ps": "KS Layout", "Cr no": "97/2022", "Latitude": 12.864661, "Longitude": 77.51089, "Location of Black spot": "Nice Road Nagegowdanaplaya Bridge ", "Date (DD/MM/YYYY)": null, "Time ( in 24 hours)": null, "Fatal": null, "GI": 1, "MI": null, "Severity": "Non-Fatal", "Crash Category": "Vehicle-Vehicle", "Accused": "Car", "Victim": "Car", "Vehicles Involved": "Car and Car", "Type of Crash": "Hit from Back", "Cause of Crash": "Rash and Negligent" }, "geometry": { "type": "Point", "coordinates": [ 77.51089, 12.864661 ] } },
{ "type": "Feature", "properties": { "Unique ID": "363_06/2022", "Year": 2022, "Tag": "Unique", "SL No": 363, "Traffic ps": "KS Layout", "Cr no": "06/2022", "Latitude": 12.852616, "Longitude": 77.544613, "Location of Black spot": "Nice road Near Poorvankara bridge ", "Date (DD/MM/YYYY)": null, "Time ( in 24 hours)": null, "Fatal": "4", "GI": 3, "MI": null, "Severity": "Fatal", "Crash Category": "Vehicle-Vehicle", "Accused": "Lorry", "Victim": "Car", "Vehicles Involved": "Lorry and Car", "Type of Crash": "Hit from Back", "Cause of Crash": "Rash and Negligent" }, "geometry": { "type": "Point", "coordinates": [ 77.544613, 12.852616 ] } },
{ "type": "Feature", "properties": { "Unique ID": "364_71/2022", "Year": 2022, "Tag": "Legitimate", "SL No": 364, "Traffic ps": "KS Layout", "Cr no": "71/2022", "Latitude": 12.853628, "Longitude": 77.541037, "Location of Black spot": "Nice road Near Poorvankara bridge ", "Date (DD/MM/YYYY)": null, "Time ( in 24 hours)": null, "Fatal": "1", "GI": null, "MI": null, "Severity": "Fatal", "Crash Category": "Vehicle-Vehicle", "Accused": "2W", "Victim": "Vehicle", "Vehicles Involved": "2W and Vehicle", "Type of Crash": "Hit from Back", "Cause of Crash": "Rash and Negligent" }, "geometry": { "type": "Point", "coordinates": [ 77.541037, 12.853628 ] } },
{ "type": "Feature", "properties": { "Unique ID": "365_89/2022", "Year": 2022, "Tag": "Legitimate", "SL No": 365, "Traffic ps": "KS Layout", "Cr no": "89/2022", "Latitude": 12.8545054, "Longitude": 77.541037, "Location of Black spot": "Nice road Near Poorvankara bridge ", "Date (DD/MM/YYYY)": null, "Time ( in 24 hours)": null, "Fatal": "1", "GI": 2, "MI": null, "Severity": "Fatal", "Crash Category": "Vehicle-Vehicle", "Accused": "2W", "Victim": "Canter", "Vehicles Involved": "2W and Canter", "Type of Crash": "N.D.A", "Cause of Crash": "Rash and Negligent" }, "geometry": { "type": "Point", "coordinates": [ 77.541037, 12.8545054 ] } },
{ "type": "Feature", "properties": { "Unique ID": "366_190/2022", "Year": 2022, "Tag": "Legitimate", "SL No": 366, "Traffic ps": "KS Layout", "Cr no": "190/2022", "Latitude": 12.852043, "Longitude": 77.547251, "Location of Black spot": "Nice road Near Poorvankara bridge ", "Date (DD/MM/YYYY)": null, "Time ( in 24 hours)": null, "Fatal": null, "GI": 1, "MI": null, "Severity": "Non-Fatal", "Crash Category": "Vehicle-Vehicle", "Accused": "Lorry", "Victim": "Pedestrian", "Vehicles Involved": "Lorry and Pedestrian", "Type of Crash": "Hit from Back", "Cause of Crash": "Rash and Negligent" }, "geometry": { "type": "Point", "coordinates": [ 77.547251, 12.852043 ] } },
{ "type": "Feature", "properties": { "Unique ID": "367_126/2022", "Year": 2022, "Tag": "Legitimate", "SL No": 367, "Traffic ps": "HEBBAL TR P S", "Cr no": "126/2022", "Latitude": 13.043702, "Longitude": 77.599782, "Location of Black spot": "YOGESWARNAGAR CROSS and  Ring Road", "Date (DD/MM/YYYY)": "22/11/2022", "Time ( in 24 hours)": "08:20:00", "Fatal": null, "GI": 1, "MI": null, "Severity": "Non-Fatal", "Crash Category": "Vehicle-Vehicle", "Accused": "2W", "Victim": "Car", "Vehicles Involved": "2W and Car", "Type of Crash": "Hit from Side", "Cause of Crash": "Rash and Negligent" }, "geometry": { "type": "Point", "coordinates": [ 77.599782, 13.043702 ] } },
{ "type": "Feature", "properties": { "Unique ID": "368_148/2022", "Year": 2022, "Tag": "Legitimate", "SL No": 368, "Traffic ps": "HEBBAL TR P S", "Cr no": "148/2022", "Latitude": 13.043702, "Longitude": 77.599782, "Location of Black spot": "YOGESWARNAGAR CROSS and  Ring Road", "Date (DD/MM/YYYY)": "31/11/2022", "Time ( in 24 hours)": "05:20:00", "Fatal": "1", "GI": 1, "MI": null, "Severity": "Fatal", "Crash Category": "Self Accident", "Accused": "Object", "Victim": "2W", "Vehicles Involved": "Object and 2W", "Type of Crash": "Hit Fixed Object", "Cause of Crash": "Rash and Negligent" }, "geometry": { "type": "Point", "coordinates": [ 77.599782, 13.043702 ] } },
{ "type": "Feature", "properties": { "Unique ID": "369_18/2022", "Year": 2022, "Tag": "Unique", "SL No": 369, "Traffic ps": "HEBBAL TR P S", "Cr no": "18/2022", "Latitude": 13.047144, "Longitude": 77.570058, "Location of Black spot": "DEVINGAR CROSS and  Ring Road", "Date (DD/MM/YYYY)": "01/03/2022", "Time ( in 24 hours)": "12:30:00", "Fatal": "1", "GI": null, "MI": null, "Severity": "Fatal", "Crash Category": "Vehicle-Vehicle", "Accused": "2W", "Victim": "Lorry", "Vehicles Involved": "2W and Lorry", "Type of Crash": "Hit from Back", "Cause of Crash": "Rash and Negligent" }, "geometry": { "type": "Point", "coordinates": [ 77.570058, 13.047144 ] } },
{ "type": "Feature", "properties": { "Unique ID": "370_38/2022", "Year": 2022, "Tag": "Legitimate", "SL No": 370, "Traffic ps": "HEBBAL TR P S", "Cr no": "38/2022", "Latitude": 13.047144, "Longitude": 77.570058, "Location of Black spot": "DEVINGAR CROSS and  Ring Road", "Date (DD/MM/YYYY)": "02/05/2022", "Time ( in 24 hours)": "21:40:00", "Fatal": "1", "GI": null, "MI": null, "Severity": "Fatal", "Crash Category": "Vehicle-Vehicle", "Accused": "2W", "Victim": "Canter", "Vehicles Involved": "2W and Canter", "Type of Crash": "Hit from Side", "Cause of Crash": "Rash and Negligent" }, "geometry": { "type": "Point", "coordinates": [ 77.570058, 13.047144 ] } },
{ "type": "Feature", "properties": { "Unique ID": "371_53/2022", "Year": 2022, "Tag": "Legitimate", "SL No": 371, "Traffic ps": "HEBBAL TR P S", "Cr no": "53/2022", "Latitude": 13.047144, "Longitude": 77.570058, "Location of Black spot": "DEVINGAR CROSS and  Ring Road", "Date (DD/MM/YYYY)": "12/06/2022", "Time ( in 24 hours)": "03:45:00", "Fatal": "1", "GI": null, "MI": null, "Severity": "Fatal", "Crash Category": "Self Accident", "Accused": "Object", "Victim": "2W", "Vehicles Involved": "Object and 2W", "Type of Crash": "Hit Fixed Object", "Cause of Crash": "Rash and Negligent" }, "geometry": { "type": "Point", "coordinates": [ 77.570058, 13.047144 ] } },
{ "type": "Feature", "properties": { "Unique ID": "372_158/2022", "Year": 2022, "Tag": "Unique", "SL No": 372, "Traffic ps": "HEBBAL TR P S", "Cr no": "158/2022", "Latitude": 13.047144, "Longitude": 77.570058, "Location of Black spot": "DEVINGAR CROSS and  Ring Road", "Date (DD/MM/YYYY)": "12/12/2022", "Time ( in 24 hours)": "07:30:00", "Fatal": null, "GI": 1, "MI": null, "Severity": "Non-Fatal", "Crash Category": "Vehicle-Pedestrian", "Accused": "Pedestrian", "Victim": "2W", "Vehicles Involved": "Pedestrian and 2W", "Type of Crash": "Hit from Back", "Cause of Crash": "Rash and Negligent" }, "geometry": { "type": "Point", "coordinates": [ 77.570058, 13.047144 ] } },
{ "type": "Feature", "properties": { "Unique ID": "373_74/2022", "Year": 2022, "Tag": "Legitimate", "SL No": 373, "Traffic ps": "Yelahanka Tr Ps", "Cr no": "74/2022", "Latitude": 13.077972, "Longitude": 77.593139, "Location of Black spot": "Jakkuru Aero Drom On Flyover and  BB Road", "Date (DD/MM/YYYY)": "26/03/2022", "Time ( in 24 hours)": "00:30:00", "Fatal": "1", "GI": null, "MI": null, "Severity": "Fatal", "Crash Category": "Vehicle-Vehicle", "Accused": "2W", "Victim": "Vehicle", "Vehicles Involved": "2W and Vehicle", "Type of Crash": "Hit from Back", "Cause of Crash": "Rash and Negligent" }, "geometry": { "type": "Point", "coordinates": [ 77.593139, 13.077972 ] } },
{ "type": "Feature", "properties": { "Unique ID": "374_155/2022", "Year": 2022, "Tag": "Unique", "SL No": 374, "Traffic ps": "Yelahanka Tr Ps", "Cr no": "155/2022", "Latitude": 13.077972, "Longitude": 77.593139, "Location of Black spot": "Jakkuru Aero Drom On Flyover and  BB Road", "Date (DD/MM/YYYY)": "22/07/2022", "Time ( in 24 hours)": "20:00:00", "Fatal": "1", "GI": 1, "MI": null, "Severity": "Fatal", "Crash Category": "Vehicle-Vehicle", "Accused": "3W", "Victim": "Car", "Vehicles Involved": "3W and Car", "Type of Crash": "Hit from Back", "Cause of Crash": "Rash and Negligent" }, "geometry": { "type": "Point", "coordinates": [ 77.593139, 13.077972 ] } },
{ "type": "Feature", "properties": { "Unique ID": "375_67/2022", "Year": 2022, "Tag": "Legitimate", "SL No": 375, "Traffic ps": "Yelahanka Tr Ps", "Cr no": "67/2022", "Latitude": 13.077972, "Longitude": 77.593139, "Location of Black spot": "Jakkuru Aero Drom On Flyover and  BB Road", "Date (DD/MM/YYYY)": "16/03/2022", "Time ( in 24 hours)": "05:00:00", "Fatal": null, "GI": 2, "MI": null, "Severity": "Non-Fatal", "Crash Category": "Vehicle-Vehicle", "Accused": "Car", "Victim": "Car", "Vehicles Involved": "Car and Car", "Type of Crash": "Head-On", "Cause of Crash": "Rash and Negligent" }, "geometry": { "type": "Point", "coordinates": [ 77.593139, 13.077972 ] } },
{ "type": "Feature", "properties": { "Unique ID": "376_72/2022", "Year": 2022, "Tag": "Legitimate", "SL No": 376, "Traffic ps": "Yelahanka Tr Ps", "Cr no": "72/2022", "Latitude": 13.077972, "Longitude": 77.593139, "Location of Black spot": "Jakkuru Aero Drom On Flyover and  BB Road", "Date (DD/MM/YYYY)": "24/03/2022", "Time ( in 24 hours)": "18:15:00", "Fatal": null, "GI": 1, "MI": null, "Severity": "Non-Fatal", "Crash Category": "Vehicle-Vehicle", "Accused": "2W", "Victim": "3W", "Vehicles Involved": "2W and 3W", "Type of Crash": "Hit from Back", "Cause of Crash": "Rash and Negligent" }, "geometry": { "type": "Point", "coordinates": [ 77.593139, 13.077972 ] } },
{ "type": "Feature", "properties": { "Unique ID": "377_86/2022", "Year": 2022, "Tag": "Unique", "SL No": 377, "Traffic ps": "Yelahanka Tr Ps", "Cr no": "86/2022", "Latitude": 13.077972, "Longitude": 77.593139, "Location of Black spot": "Jakkuru Aero Drom On Flyover and  BB Road", "Date (DD/MM/YYYY)": "10/04/2022", "Time ( in 24 hours)": "16:00:00", "Fatal": null, "GI": 1, "MI": null, "Severity": "Non-Fatal", "Crash Category": "Vehicle-Vehicle", "Accused": "Car", "Victim": "2W", "Vehicles Involved": "Car and 2W", "Type of Crash": "Hit from Side", "Cause of Crash": "Rash and Negligent" }, "geometry": { "type": "Point", "coordinates": [ 77.593139, 13.077972 ] } },
{ "type": "Feature", "properties": { "Unique ID": "378_220/2022", "Year": 2022, "Tag": "Unique", "SL No": 378, "Traffic ps": "Yelahanka Tr Ps", "Cr no": "220/2022", "Latitude": 13.077972, "Longitude": 77.593139, "Location of Black spot": "Jakkuru Aero Drom On Flyover and  BB Road", "Date (DD/MM/YYYY)": "08/10/2022", "Time ( in 24 hours)": "18:00:00", "Fatal": null, "GI": 2, "MI": null, "Severity": "Non-Fatal", "Crash Category": "Vehicle-Vehicle", "Accused": "Car", "Victim": "2W", "Vehicles Involved": "Car and 2W", "Type of Crash": "Hit from Back", "Cause of Crash": "Rash and Negligent" }, "geometry": { "type": "Point", "coordinates": [ 77.593139, 13.077972 ] } },
{ "type": "Feature", "properties": { "Unique ID": "379_151/2022", "Year": 2022, "Tag": "Unique", "SL No": 379, "Traffic ps": "Yelahanka Tr Ps", "Cr no": "151/2022", "Latitude": 13.094911, "Longitude": 77.597398, "Location of Black spot": "Coffe Day Yelahanka and  BB Road", "Date (DD/MM/YYYY)": "19/17/2022", "Time ( in 24 hours)": "07:00:00", "Fatal": "1", "GI": null, "MI": null, "Severity": "Fatal", "Crash Category": "Vehicle-Pedestrian", "Accused": "Car", "Victim": "Pedestrian", "Vehicles Involved": "Car and Pedestrian", "Type of Crash": "Hit from Side", "Cause of Crash": "Rash and Negligent" }, "geometry": { "type": "Point", "coordinates": [ 77.597398, 13.094911 ] } },
{ "type": "Feature", "properties": { "Unique ID": "380_234/2022", "Year": 2022, "Tag": "Unique", "SL No": 380, "Traffic ps": "Yelahanka Tr Ps", "Cr no": "234/2022", "Latitude": 13.094714, "Longitude": 77.597827, "Location of Black spot": "Coffe Day Yelahanka and  BB Road", "Date (DD/MM/YYYY)": "06/11/2022", "Time ( in 24 hours)": "07:45:00", "Fatal": "1", "GI": null, "MI": null, "Severity": "Fatal", "Crash Category": "Vehicle-Pedestrian", "Accused": "Car", "Victim": "Pedestrian", "Vehicles Involved": "Car and Pedestrian", "Type of Crash": "Hit from Side", "Cause of Crash": "Rash and Negligent" }, "geometry": { "type": "Point", "coordinates": [ 77.597827, 13.094714 ] } },
{ "type": "Feature", "properties": { "Unique ID": "381_216/2022", "Year": 2022, "Tag": "Legitimate", "SL No": 381, "Traffic ps": "Yelahanka Tr Ps", "Cr no": "216/2022", "Latitude": 13.095146, "Longitude": 77.597519, "Location of Black spot": "Coffe Day Yelahanka and  BB Road", "Date (DD/MM/YYYY)": "01/10/2023", "Time ( in 24 hours)": "18:00:00", "Fatal": null, "GI": 1, "MI": null, "Severity": "Non-Fatal", "Crash Category": "Vehicle-Pedestrian", "Accused": "Car", "Victim": "Pedestrian", "Vehicles Involved": "Car and Pedestrian", "Type of Crash": "Hit from Side", "Cause of Crash": "Rash and Negligent" }, "geometry": { "type": "Point", "coordinates": [ 77.597519, 13.095146 ] } },
{ "type": "Feature", "properties": { "Unique ID": "382_290/2022", "Year": 2022, "Tag": "Unique", "SL No": 382, "Traffic ps": "Yelahanka Tr Ps", "Cr no": "290/2022", "Latitude": 13.951, "Longitude": 77.59763, "Location of Black spot": "Coffe Day Yelahanka and  BB Road", "Date (DD/MM/YYYY)": "25/12/2022", "Time ( in 24 hours)": "14:00:00", "Fatal": null, "GI": 1, "MI": null, "Severity": "Non-Fatal", "Crash Category": "Vehicle-Vehicle", "Accused": "2W", "Victim": "2W", "Vehicles Involved": "2W and 2W", "Type of Crash": "Hit from Back", "Cause of Crash": "Rash and Negligent" }, "geometry": { "type": "Point", "coordinates": [ 77.59763, 13.951 ] } },
{ "type": "Feature", "properties": { "Unique ID": "383_63/2022", "Year": 2022, "Tag": "Legitimate", "SL No": 383, "Traffic ps": "Yelahanka Tr Ps", "Cr no": "63/2022", "Latitude": 13.117414, "Longitude": 77.608493, "Location of Black spot": "Palanahalli Gate and  BB Road", "Date (DD/MM/YYYY)": "13/03/2022", "Time ( in 24 hours)": "00:00:00", "Fatal": "1", "GI": null, "MI": null, "Severity": "Fatal", "Crash Category": "Self Accident", "Accused": "Object", "Victim": "2W", "Vehicles Involved": "Object and 2W", "Type of Crash": "Hit Fixed Object", "Cause of Crash": "Rash and Negligent" }, "geometry": { "type": "Point", "coordinates": [ 77.608493, 13.117414 ] } },
{ "type": "Feature", "properties": { "Unique ID": "384_100/2022", "Year": 2022, "Tag": "Legitimate", "SL No": 384, "Traffic ps": "Yelahanka Tr Ps", "Cr no": "100/2022", "Latitude": 13.118096, "Longitude": 77.608713, "Location of Black spot": "Palanahalli Gate and  BB Road", "Date (DD/MM/YYYY)": "13/05/2022", "Time ( in 24 hours)": "00:40:00", "Fatal": "1", "GI": null, "MI": null, "Severity": "Fatal", "Crash Category": "Vehicle-Vehicle", "Accused": "2W", "Victim": "3W", "Vehicles Involved": "2W and 3W", "Type of Crash": "Hit from Back", "Cause of Crash": "Rash and Negligent" }, "geometry": { "type": "Point", "coordinates": [ 77.608713, 13.118096 ] } },
{ "type": "Feature", "properties": { "Unique ID": "385_159/2022", "Year": 2022, "Tag": "Legitimate", "SL No": 385, "Traffic ps": "Yelahanka Tr Ps", "Cr no": "159/2022", "Latitude": 13.114816, "Longitude": 77.606739, "Location of Black spot": "Palanahalli Gate and  BB Road", "Date (DD/MM/YYYY)": "01/01/2022", "Time ( in 24 hours)": "08:30:00", "Fatal": "1", "GI": null, "MI": null, "Severity": "Fatal", "Crash Category": "Vehicle-Pedestrian", "Accused": "Vehicle", "Victim": "Pedestrian", "Vehicles Involved": "Vehicle and Pedestrian", "Type of Crash": "Hit from Side", "Cause of Crash": "Rash and Negligent" }, "geometry": { "type": "Point", "coordinates": [ 77.606739, 13.114816 ] } },
{ "type": "Feature", "properties": { "Unique ID": "386_87/2022", "Year": 2022, "Tag": "Legitimate", "SL No": 386, "Traffic ps": "Yelahanka Tr Ps", "Cr no": "87/2022", "Latitude": 13.117414, "Longitude": 77.608493, "Location of Black spot": "Palanahalli Gate and  BB Road", "Date (DD/MM/YYYY)": "14/04/2022", "Time ( in 24 hours)": "10:00:00", "Fatal": null, "GI": 2, "MI": null, "Severity": "Non-Fatal", "Crash Category": "Vehicle-Vehicle", "Accused": "3W", "Victim": "2W", "Vehicles Involved": "3W and 2W", "Type of Crash": "Hit from Side", "Cause of Crash": "Rash and Negligent" }, "geometry": { "type": "Point", "coordinates": [ 77.608493, 13.117414 ] } },
{ "type": "Feature", "properties": { "Unique ID": "387_240/2022", "Year": 2022, "Tag": "Unique", "SL No": 387, "Traffic ps": "Yelahanka Tr Ps", "Cr no": "240/2022", "Latitude": 13.118449, "Longitude": 77.609084, "Location of Black spot": "Palanahalli Gate and  BB Road", "Date (DD/MM/YYYY)": "17/11/2022", "Time ( in 24 hours)": "05:40:00", "Fatal": null, "GI": 1, "MI": null, "Severity": "Non-Fatal", "Crash Category": "Self Accident", "Accused": "Object", "Victim": "2W", "Vehicles Involved": "Object and 2W", "Type of Crash": "Hit Fixed Object", "Cause of Crash": "Rash and Negligent" }, "geometry": { "type": "Point", "coordinates": [ 77.609084, 13.118449 ] } },
{ "type": "Feature", "properties": { "Unique ID": "388_39/2022", "Year": 2022, "Tag": "Unique", "SL No": 388, "Traffic ps": "Yelahanka Tr Ps", "Cr no": "39/2022", "Latitude": 13.135369, "Longitude": 77.617357, "Location of Black spot": "IAF Gate and  BB Road", "Date (DD/MM/YYYY)": "31/01/2022", "Time ( in 24 hours)": "11:00:00", "Fatal": "1", "GI": null, "MI": null, "Severity": "Fatal", "Crash Category": "Self Accident", "Accused": "Object", "Victim": "2W", "Vehicles Involved": "Object and 2W", "Type of Crash": "Hit Fixed Object", "Cause of Crash": "Rash and Negligent" }, "geometry": { "type": "Point", "coordinates": [ 77.617357, 13.135369 ] } },
{ "type": "Feature", "properties": { "Unique ID": "389_136/2022", "Year": 2022, "Tag": "Unique", "SL No": 389, "Traffic ps": "Yelahanka Tr Ps", "Cr no": "136/2022", "Latitude": 13.133092, "Longitude": 77.616177, "Location of Black spot": "IAF Gate and  BB Road", "Date (DD/MM/YYYY)": "01/07/2022", "Time ( in 24 hours)": "11:35:00", "Fatal": "1", "GI": null, "MI": null, "Severity": "Fatal", "Crash Category": "Vehicle-Pedestrian", "Accused": "2W", "Victim": "Pedestrian", "Vehicles Involved": "2W and Pedestrian", "Type of Crash": "Hit from Side", "Cause of Crash": "Rash and Negligent" }, "geometry": { "type": "Point", "coordinates": [ 77.616177, 13.133092 ] } },
{ "type": "Feature", "properties": { "Unique ID": "390_49/2022", "Year": 2022, "Tag": "Legitimate", "SL No": 390, "Traffic ps": "Yelahanka Tr Ps", "Cr no": "49/2022", "Latitude": 13.131544, "Longitude": 77.615389, "Location of Black spot": "IAF Gate and  BB Road", "Date (DD/MM/YYYY)": "16/02/2022", "Time ( in 24 hours)": "15:30:00", "Fatal": null, "GI": 1, "MI": null, "Severity": "Non-Fatal", "Crash Category": "Self Accident", "Accused": "Object", "Victim": "2W", "Vehicles Involved": "Object and 2W", "Type of Crash": "Hit Fixed Object", "Cause of Crash": "Rash and Negligent" }, "geometry": { "type": "Point", "coordinates": [ 77.615389, 13.131544 ] } },
{ "type": "Feature", "properties": { "Unique ID": "391_126/2022", "Year": 2022, "Tag": "Legitimate", "SL No": 391, "Traffic ps": "Yelahanka Tr Ps", "Cr no": "126/2022", "Latitude": 13.137264, "Longitude": 77.617607, "Location of Black spot": "IAF Gate and  BB Road", "Date (DD/MM/YYYY)": "18/06/2022", "Time ( in 24 hours)": "13:30:00", "Fatal": null, "GI": 1, "MI": null, "Severity": "Non-Fatal", "Crash Category": "Vehicle-Vehicle", "Accused": "Car", "Victim": "2W", "Vehicles Involved": "Car and 2W", "Type of Crash": "Hit from Side", "Cause of Crash": "Rash and Negligent" }, "geometry": { "type": "Point", "coordinates": [ 77.617607, 13.137264 ] } },
{ "type": "Feature", "properties": { "Unique ID": "392_187/2022", "Year": 2022, "Tag": "Unique", "SL No": 392, "Traffic ps": "CHIKKAJALA TR P S", "Cr no": "187/2022", "Latitude": 13.144465, "Longitude": 77.61758, "Location of Black spot": "Hunasamaranahalli BB Road", "Date (DD/MM/YYYY)": "05/11/2022", "Time ( in 24 hours)": "19:15:00", "Fatal": "1", "GI": null, "MI": null, "Severity": "Fatal", "Crash Category": "Vehicle-Pedestrian", "Accused": "Car", "Victim": "Pedestrian", "Vehicles Involved": "Car and Pedestrian", "Type of Crash": "Hit from Side", "Cause of Crash": "Rash and Negligent" }, "geometry": { "type": "Point", "coordinates": [ 77.61758, 13.144465 ] } },
{ "type": "Feature", "properties": { "Unique ID": "393_16/2022", "Year": 2022, "Tag": "Legitimate", "SL No": 393, "Traffic ps": "CHIKKAJALA TR P S", "Cr no": "16/2022", "Latitude": 13.144465, "Longitude": 77.61758, "Location of Black spot": "Hunasamaranahalli BB Road", "Date (DD/MM/YYYY)": "03/02/2022", "Time ( in 24 hours)": "23:30:00", "Fatal": null, "GI": 1, "MI": null, "Severity": "Non-Fatal", "Crash Category": "Vehicle-Vehicle", "Accused": "Object", "Victim": "2W", "Vehicles Involved": "Object and 2W", "Type of Crash": "Hit Fixed Object", "Cause of Crash": "Wrong Parking" }, "geometry": { "type": "Point", "coordinates": [ 77.61758, 13.144465 ] } },
{ "type": "Feature", "properties": { "Unique ID": "394_17/2022", "Year": 2022, "Tag": "Legitimate", "SL No": 394, "Traffic ps": "CHIKKAJALA TR P S", "Cr no": "17/2022", "Latitude": 13.144465, "Longitude": 77.61758, "Location of Black spot": "Hunasamaranahalli BB Road", "Date (DD/MM/YYYY)": "06/02/2022", "Time ( in 24 hours)": "20:20:00", "Fatal": null, "GI": 1, "MI": null, "Severity": "Non-Fatal", "Crash Category": "Vehicle-Vehicle", "Accused": "Car", "Victim": "2W", "Vehicles Involved": "Car and 2W", "Type of Crash": "Hit from Back", "Cause of Crash": "Rash and Negligent" }, "geometry": { "type": "Point", "coordinates": [ 77.61758, 13.144465 ] } },
{ "type": "Feature", "properties": { "Unique ID": "395_20/2022", "Year": 2022, "Tag": "Legitimate", "SL No": 395, "Traffic ps": "CHIKKAJALA TR P S", "Cr no": "20/2022", "Latitude": 13.144465, "Longitude": 77.61758, "Location of Black spot": "Hunasamaranahalli BB Road", "Date (DD/MM/YYYY)": "13/02/2022", "Time ( in 24 hours)": "16:00:00", "Fatal": null, "GI": 2, "MI": null, "Severity": "Non-Fatal", "Crash Category": "Vehicle-Vehicle", "Accused": "Object", "Victim": "2W", "Vehicles Involved": "Object and 2W", "Type of Crash": "Hit Fixed Object", "Cause of Crash": "Wrong Parking" }, "geometry": { "type": "Point", "coordinates": [ 77.61758, 13.144465 ] } },
{ "type": "Feature", "properties": { "Unique ID": "396_115/2022", "Year": 2022, "Tag": "Legitimate", "SL No": 396, "Traffic ps": "CHIKKAJALA TR P S", "Cr no": "115/2022", "Latitude": 13.144465, "Longitude": 77.61758, "Location of Black spot": "Hunasamaranahalli BB Road", "Date (DD/MM/YYYY)": "30/07/2022", "Time ( in 24 hours)": "17:00:00", "Fatal": null, "GI": 1, "MI": null, "Severity": "Non-Fatal", "Crash Category": "Vehicle-Vehicle", "Accused": "Canter", "Victim": "2W", "Vehicles Involved": "Canter and 2W", "Type of Crash": "Hit from Back", "Cause of Crash": "Rash and Negligent" }, "geometry": { "type": "Point", "coordinates": [ 77.61758, 13.144465 ] } },
{ "type": "Feature", "properties": { "Unique ID": "397_170/2022", "Year": 2022, "Tag": "Unique", "SL No": 397, "Traffic ps": "CHIKKAJALA TR P S", "Cr no": "170/2022", "Latitude": 13.144465, "Longitude": 77.61758, "Location of Black spot": "Hunasamaranahalli BB Road", "Date (DD/MM/YYYY)": "07/10/2022", "Time ( in 24 hours)": "08:00:00", "Fatal": null, "GI": 1, "MI": null, "Severity": "Non-Fatal", "Crash Category": "Vehicle-Vehicle", "Accused": "Car", "Victim": "2W", "Vehicles Involved": "Car and 2W", "Type of Crash": "Hit from Back", "Cause of Crash": "Sudden Brakes" }, "geometry": { "type": "Point", "coordinates": [ 77.61758, 13.144465 ] } },
{ "type": "Feature", "properties": { "Unique ID": "398_25/2022", "Year": 2022, "Tag": "Legitimate", "SL No": 398, "Traffic ps": "CHIKKAJALA TR P S", "Cr no": "25/2022", "Latitude": 13.151895, "Longitude": 77.620317, "Location of Black spot": "MVIT BB ROAD", "Date (DD/MM/YYYY)": "22/02/2022", "Time ( in 24 hours)": "08:11:00", "Fatal": null, "GI": 1, "MI": null, "Severity": "Non-Fatal", "Crash Category": "Vehicle-Pedestrian", "Accused": "Canter", "Victim": "Pedestrian", "Vehicles Involved": "Canter and Pedestrian", "Type of Crash": "Hit from Side", "Cause of Crash": "Rash and Negligent" }, "geometry": { "type": "Point", "coordinates": [ 77.620317, 13.151895 ] } },
{ "type": "Feature", "properties": { "Unique ID": "399_169/2022", "Year": 2022, "Tag": "Unique", "SL No": 399, "Traffic ps": "CHIKKAJALA TR P S", "Cr no": "169/2022", "Latitude": 13.15677, "Longitude": 77.62339, "Location of Black spot": "Bettahalsoor BB Road", "Date (DD/MM/YYYY)": "05/10/2022", "Time ( in 24 hours)": "01:00:00", "Fatal": null, "GI": 1, "MI": null, "Severity": "Non-Fatal", "Crash Category": "Vehicle-Pedestrian", "Accused": "Car", "Victim": "Pedestrian", "Vehicles Involved": "Car and Pedestrian", "Type of Crash": "Head-On", "Cause of Crash": "Rash and Negligent" }, "geometry": { "type": "Point", "coordinates": [ 77.62339, 13.15677 ] } },
{ "type": "Feature", "properties": { "Unique ID": "400_006/2022", "Year": 2022, "Tag": "Legitimate", "SL No": 400, "Traffic ps": "CHIKKAJALA TR P S", "Cr no": "006/2022", "Latitude": 13.19008, "Longitude": 77.64552, "Location of Black spot": "Meenukunte Hosur BB Road", "Date (DD/MM/YYYY)": "01/01/2022", "Time ( in 24 hours)": "11:50:00", "Fatal": null, "GI": 1, "MI": null, "Severity": "Non-Fatal", "Crash Category": "Self Accident", "Accused": "Object", "Victim": "2W", "Vehicles Involved": "Object and 2W", "Type of Crash": "Hit Fixed Object", "Cause of Crash": "Rash and Negligent" }, "geometry": { "type": "Point", "coordinates": [ 77.64552, 13.19008 ] } },
{ "type": "Feature", "properties": { "Unique ID": "401_179/2022", "Year": 2022, "Tag": "Legitimate", "SL No": 401, "Traffic ps": "CHIKKAJALA TR P S", "Cr no": "179/2022", "Latitude": 13.19076, "Longitude": 77.646116, "Location of Black spot": "Sadahalli Gate and  BB Road", "Date (DD/MM/YYYY)": "05/11/2022", "Time ( in 24 hours)": "19:15:00", "Fatal": "1", "GI": null, "MI": null, "Severity": "Fatal", "Crash Category": "Vehicle-Pedestrian", "Accused": "Bus", "Victim": "Pedestrian", "Vehicles Involved": "Bus and Pedestrian", "Type of Crash": "Hit from Side", "Cause of Crash": "Rash and Negligent" }, "geometry": { "type": "Point", "coordinates": [ 77.646116, 13.19076 ] } },
{ "type": "Feature", "properties": { "Unique ID": "402_194/2022", "Year": 2022, "Tag": "Legitimate", "SL No": 402, "Traffic ps": "CHIKKAJALA TR P S", "Cr no": "194/2022", "Latitude": 13.19076, "Longitude": 77.646116, "Location of Black spot": "Sadahalli Gate and  BB Road", "Date (DD/MM/YYYY)": "22/11/2022", "Time ( in 24 hours)": "07:35:00", "Fatal": "1", "GI": null, "MI": null, "Severity": "Fatal", "Crash Category": "Vehicle-Pedestrian", "Accused": "Bus", "Victim": "Pedestrian", "Vehicles Involved": "Bus and Pedestrian", "Type of Crash": "Hit from Side", "Cause of Crash": "Rash and Negligent" }, "geometry": { "type": "Point", "coordinates": [ 77.646116, 13.19076 ] } },
{ "type": "Feature", "properties": { "Unique ID": "403_002/2022", "Year": 2022, "Tag": "Legitimate", "SL No": 403, "Traffic ps": "CHIKKAJALA TR P S", "Cr no": "002/2022", "Latitude": 13.19076, "Longitude": 77.646116, "Location of Black spot": "Sadahalli Gate and  BB Road", "Date (DD/MM/YYYY)": "01/01/2022", "Time ( in 24 hours)": "08:31:00", "Fatal": null, "GI": 1, "MI": null, "Severity": "Non-Fatal", "Crash Category": "Vehicle-Vehicle", "Accused": "Car", "Victim": "2W", "Vehicles Involved": "Car and 2W", "Type of Crash": "Hit from Side", "Cause of Crash": "Rash and Negligent" }, "geometry": { "type": "Point", "coordinates": [ 77.646116, 13.19076 ] } },
{ "type": "Feature", "properties": { "Unique ID": "404_52/2022", "Year": 2022, "Tag": "Legitimate", "SL No": 404, "Traffic ps": "CHIKKAJALA TR P S", "Cr no": "52/2022", "Latitude": 13.19076, "Longitude": 77.646116, "Location of Black spot": "Sadahalli Gate and  BB Road", "Date (DD/MM/YYYY)": "03/04/2022", "Time ( in 24 hours)": "19:00:00", "Fatal": null, "GI": 1, "MI": null, "Severity": "Non-Fatal", "Crash Category": "Vehicle-Vehicle", "Accused": "Car", "Victim": "2W", "Vehicles Involved": "Car and 2W", "Type of Crash": "Hit from Side", "Cause of Crash": "Rash and Negligent" }, "geometry": { "type": "Point", "coordinates": [ 77.646116, 13.19076 ] } },
{ "type": "Feature", "properties": { "Unique ID": "405_58/2022", "Year": 2022, "Tag": "Legitimate", "SL No": 405, "Traffic ps": "CHIKKAJALA TR P S", "Cr no": "58/2022", "Latitude": 13.19076, "Longitude": 77.646116, "Location of Black spot": "Sadahalli Gate and  BB Road", "Date (DD/MM/YYYY)": "16/04/2022", "Time ( in 24 hours)": "05:30:00", "Fatal": null, "GI": 1, "MI": null, "Severity": "Non-Fatal", "Crash Category": "Vehicle-Vehicle", "Accused": "Car", "Victim": "2W", "Vehicles Involved": "Car and 2W", "Type of Crash": "Hit from Side", "Cause of Crash": "Rash and Negligent" }, "geometry": { "type": "Point", "coordinates": [ 77.646116, 13.19076 ] } },
{ "type": "Feature", "properties": { "Unique ID": "406_64/2022", "Year": 2022, "Tag": "Legitimate", "SL No": 406, "Traffic ps": "CHIKKAJALA TR P S", "Cr no": "64/2022", "Latitude": 13.19076, "Longitude": 77.646116, "Location of Black spot": "Sadahalli Gate and  BB Road", "Date (DD/MM/YYYY)": "29/04/2022", "Time ( in 24 hours)": "23:30:00", "Fatal": null, "GI": 1, "MI": null, "Severity": "Non-Fatal", "Crash Category": "Vehicle-Vehicle", "Accused": "Car", "Victim": "2W", "Vehicles Involved": "Car and 2W", "Type of Crash": "Hit from Side", "Cause of Crash": "Rash and Negligent" }, "geometry": { "type": "Point", "coordinates": [ 77.646116, 13.19076 ] } },
{ "type": "Feature", "properties": { "Unique ID": "407_74/2022", "Year": 2022, "Tag": "Legitimate", "SL No": 407, "Traffic ps": "CHIKKAJALA TR P S", "Cr no": "74/2022", "Latitude": 13.19076, "Longitude": 77.646116, "Location of Black spot": "Sadahalli Gate and  BB Road", "Date (DD/MM/YYYY)": "22/05/2022", "Time ( in 24 hours)": "12:30:00", "Fatal": null, "GI": 1, "MI": null, "Severity": "Non-Fatal", "Crash Category": "Self Accident", "Accused": "Object", "Victim": "Bus", "Vehicles Involved": "Object and Bus", "Type of Crash": "Hit Fixed Object", "Cause of Crash": "Rash and Negligent" }, "geometry": { "type": "Point", "coordinates": [ 77.646116, 13.19076 ] } },
{ "type": "Feature", "properties": { "Unique ID": "408_87/2022", "Year": 2022, "Tag": "Legitimate", "SL No": 408, "Traffic ps": "CHIKKAJALA TR P S", "Cr no": "87/2022", "Latitude": 13.19076, "Longitude": 77.646116, "Location of Black spot": "Sadahalli Gate and  BB Road", "Date (DD/MM/YYYY)": "08/06/2022", "Time ( in 24 hours)": "18:30:00", "Fatal": null, "GI": 1, "MI": null, "Severity": "Non-Fatal", "Crash Category": "Vehicle-Vehicle", "Accused": "Bus", "Victim": "2W", "Vehicles Involved": "Bus and 2W", "Type of Crash": "Head-On", "Cause of Crash": "Rash and Negligent" }, "geometry": { "type": "Point", "coordinates": [ 77.646116, 13.19076 ] } },
{ "type": "Feature", "properties": { "Unique ID": "409_104/2022", "Year": 2022, "Tag": "Unique", "SL No": 409, "Traffic ps": "CHIKKAJALA TR P S", "Cr no": "104/2022", "Latitude": 13.19076, "Longitude": 77.646116, "Location of Black spot": "Sadahalli Gate and  BB Road", "Date (DD/MM/YYYY)": "09/07/2022", "Time ( in 24 hours)": "17:00:00", "Fatal": null, "GI": 1, "MI": null, "Severity": "Non-Fatal", "Crash Category": "Vehicle-Vehicle", "Accused": "Car", "Victim": "2W", "Vehicles Involved": "Car and 2W", "Type of Crash": "Hit from Back", "Cause of Crash": "Rash and Negligent" }, "geometry": { "type": "Point", "coordinates": [ 77.646116, 13.19076 ] } },
{ "type": "Feature", "properties": { "Unique ID": "410_166/2022", "Year": 2022, "Tag": "Legitimate", "SL No": 410, "Traffic ps": "CHIKKAJALA TR P S", "Cr no": "166/2022", "Latitude": 13.19076, "Longitude": 77.646116, "Location of Black spot": "Sadahalli Gate and  BB Road", "Date (DD/MM/YYYY)": "27/09/2022", "Time ( in 24 hours)": "10:00:00", "Fatal": null, "GI": 1, "MI": null, "Severity": "Non-Fatal", "Crash Category": "Vehicle-Vehicle", "Accused": "Car", "Victim": "2W", "Vehicles Involved": "Car and 2W", "Type of Crash": "Hit from Back", "Cause of Crash": "Rash and Negligent" }, "geometry": { "type": "Point", "coordinates": [ 77.646116, 13.19076 ] } },
{ "type": "Feature", "properties": { "Unique ID": "411_20/2022", "Year": 2022, "Tag": "Legitimate", "SL No": 411, "Traffic ps": "Devnahalli Tr PS", "Cr no": "20/2022", "Latitude": 12.948552, "Longitude": 77.745793, "Location of Black spot": "Kannamangala Palya gate and  BB road", "Date (DD/MM/YYYY)": "20/02/2022", "Time ( in 24 hours)": "13:00:00", "Fatal": null, "GI": 2, "MI": null, "Severity": "Non-Fatal", "Crash Category": "Vehicle-Vehicle", "Accused": "Car", "Victim": "2W", "Vehicles Involved": "Car and 2W", "Type of Crash": "Hit from Side", "Cause of Crash": "Rash and Negligent" }, "geometry": { "type": "Point", "coordinates": [ 77.745793, 12.948552 ] } },
{ "type": "Feature", "properties": { "Unique ID": "412_57/2022", "Year": 2022, "Tag": "Unique", "SL No": 412, "Traffic ps": "Devnahalli Tr PS", "Cr no": "57/2022", "Latitude": 12.948552, "Longitude": 77.745793, "Location of Black spot": "Kannamangala Palya gate and  BB road", "Date (DD/MM/YYYY)": "02/05/2022", "Time ( in 24 hours)": "17:00:00", "Fatal": null, "GI": 1, "MI": null, "Severity": "Non-Fatal", "Crash Category": "Vehicle-Vehicle", "Accused": "Car", "Victim": "2W", "Vehicles Involved": "Car and 2W", "Type of Crash": "Hit from Back", "Cause of Crash": "Rash and Negligent" }, "geometry": { "type": "Point", "coordinates": [ 77.745793, 12.948552 ] } },
{ "type": "Feature", "properties": { "Unique ID": "413_70/2022", "Year": 2022, "Tag": "Legitimate", "SL No": 413, "Traffic ps": "Devnahalli Tr PS", "Cr no": "70/2022", "Latitude": 12.948552, "Longitude": 77.745793, "Location of Black spot": "Kannamangala Palya gate and  BB road", "Date (DD/MM/YYYY)": "25/05/2022", "Time ( in 24 hours)": "11:45:00", "Fatal": null, "GI": 1, "MI": null, "Severity": "Non-Fatal", "Crash Category": "Vehicle-Vehicle", "Accused": "Car", "Victim": "2W", "Vehicles Involved": "Car and 2W", "Type of Crash": "Hit from Back", "Cause of Crash": "Rash and Negligent" }, "geometry": { "type": "Point", "coordinates": [ 77.745793, 12.948552 ] } },
{ "type": "Feature", "properties": { "Unique ID": "414_83/2022", "Year": 2022, "Tag": "Legitimate", "SL No": 414, "Traffic ps": "Devnahalli Tr PS", "Cr no": "83/2022", "Latitude": 12.948552, "Longitude": 77.745793, "Location of Black spot": "Kannamangala Palya gate and  BB road", "Date (DD/MM/YYYY)": "09/06/2022", "Time ( in 24 hours)": "13:55:00", "Fatal": null, "GI": 1, "MI": null, "Severity": "Non-Fatal", "Crash Category": "Vehicle-Vehicle", "Accused": "3W", "Victim": "Car", "Vehicles Involved": "3W and Car", "Type of Crash": "Hit from Back", "Cause of Crash": "Rash and Negligent" }, "geometry": { "type": "Point", "coordinates": [ 77.745793, 12.948552 ] } },
{ "type": "Feature", "properties": { "Unique ID": "415_164/2022", "Year": 2022, "Tag": "Legitimate", "SL No": 415, "Traffic ps": "Devnahalli Tr PS", "Cr no": "164/2022", "Latitude": 12.948552, "Longitude": 77.745793, "Location of Black spot": "Kannamangala Palya gate and  BB road", "Date (DD/MM/YYYY)": "18/11/2022", "Time ( in 24 hours)": "21:30:00", "Fatal": null, "GI": 2, "MI": null, "Severity": "Non-Fatal", "Crash Category": "Vehicle-Vehicle", "Accused": "Car", "Victim": "2W", "Vehicles Involved": "Car and 2W", "Type of Crash": "Hit from Back", "Cause of Crash": "Rash and Negligent" }, "geometry": { "type": "Point", "coordinates": [ 77.745793, 12.948552 ] } },
{ "type": "Feature", "properties": { "Unique ID": "416_168/2022", "Year": 2022, "Tag": "Unique", "SL No": 416, "Traffic ps": "Devnahalli Tr PS", "Cr no": "168/2022", "Latitude": 12.948552, "Longitude": 77.745793, "Location of Black spot": "Kannamangala Palya gate and  BB road", "Date (DD/MM/YYYY)": "24/11/2022", "Time ( in 24 hours)": "13:15:00", "Fatal": "1", "GI": null, "MI": null, "Severity": "Fatal", "Crash Category": "Vehicle-Vehicle", "Accused": "Car", "Victim": "2W", "Vehicles Involved": "Car and 2W", "Type of Crash": "Hit from Back", "Cause of Crash": "Rash and Negligent" }, "geometry": { "type": "Point", "coordinates": [ 77.745793, 12.948552 ] } },
{ "type": "Feature", "properties": { "Unique ID": "417_185/2022", "Year": 2022, "Tag": "Legitimate", "SL No": 417, "Traffic ps": "Devnahalli Tr PS", "Cr no": "185/2022", "Latitude": 12.948552, "Longitude": 77.745793, "Location of Black spot": "Kannamangala Palya gate and  BB road", "Date (DD/MM/YYYY)": "25/12/2022", "Time ( in 24 hours)": "01:52:00", "Fatal": "1", "GI": null, "MI": null, "Severity": "Fatal", "Crash Category": "Vehicle-Vehicle", "Accused": "Lorry", "Victim": "2W", "Vehicles Involved": "Lorry and 2W", "Type of Crash": "Run Over", "Cause of Crash": "Rash and Negligent" }, "geometry": { "type": "Point", "coordinates": [ 77.745793, 12.948552 ] } },
{ "type": "Feature", "properties": { "Unique ID": "418_67/2022", "Year": 2022, "Tag": "Legitimate", "SL No": 418, "Traffic ps": "Yeshwanthpura Tr", "Cr no": "67/2022", "Latitude": 13.024416, "Longitude": 77.547875, "Location of Black spot": "TUMKUR ROAD (RMC Yard to  MEI Junction)", "Date (DD/MM/YYYY)": "15/06/2022", "Time ( in 24 hours)": "08:45:00", "Fatal": null, "GI": 1, "MI": null, "Severity": "Non-Fatal", "Crash Category": "Vehicle-Pedestrian", "Accused": "2W", "Victim": "Pedestrian", "Vehicles Involved": "2W and Pedestrian", "Type of Crash": "Hit from Side", "Cause of Crash": "Rash and Negligent" }, "geometry": { "type": "Point", "coordinates": [ 77.547875, 13.024416 ] } },
{ "type": "Feature", "properties": { "Unique ID": "419_79/2022", "Year": 2022, "Tag": "Unique", "SL No": 419, "Traffic ps": "Yeshwanthpura Tr", "Cr no": "79/2022", "Latitude": 13.026123, "Longitude": 77.544698, "Location of Black spot": "TUMKUR ROAD (RMC Yard to  MEI Junction)", "Date (DD/MM/YYYY)": "02/07/2022", "Time ( in 24 hours)": "11:45:00", "Fatal": null, "GI": 1, "MI": null, "Severity": "Non-Fatal", "Crash Category": "Vehicle-Vehicle", "Accused": "2W", "Victim": "Bus", "Vehicles Involved": "2W and Bus", "Type of Crash": "Hit from Back", "Cause of Crash": "Rash and Negligent" }, "geometry": { "type": "Point", "coordinates": [ 77.544698, 13.026123 ] } },
{ "type": "Feature", "properties": { "Unique ID": "420_128/2022", "Year": 2022, "Tag": "Legitimate", "SL No": 420, "Traffic ps": "Yeshwanthpura Tr", "Cr no": "128/2022", "Latitude": 13.025605, "Longitude": 77.545693, "Location of Black spot": "TUMKUR ROAD (RMC Yard to  MEI Junction)", "Date (DD/MM/YYYY)": "10/10/2022", "Time ( in 24 hours)": "05:30:00", "Fatal": null, "GI": 1, "MI": null, "Severity": "Non-Fatal", "Crash Category": "Vehicle-Pedestrian", "Accused": "Canter", "Victim": "Pedestrian", "Vehicles Involved": "Canter and Pedestrian", "Type of Crash": "Hit from Side", "Cause of Crash": "Rash and Negligent" }, "geometry": { "type": "Point", "coordinates": [ 77.545693, 13.025605 ] } },
{ "type": "Feature", "properties": { "Unique ID": "421_179/2022", "Year": 2022, "Tag": "Legitimate", "SL No": 421, "Traffic ps": "Yeshwanthpura Tr", "Cr no": "179/2022", "Latitude": 13.025773, "Longitude": 77.545449, "Location of Black spot": "TUMKUR ROAD (RMC Yard to  MEI Junction)", "Date (DD/MM/YYYY)": "11/12/2022", "Time ( in 24 hours)": "11:20:00", "Fatal": null, "GI": 1, "MI": null, "Severity": "Non-Fatal", "Crash Category": "Vehicle-Vehicle", "Accused": "Car", "Victim": "2W", "Vehicles Involved": "Car and 2W", "Type of Crash": "Hit from Side", "Cause of Crash": "Rash and Negligent" }, "geometry": { "type": "Point", "coordinates": [ 77.545449, 13.025773 ] } },
{ "type": "Feature", "properties": { "Unique ID": "422_118/2022", "Year": 2022, "Tag": "Legitimate", "SL No": 422, "Traffic ps": "Yeshwanthpura Tr", "Cr no": "118/2022", "Latitude": 13.027144, "Longitude": 77.543445, "Location of Black spot": "TUMKUR ROAD (RMC Yard to  MEI Junction)", "Date (DD/MM/YYYY)": "14/09/2022", "Time ( in 24 hours)": "20:30:00", "Fatal": "1", "GI": null, "MI": null, "Severity": "Fatal", "Crash Category": "Vehicle-Vehicle", "Accused": "Bus", "Victim": "2W", "Vehicles Involved": "Bus and 2W", "Type of Crash": "Hit from Side", "Cause of Crash": "Rash and Negligent" }, "geometry": { "type": "Point", "coordinates": [ 77.543445, 13.027144 ] } },
{ "type": "Feature", "properties": { "Unique ID": "423_002-2022", "Year": 2022, "Tag": "Unique", "SL No": 423, "Traffic ps": "PEENYA TR PS", "Cr no": "002-2022", "Latitude": 13.039939, "Longitude": 77.51835, "Location of Black spot": "SM CIRCLE(JALAHALLI CROSS TO CHOKKASANDRA JUNCTION)", "Date (DD/MM/YYYY)": "04/01/2022", "Time ( in 24 hours)": "21:00:00", "Fatal": null, "GI": 1, "MI": null, "Severity": "Non-Fatal", "Crash Category": "Vehicle-Vehicle", "Accused": "2W", "Victim": "2W", "Vehicles Involved": "2W and 2W", "Type of Crash": "Hit from Back", "Cause of Crash": "Rash and Negligent" }, "geometry": { "type": "Point", "coordinates": [ 77.51835, 13.039939 ] } },
{ "type": "Feature", "properties": { "Unique ID": "424_005-2022", "Year": 2022, "Tag": "Unique", "SL No": 424, "Traffic ps": "PEENYA TR PS", "Cr no": "005-2022", "Latitude": 13.039939, "Longitude": 77.51835, "Location of Black spot": "SM CIRCLE(JALAHALLI CROSS TO CHOKKASANDRA JUNCTION)", "Date (DD/MM/YYYY)": "10/01/2022", "Time ( in 24 hours)": "06:10:00", "Fatal": null, "GI": 1, "MI": null, "Severity": "Non-Fatal", "Crash Category": "Vehicle-Vehicle", "Accused": "2W", "Victim": "Bus", "Vehicles Involved": "2W and Bus", "Type of Crash": "Hit from Back", "Cause of Crash": "Rash and Negligent" }, "geometry": { "type": "Point", "coordinates": [ 77.51835, 13.039939 ] } },
{ "type": "Feature", "properties": { "Unique ID": "425_007/2022", "Year": 2022, "Tag": "Unique", "SL No": 425, "Traffic ps": "PEENYA TR PS", "Cr no": "007/2022", "Latitude": 13.039939, "Longitude": 77.51835, "Location of Black spot": "SM CIRCLE(JALAHALLI CROSS TO CHOKKASANDRA JUNCTION)", "Date (DD/MM/YYYY)": "10/01/2022", "Time ( in 24 hours)": "21:15:00", "Fatal": null, "GI": 1, "MI": null, "Severity": "Non-Fatal", "Crash Category": "Vehicle-Pedestrian", "Accused": "Bus", "Victim": "Pedestrian", "Vehicles Involved": "Bus and Pedestrian", "Type of Crash": "Hit from Side", "Cause of Crash": "Rash and Negligent" }, "geometry": { "type": "Point", "coordinates": [ 77.51835, 13.039939 ] } },
{ "type": "Feature", "properties": { "Unique ID": "426_030/2022", "Year": 2022, "Tag": "Unique", "SL No": 426, "Traffic ps": "PEENYA TR PS", "Cr no": "030/2022", "Latitude": 13.039939, "Longitude": 77.51835, "Location of Black spot": "SM CIRCLE(JALAHALLI CROSS TO CHOKKASANDRA JUNCTION)", "Date (DD/MM/YYYY)": "23/02/2022", "Time ( in 24 hours)": "12:50:00", "Fatal": null, "GI": 1, "MI": null, "Severity": "Non-Fatal", "Crash Category": "Vehicle-Vehicle", "Accused": "Bus", "Victim": "2W", "Vehicles Involved": "Bus and 2W", "Type of Crash": "Hit from Side", "Cause of Crash": "Rash and Negligent" }, "geometry": { "type": "Point", "coordinates": [ 77.51835, 13.039939 ] } },
{ "type": "Feature", "properties": { "Unique ID": "427_033/2022", "Year": 2022, "Tag": "Unique", "SL No": 427, "Traffic ps": "PEENYA TR PS", "Cr no": "033/2022", "Latitude": 13.039939, "Longitude": 77.51835, "Location of Black spot": "SM CIRCLE(JALAHALLI CROSS TO CHOKKASANDRA JUNCTION)", "Date (DD/MM/YYYY)": "06/03/2022", "Time ( in 24 hours)": "14:20:00", "Fatal": null, "GI": 1, "MI": null, "Severity": "Non-Fatal", "Crash Category": "Vehicle-Vehicle", "Accused": "Canter", "Victim": "2W", "Vehicles Involved": "Canter and 2W", "Type of Crash": "Hit from Side", "Cause of Crash": "Rash and Negligent" }, "geometry": { "type": "Point", "coordinates": [ 77.51835, 13.039939 ] } },
{ "type": "Feature", "properties": { "Unique ID": "428_035/2022", "Year": 2022, "Tag": "Unique", "SL No": 428, "Traffic ps": "PEENYA TR PS", "Cr no": "035/2022", "Latitude": 13.039939, "Longitude": 77.51835, "Location of Black spot": "SM CIRCLE(JALAHALLI CROSS TO CHOKKASANDRA JUNCTION)", "Date (DD/MM/YYYY)": "10/03/2022", "Time ( in 24 hours)": "12:30:00", "Fatal": null, "GI": 1, "MI": null, "Severity": "Non-Fatal", "Crash Category": "Vehicle-Vehicle", "Accused": "2W", "Victim": "Lorry", "Vehicles Involved": "2W and Lorry", "Type of Crash": "Hit from Side", "Cause of Crash": "Rash and Negligent" }, "geometry": { "type": "Point", "coordinates": [ 77.51835, 13.039939 ] } },
{ "type": "Feature", "properties": { "Unique ID": "429_055/2022", "Year": 2022, "Tag": "Unique", "SL No": 429, "Traffic ps": "PEENYA TR PS", "Cr no": "055/2022", "Latitude": 13.039939, "Longitude": 77.51835, "Location of Black spot": "SM CIRCLE(JALAHALLI CROSS TO CHOKKASANDRA JUNCTION)", "Date (DD/MM/YYYY)": "25/03/2022", "Time ( in 24 hours)": "14:45:00", "Fatal": "1", "GI": null, "MI": null, "Severity": "Fatal", "Crash Category": "Vehicle-Vehicle", "Accused": "2W", "Victim": "Lorry", "Vehicles Involved": "2W and Lorry", "Type of Crash": "Hit from Back", "Cause of Crash": "Rash and Negligent" }, "geometry": { "type": "Point", "coordinates": [ 77.51835, 13.039939 ] } },
{ "type": "Feature", "properties": { "Unique ID": "430_59/2022", "Year": 2022, "Tag": "Legitimate", "SL No": 430, "Traffic ps": "PEENYA TR PS", "Cr no": "59/2022", "Latitude": 13.039939, "Longitude": 77.51835, "Location of Black spot": "SM CIRCLE(JALAHALLI CROSS TO CHOKKASANDRA JUNCTION)", "Date (DD/MM/YYYY)": "30/03/2022", "Time ( in 24 hours)": "05:45:00", "Fatal": "1", "GI": null, "MI": null, "Severity": "Fatal", "Crash Category": "Vehicle-Pedestrian", "Accused": "Lorry", "Victim": "Pedestrian", "Vehicles Involved": "Lorry and Pedestrian", "Type of Crash": "Hit from Back", "Cause of Crash": "Rash and Negligent" }, "geometry": { "type": "Point", "coordinates": [ 77.51835, 13.039939 ] } },
{ "type": "Feature", "properties": { "Unique ID": "431_61/2022", "Year": 2022, "Tag": "Legitimate", "SL No": 431, "Traffic ps": "PEENYA TR PS", "Cr no": "61/2022", "Latitude": 13.039939, "Longitude": 77.51835, "Location of Black spot": "SM CIRCLE(JALAHALLI CROSS TO CHOKKASANDRA JUNCTION)", "Date (DD/MM/YYYY)": "02/04/2022", "Time ( in 24 hours)": "14:45:00", "Fatal": null, "GI": 1, "MI": null, "Severity": "Non-Fatal", "Crash Category": "Vehicle-Vehicle", "Accused": "2W", "Victim": "Vehicle", "Vehicles Involved": "2W and Vehicle", "Type of Crash": "Hit from Side", "Cause of Crash": "Rash and Negligent" }, "geometry": { "type": "Point", "coordinates": [ 77.51835, 13.039939 ] } },
{ "type": "Feature", "properties": { "Unique ID": "432_63/2022", "Year": 2022, "Tag": "Legitimate", "SL No": 432, "Traffic ps": "PEENYA TR PS", "Cr no": "63/2022", "Latitude": 13.039939, "Longitude": 77.51835, "Location of Black spot": "SM CIRCLE(JALAHALLI CROSS TO CHOKKASANDRA JUNCTION)", "Date (DD/MM/YYYY)": "21/03/2022", "Time ( in 24 hours)": "13:45:00", "Fatal": null, "GI": 1, "MI": null, "Severity": "Non-Fatal", "Crash Category": "Vehicle-Vehicle", "Accused": "2W", "Victim": "Bus", "Vehicles Involved": "2W and Bus", "Type of Crash": "Hit from Side", "Cause of Crash": "Rash and Negligent" }, "geometry": { "type": "Point", "coordinates": [ 77.51835, 13.039939 ] } },
{ "type": "Feature", "properties": { "Unique ID": "433_75/2022", "Year": 2022, "Tag": "Unique", "SL No": 433, "Traffic ps": "PEENYA TR PS", "Cr no": "75/2022", "Latitude": 13.039939, "Longitude": 77.51835, "Location of Black spot": "SM CIRCLE(JALAHALLI CROSS TO CHOKKASANDRA JUNCTION)", "Date (DD/MM/YYYY)": "25/04/2022", "Time ( in 24 hours)": "09:00:00", "Fatal": "1", "GI": null, "MI": null, "Severity": "Fatal", "Crash Category": "Vehicle-Vehicle", "Accused": "2W", "Victim": "Lorry", "Vehicles Involved": "2W and Lorry", "Type of Crash": "Hit from Back", "Cause of Crash": "Rash and Negligent" }, "geometry": { "type": "Point", "coordinates": [ 77.51835, 13.039939 ] } },
{ "type": "Feature", "properties": { "Unique ID": "434_94/2022", "Year": 2022, "Tag": "Unique", "SL No": 434, "Traffic ps": "PEENYA TR PS", "Cr no": "94/2022", "Latitude": 13.039939, "Longitude": 77.51835, "Location of Black spot": "SM CIRCLE(JALAHALLI CROSS TO CHOKKASANDRA JUNCTION)", "Date (DD/MM/YYYY)": "25/05/2022", "Time ( in 24 hours)": "18:20:00", "Fatal": null, "GI": 1, "MI": null, "Severity": "Non-Fatal", "Crash Category": "Vehicle-Vehicle", "Accused": "2W", "Victim": "Car", "Vehicles Involved": "2W and Car", "Type of Crash": "Head-On", "Cause of Crash": "Rash and Negligent" }, "geometry": { "type": "Point", "coordinates": [ 77.51835, 13.039939 ] } },
{ "type": "Feature", "properties": { "Unique ID": "435_110/2022", "Year": 2022, "Tag": "Legitimate", "SL No": 435, "Traffic ps": "PEENYA TR PS", "Cr no": "110/2022", "Latitude": 13.039939, "Longitude": 77.51835, "Location of Black spot": "SM CIRCLE(JALAHALLI CROSS TO CHOKKASANDRA JUNCTION)", "Date (DD/MM/YYYY)": "17/06/2022", "Time ( in 24 hours)": "10:45:00", "Fatal": null, "GI": 1, "MI": null, "Severity": "Non-Fatal", "Crash Category": "Vehicle-Pedestrian", "Accused": "Bus", "Victim": "Pedestrian", "Vehicles Involved": "Bus and Pedestrian", "Type of Crash": "Hit from Side", "Cause of Crash": "Rash and Negligent" }, "geometry": { "type": "Point", "coordinates": [ 77.51835, 13.039939 ] } },
{ "type": "Feature", "properties": { "Unique ID": "436_112/2022", "Year": 2022, "Tag": "Unique", "SL No": 436, "Traffic ps": "PEENYA TR PS", "Cr no": "112/2022", "Latitude": 13.039939, "Longitude": 77.51835, "Location of Black spot": "SM CIRCLE(JALAHALLI CROSS TO CHOKKASANDRA JUNCTION)", "Date (DD/MM/YYYY)": "26/06/2022", "Time ( in 24 hours)": "21:25:00", "Fatal": null, "GI": 1, "MI": null, "Severity": "Non-Fatal", "Crash Category": "Vehicle-Vehicle", "Accused": "2W", "Victim": "2W", "Vehicles Involved": "2W and 2W", "Type of Crash": "Hit from Back", "Cause of Crash": "Rash and Negligent" }, "geometry": { "type": "Point", "coordinates": [ 77.51835, 13.039939 ] } },
{ "type": "Feature", "properties": { "Unique ID": "437_160/2022", "Year": 2022, "Tag": "Unique", "SL No": 437, "Traffic ps": "PEENYA TR PS", "Cr no": "160/2022", "Latitude": 13.039939, "Longitude": 77.51835, "Location of Black spot": "SM CIRCLE(JALAHALLI CROSS TO CHOKKASANDRA JUNCTION)", "Date (DD/MM/YYYY)": "09/08/2022", "Time ( in 24 hours)": "16:30:00", "Fatal": null, "GI": 1, "MI": null, "Severity": "Non-Fatal", "Crash Category": "Vehicle-Vehicle", "Accused": "2W", "Victim": "Lorry", "Vehicles Involved": "2W and Lorry", "Type of Crash": "Hit from Side", "Cause of Crash": "Rash and Negligent" }, "geometry": { "type": "Point", "coordinates": [ 77.51835, 13.039939 ] } },
{ "type": "Feature", "properties": { "Unique ID": "438_257/2022", "Year": 2022, "Tag": "Legitimate", "SL No": 438, "Traffic ps": "PEENYA TR PS", "Cr no": "257/2022", "Latitude": 13.039939, "Longitude": 77.51835, "Location of Black spot": "SM CIRCLE(JALAHALLI CROSS TO CHOKKASANDRA JUNCTION)", "Date (DD/MM/YYYY)": "04/12/2022", "Time ( in 24 hours)": "14:20:00", "Fatal": "1", "GI": null, "MI": null, "Severity": "Fatal", "Crash Category": "Vehicle-Pedestrian", "Accused": "Car", "Victim": "Pedestrian", "Vehicles Involved": "Car and Pedestrian", "Type of Crash": "Hit from Side", "Cause of Crash": "Rash and Negligent" }, "geometry": { "type": "Point", "coordinates": [ 77.51835, 13.039939 ] } },
{ "type": "Feature", "properties": { "Unique ID": "439_010-2022", "Year": 2022, "Tag": "Unique", "SL No": 439, "Traffic ps": "PEENYA TR PS", "Cr no": "010-2022", "Latitude": 13.04529, "Longitude": 77.50721, "Location of Black spot": "8TH MILE JUNCTION TO NAVAYUGA TOLL", "Date (DD/MM/YYYY)": "20/01/2022", "Time ( in 24 hours)": "16:30:00", "Fatal": null, "GI": 1, "MI": null, "Severity": "Non-Fatal", "Crash Category": "Vehicle-Vehicle", "Accused": "2W", "Victim": "Car", "Vehicles Involved": "2W and Car", "Type of Crash": "Hit from Back", "Cause of Crash": "Rash and Negligent" }, "geometry": { "type": "Point", "coordinates": [ 77.50721, 13.04529 ] } },
{ "type": "Feature", "properties": { "Unique ID": "440_024-2022", "Year": 2022, "Tag": "Unique", "SL No": 440, "Traffic ps": "PEENYA TR PS", "Cr no": "024-2022", "Latitude": 13.04529, "Longitude": 77.50721, "Location of Black spot": "8TH MILE JUNCTION TO NAVAYUGA TOLL", "Date (DD/MM/YYYY)": "12/02/2022", "Time ( in 24 hours)": "14:30:00", "Fatal": null, "GI": 1, "MI": null, "Severity": "Non-Fatal", "Crash Category": "Vehicle-Vehicle", "Accused": "2W", "Victim": "Lorry", "Vehicles Involved": "2W and Lorry", "Type of Crash": "Hit from Side", "Cause of Crash": "Rash and Negligent" }, "geometry": { "type": "Point", "coordinates": [ 77.50721, 13.04529 ] } },
{ "type": "Feature", "properties": { "Unique ID": "441_029/2022", "Year": 2022, "Tag": "Unique", "SL No": 441, "Traffic ps": "PEENYA TR PS", "Cr no": "029/2022", "Latitude": 13.04529, "Longitude": 77.50721, "Location of Black spot": "8TH MILE JUNCTION TO NAVAYUGA TOLL", "Date (DD/MM/YYYY)": "24/02/2022", "Time ( in 24 hours)": "14:20:00", "Fatal": null, "GI": 1, "MI": null, "Severity": "Non-Fatal", "Crash Category": "Vehicle-Vehicle", "Accused": "2W", "Victim": "Canter", "Vehicles Involved": "2W and Canter", "Type of Crash": "Hit from Back", "Cause of Crash": "Rash and Negligent" }, "geometry": { "type": "Point", "coordinates": [ 77.50721, 13.04529 ] } },
{ "type": "Feature", "properties": { "Unique ID": "442_60/2022", "Year": 2022, "Tag": "Legitimate", "SL No": 442, "Traffic ps": "PEENYA TR PS", "Cr no": "60/2022", "Latitude": 13.04529, "Longitude": 77.50721, "Location of Black spot": "8TH MILE JUNCTION TO NAVAYUGA TOLL", "Date (DD/MM/YYYY)": "01/04/2022", "Time ( in 24 hours)": "08:30:00", "Fatal": "1", "GI": null, "MI": null, "Severity": "Fatal", "Crash Category": "Vehicle-Pedestrian", "Accused": "2W", "Victim": "Pedestrian", "Vehicles Involved": "2W and Pedestrian", "Type of Crash": "Hit from Side", "Cause of Crash": "Rash and Negligent" }, "geometry": { "type": "Point", "coordinates": [ 77.50721, 13.04529 ] } },
{ "type": "Feature", "properties": { "Unique ID": "443_062/2022", "Year": 2022, "Tag": "Unique", "SL No": 443, "Traffic ps": "PEENYA TR PS", "Cr no": "062/2022", "Latitude": 13.04529, "Longitude": 77.50721, "Location of Black spot": "8TH MILE JUNCTION TO NAVAYUGA TOLL", "Date (DD/MM/YYYY)": "25/03/2022", "Time ( in 24 hours)": "09:45:00", "Fatal": null, "GI": 1, "MI": null, "Severity": "Non-Fatal", "Crash Category": "Vehicle-Vehicle", "Accused": "2W", "Victim": "Car", "Vehicles Involved": "2W and Car", "Type of Crash": "Head-On", "Cause of Crash": "Rash and Negligent" }, "geometry": { "type": "Point", "coordinates": [ 77.50721, 13.04529 ] } },
{ "type": "Feature", "properties": { "Unique ID": "444_078/2022", "Year": 2022, "Tag": "Unique", "SL No": 444, "Traffic ps": "PEENYA TR PS", "Cr no": "078/2022", "Latitude": 13.04529, "Longitude": 77.50721, "Location of Black spot": "8TH MILE JUNCTION TO NAVAYUGA TOLL", "Date (DD/MM/YYYY)": "28/04/2022", "Time ( in 24 hours)": "08:00:00", "Fatal": null, "GI": 1, "MI": null, "Severity": "Non-Fatal", "Crash Category": "Vehicle-Vehicle", "Accused": "2W", "Victim": "Bus", "Vehicles Involved": "2W and Bus", "Type of Crash": "Head-On", "Cause of Crash": "Rash and Negligent" }, "geometry": { "type": "Point", "coordinates": [ 77.50721, 13.04529 ] } },
{ "type": "Feature", "properties": { "Unique ID": "445_082/2022", "Year": 2022, "Tag": "Unique", "SL No": 445, "Traffic ps": "PEENYA TR PS", "Cr no": "082/2022", "Latitude": 13.04529, "Longitude": 77.50721, "Location of Black spot": "8TH MILE JUNCTION TO NAVAYUGA TOLL", "Date (DD/MM/YYYY)": "05/05/2022", "Time ( in 24 hours)": "15:15:00", "Fatal": null, "GI": 1, "MI": null, "Severity": "Non-Fatal", "Crash Category": "Vehicle-Vehicle", "Accused": "2W", "Victim": "Bus", "Vehicles Involved": "2W and Bus", "Type of Crash": "Hit from Side", "Cause of Crash": "Rash and Negligent" }, "geometry": { "type": "Point", "coordinates": [ 77.50721, 13.04529 ] } },
{ "type": "Feature", "properties": { "Unique ID": "446_94/2022", "Year": 2022, "Tag": "Unique", "SL No": 446, "Traffic ps": "PEENYA TR PS", "Cr no": "94/2022", "Latitude": 13.04529, "Longitude": 77.50721, "Location of Black spot": "8TH MILE JUNCTION TO NAVAYUGA TOLL", "Date (DD/MM/YYYY)": "25/05/2022", "Time ( in 24 hours)": "18:20:00", "Fatal": null, "GI": 1, "MI": null, "Severity": "Non-Fatal", "Crash Category": "Vehicle-Vehicle", "Accused": "Car", "Victim": "2W", "Vehicles Involved": "Car and 2W", "Type of Crash": "Head-On", "Cause of Crash": "Rash and Negligent" }, "geometry": { "type": "Point", "coordinates": [ 77.50721, 13.04529 ] } },
{ "type": "Feature", "properties": { "Unique ID": "447_106/2022", "Year": 2022, "Tag": "Legitimate", "SL No": 447, "Traffic ps": "PEENYA TR PS", "Cr no": "106/2022", "Latitude": 13.04529, "Longitude": 77.50721, "Location of Black spot": "8TH MILE JUNCTION TO NAVAYUGA TOLL", "Date (DD/MM/YYYY)": "15/06/2022", "Time ( in 24 hours)": "21:20:00", "Fatal": null, "GI": 1, "MI": null, "Severity": "Non-Fatal", "Crash Category": "Vehicle-Vehicle", "Accused": "Lorry", "Victim": "2W", "Vehicles Involved": "Lorry and 2W", "Type of Crash": "Head-On", "Cause of Crash": "Rash and Negligent" }, "geometry": { "type": "Point", "coordinates": [ 77.50721, 13.04529 ] } },
{ "type": "Feature", "properties": { "Unique ID": "448_107/2022", "Year": 2022, "Tag": "Legitimate", "SL No": 448, "Traffic ps": "PEENYA TR PS", "Cr no": "107/2022", "Latitude": 13.04529, "Longitude": 77.50721, "Location of Black spot": "8TH MILE JUNCTION TO NAVAYUGA TOLL", "Date (DD/MM/YYYY)": "16/06/2022", "Time ( in 24 hours)": "01:00:00", "Fatal": "1", "GI": null, "MI": null, "Severity": "Fatal", "Crash Category": "Vehicle-Vehicle", "Accused": "Object", "Victim": "Car", "Vehicles Involved": "Object and Car", "Type of Crash": "Hit Fixed Object", "Cause of Crash": "Rash and Negligent" }, "geometry": { "type": "Point", "coordinates": [ 77.50721, 13.04529 ] } },
{ "type": "Feature", "properties": { "Unique ID": "449_112/2022", "Year": 2022, "Tag": "Unique", "SL No": 449, "Traffic ps": "PEENYA TR PS", "Cr no": "112/2022", "Latitude": 13.04529, "Longitude": 77.50721, "Location of Black spot": "8TH MILE JUNCTION TO NAVAYUGA TOLL", "Date (DD/MM/YYYY)": "26/06/2022", "Time ( in 24 hours)": "21:25:00", "Fatal": null, "GI": 1, "MI": null, "Severity": "Non-Fatal", "Crash Category": "Vehicle-Vehicle", "Accused": "2W", "Victim": "2W", "Vehicles Involved": "2W and 2W", "Type of Crash": "Hit from Side", "Cause of Crash": "Rash and Negligent" }, "geometry": { "type": "Point", "coordinates": [ 77.50721, 13.04529 ] } },
{ "type": "Feature", "properties": { "Unique ID": "450_129/2022", "Year": 2022, "Tag": "Unique", "SL No": 450, "Traffic ps": "PEENYA TR PS", "Cr no": "129/2022", "Latitude": 13.04529, "Longitude": 77.50721, "Location of Black spot": "8TH MILE JUNCTION TO NAVAYUGA TOLL", "Date (DD/MM/YYYY)": "13/07/2022", "Time ( in 24 hours)": "20:30:00", "Fatal": null, "GI": 1, "MI": null, "Severity": "Non-Fatal", "Crash Category": "Vehicle-Vehicle", "Accused": "Lorry", "Victim": "2W", "Vehicles Involved": "Lorry and 2W", "Type of Crash": "Hit from Side", "Cause of Crash": "Rash and Negligent" }, "geometry": { "type": "Point", "coordinates": [ 77.50721, 13.04529 ] } },
{ "type": "Feature", "properties": { "Unique ID": "451_182/2022", "Year": 2022, "Tag": "Unique", "SL No": 451, "Traffic ps": "PEENYA TR PS", "Cr no": "182/2022", "Latitude": 13.04529, "Longitude": 77.50721, "Location of Black spot": "8TH MILE JUNCTION TO NAVAYUGA TOLL", "Date (DD/MM/YYYY)": "12/09/2022", "Time ( in 24 hours)": "04:30:00", "Fatal": null, "GI": 1, "MI": null, "Severity": "Non-Fatal", "Crash Category": "Vehicle-Pedestrian", "Accused": "Lorry", "Victim": "Pedestrian", "Vehicles Involved": "Lorry and Pedestrian", "Type of Crash": "Hit from Side", "Cause of Crash": "Rash and Negligent" }, "geometry": { "type": "Point", "coordinates": [ 77.50721, 13.04529 ] } },
{ "type": "Feature", "properties": { "Unique ID": "452_192/2022", "Year": 2022, "Tag": "Unique", "SL No": 452, "Traffic ps": "PEENYA TR PS", "Cr no": "192/2022", "Latitude": 13.04529, "Longitude": 77.50721, "Location of Black spot": "8TH MILE JUNCTION TO NAVAYUGA TOLL", "Date (DD/MM/YYYY)": "20/09/2022", "Time ( in 24 hours)": "18:30:00", "Fatal": "1", "GI": null, "MI": null, "Severity": "Fatal", "Crash Category": "Vehicle-Vehicle", "Accused": "Bus", "Victim": "2W", "Vehicles Involved": "Bus and 2W", "Type of Crash": "Hit from Side", "Cause of Crash": "Rash and Negligent" }, "geometry": { "type": "Point", "coordinates": [ 77.50721, 13.04529 ] } },
{ "type": "Feature", "properties": { "Unique ID": "1_167/2023", "Year": 2023, "Tag": "Unique", "SL No": 1, "Traffic ps": "Banasawadi tr ps", "Cr no": "167/2023", "Latitude": 13.022795, "Longitude": 77.647446, "Location of Black spot": "Near Babusapalya Bus Stop ", "Date (DD/MM/YYYY)": "20/07/2023", "Time ( in 24 hours)": "23:00:00", "Fatal": "1", "GI": null, "MI": null, "Severity": "Fatal", "Crash Category": "Vehicle-Vehicle", "Accused": "Lorry", "Victim": "2W", "Vehicles Involved": "Lorry and 2W", "Type of Crash": "Hit from Back", "Cause of Crash": "Rash and Negligent" }, "geometry": { "type": "Point", "coordinates": [ 77.647446, 13.022795 ] } },
{ "type": "Feature", "properties": { "Unique ID": "2_35/2023", "Year": 2023, "Tag": "Legitimate", "SL No": 2, "Traffic ps": "Halasuru Tr", "Cr no": "35/2023", "Latitude": 12.953197, "Longitude": 77.640644, "Location of Black spot": "DELL TO AIRVIEW JUNCTION KORMANGALA INNER RING ROAD", "Date (DD/MM/YYYY)": "23/02/2023", "Time ( in 24 hours)": "17:30:00", "Fatal": "1", "GI": null, "MI": null, "Severity": "Fatal", "Crash Category": "Vehicle-Vehicle", "Accused": "Vehicle", "Victim": "3W", "Vehicles Involved": "Vehicle and 3W", "Type of Crash": "Hit from Back", "Cause of Crash": "Rash and Negligent" }, "geometry": { "type": "Point", "coordinates": [ 77.640644, 12.953197 ] } },
{ "type": "Feature", "properties": { "Unique ID": "3_44/2023", "Year": 2023, "Tag": "Legitimate", "SL No": 3, "Traffic ps": "Halasuru Tr", "Cr no": "44/2023", "Latitude": 12.958161, "Longitude": 77.641345, "Location of Black spot": "DELL TO AIRVIEW JUNCTION KORMANGALA INNER RING ROAD", "Date (DD/MM/YYYY)": "13/03/2023", "Time ( in 24 hours)": "23:00:00", "Fatal": "1", "GI": null, "MI": null, "Severity": "Fatal", "Crash Category": "Vehicle-Pedestrian", "Accused": "Vehicle", "Victim": "Pedestrian", "Vehicles Involved": "Vehicle and Pedestrian", "Type of Crash": "Hit from Side", "Cause of Crash": "Rash and Negligent" }, "geometry": { "type": "Point", "coordinates": [ 77.641345, 12.958161 ] } },
{ "type": "Feature", "properties": { "Unique ID": "4_157/2023", "Year": 2023, "Tag": "Unique", "SL No": 4, "Traffic ps": "Halasuru Tr", "Cr no": "157/2023", "Latitude": 12.948134, "Longitude": 77.640797, "Location of Black spot": "DELL TO AIRVIEW JUNCTION KORMANGALA INNER RING ROAD", "Date (DD/MM/YYYY)": "01/10/2023", "Time ( in 24 hours)": "14:40:00", "Fatal": "1", "GI": null, "MI": null, "Severity": "Fatal", "Crash Category": "Self Accident", "Accused": "Object", "Victim": "2W", "Vehicles Involved": "Object and 2W", "Type of Crash": "Hit Fixed Object", "Cause of Crash": "Rash and Negligent" }, "geometry": { "type": "Point", "coordinates": [ 77.640797, 12.948134 ] } },
{ "type": "Feature", "properties": { "Unique ID": "5_16/2023", "Year": 2023, "Tag": "Legitimate", "SL No": 5, "Traffic ps": "Halasuru Tr", "Cr no": "16/2023", "Latitude": 12.954469, "Longitude": 77.641267, "Location of Black spot": "DELL TO AIRVIEW JUNCTION KORMANGALA INNER RING ROAD", "Date (DD/MM/YYYY)": "11/01/2023", "Time ( in 24 hours)": "21:00:00", "Fatal": null, "GI": 1, "MI": null, "Severity": "Non-Fatal", "Crash Category": "Self Accident", "Accused": "2W", "Victim": "Self", "Vehicles Involved": "2W and Self", "Type of Crash": "Skidding", "Cause of Crash": "Rash and Negligent" }, "geometry": { "type": "Point", "coordinates": [ 77.641267, 12.954469 ] } },
{ "type": "Feature", "properties": { "Unique ID": "6_26/2023", "Year": 2023, "Tag": "Legitimate", "SL No": 6, "Traffic ps": "Halasuru Tr", "Cr no": "26/2023", "Latitude": 12.947634, "Longitude": 77.640835, "Location of Black spot": "DELL TO AIRVIEW JUNCTION KORMANGALA INNER RING ROAD", "Date (DD/MM/YYYY)": "16/02/2023", "Time ( in 24 hours)": "07:20:00", "Fatal": null, "GI": 1, "MI": null, "Severity": "Non-Fatal", "Crash Category": "Self Accident", "Accused": "2W", "Victim": "Self", "Vehicles Involved": "2W and Self", "Type of Crash": "Skidding", "Cause of Crash": "Rash and Negligent" }, "geometry": { "type": "Point", "coordinates": [ 77.640835, 12.947634 ] } },
{ "type": "Feature", "properties": { "Unique ID": "7_138/2023", "Year": 2023, "Tag": "Unique", "SL No": 7, "Traffic ps": "Halasuru Tr", "Cr no": "138/2023", "Latitude": 12.946097, "Longitude": 77.640051, "Location of Black spot": "DELL TO AIRVIEW JUNCTION KORMANGALA INNER RING ROAD", "Date (DD/MM/YYYY)": "20/07/2023", "Time ( in 24 hours)": "06:30:00", "Fatal": null, "GI": 1, "MI": null, "Severity": "Non-Fatal", "Crash Category": "Vehicle-Vehicle", "Accused": "Vehicle", "Victim": "Cycle", "Vehicles Involved": "Vehicle and Cycle", "Type of Crash": "Hit from Side", "Cause of Crash": "Rash and Negligent" }, "geometry": { "type": "Point", "coordinates": [ 77.640051, 12.946097 ] } },
{ "type": "Feature", "properties": { "Unique ID": "8_141/2023", "Year": 2023, "Tag": "Unique", "SL No": 8, "Traffic ps": "Halasuru Tr", "Cr no": "141/2023", "Latitude": 12.953053, "Longitude": 77.640577, "Location of Black spot": "DELL TO AIRVIEW JUNCTION KORMANGALA INNER RING ROAD", "Date (DD/MM/YYYY)": "25/07/2023", "Time ( in 24 hours)": "20:00:00", "Fatal": null, "GI": 1, "MI": null, "Severity": "Non-Fatal", "Crash Category": "Vehicle-Vehicle", "Accused": "Vehicle", "Victim": "Cycle", "Vehicles Involved": "Vehicle and Cycle", "Type of Crash": "Hit from Back", "Cause of Crash": "Rash and Negligent" }, "geometry": { "type": "Point", "coordinates": [ 77.640577, 12.953053 ] } },
{ "type": "Feature", "properties": { "Unique ID": "9_146/2023", "Year": 2023, "Tag": "Unique", "SL No": 9, "Traffic ps": "Halasuru Tr", "Cr no": "146/2023", "Latitude": 12.951986, "Longitude": 77.640095, "Location of Black spot": "DELL TO AIRVIEW JUNCTION KORMANGALA INNER RING ROAD", "Date (DD/MM/YYYY)": "17/08/2023", "Time ( in 24 hours)": "20:30:00", "Fatal": null, "GI": 1, "MI": null, "Severity": "Non-Fatal", "Crash Category": "Vehicle-Pedestrian", "Accused": "Vehicle", "Victim": "Pedestrian", "Vehicles Involved": "Vehicle and Pedestrian", "Type of Crash": "Hit from Side", "Cause of Crash": "Rash and Negligent" }, "geometry": { "type": "Point", "coordinates": [ 77.640095, 12.951986 ] } },
{ "type": "Feature", "properties": { "Unique ID": "10_150/2023", "Year": 2023, "Tag": "Legitimate", "SL No": 10, "Traffic ps": "Halasuru Tr", "Cr no": "150/2023", "Latitude": 12.954388, "Longitude": 77.641247, "Location of Black spot": "DELL TO AIRVIEW JUNCTION KORMANGALA INNER RING ROAD", "Date (DD/MM/YYYY)": "07/09/2023", "Time ( in 24 hours)": "08:20:00", "Fatal": null, "GI": 1, "MI": null, "Severity": "Non-Fatal", "Crash Category": "Vehicle-Pedestrian", "Accused": "Vehicle", "Victim": "Pedestrian", "Vehicles Involved": "Vehicle and Pedestrian", "Type of Crash": "Hit from Side", "Cause of Crash": "Rash and Negligent" }, "geometry": { "type": "Point", "coordinates": [ 77.641247, 12.954388 ] } },
{ "type": "Feature", "properties": { "Unique ID": "11_152/2023", "Year": 2023, "Tag": "Unique", "SL No": 11, "Traffic ps": "Halasuru Tr", "Cr no": "152/2023", "Latitude": 12.954735, "Longitude": 77.641262, "Location of Black spot": "DELL TO AIRVIEW JUNCTION KORMANGALA INNER RING ROAD", "Date (DD/MM/YYYY)": "15/09/2023", "Time ( in 24 hours)": "00:10:00", "Fatal": null, "GI": 1, "MI": null, "Severity": "Non-Fatal", "Crash Category": "Self Accident", "Accused": "2W", "Victim": "Self", "Vehicles Involved": "2W and Self", "Type of Crash": "Skidding", "Cause of Crash": "Rash and Negligent" }, "geometry": { "type": "Point", "coordinates": [ 77.641262, 12.954735 ] } },
{ "type": "Feature", "properties": { "Unique ID": "12_161/2023", "Year": 2023, "Tag": "Unique", "SL No": 12, "Traffic ps": "Halasuru Tr", "Cr no": "161/2023", "Latitude": 12.954469, "Longitude": 77.641267, "Location of Black spot": "DELL TO AIRVIEW JUNCTION KORMANGALA INNER RING ROAD", "Date (DD/MM/YYYY)": "15/10/2023", "Time ( in 24 hours)": "06:00:00", "Fatal": null, "GI": null, "MI": 1, "Severity": "Non-Fatal", "Crash Category": "Self Accident", "Accused": "2W", "Victim": "Self", "Vehicles Involved": "2W and Self", "Type of Crash": "Skidding", "Cause of Crash": "Rash and Negligent" }, "geometry": { "type": "Point", "coordinates": [ 77.641267, 12.954469 ] } },
{ "type": "Feature", "properties": { "Unique ID": "13_165/2023", "Year": 2023, "Tag": "Unique", "SL No": 13, "Traffic ps": "Halasuru Tr", "Cr no": "165/2023", "Latitude": 12.947634, "Longitude": 77.640835, "Location of Black spot": "DELL TO AIRVIEW JUNCTION KORMANGALA INNER RING ROAD", "Date (DD/MM/YYYY)": "11/11/2023", "Time ( in 24 hours)": "22:30:00", "Fatal": null, "GI": 1, "MI": null, "Severity": "Non-Fatal", "Crash Category": "Self Accident", "Accused": "2W", "Victim": "Self", "Vehicles Involved": "2W and Self", "Type of Crash": "Skidding", "Cause of Crash": "Rash and Negligent" }, "geometry": { "type": "Point", "coordinates": [ 77.640835, 12.947634 ] } },
{ "type": "Feature", "properties": { "Unique ID": "14_70/2023", "Year": 2023, "Tag": "Unique", "SL No": 14, "Traffic ps": "Halasuru Tr", "Cr no": "70/2023", "Latitude": 12.962372, "Longitude": 77.628384, "Location of Black spot": "Commando Hospital TO Aralikatte Junction Old Airport Road", "Date (DD/MM/YYYY)": "31/03/2023", "Time ( in 24 hours)": "14:45:00", "Fatal": null, "GI": 1, "MI": null, "Severity": "Non-Fatal", "Crash Category": "Vehicle-Vehicle", "Accused": "Vehicle", "Victim": "2W", "Vehicles Involved": "Vehicle and 2W", "Type of Crash": "Hit from Back", "Cause of Crash": "Rash and Negligent" }, "geometry": { "type": "Point", "coordinates": [ 77.628384, 12.962372 ] } },
{ "type": "Feature", "properties": { "Unique ID": "15_123/2023", "Year": 2023, "Tag": "Legitimate", "SL No": 15, "Traffic ps": "Halasuru Tr", "Cr no": "123/2023", "Latitude": 12.962335, "Longitude": 77.628426, "Location of Black spot": "Commando Hospital TO Aralikatte Junction Old Airport Road", "Date (DD/MM/YYYY)": "21/06/2023", "Time ( in 24 hours)": "04:55:00", "Fatal": null, "GI": 1, "MI": null, "Severity": "Non-Fatal", "Crash Category": "Vehicle-Vehicle", "Accused": "Vehicle", "Victim": "2W", "Vehicles Involved": "Vehicle and 2W", "Type of Crash": "Hit from Side", "Cause of Crash": "Rash and Negligent" }, "geometry": { "type": "Point", "coordinates": [ 77.628426, 12.962335 ] } },
{ "type": "Feature", "properties": { "Unique ID": "16_160/2023", "Year": 2023, "Tag": "Unique", "SL No": 16, "Traffic ps": "Halasuru Tr", "Cr no": "160/2023", "Latitude": 12.963547, "Longitude": 77.626316, "Location of Black spot": "Commando Hospital TO Aralikatte Junction Old Airport Road", "Date (DD/MM/YYYY)": "12/10/2023", "Time ( in 24 hours)": "18:00:00", "Fatal": "1", "GI": null, "MI": null, "Severity": "Fatal", "Crash Category": "Self Accident", "Accused": "2W", "Victim": "Self", "Vehicles Involved": "2W and Self", "Type of Crash": "Skidding", "Cause of Crash": "Rash and Negligent" }, "geometry": { "type": "Point", "coordinates": [ 77.626316, 12.963547 ] } },
{ "type": "Feature", "properties": { "Unique ID": "17_42/2023", "Year": 2023, "Tag": "Legitimate", "SL No": 17, "Traffic ps": "J B NAGAR TR PS", "Cr no": "42/2023", "Latitude": 12.984923, "Longitude": 77.643024, "Location of Black spot": "Indiranagar 80 feet road, 100 feet road junction, Old Madras Road", "Date (DD/MM/YYYY)": "16/03/2023", "Time ( in 24 hours)": "21:30:00", "Fatal": null, "GI": 1, "MI": null, "Severity": "Non-Fatal", "Crash Category": "Vehicle-Vehicle", "Accused": "Lorry", "Victim": "2W", "Vehicles Involved": "Lorry and 2W", "Type of Crash": "Hit from Side", "Cause of Crash": "Rash and Negligent" }, "geometry": { "type": "Point", "coordinates": [ 77.643024, 12.984923 ] } },
{ "type": "Feature", "properties": { "Unique ID": "18_104/2023", "Year": 2023, "Tag": "Legitimate", "SL No": 18, "Traffic ps": "J B NAGAR TR PS", "Cr no": "104/2023", "Latitude": 12.960454, "Longitude": 77.643944, "Location of Black spot": "GOLDEN ENCLAVE  APARTMENT OLD AIR PORT ROAD", "Date (DD/MM/YYYY)": "26/05/2023", "Time ( in 24 hours)": "09:00:00", "Fatal": null, "GI": 1, "MI": null, "Severity": "Non-Fatal", "Crash Category": "Vehicle-Pedestrian", "Accused": "2W", "Victim": "Pedestrian", "Vehicles Involved": "2W and Pedestrian", "Type of Crash": "Hit from Side", "Cause of Crash": "Rash and Negligent" }, "geometry": { "type": "Point", "coordinates": [ 77.643944, 12.960454 ] } },
{ "type": "Feature", "properties": { "Unique ID": "19_114/2023", "Year": 2023, "Tag": "Unique", "SL No": 19, "Traffic ps": "J B NAGAR TR PS", "Cr no": "114/2023", "Latitude": 12.959513, "Longitude": 77.653847, "Location of Black spot": "GOLDEN ENCLAVE  APARTMENT OLD AIR PORT ROAD", "Date (DD/MM/YYYY)": "02/06/2023", "Time ( in 24 hours)": "10:00:00", "Fatal": null, "GI": 1, "MI": null, "Severity": "Non-Fatal", "Crash Category": "Vehicle-Pedestrian", "Accused": "2W", "Victim": "Pedestrian", "Vehicles Involved": "2W and Pedestrian", "Type of Crash": "Hit from Side", "Cause of Crash": "Rash and Negligent" }, "geometry": { "type": "Point", "coordinates": [ 77.653847, 12.959513 ] } },
{ "type": "Feature", "properties": { "Unique ID": "20_56/2023", "Year": 2023, "Tag": "Legitimate", "SL No": 20, "Traffic ps": "J B NAGAR TR PS", "Cr no": "56/2023", "Latitude": 12.986109, "Longitude": 77.64269, "Location of Black spot": "OLD BYAPPANAHALLI PLEYOVER KALAPALLI MAIN ROAD", "Date (DD/MM/YYYY)": "30/03/2023", "Time ( in 24 hours)": "19:20:00", "Fatal": null, "GI": 1, "MI": null, "Severity": "Non-Fatal", "Crash Category": "Vehicle-Vehicle", "Accused": "Bus", "Victim": "Cycle", "Vehicles Involved": "Bus and Cycle", "Type of Crash": "Hit from Back", "Cause of Crash": "Rash and Negligent" }, "geometry": { "type": "Point", "coordinates": [ 77.64269, 12.986109 ] } },
{ "type": "Feature", "properties": { "Unique ID": "21_185/2023", "Year": 2023, "Tag": "Unique", "SL No": 21, "Traffic ps": "J B NAGAR TR PS", "Cr no": "185/2023", "Latitude": 12.98514, "Longitude": 77.64247, "Location of Black spot": "OLD BYAPPANAHALLI PLEYOVER KALAPALLI MAIN ROAD", "Date (DD/MM/YYYY)": "17/07/2023", "Time ( in 24 hours)": "07:30:00", "Fatal": null, "GI": 1, "MI": null, "Severity": "Non-Fatal", "Crash Category": "Vehicle-Vehicle", "Accused": "Car", "Victim": "Car", "Vehicles Involved": "Car and Car", "Type of Crash": "Head-On", "Cause of Crash": "Rash and Negligent" }, "geometry": { "type": "Point", "coordinates": [ 77.64247, 12.98514 ] } },
{ "type": "Feature", "properties": { "Unique ID": "22_33/2023", "Year": 2023, "Tag": "Legitimate", "SL No": 22, "Traffic ps": "K G HALLI TR PS", "Cr no": "33/2023", "Latitude": 13.031256, "Longitude": 77.630599, "Location of Black spot": "OUTER RING ROAD  BHIMA JEWELLERS", "Date (DD/MM/YYYY)": "09/04/2023", "Time ( in 24 hours)": "01:00:00", "Fatal": null, "GI": 1, "MI": null, "Severity": "Non-Fatal", "Crash Category": "Vehicle-Vehicle", "Accused": "2W", "Victim": "Lorry", "Vehicles Involved": "2W and Lorry", "Type of Crash": "Hit from Back", "Cause of Crash": "Rash and Negligent" }, "geometry": { "type": "Point", "coordinates": [ 77.630599, 13.031256 ] } },
{ "type": "Feature", "properties": { "Unique ID": "23_36/2023", "Year": 2023, "Tag": "Legitimate", "SL No": 23, "Traffic ps": "K G HALLI TR PS", "Cr no": "36/2023", "Latitude": 13.031256, "Longitude": 77.630599, "Location of Black spot": "OUTER RING ROAD  BHIMA JEWELLERS", "Date (DD/MM/YYYY)": null, "Time ( in 24 hours)": null, "Fatal": null, "GI": 1, "MI": null, "Severity": "Non-Fatal", "Crash Category": "Vehicle-Pedestrian", "Accused": "2W", "Victim": "Pedestrian", "Vehicles Involved": "2W and Pedestrian", "Type of Crash": "N.D.A", "Cause of Crash": "Rash and Negligent" }, "geometry": { "type": "Point", "coordinates": [ 77.630599, 13.031256 ] } },
{ "type": "Feature", "properties": { "Unique ID": "24_120/2023", "Year": 2023, "Tag": "Legitimate", "SL No": 24, "Traffic ps": "K G HALLI TR PS", "Cr no": "120/2023", "Latitude": 13.031256, "Longitude": 77.630599, "Location of Black spot": "OUTER RING ROAD  BHIMA JEWELLERS", "Date (DD/MM/YYYY)": "21/12/2023", "Time ( in 24 hours)": "06:00:00", "Fatal": null, "GI": 1, "MI": null, "Severity": "Non-Fatal", "Crash Category": "Vehicle-Vehicle", "Accused": "2W", "Victim": "Car", "Vehicles Involved": "2W and Car", "Type of Crash": "Hit from Back", "Cause of Crash": "Rash and Negligent" }, "geometry": { "type": "Point", "coordinates": [ 77.630599, 13.031256 ] } },
{ "type": "Feature", "properties": { "Unique ID": "25_54/2023", "Year": 2023, "Tag": "Legitimate", "SL No": 25, "Traffic ps": "K G HALLI TR PS", "Cr no": "54/2023", "Latitude": 13.031256, "Longitude": 77.630599, "Location of Black spot": "OUTER RING ROAD  BHIMA JEWELLERS", "Date (DD/MM/YYYY)": "05/08/2023", "Time ( in 24 hours)": "17:30:00", "Fatal": null, "GI": 1, "MI": null, "Severity": "Non-Fatal", "Crash Category": "Vehicle-Vehicle", "Accused": "Vehicle", "Victim": "3W", "Vehicles Involved": "Vehicle and 3W", "Type of Crash": "Head-On", "Cause of Crash": "Rash and Negligent" }, "geometry": { "type": "Point", "coordinates": [ 77.630599, 13.031256 ] } },
{ "type": "Feature", "properties": { "Unique ID": "26_115/2023", "Year": 2023, "Tag": "Legitimate", "SL No": 26, "Traffic ps": "K G HALLI TR PS", "Cr no": "115/2023", "Latitude": 13.033997, "Longitude": 77.629054, "Location of Black spot": "OUTER RING ROAD NEAR FOREST OFFICE", "Date (DD/MM/YYYY)": "06/12/2023", "Time ( in 24 hours)": "05:45:00", "Fatal": "1", "GI": null, "MI": null, "Severity": "Fatal", "Crash Category": "Vehicle-Vehicle", "Accused": "Canter", "Victim": "Cycle", "Vehicles Involved": "Canter and Cycle", "Type of Crash": "Hit from Back", "Cause of Crash": "Rash and Negligent" }, "geometry": { "type": "Point", "coordinates": [ 77.629054, 13.033997 ] } },
{ "type": "Feature", "properties": { "Unique ID": "27_14/2023", "Year": 2023, "Tag": "Unique", "SL No": 27, "Traffic ps": "K G HALLI TR PS", "Cr no": "14/2023", "Latitude": 13.033997, "Longitude": 77.629054, "Location of Black spot": "OUTER RING ROAD NEAR FOREST OFFICE", "Date (DD/MM/YYYY)": "31/01/2023", "Time ( in 24 hours)": "22:40:00", "Fatal": null, "GI": 1, "MI": null, "Severity": "Non-Fatal", "Crash Category": "Vehicle-Vehicle", "Accused": "2W", "Victim": "Car", "Vehicles Involved": "2W and Car", "Type of Crash": "Hit from Back", "Cause of Crash": "Rash and Negligent" }, "geometry": { "type": "Point", "coordinates": [ 77.629054, 13.033997 ] } },
{ "type": "Feature", "properties": { "Unique ID": "28_43/2023", "Year": 2023, "Tag": "Legitimate", "SL No": 28, "Traffic ps": "K G HALLI TR PS", "Cr no": "43/2023", "Latitude": 13.033997, "Longitude": 77.629054, "Location of Black spot": "OUTER RING ROAD NEAR FOREST OFFICE", "Date (DD/MM/YYYY)": "20/05/2023", "Time ( in 24 hours)": "22:40:00", "Fatal": null, "GI": 1, "MI": null, "Severity": "Non-Fatal", "Crash Category": "Vehicle-Vehicle", "Accused": "Canter", "Victim": "Car", "Vehicles Involved": "Canter and Car", "Type of Crash": "Hit from Side", "Cause of Crash": "Rash and Negligent" }, "geometry": { "type": "Point", "coordinates": [ 77.629054, 13.033997 ] } },
{ "type": "Feature", "properties": { "Unique ID": "29_45170.0", "Year": 2023, "Tag": "Unique", "SL No": 29, "Traffic ps": "KR Pura traffic ps", "Cr no": "45170.0", "Latitude": 12.984923, "Longitude": 77.643024, "Location of Black spot": "RTO office kr pura, Medahalli", "Date (DD/MM/YYYY)": "06/01/2023", "Time ( in 24 hours)": "23:15:00", "Fatal": "1", "GI": null, "MI": 1, "Severity": "Fatal", "Crash Category": "Vehicle-Vehicle", "Accused": "3W", "Victim": "Car", "Vehicles Involved": "3W and Car", "Type of Crash": "Hit from Back", "Cause of Crash": "Rash and Negligent" }, "geometry": { "type": "Point", "coordinates": [ 77.643024, 12.984923 ] } },
{ "type": "Feature", "properties": { "Unique ID": "30_36/2023", "Year": 2023, "Tag": "Legitimate", "SL No": 30, "Traffic ps": "KR Pura traffic ps", "Cr no": "36/2023", "Latitude": 12.984923, "Longitude": 77.643024, "Location of Black spot": "RTO office kr pura, Medahalli", "Date (DD/MM/YYYY)": "03/02/2023", "Time ( in 24 hours)": "15:00:00", "Fatal": "1", "GI": null, "MI": null, "Severity": "Fatal", "Crash Category": "Vehicle-Vehicle", "Accused": "Vehicle", "Victim": "Vehicle", "Vehicles Involved": "Vehicle and Vehicle", "Type of Crash": "Hit from Back", "Cause of Crash": "Rash and Negligent" }, "geometry": { "type": "Point", "coordinates": [ 77.643024, 12.984923 ] } },
{ "type": "Feature", "properties": { "Unique ID": "31_317/2023", "Year": 2023, "Tag": "Unique", "SL No": 31, "Traffic ps": "KR Pura traffic ps", "Cr no": "317/2023", "Latitude": 13.02336, "Longitude": 77.71573, "Location of Black spot": "RTO office kr pura, Medahalli", "Date (DD/MM/YYYY)": "17/09/2023", "Time ( in 24 hours)": "10:30:00", "Fatal": "1", "GI": null, "MI": null, "Severity": "Fatal", "Crash Category": "Vehicle-Vehicle", "Accused": "Vehicle", "Victim": "Vehicle", "Vehicles Involved": "Vehicle and Vehicle", "Type of Crash": "Hit from Back", "Cause of Crash": "Rash and Negligent" }, "geometry": { "type": "Point", "coordinates": [ 77.71573, 13.02336 ] } },
{ "type": "Feature", "properties": { "Unique ID": "32_80/2023", "Year": 2023, "Tag": "Legitimate", "SL No": 32, "Traffic ps": "KR Pura traffic ps", "Cr no": "80/2023", "Latitude": 13.00364, "Longitude": 77.68263, "Location of Black spot": "ITI hanging bridge, KR Pura", "Date (DD/MM/YYYY)": "17/03/2023", "Time ( in 24 hours)": "08:48:00", "Fatal": "1", "GI": null, "MI": null, "Severity": "Fatal", "Crash Category": "Vehicle-Pedestrian", "Accused": "Lorry", "Victim": "2W", "Vehicles Involved": "Lorry and 2W", "Type of Crash": "Hit from Back", "Cause of Crash": "Rash and Negligent" }, "geometry": { "type": "Point", "coordinates": [ 77.68263, 13.00364 ] } },
{ "type": "Feature", "properties": { "Unique ID": "33_59/2023", "Year": 2023, "Tag": "Unique", "SL No": 33, "Traffic ps": "KR Pura traffic ps", "Cr no": "59/2023", "Latitude": 13.0041, "Longitude": 77.68341, "Location of Black spot": "ITI hanging bridge, KR Pura", "Date (DD/MM/YYYY)": "24/02/2023", "Time ( in 24 hours)": "13:30:00", "Fatal": "1", "GI": null, "MI": null, "Severity": "Fatal", "Crash Category": "Vehicle-Vehicle", "Accused": "Vehicle", "Victim": "Vehicle", "Vehicles Involved": "Vehicle and Vehicle", "Type of Crash": "Hit from Back", "Cause of Crash": "Rash and Negligent" }, "geometry": { "type": "Point", "coordinates": [ 77.68341, 13.0041 ] } },
{ "type": "Feature", "properties": { "Unique ID": "34_145/2023", "Year": 2023, "Tag": "Legitimate", "SL No": 34, "Traffic ps": "HAL AIRPORT TRPS", "Cr no": "145/2023", "Latitude": 12.962468, "Longitude": 77.701911, "Location of Black spot": "KARTHIK NAGARA JUNCTION \n TO KALAMANDIR  (OUTER RING ROAD)", "Date (DD/MM/YYYY)": "16/07/2023", "Time ( in 24 hours)": "21:30:00", "Fatal": "1", "GI": 1, "MI": null, "Severity": "Fatal", "Crash Category": "Vehicle-Vehicle", "Accused": "2W", "Victim": "2W", "Vehicles Involved": "2W and 2W", "Type of Crash": "Head-On", "Cause of Crash": "Rash and Negligent" }, "geometry": { "type": "Point", "coordinates": [ 77.701911, 12.962468 ] } },
{ "type": "Feature", "properties": { "Unique ID": "35_44/2023", "Year": 2023, "Tag": "Legitimate", "SL No": 35, "Traffic ps": "HAL AIRPORT TRPS", "Cr no": "44/2023", "Latitude": 12.966419, "Longitude": 77.702425, "Location of Black spot": "KARTHIK NAGARA JUNCTION \n TO KALAMANDIR  (OUTER RING ROAD)", "Date (DD/MM/YYYY)": "22/02/2023", "Time ( in 24 hours)": "06:30:00", "Fatal": null, "GI": 1, "MI": null, "Severity": "Non-Fatal", "Crash Category": "Vehicle-Vehicle", "Accused": "Canter", "Victim": "2W", "Vehicles Involved": "Canter and 2W", "Type of Crash": "Hit from Back", "Cause of Crash": "Rash and Negligent" }, "geometry": { "type": "Point", "coordinates": [ 77.702425, 12.966419 ] } },
{ "type": "Feature", "properties": { "Unique ID": "36_263/2023", "Year": 2023, "Tag": "Unique", "SL No": 36, "Traffic ps": "HAL AIRPORT TRPS", "Cr no": "263/2023", "Latitude": 12.962596, "Longitude": 77.701646, "Location of Black spot": "KARTHIK NAGARA JUNCTION \n TO KALAMANDIR  (OUTER RING ROAD)", "Date (DD/MM/YYYY)": "27/11/2023", "Time ( in 24 hours)": "21:40:00", "Fatal": null, "GI": 1, "MI": null, "Severity": "Non-Fatal", "Crash Category": "Vehicle-Vehicle", "Accused": "Lorry", "Victim": "2W", "Vehicles Involved": "Lorry and 2W", "Type of Crash": "Hit from Back", "Cause of Crash": "Rash and Negligent" }, "geometry": { "type": "Point", "coordinates": [ 77.701646, 12.962596 ] } },
{ "type": "Feature", "properties": { "Unique ID": "37_116/2023", "Year": 2023, "Tag": "Legitimate", "SL No": 37, "Traffic ps": "HAL AIRPORT TRPS", "Cr no": "116/2023", "Latitude": 12.93324, "Longitude": 77.660324, "Location of Black spot": "JP MORGAN TO NEW HORIZON\n COLLEGEKADUBISANAHALLI\n (OUTER RING ROAD)", "Date (DD/MM/YYYY)": "11/05/2022", "Time ( in 24 hours)": "05:30:00", "Fatal": "1", "GI": null, "MI": null, "Severity": "Fatal", "Crash Category": "Vehicle-Pedestrian", "Accused": "2W", "Victim": "Pedestrian", "Vehicles Involved": "2W and Pedestrian", "Type of Crash": "Hit from Back", "Cause of Crash": "Rash and Negligent" }, "geometry": { "type": "Point", "coordinates": [ 77.660324, 12.93324 ] } },
{ "type": "Feature", "properties": { "Unique ID": "38_121/2023", "Year": 2023, "Tag": "Legitimate", "SL No": 38, "Traffic ps": "HAL AIRPORT TRPS", "Cr no": "121/2023", "Latitude": 12.942612, "Longitude": 77.697737, "Location of Black spot": "JP MORGAN TO NEW HORIZON\n COLLEGEKADUBISANAHALLI\n (OUTER RING ROAD)", "Date (DD/MM/YYYY)": "30/05/2023", "Time ( in 24 hours)": "10:15:00", "Fatal": "1", "GI": 1, "MI": null, "Severity": "Fatal", "Crash Category": "Vehicle-Pedestrian", "Accused": "Lorry", "Victim": "Pedestrian", "Vehicles Involved": "Lorry and Pedestrian", "Type of Crash": "Hit from Side", "Cause of Crash": "Rash and Negligent" }, "geometry": { "type": "Point", "coordinates": [ 77.697737, 12.942612 ] } },
{ "type": "Feature", "properties": { "Unique ID": "39_105/2023", "Year": 2023, "Tag": "Unique", "SL No": 39, "Traffic ps": "HAL AIRPORT TRPS", "Cr no": "105/2023", "Latitude": 12.943178, "Longitude": 77.697915, "Location of Black spot": "JP MORGAN TO NEW HORIZON\n COLLEGEKADUBISANAHALLI\n (OUTER RING ROAD)", "Date (DD/MM/YYYY)": "09/04/2023", "Time ( in 24 hours)": "09:00:00", "Fatal": null, "GI": 1, "MI": null, "Severity": "Non-Fatal", "Crash Category": "Vehicle-Vehicle", "Accused": "Vehicle", "Victim": "Vehicle", "Vehicles Involved": "Vehicle and Vehicle", "Type of Crash": "Hit from Back", "Cause of Crash": "Rash and Negligent" }, "geometry": { "type": "Point", "coordinates": [ 77.697915, 12.943178 ] } },
{ "type": "Feature", "properties": { "Unique ID": "40_108/2023", "Year": 2023, "Tag": "Unique", "SL No": 40, "Traffic ps": "HAL AIRPORT TRPS", "Cr no": "108/2023", "Latitude": 12.9426123, "Longitude": 77.697737, "Location of Black spot": "JP MORGAN TO NEW HORIZON\n COLLEGEKADUBISANAHALLI\n (OUTER RING ROAD)", "Date (DD/MM/YYYY)": "21/04/2023", "Time ( in 24 hours)": "12:30:00", "Fatal": null, "GI": 1, "MI": null, "Severity": "Non-Fatal", "Crash Category": "Vehicle-Vehicle", "Accused": "Lorry", "Victim": "2W", "Vehicles Involved": "Lorry and 2W", "Type of Crash": "Hit from Back", "Cause of Crash": "Rash and Negligent" }, "geometry": { "type": "Point", "coordinates": [ 77.697737, 12.9426123 ] } },
{ "type": "Feature", "properties": { "Unique ID": "41_118/2023", "Year": 2023, "Tag": "Legitimate", "SL No": 41, "Traffic ps": "HAL AIRPORT TRPS", "Cr no": "118/2023", "Latitude": 12.941285, "Longitude": 77.698881, "Location of Black spot": "JP MORGAN TO NEW HORIZON\n COLLEGEKADUBISANAHALLI\n (OUTER RING ROAD)", "Date (DD/MM/YYYY)": "14/02/2023", "Time ( in 24 hours)": "20:45:00", "Fatal": null, "GI": 1, "MI": null, "Severity": "Non-Fatal", "Crash Category": "Vehicle-Pedestrian", "Accused": "2W", "Victim": "Pedestrian", "Vehicles Involved": "2W and Pedestrian", "Type of Crash": "Hit from Side", "Cause of Crash": "Rash and Negligent" }, "geometry": { "type": "Point", "coordinates": [ 77.698881, 12.941285 ] } },
{ "type": "Feature", "properties": { "Unique ID": "42_120/2023", "Year": 2023, "Tag": "Legitimate", "SL No": 42, "Traffic ps": "HAL AIRPORT TRPS", "Cr no": "120/2023", "Latitude": 12.941285, "Longitude": 77.69888, "Location of Black spot": "JP MORGAN TO NEW HORIZON\n COLLEGEKADUBISANAHALLI\n (OUTER RING ROAD)", "Date (DD/MM/YYYY)": "21/05/2023", "Time ( in 24 hours)": "09:35:00", "Fatal": null, "GI": 2, "MI": null, "Severity": "Non-Fatal", "Crash Category": "Vehicle-Vehicle", "Accused": "Vehicle", "Victim": "Vehicle", "Vehicles Involved": "Vehicle and Vehicle", "Type of Crash": "Head-On", "Cause of Crash": "Rash and Negligent" }, "geometry": { "type": "Point", "coordinates": [ 77.69888, 12.941285 ] } },
{ "type": "Feature", "properties": { "Unique ID": "43_193/2023", "Year": 2023, "Tag": "Unique", "SL No": 43, "Traffic ps": "HAL AIRPORT TRPS", "Cr no": "193/2023", "Latitude": 12.943038, "Longitude": 77.69823, "Location of Black spot": "JP MORGAN TO NEW HORIZON\n COLLEGEKADUBISANAHALLI\n (OUTER RING ROAD)", "Date (DD/MM/YYYY)": "05/08/2023", "Time ( in 24 hours)": "09:30:00", "Fatal": null, "GI": 1, "MI": null, "Severity": "Non-Fatal", "Crash Category": "Vehicle-Pedestrian", "Accused": "Vehicle", "Victim": "Pedestrian", "Vehicles Involved": "Vehicle and Pedestrian", "Type of Crash": "Hit from Side", "Cause of Crash": "Rash and Negligent" }, "geometry": { "type": "Point", "coordinates": [ 77.69823, 12.943038 ] } },
{ "type": "Feature", "properties": { "Unique ID": "44_74/2023", "Year": 2023, "Tag": "Unique", "SL No": 44, "Traffic ps": "WHITEFIELD", "Cr no": "74/2023", "Latitude": 12.967179, "Longitude": 77.749447, "Location of Black spot": "WHITEFIELD MN RD, IMMADIHALLI JN TOWARDS SVASTHA HOSPITAL", "Date (DD/MM/YYYY)": "04/02/2022", "Time ( in 24 hours)": "18:30:00", "Fatal": "1", "GI": null, "MI": null, "Severity": "Fatal", "Crash Category": "Vehicle-Vehicle", "Accused": "Lorry", "Victim": "2W", "Vehicles Involved": "Lorry and 2W", "Type of Crash": "Hit from Back", "Cause of Crash": "Rash and Negligent" }, "geometry": { "type": "Point", "coordinates": [ 77.749447, 12.967179 ] } },
{ "type": "Feature", "properties": { "Unique ID": "45_112/2023", "Year": 2023, "Tag": "Legitimate", "SL No": 45, "Traffic ps": "WHITEFIELD", "Cr no": "112/2023", "Latitude": 12.967447, "Longitude": 77.749643, "Location of Black spot": "WHITEFIELD MN RD, IMMADIHALLI JN TOWARDS SVASTHA HOSPITAL", "Date (DD/MM/YYYY)": "12/05/2023", "Time ( in 24 hours)": "17:30:00", "Fatal": "1", "GI": null, "MI": null, "Severity": "Fatal", "Crash Category": "Vehicle-Pedestrian", "Accused": "2W", "Victim": "Pedestrian", "Vehicles Involved": "2W and Pedestrian", "Type of Crash": "N.D.A", "Cause of Crash": "Rash and Negligent" }, "geometry": { "type": "Point", "coordinates": [ 77.749643, 12.967447 ] } },
{ "type": "Feature", "properties": { "Unique ID": "46_117/2023", "Year": 2023, "Tag": "Legitimate", "SL No": 46, "Traffic ps": "WHITEFIELD", "Cr no": "117/2023", "Latitude": 12.966248, "Longitude": 77.749183, "Location of Black spot": "WHITEFIELD MN RD, IMMADIHALLI JN TOWARDS SVASTHA HOSPITAL", "Date (DD/MM/YYYY)": "21/05/2023", "Time ( in 24 hours)": "00:45:00", "Fatal": null, "GI": 1, "MI": null, "Severity": "Non-Fatal", "Crash Category": "Vehicle-Vehicle", "Accused": "Car", "Victim": "Cycle", "Vehicles Involved": "Car and Cycle", "Type of Crash": "Hit from Back", "Cause of Crash": "Rash and Negligent" }, "geometry": { "type": "Point", "coordinates": [ 77.749183, 12.966248 ] } },
{ "type": "Feature", "properties": { "Unique ID": "47_127/2023", "Year": 2023, "Tag": "Unique", "SL No": 47, "Traffic ps": "WHITEFIELD", "Cr no": "127/2023", "Latitude": 12.968477, "Longitude": 77.749682, "Location of Black spot": "WHITEFIELD MN RD, IMMADIHALLI JN TOWARDS SVASTHA HOSPITAL", "Date (DD/MM/YYYY)": "12/06/2023", "Time ( in 24 hours)": "00:15:00", "Fatal": "1", "GI": null, "MI": null, "Severity": "Fatal", "Crash Category": "Vehicle-Vehicle", "Accused": "Canter", "Victim": "3W", "Vehicles Involved": "Canter and 3W", "Type of Crash": "Head-On", "Cause of Crash": "Rash and Negligent" }, "geometry": { "type": "Point", "coordinates": [ 77.749682, 12.968477 ] } },
{ "type": "Feature", "properties": { "Unique ID": "48_218/2023", "Year": 2023, "Tag": "Unique", "SL No": 48, "Traffic ps": "WHITEFIELD", "Cr no": "218/2023", "Latitude": 12.968953, "Longitude": 77.749824, "Location of Black spot": "WHITEFIELD MN RD, IMMADIHALLI JN TOWARDS SVASTHA HOSPITAL", "Date (DD/MM/YYYY)": "27/07/2023", "Time ( in 24 hours)": "20:30:00", "Fatal": null, "GI": 1, "MI": null, "Severity": "Non-Fatal", "Crash Category": "Vehicle-Pedestrian", "Accused": "2W", "Victim": "Pedestrian", "Vehicles Involved": "2W and Pedestrian", "Type of Crash": "N.D.A", "Cause of Crash": "Rash and Negligent" }, "geometry": { "type": "Point", "coordinates": [ 77.749824, 12.968953 ] } },
{ "type": "Feature", "properties": { "Unique ID": "49_004/2023", "Year": 2023, "Tag": "Unique", "SL No": 49, "Traffic ps": "WHITEFIELD", "Cr no": "004/2023", "Latitude": 12.946916, "Longitude": 77.746351, "Location of Black spot": "VARTHURU KODI TO VARTHURU BRIDGE", "Date (DD/MM/YYYY)": "10/01/2023", "Time ( in 24 hours)": "11:30:00", "Fatal": null, "GI": 1, "MI": null, "Severity": "Non-Fatal", "Crash Category": "Vehicle-Vehicle", "Accused": "Canter", "Victim": "2W", "Vehicles Involved": "Canter and 2W", "Type of Crash": "Head-On", "Cause of Crash": "Rash and Negligent" }, "geometry": { "type": "Point", "coordinates": [ 77.746351, 12.946916 ] } },
{ "type": "Feature", "properties": { "Unique ID": "50_26/2023", "Year": 2023, "Tag": "Legitimate", "SL No": 50, "Traffic ps": "Mahadevapura Tr PS", "Cr no": "26/2023", "Latitude": 12.982018, "Longitude": 77.693014, "Location of Black spot": "Opp EMC square building, Ring road MD Pura.", "Date (DD/MM/YYYY)": "12/03/2023", "Time ( in 24 hours)": "13:45:00", "Fatal": null, "GI": 1, "MI": null, "Severity": "Non-Fatal", "Crash Category": "Vehicle-Vehicle", "Accused": "Vehicle", "Victim": "2W", "Vehicles Involved": "Vehicle and 2W", "Type of Crash": "Hit from Back", "Cause of Crash": "Rash and Negligent" }, "geometry": { "type": "Point", "coordinates": [ 77.693014, 12.982018 ] } },
{ "type": "Feature", "properties": { "Unique ID": "51_53/2023", "Year": 2023, "Tag": "Legitimate", "SL No": 51, "Traffic ps": "Mahadevapura Tr PS", "Cr no": "53/2023", "Latitude": 12.982735, "Longitude": 77.692962, "Location of Black spot": "Opp EMC square building, Ring road MD Pura.", "Date (DD/MM/YYYY)": "29/04/2023", "Time ( in 24 hours)": "09:05:00", "Fatal": null, "GI": 1, "MI": null, "Severity": "Non-Fatal", "Crash Category": "Vehicle-Vehicle", "Accused": "Vehicle", "Victim": "Car", "Vehicles Involved": "Vehicle and Car", "Type of Crash": "Hit from Back", "Cause of Crash": "Rash and Negligent" }, "geometry": { "type": "Point", "coordinates": [ 77.692962, 12.982735 ] } },
{ "type": "Feature", "properties": { "Unique ID": "52_96/2023", "Year": 2023, "Tag": "Unique", "SL No": 52, "Traffic ps": "Mahadevapura Tr PS", "Cr no": "96/2023", "Latitude": 12.980719, "Longitude": 77.694214, "Location of Black spot": "Opp EMC square building, Ring road MD Pura.", "Date (DD/MM/YYYY)": "17/07/2023", "Time ( in 24 hours)": "15:30:00", "Fatal": null, "GI": 1, "MI": null, "Severity": "Non-Fatal", "Crash Category": "Vehicle-Vehicle", "Accused": "Car", "Victim": "2W", "Vehicles Involved": "Car and 2W", "Type of Crash": "Hit from Back", "Cause of Crash": "Rash and Negligent" }, "geometry": { "type": "Point", "coordinates": [ 77.694214, 12.980719 ] } },
{ "type": "Feature", "properties": { "Unique ID": "53_173/2023", "Year": 2023, "Tag": "Unique", "SL No": 53, "Traffic ps": "Mahadevapura Tr PS", "Cr no": "173/2023", "Latitude": 12.980464, "Longitude": 77.694073, "Location of Black spot": "Opp EMC square building, Ring road MD Pura.", "Date (DD/MM/YYYY)": "16/09/2023", "Time ( in 24 hours)": "22:30:00", "Fatal": null, "GI": 1, "MI": null, "Severity": "Non-Fatal", "Crash Category": "Vehicle-Vehicle", "Accused": "2W", "Victim": "2W", "Vehicles Involved": "2W and 2W", "Type of Crash": "Hit from Back", "Cause of Crash": "Rash and Negligent" }, "geometry": { "type": "Point", "coordinates": [ 77.694073, 12.980464 ] } },
{ "type": "Feature", "properties": { "Unique ID": "54_16/2023", "Year": 2023, "Tag": "Legitimate", "SL No": 54, "Traffic ps": "Mahadevapura Tr PS", "Cr no": "16/2023", "Latitude": 12.989012, "Longitude": 77.688813, "Location of Black spot": "Opp more super market, Ring road, MD Pura", "Date (DD/MM/YYYY)": "02/03/2023", "Time ( in 24 hours)": "11:00:00", "Fatal": "1", "GI": null, "MI": null, "Severity": "Fatal", "Crash Category": "Vehicle-Vehicle", "Accused": "Vehicle", "Victim": "2W", "Vehicles Involved": "Vehicle and 2W", "Type of Crash": "Hit from Back", "Cause of Crash": "Rash and Negligent" }, "geometry": { "type": "Point", "coordinates": [ 77.688813, 12.989012 ] } },
{ "type": "Feature", "properties": { "Unique ID": "55_46/2023", "Year": 2023, "Tag": "Unique", "SL No": 55, "Traffic ps": "Mahadevapura Tr PS", "Cr no": "46/2023", "Latitude": 12.989151, "Longitude": 77.68872, "Location of Black spot": "Opp more super market, Ring road, MD Pura", "Date (DD/MM/YYYY)": "24/04/2023", "Time ( in 24 hours)": "21:15:00", "Fatal": null, "GI": 1, "MI": null, "Severity": "Non-Fatal", "Crash Category": "Vehicle-Vehicle", "Accused": "2W", "Victim": "2W", "Vehicles Involved": "2W and 2W", "Type of Crash": "Head-On", "Cause of Crash": "Rash and Negligent" }, "geometry": { "type": "Point", "coordinates": [ 77.68872, 12.989151 ] } },
{ "type": "Feature", "properties": { "Unique ID": "56_189/2023", "Year": 2023, "Tag": "Unique", "SL No": 56, "Traffic ps": "Mahadevapura Tr PS", "Cr no": "189/2023", "Latitude": 12.987658, "Longitude": 77.689799, "Location of Black spot": "Opp more super market, Ring road, MD Pura", "Date (DD/MM/YYYY)": "31/10/2023", "Time ( in 24 hours)": "20:00:00", "Fatal": null, "GI": 1, "MI": null, "Severity": "Non-Fatal", "Crash Category": "Vehicle-Vehicle", "Accused": "Vehicle", "Victim": "2W", "Vehicles Involved": "Vehicle and 2W", "Type of Crash": "Hit from Side", "Cause of Crash": "Rash and Negligent" }, "geometry": { "type": "Point", "coordinates": [ 77.689799, 12.987658 ] } },
{ "type": "Feature", "properties": { "Unique ID": "57_17/2023", "Year": 2023, "Tag": "Unique", "SL No": 57, "Traffic ps": "Mahadevapura Tr PS", "Cr no": "17/2023", "Latitude": 12.995653, "Longitude": 77.684049, "Location of Black spot": "Opp NCC Appartment, Ring road, B.Narayanapura", "Date (DD/MM/YYYY)": "01/03/2023", "Time ( in 24 hours)": "14:20:00", "Fatal": null, "GI": 1, "MI": null, "Severity": "Non-Fatal", "Crash Category": "Vehicle-Pedestrian", "Accused": "Car", "Victim": "Pedestrian", "Vehicles Involved": "Car and Pedestrian", "Type of Crash": "Hit from Side", "Cause of Crash": "Rash and Negligent" }, "geometry": { "type": "Point", "coordinates": [ 77.684049, 12.995653 ] } },
{ "type": "Feature", "properties": { "Unique ID": "58_63/2023", "Year": 2023, "Tag": "Unique", "SL No": 58, "Traffic ps": "Mahadevapura Tr PS", "Cr no": "63/2023", "Latitude": 12.994521, "Longitude": 77.684931, "Location of Black spot": "Opp NCC Appartment, Ring road, B.Narayanapura", "Date (DD/MM/YYYY)": "31/05/2023", "Time ( in 24 hours)": "22:30:00", "Fatal": null, "GI": 1, "MI": null, "Severity": "Non-Fatal", "Crash Category": "Vehicle-Vehicle", "Accused": "Car", "Victim": "2W", "Vehicles Involved": "Car and 2W", "Type of Crash": "Hit from Back", "Cause of Crash": "Rash and Negligent" }, "geometry": { "type": "Point", "coordinates": [ 77.684931, 12.994521 ] } },
{ "type": "Feature", "properties": { "Unique ID": "59_212/2023", "Year": 2023, "Tag": "Legitimate", "SL No": 59, "Traffic ps": "Mahadevapura Tr PS", "Cr no": "212/2023", "Latitude": 12.995013, "Longitude": 77.684699, "Location of Black spot": "Opp NCC Appartment, Ring road, B.Narayanapura", "Date (DD/MM/YYYY)": "09/12/2023", "Time ( in 24 hours)": "17:30:00", "Fatal": null, "GI": 1, "MI": null, "Severity": "Non-Fatal", "Crash Category": "Vehicle-Vehicle", "Accused": "Bus", "Victim": "2W", "Vehicles Involved": "Bus and 2W", "Type of Crash": "Hit from Back", "Cause of Crash": "Rash and Negligent" }, "geometry": { "type": "Point", "coordinates": [ 77.684699, 12.995013 ] } },
{ "type": "Feature", "properties": { "Unique ID": "60_158/2023", "Year": 2023, "Tag": "Unique", "SL No": 60, "Traffic ps": "Mahadevapura Tr PS", "Cr no": "158/2023", "Latitude": 13.000278, "Longitude": 77.680783, "Location of Black spot": "3rd cross B Narayanapura to Lowry school junction", "Date (DD/MM/YYYY)": "09/08/2023", "Time ( in 24 hours)": "09:30:00", "Fatal": null, "GI": 1, "MI": null, "Severity": "Non-Fatal", "Crash Category": "Vehicle-Pedestrian", "Accused": "Car", "Victim": "Pedestrian", "Vehicles Involved": "Car and Pedestrian", "Type of Crash": "Hit from Back", "Cause of Crash": "Rash and Negligent" }, "geometry": { "type": "Point", "coordinates": [ 77.680783, 13.000278 ] } },
{ "type": "Feature", "properties": { "Unique ID": "61_198/2023", "Year": 2023, "Tag": "Legitimate", "SL No": 61, "Traffic ps": "Mahadevapura Tr PS", "Cr no": "198/2023", "Latitude": 13.000431, "Longitude": 77.683395, "Location of Black spot": "3rd cross B Narayanapura to Lowry school junction", "Date (DD/MM/YYYY)": "21/11/2023", "Time ( in 24 hours)": "13:45:00", "Fatal": "1", "GI": null, "MI": null, "Severity": "Fatal", "Crash Category": "Vehicle-Pedestrian", "Accused": "Lorry", "Victim": "Pedestrian", "Vehicles Involved": "Lorry and Pedestrian", "Type of Crash": "Hit from Side", "Cause of Crash": "Rash and Negligent" }, "geometry": { "type": "Point", "coordinates": [ 77.683395, 13.000431 ] } },
{ "type": "Feature", "properties": { "Unique ID": "62_056/2023", "Year": 2023, "Tag": "Unique", "SL No": 62, "Traffic ps": "Mahadevapura Tr PS", "Cr no": "056/2023", "Latitude": 12.987004, "Longitude": 77.742357, "Location of Black spot": "ITPL MAIN ROAD, CONTAINED YARD ENTRY GATE", "Date (DD/MM/YYYY)": "11/03/2023", "Time ( in 24 hours)": "19:45:00", "Fatal": null, "GI": 1, "MI": null, "Severity": "Non-Fatal", "Crash Category": "Vehicle-Vehicle", "Accused": "2W", "Victim": "2W", "Vehicles Involved": "2W and 2W", "Type of Crash": "N.D.A", "Cause of Crash": "Rash and Negligent" }, "geometry": { "type": "Point", "coordinates": [ 77.742357, 12.987004 ] } },
{ "type": "Feature", "properties": { "Unique ID": "63_086/2023", "Year": 2023, "Tag": "Unique", "SL No": 63, "Traffic ps": "Mahadevapura Tr PS", "Cr no": "086/2023", "Latitude": 12.987081, "Longitude": 77.742154, "Location of Black spot": "ITPL MAIN ROAD, CONTAINED YARD ENTRY GATE", "Date (DD/MM/YYYY)": "10/04/2023", "Time ( in 24 hours)": "20:30:00", "Fatal": "1", "GI": null, "MI": null, "Severity": "Fatal", "Crash Category": "Vehicle-Pedestrian", "Accused": "2W", "Victim": "Pedestrian", "Vehicles Involved": "2W and Pedestrian", "Type of Crash": "N.D.A", "Cause of Crash": "Rash and Negligent" }, "geometry": { "type": "Point", "coordinates": [ 77.742154, 12.987081 ] } },
{ "type": "Feature", "properties": { "Unique ID": "64_45047.0", "Year": 2023, "Tag": "Legitimate", "SL No": 64, "Traffic ps": "Kamakshipalya tr ps", "Cr no": "45047.0", "Latitude": 12.986826, "Longitude": 77.519449, "Location of Black spot": "Outer ring road Chowdeshwari underpass to Sumanahalli Upper ramp", "Date (DD/MM/YYYY)": "03/01/2023", "Time ( in 24 hours)": "09:36:00", "Fatal": null, "GI": 1, "MI": null, "Severity": "Non-Fatal", "Crash Category": "Vehicle-Vehicle", "Accused": "2W", "Victim": "2W", "Vehicles Involved": "2W and 2W", "Type of Crash": "N.D.A", "Cause of Crash": "Rash and Negligent" }, "geometry": { "type": "Point", "coordinates": [ 77.519449, 12.986826 ] } },
{ "type": "Feature", "properties": { "Unique ID": "65_45108.0", "Year": 2023, "Tag": "Legitimate", "SL No": 65, "Traffic ps": "Kamakshipalya tr ps", "Cr no": "45108.0", "Latitude": 12.987319, "Longitude": 77.519621, "Location of Black spot": "Outer ring road Chowdeshwari underpass to Sumanahalli Upper ramp", "Date (DD/MM/YYYY)": "05/01/2023", "Time ( in 24 hours)": "09:15:00", "Fatal": null, "GI": 1, "MI": null, "Severity": "Non-Fatal", "Crash Category": "Vehicle-Vehicle", "Accused": "Car", "Victim": "2W", "Vehicles Involved": "Car and 2W", "Type of Crash": "N.D.A", "Cause of Crash": "Rash and Negligent" }, "geometry": { "type": "Point", "coordinates": [ 77.519621, 12.987319 ] } },
{ "type": "Feature", "properties": { "Unique ID": "66_33/2023", "Year": 2023, "Tag": "Legitimate", "SL No": 66, "Traffic ps": "Kamakshipalya tr ps", "Cr no": "33/2023", "Latitude": 12.987476, "Longitude": 77.519785, "Location of Black spot": "Outer ring road Chowdeshwari underpass to Sumanahalli Upper ramp", "Date (DD/MM/YYYY)": "28/01/2023", "Time ( in 24 hours)": "21:30:00", "Fatal": null, "GI": 1, "MI": null, "Severity": "Non-Fatal", "Crash Category": "Vehicle-Vehicle", "Accused": "Vehicle", "Victim": "2W", "Vehicles Involved": "Vehicle and 2W", "Type of Crash": "N.D.A", "Cause of Crash": "Rash and Negligent" }, "geometry": { "type": "Point", "coordinates": [ 77.519785, 12.987476 ] } },
{ "type": "Feature", "properties": { "Unique ID": "67_58/2023", "Year": 2023, "Tag": "Legitimate", "SL No": 67, "Traffic ps": "Kamakshipalya tr ps", "Cr no": "58/2023", "Latitude": 12.987758, "Longitude": 77.511005, "Location of Black spot": "Outer ring road Chowdeshwari underpass to Sumanahalli Upper ramp", "Date (DD/MM/YYYY)": "26/02/2023", "Time ( in 24 hours)": "22:00:00", "Fatal": "1", "GI": null, "MI": null, "Severity": "Fatal", "Crash Category": "Vehicle-Vehicle", "Accused": "Car", "Victim": "2W", "Vehicles Involved": "Car and 2W", "Type of Crash": "N.D.A", "Cause of Crash": "Rash and Negligent" }, "geometry": { "type": "Point", "coordinates": [ 77.511005, 12.987758 ] } },
{ "type": "Feature", "properties": { "Unique ID": "68_134/2023", "Year": 2023, "Tag": "Legitimate", "SL No": 68, "Traffic ps": "Kamakshipalya tr ps", "Cr no": "134/2023", "Latitude": 12.987456, "Longitude": 77.51995, "Location of Black spot": "Outer ring road Chowdeshwari underpass to Sumanahalli Upper ramp", "Date (DD/MM/YYYY)": "23/05/2023", "Time ( in 24 hours)": "21:30:00", "Fatal": null, "GI": 1, "MI": null, "Severity": "Non-Fatal", "Crash Category": "Vehicle-Vehicle", "Accused": "Vehicle", "Victim": "2W", "Vehicles Involved": "Vehicle and 2W", "Type of Crash": "N.D.A", "Cause of Crash": "Rash and Negligent" }, "geometry": { "type": "Point", "coordinates": [ 77.51995, 12.987456 ] } },
{ "type": "Feature", "properties": { "Unique ID": "69_117/2023", "Year": 2023, "Tag": "Legitimate", "SL No": 69, "Traffic ps": "Kamakshipalya tr ps", "Cr no": "117/2023", "Latitude": 12.987758, "Longitude": 77.511005, "Location of Black spot": "Outer ring road Chowdeshwari underpass to Sumanahalli Upper ramp", "Date (DD/MM/YYYY)": "04/05/2023", "Time ( in 24 hours)": "00:15:00", "Fatal": "1", "GI": null, "MI": null, "Severity": "Fatal", "Crash Category": "Vehicle-Vehicle", "Accused": "Canter", "Victim": "2W", "Vehicles Involved": "Canter and 2W", "Type of Crash": "N.D.A", "Cause of Crash": "Rash and Negligent" }, "geometry": { "type": "Point", "coordinates": [ 77.511005, 12.987758 ] } },
{ "type": "Feature", "properties": { "Unique ID": "70_120/2023", "Year": 2023, "Tag": "Unique", "SL No": 70, "Traffic ps": "Kamakshipalya tr ps", "Cr no": "120/2023", "Latitude": 12.987476, "Longitude": 77.519785, "Location of Black spot": "Outer ring road Chowdeshwari underpass to Sumanahalli Upper ramp", "Date (DD/MM/YYYY)": "09/05/2023", "Time ( in 24 hours)": "15:15:00", "Fatal": "1", "GI": 1, "MI": null, "Severity": "Fatal", "Crash Category": "Vehicle-Vehicle", "Accused": "Vehicle", "Victim": "Car", "Vehicles Involved": "Vehicle and Car", "Type of Crash": "N.D.A", "Cause of Crash": "Rash and Negligent" }, "geometry": { "type": "Point", "coordinates": [ 77.519785, 12.987476 ] } },
{ "type": "Feature", "properties": { "Unique ID": "71_296/2023", "Year": 2023, "Tag": "Legitimate", "SL No": 71, "Traffic ps": "Kamakshipalya tr ps", "Cr no": "296/2023", "Latitude": 12.988564, "Longitude": 77.51182, "Location of Black spot": "Outer ring road Chowdeshwari underpass to Sumanahalli Upper ramp", "Date (DD/MM/YYYY)": "06/10/2023", "Time ( in 24 hours)": "23:00:00", "Fatal": "1", "GI": null, "MI": null, "Severity": "Fatal", "Crash Category": "Vehicle-Vehicle", "Accused": "Vehicle", "Victim": "2W", "Vehicles Involved": "Vehicle and 2W", "Type of Crash": "N.D.A", "Cause of Crash": "Rash and Negligent" }, "geometry": { "type": "Point", "coordinates": [ 77.51182, 12.988564 ] } },
{ "type": "Feature", "properties": { "Unique ID": "72_73/2023", "Year": 2023, "Tag": "Legitimate", "SL No": 72, "Traffic ps": "Kamakshipalya tr ps", "Cr no": "73/2023", "Latitude": 12.988515, "Longitude": 77.51485, "Location of Black spot": "Outer ring road Chowdeshwari underpass to Sumanahalli Upper ramp", "Date (DD/MM/YYYY)": "08/03/2023", "Time ( in 24 hours)": "05:40:00", "Fatal": "1", "GI": null, "MI": null, "Severity": "Fatal", "Crash Category": "Vehicle-Vehicle", "Accused": "Lorry", "Victim": "2W", "Vehicles Involved": "Lorry and 2W", "Type of Crash": "N.D.A", "Cause of Crash": "Rash and Negligent" }, "geometry": { "type": "Point", "coordinates": [ 77.51485, 12.988515 ] } },
{ "type": "Feature", "properties": { "Unique ID": "73_97/2023", "Year": 2023, "Tag": "Identical", "SL No": 73, "Traffic ps": "City market tr ps", "Cr no": "97/2023", "Latitude": 12.964622, "Longitude": 77.574697, "Location of Black spot": "MYSORE ROAD BGS FLYOVER", "Date (DD/MM/YYYY)": "21/03/2023", "Time ( in 24 hours)": "22:15:00", "Fatal": null, "GI": 1, "MI": null, "Severity": "Non-Fatal", "Crash Category": "Vehicle-Vehicle", "Accused": "2W", "Victim": "Bus", "Vehicles Involved": "2W and Bus", "Type of Crash": "N.D.A", "Cause of Crash": "Rash and Negligent" }, "geometry": { "type": "Point", "coordinates": [ 77.574697, 12.964622 ] } },
{ "type": "Feature", "properties": { "Unique ID": "74_191/2023", "Year": 2023, "Tag": "Identical", "SL No": 74, "Traffic ps": "City market tr ps", "Cr no": "191/2023", "Latitude": 12.963725, "Longitude": 77.578646, "Location of Black spot": "MYSORE ROAD BGS FLYOVER", "Date (DD/MM/YYYY)": "29/04/2023", "Time ( in 24 hours)": "14:15:00", "Fatal": null, "GI": 1, "MI": null, "Severity": "Non-Fatal", "Crash Category": "Vehicle-Vehicle", "Accused": "2W", "Victim": "Car", "Vehicles Involved": "2W and Car", "Type of Crash": "N.D.A", "Cause of Crash": "Rash and Negligent" }, "geometry": { "type": "Point", "coordinates": [ 77.578646, 12.963725 ] } },
{ "type": "Feature", "properties": { "Unique ID": "75_209/2023", "Year": 2023, "Tag": "Identical", "SL No": 75, "Traffic ps": "City market tr ps", "Cr no": "209/2023", "Latitude": 12.963718, "Longitude": 77.578367, "Location of Black spot": "MYSORE ROAD BGS FLYOVER", "Date (DD/MM/YYYY)": "07/06/2023", "Time ( in 24 hours)": "11:15:00", "Fatal": null, "GI": 1, "MI": null, "Severity": "Non-Fatal", "Crash Category": "Vehicle-Vehicle", "Accused": "2W", "Victim": "Canter", "Vehicles Involved": "2W and Canter", "Type of Crash": "N.D.A", "Cause of Crash": "Rash and Negligent" }, "geometry": { "type": "Point", "coordinates": [ 77.578367, 12.963718 ] } },
{ "type": "Feature", "properties": { "Unique ID": "76_231/2023", "Year": 2023, "Tag": "Identical", "SL No": 76, "Traffic ps": "City market tr ps", "Cr no": "231/2023", "Latitude": 12.964444, "Longitude": 77.576702, "Location of Black spot": "MYSORE ROAD BGS FLYOVER", "Date (DD/MM/YYYY)": "05/07/2023", "Time ( in 24 hours)": "09:30:00", "Fatal": null, "GI": 1, "MI": null, "Severity": "Non-Fatal", "Crash Category": "Vehicle-Vehicle", "Accused": "2W", "Victim": "Car", "Vehicles Involved": "2W and Car", "Type of Crash": "N.D.A", "Cause of Crash": "Rash and Negligent" }, "geometry": { "type": "Point", "coordinates": [ 77.576702, 12.964444 ] } },
{ "type": "Feature", "properties": { "Unique ID": "77_297/2023", "Year": 2023, "Tag": "Identical", "SL No": 77, "Traffic ps": "City market tr ps", "Cr no": "297/2023", "Latitude": 12.964538, "Longitude": 77.576048, "Location of Black spot": "MYSORE ROAD BGS FLYOVER", "Date (DD/MM/YYYY)": "23/09/2023", "Time ( in 24 hours)": "16:00:00", "Fatal": null, "GI": 1, "MI": null, "Severity": "Non-Fatal", "Crash Category": "Vehicle-Vehicle", "Accused": "2W", "Victim": "2W", "Vehicles Involved": "2W and 2W", "Type of Crash": "N.D.A", "Cause of Crash": "Rash and Negligent" }, "geometry": { "type": "Point", "coordinates": [ 77.576048, 12.964538 ] } },
{ "type": "Feature", "properties": { "Unique ID": "78_526/2023", "Year": 2023, "Tag": "Identical", "SL No": 78, "Traffic ps": "Upparapete trf PS", "Cr no": "526/2023", "Latitude": 12.972277, "Longitude": 77.572269, "Location of Black spot": "T.B.Road ", "Date (DD/MM/YYYY)": "29/12/2023", "Time ( in 24 hours)": "17:00:00", "Fatal": null, "GI": 1, "MI": null, "Severity": "Non-Fatal", "Crash Category": "Vehicle-Pedestrian", "Accused": "Vehicle", "Victim": "Pedestrian", "Vehicles Involved": "Vehicle and Pedestrian", "Type of Crash": "N.D.A", "Cause of Crash": "Rash and Negligent" }, "geometry": { "type": "Point", "coordinates": [ 77.572269, 12.972277 ] } },
{ "type": "Feature", "properties": { "Unique ID": "79_001/2023", "Year": 2023, "Tag": "Maybe", "SL No": 79, "Traffic ps": "CHAMARAJAPETE TR PS", "Cr no": "001/2023", "Latitude": 12.957782, "Longitude": 77.553196, "Location of Black spot": "BGS DOWN RAMP TO TOLLGATE JUNCTION ", "Date (DD/MM/YYYY)": "01/01/2023", "Time ( in 24 hours)": "05:50:00", "Fatal": "1", "GI": 1, "MI": null, "Severity": "Fatal", "Crash Category": "Vehicle-Vehicle", "Accused": "Lorry", "Victim": "2W", "Vehicles Involved": "Lorry and 2W", "Type of Crash": "N.D.A", "Cause of Crash": "Rash and Negligent" }, "geometry": { "type": "Point", "coordinates": [ 77.553196, 12.957782 ] } },
{ "type": "Feature", "properties": { "Unique ID": "80_22/2023", "Year": 2023, "Tag": "Maybe", "SL No": 80, "Traffic ps": "CHAMARAJAPETE TR PS", "Cr no": "22/2023", "Latitude": 12.960638, "Longitude": 77.537242, "Location of Black spot": "BGS DOWN RAMP TO TOLLGATE JUNCTION ", "Date (DD/MM/YYYY)": "25/01/2023", "Time ( in 24 hours)": "11:00:00", "Fatal": null, "GI": 1, "MI": null, "Severity": "Non-Fatal", "Crash Category": "Vehicle-Vehicle", "Accused": "2W", "Victim": "2W", "Vehicles Involved": "2W and 2W", "Type of Crash": "N.D.A", "Cause of Crash": "Rash and Negligent" }, "geometry": { "type": "Point", "coordinates": [ 77.537242, 12.960638 ] } },
{ "type": "Feature", "properties": { "Unique ID": "81_168/2023", "Year": 2023, "Tag": "Maybe", "SL No": 81, "Traffic ps": "CHAMARAJAPETE TR PS", "Cr no": "168/2023", "Latitude": 12.960659, "Longitude": 77.557305, "Location of Black spot": "BGS DOWN RAMP TO TOLLGATE JUNCTION ", "Date (DD/MM/YYYY)": "11/06/2023", "Time ( in 24 hours)": "07:30:00", "Fatal": "1", "GI": null, "MI": null, "Severity": "Fatal", "Crash Category": "Vehicle-Pedestrian", "Accused": "Vehicle", "Victim": "Pedestrian", "Vehicles Involved": "Vehicle and Pedestrian", "Type of Crash": "N.D.A", "Cause of Crash": "Rash and Negligent" }, "geometry": { "type": "Point", "coordinates": [ 77.557305, 12.960659 ] } },
{ "type": "Feature", "properties": { "Unique ID": "82_254/2023", "Year": 2023, "Tag": "Maybe", "SL No": 82, "Traffic ps": "CHAMARAJAPETE TR PS", "Cr no": "254/2023", "Latitude": 12.960471, "Longitude": 77.557224, "Location of Black spot": "BGS DOWN RAMP TO TOLLGATE JUNCTION ", "Date (DD/MM/YYYY)": "17/12/2023", "Time ( in 24 hours)": "23:00:00", "Fatal": "1", "GI": null, "MI": null, "Severity": "Fatal", "Crash Category": "Vehicle-Vehicle", "Accused": "3W", "Victim": "Self", "Vehicles Involved": "3W and Self", "Type of Crash": "Self", "Cause of Crash": "Rash and Negligent" }, "geometry": { "type": "Point", "coordinates": [ 77.557224, 12.960471 ] } },
{ "type": "Feature", "properties": { "Unique ID": "83_382/2023", "Year": 2023, "Tag": "Identical", "SL No": 83, "Traffic ps": "Byatarayanapura tr ps", "Cr no": "382/2023", "Latitude": 12.542406, "Longitude": 77.544264, "Location of Black spot": " KSRTC JUNCTION MYSORE ROAD ", "Date (DD/MM/YYYY)": "22/10/2023", "Time ( in 24 hours)": "21:40:00", "Fatal": "1", "GI": null, "MI": null, "Severity": "Fatal", "Crash Category": "Vehicle-Pedestrian", "Accused": "Vehicle", "Victim": "Pedestrian", "Vehicles Involved": "Vehicle and Pedestrian", "Type of Crash": "N.D.A", "Cause of Crash": "Rash and Negligent" }, "geometry": { "type": "Point", "coordinates": [ 77.544264, 12.542406 ] } },
{ "type": "Feature", "properties": { "Unique ID": "84_15/2023", "Year": 2023, "Tag": "Identical", "SL No": 84, "Traffic ps": "Byatarayanapura tr ps", "Cr no": "15/2023", "Latitude": 12.954274, "Longitude": 77.543829, "Location of Black spot": " KSRTC JUNCTION MYSORE ROAD ", "Date (DD/MM/YYYY)": "01/12/2023", "Time ( in 24 hours)": "09:29:00", "Fatal": null, "GI": 1, "MI": null, "Severity": "Non-Fatal", "Crash Category": "Vehicle-Vehicle", "Accused": "Vehicle", "Victim": "Vehicle", "Vehicles Involved": "Vehicle and Vehicle", "Type of Crash": "N.D.A", "Cause of Crash": "Rash and Negligent" }, "geometry": { "type": "Point", "coordinates": [ 77.543829, 12.954274 ] } },
{ "type": "Feature", "properties": { "Unique ID": "85_112/2023", "Year": 2023, "Tag": "Identical", "SL No": 85, "Traffic ps": "Byatarayanapura tr ps", "Cr no": "112/2023", "Latitude": 12.954835, "Longitude": 77.544625, "Location of Black spot": " KSRTC JUNCTION MYSORE ROAD ", "Date (DD/MM/YYYY)": "13/04/2023", "Time ( in 24 hours)": "15:30:00", "Fatal": null, "GI": 1, "MI": null, "Severity": "Non-Fatal", "Crash Category": "Vehicle-Vehicle", "Accused": "Vehicle", "Victim": "Vehicle", "Vehicles Involved": "Vehicle and Vehicle", "Type of Crash": "N.D.A", "Cause of Crash": "Rash and Negligent" }, "geometry": { "type": "Point", "coordinates": [ 77.544625, 12.954835 ] } },
{ "type": "Feature", "properties": { "Unique ID": "86_368/2023", "Year": 2023, "Tag": "Identical", "SL No": 86, "Traffic ps": "Byatarayanapura tr ps", "Cr no": "368/2023", "Latitude": 12.954274, "Longitude": 77.543829, "Location of Black spot": " KSRTC JUNCTION MYSORE ROAD ", "Date (DD/MM/YYYY)": "09/07/2023", "Time ( in 24 hours)": "17:44:00", "Fatal": null, "GI": 1, "MI": null, "Severity": "Non-Fatal", "Crash Category": "Vehicle-Vehicle", "Accused": "Vehicle", "Victim": "Vehicle", "Vehicles Involved": "Vehicle and Vehicle", "Type of Crash": "N.D.A", "Cause of Crash": "Rash and Negligent" }, "geometry": { "type": "Point", "coordinates": [ 77.543829, 12.954274 ] } },
{ "type": "Feature", "properties": { "Unique ID": "87_145/2023", "Year": 2023, "Tag": "Identical", "SL No": 87, "Traffic ps": "Byatarayanapura tr ps", "Cr no": "145/2023", "Latitude": 12.945861, "Longitude": 77.52838, "Location of Black spot": " NAYANDAHALLI JUNCTION MYSORE ROAD ", "Date (DD/MM/YYYY)": "25/04/2023", "Time ( in 24 hours)": "09:45:00", "Fatal": "1", "GI": null, "MI": null, "Severity": "Fatal", "Crash Category": "Vehicle-Vehicle", "Accused": "Vehicle", "Victim": "Vehicle", "Vehicles Involved": "Vehicle and Vehicle", "Type of Crash": "N.D.A", "Cause of Crash": "Rash and Negligent" }, "geometry": { "type": "Point", "coordinates": [ 77.52838, 12.945861 ] } },
{ "type": "Feature", "properties": { "Unique ID": "88_82/2023", "Year": 2023, "Tag": "Identical", "SL No": 88, "Traffic ps": "Byatarayanapura tr ps", "Cr no": "82/2023", "Latitude": 12.942492, "Longitude": 77.525755, "Location of Black spot": " NAYANDAHALLI JUNCTION MYSORE ROAD ", "Date (DD/MM/YYYY)": "04/02/2023", "Time ( in 24 hours)": "14:15:00", "Fatal": "1", "GI": null, "MI": null, "Severity": "Fatal", "Crash Category": "Vehicle-Vehicle", "Accused": "Vehicle", "Victim": "Vehicle", "Vehicles Involved": "Vehicle and Vehicle", "Type of Crash": "N.D.A", "Cause of Crash": "Rash and Negligent" }, "geometry": { "type": "Point", "coordinates": [ 77.525755, 12.942492 ] } },
{ "type": "Feature", "properties": { "Unique ID": "89_220/2023", "Year": 2023, "Tag": "Identical", "SL No": 89, "Traffic ps": "Byatarayanapura tr ps", "Cr no": "220/2023", "Latitude": 12.945364, "Longitude": 77.528448, "Location of Black spot": " NAYANDAHALLI JUNCTION MYSORE ROAD ", "Date (DD/MM/YYYY)": "18/06/2023", "Time ( in 24 hours)": "10:15:00", "Fatal": null, "GI": 1, "MI": null, "Severity": "Non-Fatal", "Crash Category": "Vehicle-Pedestrian", "Accused": "Vehicle", "Victim": "Pedestrian", "Vehicles Involved": "Vehicle and Pedestrian", "Type of Crash": "N.D.A", "Cause of Crash": "Rash and Negligent" }, "geometry": { "type": "Point", "coordinates": [ 77.528448, 12.945364 ] } },
{ "type": "Feature", "properties": { "Unique ID": "90_304/2023", "Year": 2023, "Tag": "Identical", "SL No": 90, "Traffic ps": "Byatarayanapura tr ps", "Cr no": "304/2023", "Latitude": 12.94574, "Longitude": 77.528851, "Location of Black spot": " NAYANDAHALLI JUNCTION MYSORE ROAD ", "Date (DD/MM/YYYY)": "26/07/2023", "Time ( in 24 hours)": "11:45:00", "Fatal": null, "GI": 1, "MI": null, "Severity": "Non-Fatal", "Crash Category": "Vehicle-Vehicle", "Accused": "Vehicle", "Victim": "Vehicle", "Vehicles Involved": "Vehicle and Vehicle", "Type of Crash": "N.D.A", "Cause of Crash": "Rash and Negligent" }, "geometry": { "type": "Point", "coordinates": [ 77.528851, 12.94574 ] } },
{ "type": "Feature", "properties": { "Unique ID": "91_399/2023", "Year": 2023, "Tag": "Identical", "SL No": 91, "Traffic ps": "Byatarayanapura tr ps", "Cr no": "399/2023", "Latitude": 12.945374, "Longitude": 77.528302, "Location of Black spot": " NAYANDAHALLI JUNCTION MYSORE ROAD ", "Date (DD/MM/YYYY)": "11/11/2023", "Time ( in 24 hours)": "19:30:00", "Fatal": null, "GI": 1, "MI": null, "Severity": "Non-Fatal", "Crash Category": "Vehicle-Pedestrian", "Accused": "Vehicle", "Victim": "Pedestrian", "Vehicles Involved": "Vehicle and Pedestrian", "Type of Crash": "N.D.A", "Cause of Crash": "Rash and Negligent" }, "geometry": { "type": "Point", "coordinates": [ 77.528302, 12.945374 ] } },
{ "type": "Feature", "properties": { "Unique ID": "92_45261.0", "Year": 2023, "Tag": "Identical", "SL No": 92, "Traffic ps": "Byatarayanapura tr ps", "Cr no": "45261.0", "Latitude": 12.953815, "Longitude": 77.519735, "Location of Black spot": "SUVARNA LAYOUT OUTER RING  ROAD ", "Date (DD/MM/YYYY)": "01/11/2023", "Time ( in 24 hours)": "13:59:00", "Fatal": null, "GI": 1, "MI": null, "Severity": "Non-Fatal", "Crash Category": "Vehicle-Vehicle", "Accused": "Vehicle", "Victim": "Self", "Vehicles Involved": "Vehicle and Self", "Type of Crash": "Self", "Cause of Crash": "Rash and Negligent" }, "geometry": { "type": "Point", "coordinates": [ 77.519735, 12.953815 ] } },
{ "type": "Feature", "properties": { "Unique ID": "93_373/2023", "Year": 2023, "Tag": "Identical", "SL No": 93, "Traffic ps": "Byatarayanapura tr ps", "Cr no": "373/2023", "Latitude": 12.95139, "Longitude": 77.521068, "Location of Black spot": "SUVARNA LAYOUT OUTER RING  ROAD ", "Date (DD/MM/YYYY)": "10/12/2023", "Time ( in 24 hours)": "16:59:00", "Fatal": null, "GI": 1, "MI": null, "Severity": "Non-Fatal", "Crash Category": "Vehicle-Pedestrian", "Accused": "Vehicle", "Victim": "Pedestrian", "Vehicles Involved": "Vehicle and Pedestrian", "Type of Crash": "N.D.A", "Cause of Crash": "Rash and Negligent" }, "geometry": { "type": "Point", "coordinates": [ 77.521068, 12.95139 ] } },
{ "type": "Feature", "properties": { "Unique ID": "94_409/2023", "Year": 2023, "Tag": "Identical", "SL No": 94, "Traffic ps": "Byatarayanapura tr ps", "Cr no": "409/2023", "Latitude": 12.952024, "Longitude": 77.520825, "Location of Black spot": "SUVARNA LAYOUT OUTER RING  ROAD ", "Date (DD/MM/YYYY)": "16/11/2023", "Time ( in 24 hours)": "18:45:00", "Fatal": null, "GI": 1, "MI": null, "Severity": "Non-Fatal", "Crash Category": "Vehicle-Vehicle", "Accused": "Vehicle", "Victim": "Vehicle", "Vehicles Involved": "Vehicle and Vehicle", "Type of Crash": "N.D.A", "Cause of Crash": "Rash and Negligent" }, "geometry": { "type": "Point", "coordinates": [ 77.520825, 12.952024 ] } },
{ "type": "Feature", "properties": { "Unique ID": "95_299/2023", "Year": 2023, "Tag": "Identical", "SL No": 95, "Traffic ps": "KENGERI TR PS", "Cr no": "299/2023", "Latitude": 12.91307, "Longitude": 77.467422, "Location of Black spot": "GAYATREE CRUSER NICE ROAD", "Date (DD/MM/YYYY)": "01/09/2023", "Time ( in 24 hours)": "02:00:00", "Fatal": "1", "GI": null, "MI": null, "Severity": "Fatal", "Crash Category": "Vehicle-Pedestrian", "Accused": "Lorry", "Victim": "Pedestrian", "Vehicles Involved": "Lorry and Pedestrian", "Type of Crash": "N.D.A", "Cause of Crash": "Rash and Negligent" }, "geometry": { "type": "Point", "coordinates": [ 77.467422, 12.91307 ] } },
{ "type": "Feature", "properties": { "Unique ID": "96_369/2023", "Year": 2023, "Tag": "Identical", "SL No": 96, "Traffic ps": "KENGERI TR PS", "Cr no": "369/2023", "Latitude": 12.91307, "Longitude": 77.467422, "Location of Black spot": "GAYATREE CRUSER NICE ROAD", "Date (DD/MM/YYYY)": "25/10/2023", "Time ( in 24 hours)": "14:45:00", "Fatal": null, "GI": 1, "MI": null, "Severity": "Non-Fatal", "Crash Category": "Vehicle-Vehicle", "Accused": "Canter", "Victim": "2W", "Vehicles Involved": "Canter and 2W", "Type of Crash": "N.D.A", "Cause of Crash": "Rash and Negligent" }, "geometry": { "type": "Point", "coordinates": [ 77.467422, 12.91307 ] } },
{ "type": "Feature", "properties": { "Unique ID": "97_385/2023", "Year": 2023, "Tag": "Identical", "SL No": 97, "Traffic ps": "KENGERI TR PS", "Cr no": "385/2023", "Latitude": 12.91307, "Longitude": 77.467422, "Location of Black spot": "GAYATREE CRUSER NICE ROAD", "Date (DD/MM/YYYY)": "15/11/2023", "Time ( in 24 hours)": "21:10:00", "Fatal": "1", "GI": null, "MI": null, "Severity": "Fatal", "Crash Category": "Vehicle-Vehicle", "Accused": "Lorry", "Victim": "2W", "Vehicles Involved": "Lorry and 2W", "Type of Crash": "N.D.A", "Cause of Crash": "Rash and Negligent" }, "geometry": { "type": "Point", "coordinates": [ 77.467422, 12.91307 ] } },
{ "type": "Feature", "properties": { "Unique ID": "98_44958.0", "Year": 2023, "Tag": "Identical", "SL No": 98, "Traffic ps": "KENGERI TR PS", "Cr no": "44958.0", "Latitude": 12.895574, "Longitude": 77.476395, "Location of Black spot": "VRUSHABHAVTHI BRIDGE NICE ROAD ", "Date (DD/MM/YYYY)": "31/12/2022", "Time ( in 24 hours)": "14:15:00", "Fatal": null, "GI": 1, "MI": null, "Severity": "Non-Fatal", "Crash Category": "Vehicle-Vehicle", "Accused": "2W", "Victim": "Lorry", "Vehicles Involved": "2W and Lorry", "Type of Crash": "N.D.A", "Cause of Crash": "Rash and Negligent" }, "geometry": { "type": "Point", "coordinates": [ 77.476395, 12.895574 ] } },
{ "type": "Feature", "properties": { "Unique ID": "99_251/2023", "Year": 2023, "Tag": "Identical", "SL No": 99, "Traffic ps": "KENGERI TR PS", "Cr no": "251/2023", "Latitude": 12.895574, "Longitude": 77.476395, "Location of Black spot": "VRUSHABHAVTHI BRIDGE NICE ROAD ", "Date (DD/MM/YYYY)": "30/07/2023", "Time ( in 24 hours)": "01:15:00", "Fatal": "1", "GI": null, "MI": null, "Severity": "Fatal", "Crash Category": "Vehicle-Vehicle", "Accused": "Vehicle", "Victim": "Car", "Vehicles Involved": "Vehicle and Car", "Type of Crash": "N.D.A", "Cause of Crash": "Rash and Negligent" }, "geometry": { "type": "Point", "coordinates": [ 77.476395, 12.895574 ] } },
{ "type": "Feature", "properties": { "Unique ID": "100_265/2023", "Year": 2023, "Tag": "Identical", "SL No": 100, "Traffic ps": "KENGERI TR PS", "Cr no": "265/2023", "Latitude": 12.905811, "Longitude": 77.472092, "Location of Black spot": "VRUSHABHAVTHI BRIDGE NICE ROAD ", "Date (DD/MM/YYYY)": "03/08/2023", "Time ( in 24 hours)": "03:45:00", "Fatal": "1", "GI": null, "MI": null, "Severity": "Fatal", "Crash Category": "Vehicle-Vehicle", "Accused": "Canter", "Victim": "Canter", "Vehicles Involved": "Canter and Canter", "Type of Crash": "N.D.A", "Cause of Crash": "Rash and Negligent" }, "geometry": { "type": "Point", "coordinates": [ 77.472092, 12.905811 ] } },
{ "type": "Feature", "properties": { "Unique ID": "101_25/2023", "Year": 2023, "Tag": "Identical", "SL No": 101, "Traffic ps": "KENGERI TR PS", "Cr no": "25/2023", "Latitude": 12.905811, "Longitude": 77.472092, "Location of Black spot": "DODDABELE JUNCTION MYSURU MAIN ROAD", "Date (DD/MM/YYYY)": "12/01/2023", "Time ( in 24 hours)": "06:50:00", "Fatal": null, "GI": 1, "MI": null, "Severity": "Non-Fatal", "Crash Category": "Vehicle-Vehicle", "Accused": "Bus", "Victim": "2W", "Vehicles Involved": "Bus and 2W", "Type of Crash": "N.D.A", "Cause of Crash": "Rash and Negligent" }, "geometry": { "type": "Point", "coordinates": [ 77.472092, 12.905811 ] } },
{ "type": "Feature", "properties": { "Unique ID": "102_26/2023", "Year": 2023, "Tag": "Identical", "SL No": 102, "Traffic ps": "KENGERI TR PS", "Cr no": "26/2023", "Latitude": 12.905811, "Longitude": 77.472092, "Location of Black spot": "DODDABELE JUNCTION MYSURU MAIN ROAD", "Date (DD/MM/YYYY)": "20/01/2023", "Time ( in 24 hours)": "15:00:00", "Fatal": "1", "GI": 1, "MI": null, "Severity": "Fatal", "Crash Category": "Vehicle-Vehicle", "Accused": "2W", "Victim": "Lorry", "Vehicles Involved": "2W and Lorry", "Type of Crash": "N.D.A", "Cause of Crash": "Rash and Negligent" }, "geometry": { "type": "Point", "coordinates": [ 77.472092, 12.905811 ] } },
{ "type": "Feature", "properties": { "Unique ID": "103_44/2023", "Year": 2023, "Tag": "Identical", "SL No": 103, "Traffic ps": "KENGERI TR PS", "Cr no": "44/2023", "Latitude": 12.905811, "Longitude": 77.472092, "Location of Black spot": "DODDABELE JUNCTION MYSURU MAIN ROAD", "Date (DD/MM/YYYY)": "30/01/2023", "Time ( in 24 hours)": "17:00:00", "Fatal": "1", "GI": null, "MI": null, "Severity": "Fatal", "Crash Category": "Vehicle-Vehicle", "Accused": "Object", "Victim": "3W", "Vehicles Involved": "Object and 3W", "Type of Crash": "Hit Fixed Object", "Cause of Crash": "Rash and Negligent" }, "geometry": { "type": "Point", "coordinates": [ 77.472092, 12.905811 ] } },
{ "type": "Feature", "properties": { "Unique ID": "104_56/2023", "Year": 2023, "Tag": "Identical", "SL No": 104, "Traffic ps": "KENGERI TR PS", "Cr no": "56/2023", "Latitude": 12.905811, "Longitude": 77.472092, "Location of Black spot": "DODDABELE JUNCTION MYSURU MAIN ROAD", "Date (DD/MM/YYYY)": "03/02/2023", "Time ( in 24 hours)": "20:55:00", "Fatal": null, "GI": 1, "MI": null, "Severity": "Non-Fatal", "Crash Category": "Vehicle-Pedestrian", "Accused": "Vehicle", "Victim": "Pedestrian", "Vehicles Involved": "Vehicle and Pedestrian", "Type of Crash": "N.D.A", "Cause of Crash": "Rash and Negligent" }, "geometry": { "type": "Point", "coordinates": [ 77.472092, 12.905811 ] } },
{ "type": "Feature", "properties": { "Unique ID": "105_89/2023", "Year": 2023, "Tag": "Identical", "SL No": 105, "Traffic ps": "KENGERI TR PS", "Cr no": "89/2023", "Latitude": 12.905811, "Longitude": 77.472092, "Location of Black spot": "DODDABELE JUNCTION MYSURU MAIN ROAD", "Date (DD/MM/YYYY)": "21/02/2023", "Time ( in 24 hours)": "16:30:00", "Fatal": null, "GI": 1, "MI": null, "Severity": "Non-Fatal", "Crash Category": "Vehicle-Vehicle", "Accused": "2W", "Victim": "Lorry", "Vehicles Involved": "2W and Lorry", "Type of Crash": "N.D.A", "Cause of Crash": "Rash and Negligent" }, "geometry": { "type": "Point", "coordinates": [ 77.472092, 12.905811 ] } },
{ "type": "Feature", "properties": { "Unique ID": "106_183/2023", "Year": 2023, "Tag": "Identical", "SL No": 106, "Traffic ps": "KENGERI TR PS", "Cr no": "183/2023", "Latitude": 12.905811, "Longitude": 77.472092, "Location of Black spot": "DODDABELE JUNCTION MYSURU MAIN ROAD", "Date (DD/MM/YYYY)": "07/06/2023", "Time ( in 24 hours)": "18:20:00", "Fatal": "1", "GI": null, "MI": null, "Severity": "Fatal", "Crash Category": "Vehicle-Vehicle", "Accused": "Canter", "Victim": "2W", "Vehicles Involved": "Canter and 2W", "Type of Crash": "N.D.A", "Cause of Crash": "Rash and Negligent" }, "geometry": { "type": "Point", "coordinates": [ 77.472092, 12.905811 ] } },
{ "type": "Feature", "properties": { "Unique ID": "107_281/2023", "Year": 2023, "Tag": "Identical", "SL No": 107, "Traffic ps": "KENGERI TR PS", "Cr no": "281/2023", "Latitude": 12.905811, "Longitude": 77.472092, "Location of Black spot": "DODDABELE JUNCTION MYSURU MAIN ROAD", "Date (DD/MM/YYYY)": "16/08/2023", "Time ( in 24 hours)": "20:00:00", "Fatal": "1", "GI": null, "MI": null, "Severity": "Fatal", "Crash Category": "Vehicle-Vehicle", "Accused": "Lorry", "Victim": "Pedestrian", "Vehicles Involved": "Lorry and Pedestrian", "Type of Crash": "N.D.A", "Cause of Crash": "Rash and Negligent" }, "geometry": { "type": "Point", "coordinates": [ 77.472092, 12.905811 ] } },
{ "type": "Feature", "properties": { "Unique ID": "108_374/2023", "Year": 2023, "Tag": "Unique", "SL No": 108, "Traffic ps": "KENGERI TR PS", "Cr no": "374/2023", "Latitude": 12.905811, "Longitude": 77.472092, "Location of Black spot": "DODDABELE JUNCTION MYSURU MAIN ROAD", "Date (DD/MM/YYYY)": "02/11/2023", "Time ( in 24 hours)": "22:00:00", "Fatal": null, "GI": 1, "MI": null, "Severity": "Non-Fatal", "Crash Category": "Vehicle-Vehicle", "Accused": "2W", "Victim": "Pedestrian", "Vehicles Involved": "2W and Pedestrian", "Type of Crash": "N.D.A", "Cause of Crash": "Rash and Negligent" }, "geometry": { "type": "Point", "coordinates": [ 77.472092, 12.905811 ] } },
{ "type": "Feature", "properties": { "Unique ID": "109_438/2023", "Year": 2023, "Tag": "Identical", "SL No": 109, "Traffic ps": "KENGERI TR PS", "Cr no": "438/2023", "Latitude": 12.912557, "Longitude": 77.485485, "Location of Black spot": "DODDABELE JUNCTION MYSURU MAIN ROAD", "Date (DD/MM/YYYY)": "21/12/2023", "Time ( in 24 hours)": "18:30:00", "Fatal": "1", "GI": null, "MI": null, "Severity": "Fatal", "Crash Category": "Vehicle-Vehicle", "Accused": "2W", "Victim": "Car", "Vehicles Involved": "2W and Car", "Type of Crash": "N.D.A", "Cause of Crash": "Rash and Negligent" }, "geometry": { "type": "Point", "coordinates": [ 77.485485, 12.912557 ] } },
{ "type": "Feature", "properties": { "Unique ID": "110_16/2023", "Year": 2023, "Tag": "Identical", "SL No": 110, "Traffic ps": "KENGERI TR PS", "Cr no": "16/2023", "Latitude": 12.912557, "Longitude": 77.485485, "Location of Black spot": "MADHU JUNCTION MYSURU MAIN ROAD ", "Date (DD/MM/YYYY)": "11/01/2023", "Time ( in 24 hours)": "11:45:00", "Fatal": null, "GI": 1, "MI": null, "Severity": "Non-Fatal", "Crash Category": "Vehicle-Vehicle", "Accused": "2W", "Victim": "Lorry", "Vehicles Involved": "2W and Lorry", "Type of Crash": "N.D.A", "Cause of Crash": "Rash and Negligent" }, "geometry": { "type": "Point", "coordinates": [ 77.485485, 12.912557 ] } },
{ "type": "Feature", "properties": { "Unique ID": "111_171/2023", "Year": 2023, "Tag": "Identical", "SL No": 111, "Traffic ps": "KENGERI TR PS", "Cr no": "171/2023", "Latitude": 12.910554, "Longitude": 77.484129, "Location of Black spot": "MADHU JUNCTION MYSURU MAIN ROAD ", "Date (DD/MM/YYYY)": "26/05/2023", "Time ( in 24 hours)": "11:45:00", "Fatal": "1", "GI": null, "MI": null, "Severity": "Fatal", "Crash Category": "Vehicle-Vehicle", "Accused": "Lorry", "Victim": "Pedestrian", "Vehicles Involved": "Lorry and Pedestrian", "Type of Crash": "N.D.A", "Cause of Crash": "Rash and Negligent" }, "geometry": { "type": "Point", "coordinates": [ 77.484129, 12.910554 ] } },
{ "type": "Feature", "properties": { "Unique ID": "112_176/2023", "Year": 2023, "Tag": "Identical", "SL No": 112, "Traffic ps": "KENGERI TR PS", "Cr no": "176/2023", "Latitude": 12.910554, "Longitude": 77.484129, "Location of Black spot": "MADHU JUNCTION MYSURU MAIN ROAD ", "Date (DD/MM/YYYY)": "31/05/2023", "Time ( in 24 hours)": "11:50:00", "Fatal": null, "GI": 1, "MI": null, "Severity": "Non-Fatal", "Crash Category": "Vehicle-Vehicle", "Accused": "2W", "Victim": "Pedestrian", "Vehicles Involved": "2W and Pedestrian", "Type of Crash": "N.D.A", "Cause of Crash": "Rash and Negligent" }, "geometry": { "type": "Point", "coordinates": [ 77.484129, 12.910554 ] } },
{ "type": "Feature", "properties": { "Unique ID": "113_188/2023", "Year": 2023, "Tag": "Identical", "SL No": 113, "Traffic ps": "KENGERI TR PS", "Cr no": "188/2023", "Latitude": 12.913567, "Longitude": 77.486432, "Location of Black spot": "MADHU JUNCTION MYSURU MAIN ROAD ", "Date (DD/MM/YYYY)": "09/06/2023", "Time ( in 24 hours)": "19:50:00", "Fatal": "1", "GI": null, "MI": null, "Severity": "Fatal", "Crash Category": "Vehicle-Vehicle", "Accused": "Bus", "Victim": "Pedestrian", "Vehicles Involved": "Bus and Pedestrian", "Type of Crash": "N.D.A", "Cause of Crash": "Rash and Negligent" }, "geometry": { "type": "Point", "coordinates": [ 77.486432, 12.913567 ] } },
{ "type": "Feature", "properties": { "Unique ID": "114_225/2023", "Year": 2023, "Tag": "Identical", "SL No": 114, "Traffic ps": "KENGERI TR PS", "Cr no": "225/2023", "Latitude": 12.912557, "Longitude": 77.485485, "Location of Black spot": "MADHU JUNCTION MYSURU MAIN ROAD ", "Date (DD/MM/YYYY)": "19/07/2023", "Time ( in 24 hours)": "11:30:00", "Fatal": null, "GI": 1, "MI": null, "Severity": "Non-Fatal", "Crash Category": "Vehicle-Vehicle", "Accused": "Bus", "Victim": "Vehicle", "Vehicles Involved": "Bus and Vehicle", "Type of Crash": "N.D.A", "Cause of Crash": "Rash and Negligent" }, "geometry": { "type": "Point", "coordinates": [ 77.485485, 12.912557 ] } },
{ "type": "Feature", "properties": { "Unique ID": "115_294/2023", "Year": 2023, "Tag": "Identical", "SL No": 115, "Traffic ps": "KENGERI TR PS", "Cr no": "294/2023", "Latitude": 12.912557, "Longitude": 77.485485, "Location of Black spot": "MADHU JUNCTION MYSURU MAIN ROAD ", "Date (DD/MM/YYYY)": "21/08/2023", "Time ( in 24 hours)": "18:30:00", "Fatal": null, "GI": 1, "MI": null, "Severity": "Non-Fatal", "Crash Category": "Vehicle-Vehicle", "Accused": "2W", "Victim": "Bus", "Vehicles Involved": "2W and Bus", "Type of Crash": "N.D.A", "Cause of Crash": "Rash and Negligent" }, "geometry": { "type": "Point", "coordinates": [ 77.485485, 12.912557 ] } },
{ "type": "Feature", "properties": { "Unique ID": "116_302/2023", "Year": 2023, "Tag": "Identical", "SL No": 116, "Traffic ps": "KENGERI TR PS", "Cr no": "302/2023", "Latitude": 12.912557, "Longitude": 77.485485, "Location of Black spot": "MADHU JUNCTION MYSURU MAIN ROAD ", "Date (DD/MM/YYYY)": "02/09/2023", "Time ( in 24 hours)": "14:30:00", "Fatal": null, "GI": 1, "MI": null, "Severity": "Non-Fatal", "Crash Category": "Vehicle-Vehicle", "Accused": "2W", "Victim": "Vehicle", "Vehicles Involved": "2W and Vehicle", "Type of Crash": "N.D.A", "Cause of Crash": "Rash and Negligent" }, "geometry": { "type": "Point", "coordinates": [ 77.485485, 12.912557 ] } },
{ "type": "Feature", "properties": { "Unique ID": "117_320/2023", "Year": 2023, "Tag": "Identical", "SL No": 117, "Traffic ps": "KENGERI TR PS", "Cr no": "320/2023", "Latitude": 12.912557, "Longitude": 77.485485, "Location of Black spot": "MADHU JUNCTION MYSURU MAIN ROAD ", "Date (DD/MM/YYYY)": "13/09/2023", "Time ( in 24 hours)": "03:20:00", "Fatal": "1", "GI": null, "MI": null, "Severity": "Fatal", "Crash Category": "Vehicle-Vehicle", "Accused": "Lorry", "Victim": "Vehicle", "Vehicles Involved": "Lorry and Vehicle", "Type of Crash": "N.D.A", "Cause of Crash": "Rash and Negligent" }, "geometry": { "type": "Point", "coordinates": [ 77.485485, 12.912557 ] } },
{ "type": "Feature", "properties": { "Unique ID": "118_377/2023", "Year": 2023, "Tag": "Identical", "SL No": 118, "Traffic ps": "KENGERI TR PS", "Cr no": "377/2023", "Latitude": 12.913567, "Longitude": 77.486432, "Location of Black spot": "MADHU JUNCTION MYSURU MAIN ROAD ", "Date (DD/MM/YYYY)": "06/11/2023", "Time ( in 24 hours)": "16:15:00", "Fatal": null, "GI": 1, "MI": null, "Severity": "Non-Fatal", "Crash Category": "Vehicle-Vehicle", "Accused": "Bus", "Victim": "Vehicle", "Vehicles Involved": "Bus and Vehicle", "Type of Crash": "N.D.A", "Cause of Crash": "Rash and Negligent" }, "geometry": { "type": "Point", "coordinates": [ 77.486432, 12.913567 ] } },
{ "type": "Feature", "properties": { "Unique ID": "119_380/2023", "Year": 2023, "Tag": "Identical", "SL No": 119, "Traffic ps": "KENGERI TR PS", "Cr no": "380/2023", "Latitude": 12.913567, "Longitude": 77.486432, "Location of Black spot": "MADHU JUNCTION MYSURU MAIN ROAD ", "Date (DD/MM/YYYY)": "08/11/2023", "Time ( in 24 hours)": "09:30:00", "Fatal": null, "GI": 1, "MI": null, "Severity": "Non-Fatal", "Crash Category": "Vehicle-Vehicle", "Accused": "Car", "Victim": "Cycle", "Vehicles Involved": "Car and Cycle", "Type of Crash": "N.D.A", "Cause of Crash": "Rash and Negligent" }, "geometry": { "type": "Point", "coordinates": [ 77.486432, 12.913567 ] } },
{ "type": "Feature", "properties": { "Unique ID": "120_45047.0", "Year": 2023, "Tag": "Legitimate", "SL No": 120, "Traffic ps": "Jnanabharathi Tr PS", "Cr no": "45047.0", "Latitude": 12.986826, "Longitude": 77.519449, "Location of Black spot": "Nagarabhavi ring road near sri malai mahadeshwara temple", "Date (DD/MM/YYYY)": "01/03/2023", "Time ( in 24 hours)": "09:36:00", "Fatal": null, "GI": null, "MI": 1, "Severity": "Non-Fatal", "Crash Category": "Vehicle-Vehicle", "Accused": "2W", "Victim": "2W", "Vehicles Involved": "2W and 2W", "Type of Crash": "N.D.A", "Cause of Crash": "Rash and Negligent" }, "geometry": { "type": "Point", "coordinates": [ 77.519449, 12.986826 ] } },
{ "type": "Feature", "properties": { "Unique ID": "121_45108.0", "Year": 2023, "Tag": "Legitimate", "SL No": 121, "Traffic ps": "Jnanabharathi Tr PS", "Cr no": "45108.0", "Latitude": 12.987319, "Longitude": 77.519621, "Location of Black spot": "Nagarabhavi ring road near sri malai mahadeshwara temple", "Date (DD/MM/YYYY)": "01/05/2023", "Time ( in 24 hours)": "09:15:00", "Fatal": null, "GI": 1, "MI": null, "Severity": "Non-Fatal", "Crash Category": "Vehicle-Vehicle", "Accused": "Car", "Victim": "2W", "Vehicles Involved": "Car and 2W", "Type of Crash": "N.D.A", "Cause of Crash": "Rash and Negligent" }, "geometry": { "type": "Point", "coordinates": [ 77.519621, 12.987319 ] } },
{ "type": "Feature", "properties": { "Unique ID": "122_33/2023", "Year": 2023, "Tag": "Legitimate", "SL No": 122, "Traffic ps": "Jnanabharathi Tr PS", "Cr no": "33/2023", "Latitude": 12.987476, "Longitude": 77.519785, "Location of Black spot": "Nagarabhavi ring road near sri malai mahadeshwara temple", "Date (DD/MM/YYYY)": "28/01/2023", "Time ( in 24 hours)": "09:30:00", "Fatal": null, "GI": 1, "MI": null, "Severity": "Non-Fatal", "Crash Category": "Vehicle-Vehicle", "Accused": "2W", "Victim": "Self", "Vehicles Involved": "2W and Self", "Type of Crash": "Self", "Cause of Crash": "Rash and Negligent" }, "geometry": { "type": "Point", "coordinates": [ 77.519785, 12.987476 ] } },
{ "type": "Feature", "properties": { "Unique ID": "123_58/2023", "Year": 2023, "Tag": "Legitimate", "SL No": 123, "Traffic ps": "Jnanabharathi Tr PS", "Cr no": "58/2023", "Latitude": 12.960979, "Longitude": 77.512832, "Location of Black spot": "Nagarabhavi ring road near sri malai mahadeshwara temple", "Date (DD/MM/YYYY)": "26/02/2023", "Time ( in 24 hours)": "22:00:00", "Fatal": null, "GI": 1, "MI": null, "Severity": "Non-Fatal", "Crash Category": "Vehicle-Vehicle", "Accused": "Car", "Victim": "2W", "Vehicles Involved": "Car and 2W", "Type of Crash": "N.D.A", "Cause of Crash": "Rash and Negligent" }, "geometry": { "type": "Point", "coordinates": [ 77.512832, 12.960979 ] } },
{ "type": "Feature", "properties": { "Unique ID": "124_134/2023", "Year": 2023, "Tag": "Legitimate", "SL No": 124, "Traffic ps": "Jnanabharathi Tr PS", "Cr no": "134/2023", "Latitude": 12.960916, "Longitude": 77.512776, "Location of Black spot": "Nagarabhavi ring road near sri malai mahadeshwara temple", "Date (DD/MM/YYYY)": "23/05/2023", "Time ( in 24 hours)": "21:30:00", "Fatal": null, "GI": 1, "MI": null, "Severity": "Non-Fatal", "Crash Category": "Vehicle-Vehicle", "Accused": "2W", "Victim": "Lorry", "Vehicles Involved": "2W and Lorry", "Type of Crash": "N.D.A", "Cause of Crash": "Rash and Negligent" }, "geometry": { "type": "Point", "coordinates": [ 77.512776, 12.960916 ] } },
{ "type": "Feature", "properties": { "Unique ID": "125_169/2023", "Year": 2023, "Tag": "Unique", "SL No": 125, "Traffic ps": "Jnanabharathi Tr PS", "Cr no": "169/2023", "Latitude": 12.971985, "Longitude": 77.51282, "Location of Black spot": "Nagarabhavi ring road near sri malai mahadeshwara temple", "Date (DD/MM/YYYY)": "28/06/2023", "Time ( in 24 hours)": "23:10:00", "Fatal": null, "GI": 1, "MI": null, "Severity": "Non-Fatal", "Crash Category": "Vehicle-Vehicle", "Accused": "Car", "Victim": "Pedestrian", "Vehicles Involved": "Car and Pedestrian", "Type of Crash": "N.D.A", "Cause of Crash": "Rash and Negligent" }, "geometry": { "type": "Point", "coordinates": [ 77.51282, 12.971985 ] } },
{ "type": "Feature", "properties": { "Unique ID": "126_194/2023", "Year": 2023, "Tag": "Unique", "SL No": 126, "Traffic ps": "Jnanabharathi Tr PS", "Cr no": "194/2023", "Latitude": 12.971985, "Longitude": 77.51282, "Location of Black spot": "Nagarabhavi ring road near sri malai mahadeshwara temple", "Date (DD/MM/YYYY)": "21/07/2023", "Time ( in 24 hours)": "18:30:00", "Fatal": null, "GI": 1, "MI": null, "Severity": "Non-Fatal", "Crash Category": "Vehicle-Vehicle", "Accused": "2W", "Victim": "Self", "Vehicles Involved": "2W and Self", "Type of Crash": "Self", "Cause of Crash": "Rash and Negligent" }, "geometry": { "type": "Point", "coordinates": [ 77.51282, 12.971985 ] } },
{ "type": "Feature", "properties": { "Unique ID": "127_117/2023", "Year": 2023, "Tag": "Legitimate", "SL No": 127, "Traffic ps": "Jnanabharathi Tr PS", "Cr no": "117/2023", "Latitude": 12.98301, "Longitude": 77.518332, "Location of Black spot": "Nagarabhavi ring road near sri malai mahadeshwara temple", "Date (DD/MM/YYYY)": "05/04/2023", "Time ( in 24 hours)": "00:15:00", "Fatal": "1", "GI": null, "MI": null, "Severity": "Fatal", "Crash Category": "Vehicle-Vehicle", "Accused": "Canter", "Victim": "2W", "Vehicles Involved": "Canter and 2W", "Type of Crash": "N.D.A", "Cause of Crash": "Rash and Negligent" }, "geometry": { "type": "Point", "coordinates": [ 77.518332, 12.98301 ] } },
{ "type": "Feature", "properties": { "Unique ID": "128_120/2023", "Year": 2023, "Tag": "Legitimate", "SL No": 128, "Traffic ps": "Jnanabharathi Tr PS", "Cr no": "120/2023", "Latitude": 12.98803, "Longitude": 77.519746, "Location of Black spot": "Nagarabhavi ring road near sri malai mahadeshwara temple", "Date (DD/MM/YYYY)": "05/09/2023", "Time ( in 24 hours)": "15:15:00", "Fatal": "1", "GI": null, "MI": null, "Severity": "Fatal", "Crash Category": "Vehicle-Vehicle", "Accused": "Car", "Victim": "Pedestrian", "Vehicles Involved": "Car and Pedestrian", "Type of Crash": "N.D.A", "Cause of Crash": "Rash and Negligent" }, "geometry": { "type": "Point", "coordinates": [ 77.519746, 12.98803 ] } },
{ "type": "Feature", "properties": { "Unique ID": "129_296/2023", "Year": 2023, "Tag": "Legitimate", "SL No": 129, "Traffic ps": "Jnanabharathi Tr PS", "Cr no": "296/2023", "Latitude": 12.975479, "Longitude": 77.513771, "Location of Black spot": "Nagarabhavi ring road near sri malai mahadeshwara temple", "Date (DD/MM/YYYY)": "06/10/203", "Time ( in 24 hours)": "23:30:00", "Fatal": "1", "GI": null, "MI": null, "Severity": "Fatal", "Crash Category": "Vehicle-Vehicle", "Accused": "2W", "Victim": "Self", "Vehicles Involved": "2W and Self", "Type of Crash": "Self", "Cause of Crash": "Rash and Negligent" }, "geometry": { "type": "Point", "coordinates": [ 77.513771, 12.975479 ] } },
{ "type": "Feature", "properties": { "Unique ID": "130_73/2023", "Year": 2023, "Tag": "Legitimate", "SL No": 130, "Traffic ps": "Jnanabharathi Tr PS", "Cr no": "73/2023", "Latitude": 12.969587, "Longitude": 77.51284, "Location of Black spot": "Nagarabhavi ring road near sri malai mahadeshwara temple", "Date (DD/MM/YYYY)": "03/08/2023", "Time ( in 24 hours)": "05:39:00", "Fatal": "1", "GI": null, "MI": null, "Severity": "Fatal", "Crash Category": "Vehicle-Vehicle", "Accused": "2W", "Victim": "2W", "Vehicles Involved": "2W and 2W", "Type of Crash": "N.D.A", "Cause of Crash": "Rash and Negligent" }, "geometry": { "type": "Point", "coordinates": [ 77.51284, 12.969587 ] } },
{ "type": "Feature", "properties": { "Unique ID": "131_120/2023", "Year": 2023, "Tag": "Unique", "SL No": 131, "Traffic ps": "Kamakshipalya tr ps", "Cr no": "120/2023", "Latitude": 12.987476, "Longitude": 77.519785, "Location of Black spot": " Outer ring road Chowdeshwari underpass to Sumanahalli Upper ramp", "Date (DD/MM/YYYY)": "09/05/2023", "Time ( in 24 hours)": "15:15:00", "Fatal": "1", "GI": null, "MI": null, "Severity": "Fatal", "Crash Category": "Vehicle-Vehicle", "Accused": "Vehicle", "Victim": "Pedestrian", "Vehicles Involved": "Vehicle and Pedestrian", "Type of Crash": "N.D.A", "Cause of Crash": "Rash and Negligent" }, "geometry": { "type": "Point", "coordinates": [ 77.519785, 12.987476 ] } },
{ "type": "Feature", "properties": { "Unique ID": "132_285/2023", "Year": 2023, "Tag": "Unique", "SL No": 132, "Traffic ps": "Kamakshipalya tr ps", "Cr no": "285/2023", "Latitude": 12.984556, "Longitude": 77.556545, "Location of Black spot": " Outer ring road Chowdeshwari underpass to Sumanahalli Upper ramp", "Date (DD/MM/YYYY)": "25/09/2023", "Time ( in 24 hours)": "23:10:00", "Fatal": "1", "GI": null, "MI": null, "Severity": "Fatal", "Crash Category": "Vehicle-Vehicle", "Accused": "Canter", "Victim": "2W", "Vehicles Involved": "Canter and 2W", "Type of Crash": "N.D.A", "Cause of Crash": "Rash and Negligent" }, "geometry": { "type": "Point", "coordinates": [ 77.556545, 12.984556 ] } },
{ "type": "Feature", "properties": { "Unique ID": "133_43/2023", "Year": 2023, "Tag": "Legitimate", "SL No": 133, "Traffic ps": "Kamakshipalya tr ps", "Cr no": "43/2023", "Latitude": 12.98723, "Longitude": 77.519506, "Location of Black spot": " Outer ring road Chowdeshwari underpass to Sumanahalli Upper ramp", "Date (DD/MM/YYYY)": "09/02/2023", "Time ( in 24 hours)": "23:30:00", "Fatal": null, "GI": 1, "MI": null, "Severity": "Non-Fatal", "Crash Category": "Vehicle-Vehicle", "Accused": "2W", "Victim": "2W", "Vehicles Involved": "2W and 2W", "Type of Crash": "N.D.A", "Cause of Crash": "Rash and Negligent" }, "geometry": { "type": "Point", "coordinates": [ 77.519506, 12.98723 ] } },
{ "type": "Feature", "properties": { "Unique ID": "134_67/2023", "Year": 2023, "Tag": "Legitimate", "SL No": 134, "Traffic ps": "Kamakshipalya tr ps", "Cr no": "67/2023", "Latitude": 12.984826, "Longitude": 77.518717, "Location of Black spot": " Outer ring road Chowdeshwari underpass to Sumanahalli Upper ramp", "Date (DD/MM/YYYY)": "01/03/2023", "Time ( in 24 hours)": "23:00:00", "Fatal": null, "GI": 1, "MI": null, "Severity": "Non-Fatal", "Crash Category": "Vehicle-Vehicle", "Accused": "2W", "Victim": "Self", "Vehicles Involved": "2W and Self", "Type of Crash": "Self", "Cause of Crash": "Rash and Negligent" }, "geometry": { "type": "Point", "coordinates": [ 77.518717, 12.984826 ] } },
{ "type": "Feature", "properties": { "Unique ID": "135_86/2023", "Year": 2023, "Tag": "Unique", "SL No": 135, "Traffic ps": "Kamakshipalya tr ps", "Cr no": "86/2023", "Latitude": 12.986338, "Longitude": 77.519142, "Location of Black spot": " Outer ring road Chowdeshwari underpass to Sumanahalli Upper ramp", "Date (DD/MM/YYYY)": "22/03/2023", "Time ( in 24 hours)": "15:15:00", "Fatal": null, "GI": 1, "MI": null, "Severity": "Non-Fatal", "Crash Category": "Vehicle-Vehicle", "Accused": "Bus", "Victim": "2W", "Vehicles Involved": "Bus and 2W", "Type of Crash": "N.D.A", "Cause of Crash": "Rash and Negligent" }, "geometry": { "type": "Point", "coordinates": [ 77.519142, 12.986338 ] } },
{ "type": "Feature", "properties": { "Unique ID": "136_121/2023", "Year": 2023, "Tag": "Legitimate", "SL No": 136, "Traffic ps": "Kamakshipalya tr ps", "Cr no": "121/2023", "Latitude": 12.986338, "Longitude": 77.519142, "Location of Black spot": " Outer ring road Chowdeshwari underpass to Sumanahalli Upper ramp", "Date (DD/MM/YYYY)": "09/05/2023", "Time ( in 24 hours)": "09:30:00", "Fatal": null, "GI": 1, "MI": null, "Severity": "Non-Fatal", "Crash Category": "Vehicle-Vehicle", "Accused": "Lorry", "Victim": "2W", "Vehicles Involved": "Lorry and 2W", "Type of Crash": "N.D.A", "Cause of Crash": "Rash and Negligent" }, "geometry": { "type": "Point", "coordinates": [ 77.519142, 12.986338 ] } },
{ "type": "Feature", "properties": { "Unique ID": "137_129/2023", "Year": 2023, "Tag": "Legitimate", "SL No": 137, "Traffic ps": "Kamakshipalya tr ps", "Cr no": "129/2023", "Latitude": 12.986338, "Longitude": 77.519142, "Location of Black spot": " Outer ring road Chowdeshwari underpass to Sumanahalli Upper ramp", "Date (DD/MM/YYYY)": "21/05/2023", "Time ( in 24 hours)": "13:20:00", "Fatal": null, "GI": 1, "MI": null, "Severity": "Non-Fatal", "Crash Category": "Vehicle-Vehicle", "Accused": "2W", "Victim": "Self", "Vehicles Involved": "2W and Self", "Type of Crash": "Self", "Cause of Crash": "Rash and Negligent" }, "geometry": { "type": "Point", "coordinates": [ 77.519142, 12.986338 ] } },
{ "type": "Feature", "properties": { "Unique ID": "138_140/2023", "Year": 2023, "Tag": "Legitimate", "SL No": 138, "Traffic ps": "Kamakshipalya tr ps", "Cr no": "140/2023", "Latitude": 12.986338, "Longitude": 77.519142, "Location of Black spot": " Outer ring road Chowdeshwari underpass to Sumanahalli Upper ramp", "Date (DD/MM/YYYY)": "26/05/2023", "Time ( in 24 hours)": "12:30:00", "Fatal": null, "GI": 1, "MI": null, "Severity": "Non-Fatal", "Crash Category": "Vehicle-Vehicle", "Accused": "Vehicle", "Victim": "2W", "Vehicles Involved": "Vehicle and 2W", "Type of Crash": "N.D.A", "Cause of Crash": "Rash and Negligent" }, "geometry": { "type": "Point", "coordinates": [ 77.519142, 12.986338 ] } },
{ "type": "Feature", "properties": { "Unique ID": "139_365/2023", "Year": 2023, "Tag": "Unique", "SL No": 139, "Traffic ps": "Kamakshipalya tr ps", "Cr no": "365/2023", "Latitude": 12.98834, "Longitude": 77.51963, "Location of Black spot": " Outer ring road Chowdeshwari underpass to Sumanahalli Upper ramp", "Date (DD/MM/YYYY)": "13/12/2023", "Time ( in 24 hours)": "02:30:00", "Fatal": null, "GI": 1, "MI": null, "Severity": "Non-Fatal", "Crash Category": "Vehicle-Vehicle", "Accused": "2W", "Victim": "2W", "Vehicles Involved": "2W and 2W", "Type of Crash": "N.D.A", "Cause of Crash": "Rash and Negligent" }, "geometry": { "type": "Point", "coordinates": [ 77.51963, 12.98834 ] } },
{ "type": "Feature", "properties": { "Unique ID": "160_40/2023", "Year": 2023, "Tag": "Legitimate", "SL No": 160, "Traffic ps": "Byatarayanapura tr ps", "Cr no": "40/2023", "Latitude": 12.95839, "Longitude": 77.51971, "Location of Black spot": "SUVARNA LAYOUT OUTER RING  ROAD ", "Date (DD/MM/YYYY)": "02/09/2023", "Time ( in 24 hours)": "22:20:00", "Fatal": null, "GI": 1, "MI": null, "Severity": "Non-Fatal", "Crash Category": "Vehicle-Vehicle", "Accused": "Vehicle", "Victim": "Vehicle", "Vehicles Involved": "Vehicle and Vehicle", "Type of Crash": "N.D.A", "Cause of Crash": "Rash and Negligent" }, "geometry": { "type": "Point", "coordinates": [ 77.51971, 12.95839 ] } },
{ "type": "Feature", "properties": { "Unique ID": "176_374/2023", "Year": 2023, "Tag": "Unique", "SL No": 176, "Traffic ps": "KENGERI TR PS", "Cr no": "374/2023", "Latitude": 12.905811, "Longitude": 77.472092, "Location of Black spot": "DODDABELE JUNCTION MYSURU MAIN ROAD", "Date (DD/MM/YYYY)": "02/11/2023", "Time ( in 24 hours)": "19:20:00", "Fatal": null, "GI": 1, "MI": null, "Severity": "Non-Fatal", "Crash Category": "Vehicle-Vehicle", "Accused": "2W", "Victim": "Pedestrian", "Vehicles Involved": "2W and Pedestrian", "Type of Crash": "N.D.A", "Cause of Crash": "Rash and Negligent" }, "geometry": { "type": "Point", "coordinates": [ 77.472092, 12.905811 ] } },
{ "type": "Feature", "properties": { "Unique ID": "188_44927.0", "Year": 2023, "Tag": "Unique", "SL No": 188, "Traffic ps": "MADIVALA TR PS", "Cr no": "44927.0", "Latitude": 12.911913, "Longitude": 77.626051, "Location of Black spot": "ROOPEN AGARAHA BUS STOP", "Date (DD/MM/YYYY)": "01/01/2023", "Time ( in 24 hours)": "19:15:00", "Fatal": "1", "GI": null, "MI": null, "Severity": "Fatal", "Crash Category": "Vehicle-Vehicle", "Accused": "2W", "Victim": "Car", "Vehicles Involved": "2W and Car", "Type of Crash": "N.D.A", "Cause of Crash": "Rash and Negligent" }, "geometry": { "type": "Point", "coordinates": [ 77.626051, 12.911913 ] } },
{ "type": "Feature", "properties": { "Unique ID": "189_187/2023", "Year": 2023, "Tag": "Legitimate", "SL No": 189, "Traffic ps": "MADIVALA TR PS", "Cr no": "187/2023", "Latitude": 12.911913, "Longitude": 77.626051, "Location of Black spot": "ROOPEN AGARAHA BUS STOP", "Date (DD/MM/YYYY)": "05/06/2023", "Time ( in 24 hours)": "01:30:00", "Fatal": "1", "GI": null, "MI": null, "Severity": "Fatal", "Crash Category": "Vehicle-Vehicle", "Accused": "2W", "Victim": "Canter", "Vehicles Involved": "2W and Canter", "Type of Crash": "N.D.A", "Cause of Crash": "Rash and Negligent" }, "geometry": { "type": "Point", "coordinates": [ 77.626051, 12.911913 ] } },
{ "type": "Feature", "properties": { "Unique ID": "190_18/2023", "Year": 2023, "Tag": "Legitimate", "SL No": 190, "Traffic ps": "MADIVALA TR PS", "Cr no": "18/2023", "Latitude": 12.911913, "Longitude": 77.626051, "Location of Black spot": "ROOPEN AGARAHA BUS STOP", "Date (DD/MM/YYYY)": "22/01/2023", "Time ( in 24 hours)": "05:30:00", "Fatal": null, "GI": 1, "MI": null, "Severity": "Non-Fatal", "Crash Category": "Vehicle-Vehicle", "Accused": "Vehicle", "Victim": "Bus", "Vehicles Involved": "Vehicle and Bus", "Type of Crash": "N.D.A", "Cause of Crash": "Rash and Negligent" }, "geometry": { "type": "Point", "coordinates": [ 77.626051, 12.911913 ] } },
{ "type": "Feature", "properties": { "Unique ID": "191_337/2023", "Year": 2023, "Tag": "Unique", "SL No": 191, "Traffic ps": "MADIVALA TR PS", "Cr no": "337/2023", "Latitude": 12.911913, "Longitude": 77.626051, "Location of Black spot": "ROOPEN AGARAHA BUS STOP", "Date (DD/MM/YYYY)": "12/11/2023", "Time ( in 24 hours)": "20:30:00", "Fatal": null, "GI": 1, "MI": null, "Severity": "Non-Fatal", "Crash Category": "Vehicle-Vehicle", "Accused": "2W", "Victim": "Car", "Vehicles Involved": "2W and Car", "Type of Crash": "N.D.A", "Cause of Crash": "Rash and Negligent" }, "geometry": { "type": "Point", "coordinates": [ 77.626051, 12.911913 ] } },
{ "type": "Feature", "properties": { "Unique ID": "192_95/2023", "Year": 2023, "Tag": "Unique", "SL No": 192, "Traffic ps": "HSR TRPS", "Cr no": "95/2023", "Latitude": 12.92455, "Longitude": 77.645399, "Location of Black spot": "Auto mart Junction", "Date (DD/MM/YYYY)": "25/07/2023", "Time ( in 24 hours)": null, "Fatal": null, "GI": 1, "MI": null, "Severity": "Non-Fatal", "Crash Category": "Vehicle-Vehicle", "Accused": "Lorry", "Victim": "Cycle", "Vehicles Involved": "Lorry and Cycle", "Type of Crash": "Hit from Side", "Cause of Crash": "Rash and Negligent" }, "geometry": { "type": "Point", "coordinates": [ 77.645399, 12.92455 ] } },
{ "type": "Feature", "properties": { "Unique ID": "193_104/2023", "Year": 2023, "Tag": "Legitimate", "SL No": 193, "Traffic ps": "HSR TRPS", "Cr no": "104/2023", "Latitude": 12.924493, "Longitude": 77.645687, "Location of Black spot": "Auto mart Junction", "Date (DD/MM/YYYY)": "26/09/2023", "Time ( in 24 hours)": null, "Fatal": null, "GI": 1, "MI": null, "Severity": "Non-Fatal", "Crash Category": "Vehicle-Vehicle", "Accused": "2W", "Victim": "2W", "Vehicles Involved": "2W and 2W", "Type of Crash": "Hit from Side", "Cause of Crash": "Rash and Negligent" }, "geometry": { "type": "Point", "coordinates": [ 77.645687, 12.924493 ] } },
{ "type": "Feature", "properties": { "Unique ID": "194_82/2023", "Year": 2023, "Tag": "Legitimate", "SL No": 194, "Traffic ps": "HSR TRPS", "Cr no": "82/2023", "Latitude": 12.866471, "Longitude": 77.638092, "Location of Black spot": " G.B PALYA ", "Date (DD/MM/YYYY)": "20/03/2023", "Time ( in 24 hours)": null, "Fatal": null, "GI": 1, "MI": null, "Severity": "Non-Fatal", "Crash Category": "Vehicle-Vehicle", "Accused": "2W", "Victim": "2W", "Vehicles Involved": "2W and 2W", "Type of Crash": "Hit from Back", "Cause of Crash": "Rash and Negligent" }, "geometry": { "type": "Point", "coordinates": [ 77.638092, 12.866471 ] } },
{ "type": "Feature", "properties": { "Unique ID": "195_011/2023", "Year": 2023, "Tag": "Unique", "SL No": 195, "Traffic ps": "HSR TRPS", "Cr no": "011/2023", "Latitude": 12.866481, "Longitude": 77.638094, "Location of Black spot": " G.B PALYA ", "Date (DD/MM/YYYY)": "04/01/2023", "Time ( in 24 hours)": null, "Fatal": null, "GI": 1, "MI": null, "Severity": "Non-Fatal", "Crash Category": "Vehicle-Pedestrian", "Accused": "Car", "Victim": "2W", "Vehicles Involved": "Car and 2W", "Type of Crash": "Hit from Back", "Cause of Crash": "Rash and Negligent" }, "geometry": { "type": "Point", "coordinates": [ 77.638094, 12.866481 ] } },
{ "type": "Feature", "properties": { "Unique ID": "196_236/2023", "Year": 2023, "Tag": "Unique", "SL No": 196, "Traffic ps": "HSR TRPS", "Cr no": "236/2023", "Latitude": 12.866478, "Longitude": 77.638098, "Location of Black spot": " G.B PALYA ", "Date (DD/MM/YYYY)": "10/07/2023", "Time ( in 24 hours)": null, "Fatal": null, "GI": 1, "MI": null, "Severity": "Non-Fatal", "Crash Category": "Vehicle-Pedestrian", "Accused": "Lorry", "Victim": "Pedestrian", "Vehicles Involved": "Lorry and Pedestrian", "Type of Crash": "Head-On", "Cause of Crash": "Rash and Negligent" }, "geometry": { "type": "Point", "coordinates": [ 77.638098, 12.866478 ] } },
{ "type": "Feature", "properties": { "Unique ID": "197_0016/2023", "Year": 2023, "Tag": "Unique", "SL No": 197, "Traffic ps": "BELLANDUR TRPS", "Cr no": "0016/2023", "Latitude": 12.465484, "Longitude": 77.658428, "Location of Black spot": "SHANIMAHAT  MA TEMPLE  ", "Date (DD/MM/YYYY)": "09/03/2023", "Time ( in 24 hours)": "13:30:00", "Fatal": null, "GI": 2, "MI": null, "Severity": "Non-Fatal", "Crash Category": "Vehicle-Vehicle", "Accused": "2W", "Victim": "Car", "Vehicles Involved": "2W and Car", "Type of Crash": "Hit from Back", "Cause of Crash": "Rash and Negligent" }, "geometry": { "type": "Point", "coordinates": [ 77.658428, 12.465484 ] } },
{ "type": "Feature", "properties": { "Unique ID": "198_0130/2023", "Year": 2023, "Tag": "Unique", "SL No": 198, "Traffic ps": "BELLANDUR TRPS", "Cr no": "0130/2023", "Latitude": 12.906254, "Longitude": 77.697014, "Location of Black spot": "SHANIMAHAT  MA TEMPLE  ", "Date (DD/MM/YYYY)": "19/07/2023", "Time ( in 24 hours)": "14:00:00", "Fatal": "1", "GI": null, "MI": null, "Severity": "Fatal", "Crash Category": "Vehicle-Pedestrian", "Accused": "2W", "Victim": "Pedestrian", "Vehicles Involved": "2W and Pedestrian", "Type of Crash": "Hit from Back", "Cause of Crash": "Rash and Negligent" }, "geometry": { "type": "Point", "coordinates": [ 77.697014, 12.906254 ] } },
{ "type": "Feature", "properties": { "Unique ID": "199_0168/2023", "Year": 2023, "Tag": "Unique", "SL No": 199, "Traffic ps": "BELLANDUR TRPS", "Cr no": "0168/2023", "Latitude": 12.919324, "Longitude": 77.668156, "Location of Black spot": "IBBALUR JUNCTION", "Date (DD/MM/YYYY)": "23/10/2023", "Time ( in 24 hours)": "10:20:00", "Fatal": null, "GI": 1, "MI": null, "Severity": "Non-Fatal", "Crash Category": "Vehicle-Pedestrian", "Accused": "2W", "Victim": "Pedestrian", "Vehicles Involved": "2W and Pedestrian", "Type of Crash": "Hit from Back", "Cause of Crash": "Rash and Negligent" }, "geometry": { "type": "Point", "coordinates": [ 77.668156, 12.919324 ] } },
{ "type": "Feature", "properties": { "Unique ID": "200_0048/2023", "Year": 2023, "Tag": "Unique", "SL No": 200, "Traffic ps": "BELLANDUR TRPS", "Cr no": "0048/2023", "Latitude": 12.91404, "Longitude": 77.677402, "Location of Black spot": "KAIKONDRAHALLI JUNCTION ", "Date (DD/MM/YYYY)": "10/04/2023", "Time ( in 24 hours)": "08:00:00", "Fatal": null, "GI": 1, "MI": null, "Severity": "Non-Fatal", "Crash Category": "Vehicle-Pedestrian", "Accused": "2W", "Victim": "Pedestrian", "Vehicles Involved": "2W and Pedestrian", "Type of Crash": "Hit from Side", "Cause of Crash": "Rash and Negligent" }, "geometry": { "type": "Point", "coordinates": [ 77.677402, 12.91404 ] } },
{ "type": "Feature", "properties": { "Unique ID": "201_0157/2023", "Year": 2023, "Tag": "Unique", "SL No": 201, "Traffic ps": "BELLANDUR TRPS", "Cr no": "0157/2023", "Latitude": 12.912338, "Longitude": 77.681273, "Location of Black spot": "KAIKONDRAHALLI JUNCTION ", "Date (DD/MM/YYYY)": "06/09/2023", "Time ( in 24 hours)": "10:15:00", "Fatal": null, "GI": 1, "MI": null, "Severity": "Non-Fatal", "Crash Category": "Vehicle-Pedestrian", "Accused": "Car", "Victim": "Pedestrian", "Vehicles Involved": "Car and Pedestrian", "Type of Crash": "Hit from Side", "Cause of Crash": "Rash and Negligent" }, "geometry": { "type": "Point", "coordinates": [ 77.681273, 12.912338 ] } },
{ "type": "Feature", "properties": { "Unique ID": "202_22/2023", "Year": 2023, "Tag": "Legitimate", "SL No": 202, "Traffic ps": "Ecity", "Cr no": "22/2023", "Latitude": 12.847279, "Longitude": 77.671361, "Location of Black spot": "Naganathapura junction", "Date (DD/MM/YYYY)": "09/01/2023", "Time ( in 24 hours)": "16:10:00", "Fatal": "1", "GI": null, "MI": null, "Severity": "Fatal", "Crash Category": "Vehicle-Vehicle", "Accused": "Lorry", "Victim": "2W", "Vehicles Involved": "Lorry and 2W", "Type of Crash": "Hit from Back", "Cause of Crash": "Rash and Negligent" }, "geometry": { "type": "Point", "coordinates": [ 77.671361, 12.847279 ] } },
{ "type": "Feature", "properties": { "Unique ID": "203_62/2023", "Year": 2023, "Tag": "Unique", "SL No": 203, "Traffic ps": "Ecity", "Cr no": "62/2023", "Latitude": 12.847279, "Longitude": 77.671361, "Location of Black spot": "Naganathapura junction", "Date (DD/MM/YYYY)": "19/02/2023", "Time ( in 24 hours)": "15:20:00", "Fatal": null, "GI": 1, "MI": null, "Severity": "Non-Fatal", "Crash Category": "Self Accident", "Accused": "2W", "Victim": "Self", "Vehicles Involved": "2W and Self", "Type of Crash": "Skidding", "Cause of Crash": "Rash and Negligent" }, "geometry": { "type": "Point", "coordinates": [ 77.671361, 12.847279 ] } },
{ "type": "Feature", "properties": { "Unique ID": "204_175/2023", "Year": 2023, "Tag": "Unique", "SL No": 204, "Traffic ps": "Ecity", "Cr no": "175/2023", "Latitude": 12.847279, "Longitude": 77.671361, "Location of Black spot": "Naganathapura junction", "Date (DD/MM/YYYY)": "24/05/2023", "Time ( in 24 hours)": "11:45:00", "Fatal": null, "GI": 1, "MI": null, "Severity": "Non-Fatal", "Crash Category": "Vehicle-Pedestrian", "Accused": "Bus", "Victim": "Pedestrian", "Vehicles Involved": "Bus and Pedestrian", "Type of Crash": "Hit from Side", "Cause of Crash": "Rash and Negligent" }, "geometry": { "type": "Point", "coordinates": [ 77.671361, 12.847279 ] } },
{ "type": "Feature", "properties": { "Unique ID": "205_200/2023", "Year": 2023, "Tag": "Unique", "SL No": 205, "Traffic ps": "Ecity", "Cr no": "200/2023", "Latitude": 12.847279, "Longitude": 77.671361, "Location of Black spot": "Naganathapura junction", "Date (DD/MM/YYYY)": "19/06/2023", "Time ( in 24 hours)": "00:30:00", "Fatal": null, "GI": 1, "MI": null, "Severity": "Non-Fatal", "Crash Category": "Vehicle-Vehicle", "Accused": "Car", "Victim": "2W", "Vehicles Involved": "Car and 2W", "Type of Crash": "Hit from Back", "Cause of Crash": "Rash and Negligent" }, "geometry": { "type": "Point", "coordinates": [ 77.671361, 12.847279 ] } },
{ "type": "Feature", "properties": { "Unique ID": "206_248/2023", "Year": 2023, "Tag": "Unique", "SL No": 206, "Traffic ps": "Ecity", "Cr no": "248/2023", "Latitude": 12.847279, "Longitude": 77.671361, "Location of Black spot": "Naganathapura junction", "Date (DD/MM/YYYY)": "19/07/2023", "Time ( in 24 hours)": "20:00:00", "Fatal": null, "GI": 1, "MI": null, "Severity": "Non-Fatal", "Crash Category": "Vehicle-Vehicle", "Accused": "2W", "Victim": "2W", "Vehicles Involved": "2W and 2W", "Type of Crash": "Head-On", "Cause of Crash": "Rash and Negligent" }, "geometry": { "type": "Point", "coordinates": [ 77.671361, 12.847279 ] } },
{ "type": "Feature", "properties": { "Unique ID": "207_278/2023", "Year": 2023, "Tag": "Unique", "SL No": 207, "Traffic ps": "Ecity", "Cr no": "278/2023", "Latitude": 12.847279, "Longitude": 77.671361, "Location of Black spot": "Naganathapura junction", "Date (DD/MM/YYYY)": "13/08/2023", "Time ( in 24 hours)": "02:15:00", "Fatal": null, "GI": 1, "MI": null, "Severity": "Non-Fatal", "Crash Category": "Vehicle-Vehicle", "Accused": "Vehicle", "Victim": "Vehicle", "Vehicles Involved": "Vehicle and Vehicle", "Type of Crash": "N.D.A", "Cause of Crash": "Rash and Negligent" }, "geometry": { "type": "Point", "coordinates": [ 77.671361, 12.847279 ] } },
{ "type": "Feature", "properties": { "Unique ID": "208_06/2023", "Year": 2023, "Tag": "Unique", "SL No": 208, "Traffic ps": "Ecity", "Cr no": "06/2023", "Latitude": 12.856037, "Longitude": 77.664323, "Location of Black spot": "Konappana agrahara Junction", "Date (DD/MM/YYYY)": "05/01/2023", "Time ( in 24 hours)": "04:30:00", "Fatal": null, "GI": 2, "MI": null, "Severity": "Non-Fatal", "Crash Category": "Vehicle-Vehicle", "Accused": "Lorry", "Victim": "2W", "Vehicles Involved": "Lorry and 2W", "Type of Crash": "Hit from Back", "Cause of Crash": "Rash and Negligent" }, "geometry": { "type": "Point", "coordinates": [ 77.664323, 12.856037 ] } },
{ "type": "Feature", "properties": { "Unique ID": "209_109/2023", "Year": 2023, "Tag": "Legitimate", "SL No": 209, "Traffic ps": "Ecity", "Cr no": "109/2023", "Latitude": 12.856037, "Longitude": 77.664323, "Location of Black spot": "Konappana agrahara Junction", "Date (DD/MM/YYYY)": "23/03/2023", "Time ( in 24 hours)": "18:30:00", "Fatal": null, "GI": 1, "MI": null, "Severity": "Non-Fatal", "Crash Category": "Vehicle-Pedestrian", "Accused": "2W", "Victim": "Pedestrian", "Vehicles Involved": "2W and Pedestrian", "Type of Crash": "Hit from Side", "Cause of Crash": "Rash and Negligent" }, "geometry": { "type": "Point", "coordinates": [ 77.664323, 12.856037 ] } },
{ "type": "Feature", "properties": { "Unique ID": "210_247/2023", "Year": 2023, "Tag": "Unique", "SL No": 210, "Traffic ps": "Ecity", "Cr no": "247/2023", "Latitude": 12.856037, "Longitude": 77.664323, "Location of Black spot": "Konappana agrahara Junction", "Date (DD/MM/YYYY)": "19/07/2023", "Time ( in 24 hours)": "20:00:00", "Fatal": null, "GI": 1, "MI": null, "Severity": "Non-Fatal", "Crash Category": "Vehicle-Pedestrian", "Accused": "2W", "Victim": "Pedestrian", "Vehicles Involved": "2W and Pedestrian", "Type of Crash": "Hit from Side", "Cause of Crash": "Rash and Negligent" }, "geometry": { "type": "Point", "coordinates": [ 77.664323, 12.856037 ] } },
{ "type": "Feature", "properties": { "Unique ID": "211_329/2023", "Year": 2023, "Tag": "Unique", "SL No": 211, "Traffic ps": "Ecity", "Cr no": "329/2023", "Latitude": 12.856037, "Longitude": 77.664323, "Location of Black spot": "Konappana agrahara Junction", "Date (DD/MM/YYYY)": "27/10/2023", "Time ( in 24 hours)": "21:30:00", "Fatal": "1", "GI": null, "MI": null, "Severity": "Fatal", "Crash Category": "Vehicle-Pedestrian", "Accused": "Lorry", "Victim": "Pedestrian", "Vehicles Involved": "Lorry and Pedestrian", "Type of Crash": "Head-On", "Cause of Crash": "Rash and Negligent" }, "geometry": { "type": "Point", "coordinates": [ 77.664323, 12.856037 ] } },
{ "type": "Feature", "properties": { "Unique ID": "212_359/2023", "Year": 2023, "Tag": "Legitimate", "SL No": 212, "Traffic ps": "Ecity", "Cr no": "359/2023", "Latitude": 12.856037, "Longitude": 77.664323, "Location of Black spot": "Konappana agrahara Junction", "Date (DD/MM/YYYY)": "03/12/2023", "Time ( in 24 hours)": "02:10:00", "Fatal": "1", "GI": null, "MI": null, "Severity": "Fatal", "Crash Category": "Self Accident", "Accused": "2W", "Victim": "Self", "Vehicles Involved": "2W and Self", "Type of Crash": "Skidding", "Cause of Crash": "Rash and Negligent" }, "geometry": { "type": "Point", "coordinates": [ 77.664323, 12.856037 ] } },
{ "type": "Feature", "properties": { "Unique ID": "213_43/2023", "Year": 2023, "Tag": "Legitimate", "SL No": 213, "Traffic ps": "Ecity", "Cr no": "43/2023", "Latitude": 12.839994, "Longitude": 77.677023, "Location of Black spot": "Veerasandra Junction", "Date (DD/MM/YYYY)": "25/01/2023", "Time ( in 24 hours)": "18:55:00", "Fatal": null, "GI": 1, "MI": null, "Severity": "Non-Fatal", "Crash Category": "Vehicle-Vehicle", "Accused": "Lorry", "Victim": "2W", "Vehicles Involved": "Lorry and 2W", "Type of Crash": "Hit from Back", "Cause of Crash": "Rash and Negligent" }, "geometry": { "type": "Point", "coordinates": [ 77.677023, 12.839994 ] } },
{ "type": "Feature", "properties": { "Unique ID": "214_61/2023", "Year": 2023, "Tag": "Unique", "SL No": 214, "Traffic ps": "Ecity", "Cr no": "61/2023", "Latitude": 12.839994, "Longitude": 77.677023, "Location of Black spot": "Veerasandra Junction", "Date (DD/MM/YYYY)": "16/02/2023", "Time ( in 24 hours)": "10:00:00", "Fatal": null, "GI": 1, "MI": null, "Severity": "Non-Fatal", "Crash Category": "Vehicle-Vehicle", "Accused": "Lorry", "Victim": "2W", "Vehicles Involved": "Lorry and 2W", "Type of Crash": "Hit from Side", "Cause of Crash": "Rash and Negligent" }, "geometry": { "type": "Point", "coordinates": [ 77.677023, 12.839994 ] } },
{ "type": "Feature", "properties": { "Unique ID": "215_187/2023", "Year": 2023, "Tag": "Legitimate", "SL No": 215, "Traffic ps": "Ecity", "Cr no": "187/2023", "Latitude": 12.839994, "Longitude": 77.677023, "Location of Black spot": "Veerasandra Junction", "Date (DD/MM/YYYY)": "02/06/2023", "Time ( in 24 hours)": "08:45:00", "Fatal": null, "GI": 1, "MI": null, "Severity": "Non-Fatal", "Crash Category": "Vehicle-Pedestrian", "Accused": "2W", "Victim": "Pedestrian", "Vehicles Involved": "2W and Pedestrian", "Type of Crash": "Hit from Side", "Cause of Crash": "Rash and Negligent" }, "geometry": { "type": "Point", "coordinates": [ 77.677023, 12.839994 ] } },
{ "type": "Feature", "properties": { "Unique ID": "216_229/2023", "Year": 2023, "Tag": "Unique", "SL No": 216, "Traffic ps": "Ecity", "Cr no": "229/2023", "Latitude": 12.839994, "Longitude": 77.677023, "Location of Black spot": "Veerasandra Junction", "Date (DD/MM/YYYY)": "05/07/2023", "Time ( in 24 hours)": "06:45:00", "Fatal": null, "GI": 1, "MI": null, "Severity": "Non-Fatal", "Crash Category": "Vehicle-Vehicle", "Accused": "Lorry", "Victim": "2W", "Vehicles Involved": "Lorry and 2W", "Type of Crash": "Hit from Back", "Cause of Crash": "Rash and Negligent" }, "geometry": { "type": "Point", "coordinates": [ 77.677023, 12.839994 ] } },
{ "type": "Feature", "properties": { "Unique ID": "217_270/2023", "Year": 2023, "Tag": "Legitimate", "SL No": 217, "Traffic ps": "Ecity", "Cr no": "270/2023", "Latitude": 12.839994, "Longitude": 77.677023, "Location of Black spot": "Veerasandra Junction", "Date (DD/MM/YYYY)": "08/08/2023", "Time ( in 24 hours)": "12:45:00", "Fatal": null, "GI": 1, "MI": null, "Severity": "Non-Fatal", "Crash Category": "Vehicle-Vehicle", "Accused": "Vehicle", "Victim": "2W", "Vehicles Involved": "Vehicle and 2W", "Type of Crash": "Head-On", "Cause of Crash": "Rash and Negligent" }, "geometry": { "type": "Point", "coordinates": [ 77.677023, 12.839994 ] } },
{ "type": "Feature", "properties": { "Unique ID": "218_277/2023", "Year": 2023, "Tag": "Unique", "SL No": 218, "Traffic ps": "Ecity", "Cr no": "277/2023", "Latitude": 12.839994, "Longitude": 77.677023, "Location of Black spot": "Veerasandra Junction", "Date (DD/MM/YYYY)": "15/08/2023", "Time ( in 24 hours)": "05:30:00", "Fatal": "1", "GI": 1, "MI": null, "Severity": "Fatal", "Crash Category": "Vehicle-Vehicle", "Accused": "Lorry", "Victim": "2W", "Vehicles Involved": "Lorry and 2W", "Type of Crash": "Hit from Side", "Cause of Crash": "Rash and Negligent" }, "geometry": { "type": "Point", "coordinates": [ 77.677023, 12.839994 ] } },
{ "type": "Feature", "properties": { "Unique ID": "219_322/2023", "Year": 2023, "Tag": "Unique", "SL No": 219, "Traffic ps": "Ecity", "Cr no": "322/2023", "Latitude": 12.839994, "Longitude": 77.677023, "Location of Black spot": "Veerasandra Junction", "Date (DD/MM/YYYY)": "18/10/2023", "Time ( in 24 hours)": "09:30:00", "Fatal": null, "GI": 1, "MI": null, "Severity": "Non-Fatal", "Crash Category": "Vehicle-Vehicle", "Accused": "Lorry", "Victim": "2W", "Vehicles Involved": "Lorry and 2W", "Type of Crash": "Hit from Back", "Cause of Crash": "Rash and Negligent" }, "geometry": { "type": "Point", "coordinates": [ 77.677023, 12.839994 ] } },
{ "type": "Feature", "properties": { "Unique ID": "220_327/2023", "Year": 2023, "Tag": "Legitimate", "SL No": 220, "Traffic ps": "Ecity", "Cr no": "327/2023", "Latitude": 12.839994, "Longitude": 77.677023, "Location of Black spot": "Veerasandra Junction", "Date (DD/MM/YYYY)": "21/10/2023", "Time ( in 24 hours)": "04:20:00", "Fatal": null, "GI": 1, "MI": null, "Severity": "Non-Fatal", "Crash Category": "Vehicle-Vehicle", "Accused": "Lorry", "Victim": "2W", "Vehicles Involved": "Lorry and 2W", "Type of Crash": "Hit from Back", "Cause of Crash": "Rash and Negligent" }, "geometry": { "type": "Point", "coordinates": [ 77.677023, 12.839994 ] } },
{ "type": "Feature", "properties": { "Unique ID": "221_333/2023", "Year": 2023, "Tag": "Unique", "SL No": 221, "Traffic ps": "Ecity", "Cr no": "333/2023", "Latitude": 12.839994, "Longitude": 77.677023, "Location of Black spot": "Veerasandra Junction", "Date (DD/MM/YYYY)": "25/10/2023", "Time ( in 24 hours)": "08:15:00", "Fatal": null, "GI": 1, "MI": null, "Severity": "Non-Fatal", "Crash Category": "Vehicle-Pedestrian", "Accused": "2W", "Victim": "Pedestrian", "Vehicles Involved": "2W and Pedestrian", "Type of Crash": "Hit from Side", "Cause of Crash": "Rash and Negligent" }, "geometry": { "type": "Point", "coordinates": [ 77.677023, 12.839994 ] } },
{ "type": "Feature", "properties": { "Unique ID": "222_44/2023", "Year": 2023, "Tag": "Legitimate", "SL No": 222, "Traffic ps": "Ecity", "Cr no": "44/2023", "Latitude": 12.847279, "Longitude": 77.671361, "Location of Black spot": "Electronic city Phase-1 EC-1", "Date (DD/MM/YYYY)": "27/01/2023", "Time ( in 24 hours)": "09:00:00", "Fatal": "1", "GI": null, "MI": null, "Severity": "Fatal", "Crash Category": "Vehicle-Pedestrian", "Accused": "2W", "Victim": "Pedestrian", "Vehicles Involved": "2W and Pedestrian", "Type of Crash": "Head-On", "Cause of Crash": "Rash and Negligent" }, "geometry": { "type": "Point", "coordinates": [ 77.671361, 12.847279 ] } },
{ "type": "Feature", "properties": { "Unique ID": "223_303/2023", "Year": 2023, "Tag": "Unique", "SL No": 223, "Traffic ps": "Ecity", "Cr no": "303/2023", "Latitude": 12.847279, "Longitude": 77.671361, "Location of Black spot": "Electronic city Phase-1 EC-1", "Date (DD/MM/YYYY)": "20/09/2023", "Time ( in 24 hours)": "07:35:00", "Fatal": null, "GI": 1, "MI": null, "Severity": "Non-Fatal", "Crash Category": "Vehicle-Vehicle", "Accused": "2W", "Victim": "Car", "Vehicles Involved": "2W and Car", "Type of Crash": "Hit from Side", "Cause of Crash": "Rash and Negligent" }, "geometry": { "type": "Point", "coordinates": [ 77.671361, 12.847279 ] } },
{ "type": "Feature", "properties": { "Unique ID": "224_314/2023", "Year": 2023, "Tag": "Unique", "SL No": 224, "Traffic ps": "Ecity", "Cr no": "314/2023", "Latitude": 12.847279, "Longitude": 77.671361, "Location of Black spot": "Electronic city Phase-1 EC-1", "Date (DD/MM/YYYY)": "07/10/2023", "Time ( in 24 hours)": "12:05:00", "Fatal": "1", "GI": null, "MI": null, "Severity": "Fatal", "Crash Category": "Vehicle-Vehicle", "Accused": "Lorry", "Victim": "2W", "Vehicles Involved": "Lorry and 2W", "Type of Crash": "Hit from Back", "Cause of Crash": "Rash and Negligent" }, "geometry": { "type": "Point", "coordinates": [ 77.671361, 12.847279 ] } },
{ "type": "Feature", "properties": { "Unique ID": "225_262/2023", "Year": 2023, "Tag": "Unique", "SL No": 225, "Traffic ps": "Talaghattapura", "Cr no": "262/2023", "Latitude": 12.86835, "Longitude": 77.504998, "Location of Black spot": "Nice Road Nagegowdanaplaya Bridge ", "Date (DD/MM/YYYY)": "06/09/2023", "Time ( in 24 hours)": "19:00:00", "Fatal": "2", "GI": null, "MI": null, "Severity": "Fatal", "Crash Category": "Vehicle-Vehicle", "Accused": "Vehicle", "Victim": "2W", "Vehicles Involved": "Vehicle and 2W", "Type of Crash": "Hit from Back", "Cause of Crash": "Rash and Negligent" }, "geometry": { "type": "Point", "coordinates": [ 77.504998, 12.86835 ] } },
{ "type": "Feature", "properties": { "Unique ID": "226_264/2023", "Year": 2023, "Tag": "Unique", "SL No": 226, "Traffic ps": "Talaghattapura", "Cr no": "264/2023", "Latitude": 12.863502, "Longitude": 77.513459, "Location of Black spot": "Nice Road Nagegowdanaplaya Bridge ", "Date (DD/MM/YYYY)": "09/09/2023", "Time ( in 24 hours)": "22:59:00", "Fatal": "1", "GI": 1, "MI": null, "Severity": "Fatal", "Crash Category": "Self Accident", "Accused": "Car", "Victim": "Self", "Vehicles Involved": "Car and Self", "Type of Crash": "Self", "Cause of Crash": "Rash and Negligent" }, "geometry": { "type": "Point", "coordinates": [ 77.513459, 12.863502 ] } },
{ "type": "Feature", "properties": { "Unique ID": "227_289/2023", "Year": 2023, "Tag": "Unique", "SL No": 227, "Traffic ps": "Talaghattapura", "Cr no": "289/2023", "Latitude": 12.864016, "Longitude": 77.512154, "Location of Black spot": "Nice Road Nagegowdanaplaya Bridge ", "Date (DD/MM/YYYY)": "08/11/2023", "Time ( in 24 hours)": "01:30:00", "Fatal": "1", "GI": null, "MI": null, "Severity": "Fatal", "Crash Category": "Vehicle-Vehicle", "Accused": "Lorry", "Victim": "Lorry", "Vehicles Involved": "Lorry and Lorry", "Type of Crash": "Hit from Back", "Cause of Crash": "Rash and Negligent" }, "geometry": { "type": "Point", "coordinates": [ 77.512154, 12.864016 ] } },
{ "type": "Feature", "properties": { "Unique ID": "228_110/2023", "Year": 2023, "Tag": "Unique", "SL No": 228, "Traffic ps": "Talaghattapura", "Cr no": "110/2023", "Latitude": 12.853516, "Longitude": 77.541541, "Location of Black spot": "Nice road Near Poorvankara bridge ", "Date (DD/MM/YYYY)": "24/04/2023", "Time ( in 24 hours)": "16:30:00", "Fatal": "nill", "GI": 1, "MI": null, "Severity": "Non-Fatal", "Crash Category": "Vehicle-Vehicle", "Accused": "Car", "Victim": "2W", "Vehicles Involved": "Car and 2W", "Type of Crash": "Hit from Back", "Cause of Crash": "Rash and Negligent" }, "geometry": { "type": "Point", "coordinates": [ 77.541541, 12.853516 ] } },
{ "type": "Feature", "properties": { "Unique ID": "229_234/2023", "Year": 2023, "Tag": "Unique", "SL No": 229, "Traffic ps": "Talaghattapura", "Cr no": "234/2023", "Latitude": 12.853225, "Longitude": 77.542782, "Location of Black spot": "Nice road Near Poorvankara bridge ", "Date (DD/MM/YYYY)": "02/08/2023", "Time ( in 24 hours)": "15:09:00", "Fatal": "nill", "GI": 1, "MI": null, "Severity": "Non-Fatal", "Crash Category": "Vehicle-Vehicle", "Accused": "2W", "Victim": "2W", "Vehicles Involved": "2W and 2W", "Type of Crash": "Hit from Back", "Cause of Crash": "Rash and Negligent" }, "geometry": { "type": "Point", "coordinates": [ 77.542782, 12.853225 ] } },
{ "type": "Feature", "properties": { "Unique ID": "230_49/2023", "Year": 2023, "Tag": "Unique", "SL No": 230, "Traffic ps": "HEBBAL TR P S", "Cr no": "49/2023", "Latitude": 13.043702, "Longitude": 77.599782, "Location of Black spot": "YOGESWARNAGAR CROSS, Ring Road", "Date (DD/MM/YYYY)": "08/02/2023", "Time ( in 24 hours)": "16:30:00", "Fatal": null, "GI": 1, "MI": null, "Severity": "Non-Fatal", "Crash Category": "Vehicle-Vehicle", "Accused": "2W", "Victim": "Car", "Vehicles Involved": "2W and Car", "Type of Crash": "Head-On", "Cause of Crash": "Rash and Negligent" }, "geometry": { "type": "Point", "coordinates": [ 77.599782, 13.043702 ] } },
{ "type": "Feature", "properties": { "Unique ID": "231_78/2023", "Year": 2023, "Tag": "Legitimate", "SL No": 231, "Traffic ps": "HEBBAL TR P S", "Cr no": "78/2023", "Latitude": 13.043702, "Longitude": 77.599782, "Location of Black spot": "YOGESWARNAGAR CROSS, Ring Road", "Date (DD/MM/YYYY)": "07/04/2023", "Time ( in 24 hours)": "18:00:00", "Fatal": null, "GI": 1, "MI": null, "Severity": "Non-Fatal", "Crash Category": "Vehicle-Pedestrian", "Accused": "2W", "Victim": "Pedestrian", "Vehicles Involved": "2W and Pedestrian", "Type of Crash": "Hit from Back", "Cause of Crash": "Rash and Negligent" }, "geometry": { "type": "Point", "coordinates": [ 77.599782, 13.043702 ] } },
{ "type": "Feature", "properties": { "Unique ID": "232_80/2023", "Year": 2023, "Tag": "Legitimate", "SL No": 232, "Traffic ps": "HEBBAL TR P S", "Cr no": "80/2023", "Latitude": 13.043702, "Longitude": 77.599782, "Location of Black spot": "YOGESWARNAGAR CROSS, Ring Road", "Date (DD/MM/YYYY)": "08/04/2023", "Time ( in 24 hours)": "16:30:00", "Fatal": null, "GI": 1, "MI": null, "Severity": "Non-Fatal", "Crash Category": "Vehicle-Pedestrian", "Accused": "2W", "Victim": "Pedestrian", "Vehicles Involved": "2W and Pedestrian", "Type of Crash": "Hit from Back", "Cause of Crash": "Rash and Negligent" }, "geometry": { "type": "Point", "coordinates": [ 77.599782, 13.043702 ] } },
{ "type": "Feature", "properties": { "Unique ID": "233_150/2023", "Year": 2023, "Tag": "Legitimate", "SL No": 233, "Traffic ps": "HEBBAL TR P S", "Cr no": "150/2023", "Latitude": 13.043702, "Longitude": 77.599782, "Location of Black spot": "YOGESWARNAGAR CROSS, Ring Road", "Date (DD/MM/YYYY)": "23/07/2023", "Time ( in 24 hours)": "02:30:00", "Fatal": "1", "GI": null, "MI": null, "Severity": "Fatal", "Crash Category": "Vehicle-Pedestrian", "Accused": "2W", "Victim": "Car", "Vehicles Involved": "2W and Car", "Type of Crash": "Hit from Back", "Cause of Crash": "Rash and Negligent" }, "geometry": { "type": "Point", "coordinates": [ 77.599782, 13.043702 ] } },
{ "type": "Feature", "properties": { "Unique ID": "234_215/2023", "Year": 2023, "Tag": "Unique", "SL No": 234, "Traffic ps": "HEBBAL TR P S", "Cr no": "215/2023", "Latitude": 13.043702, "Longitude": 77.599782, "Location of Black spot": "YOGESWARNAGAR CROSS, Ring Road", "Date (DD/MM/YYYY)": "20/11/2023", "Time ( in 24 hours)": "03:05:00", "Fatal": null, "GI": 1, "MI": null, "Severity": "Non-Fatal", "Crash Category": "Self Accident", "Accused": "Object", "Victim": "2W", "Vehicles Involved": "Object and 2W", "Type of Crash": "Hit Fixed Object", "Cause of Crash": "Rash and Negligent" }, "geometry": { "type": "Point", "coordinates": [ 77.599782, 13.043702 ] } },
{ "type": "Feature", "properties": { "Unique ID": "235_41/2023", "Year": 2023, "Tag": "Legitimate", "SL No": 235, "Traffic ps": "HEBBAL TR P S", "Cr no": "41/2023", "Latitude": 13.047144, "Longitude": 77.570058, "Location of Black spot": "DEVINGAR CROSS, Ring Road", "Date (DD/MM/YYYY)": "06/02/2023", "Time ( in 24 hours)": "21:30:00", "Fatal": "1", "GI": 1, "MI": null, "Severity": "Fatal", "Crash Category": "Vehicle-Pedestrian", "Accused": "Vehicle", "Victim": "Pedestrian", "Vehicles Involved": "Vehicle and Pedestrian", "Type of Crash": "Hit from Back", "Cause of Crash": "Rash and Negligent" }, "geometry": { "type": "Point", "coordinates": [ 77.570058, 13.047144 ] } },
{ "type": "Feature", "properties": { "Unique ID": "236_83/2023", "Year": 2023, "Tag": "Unique", "SL No": 236, "Traffic ps": "HEBBAL TR P S", "Cr no": "83/2023", "Latitude": 13.047144, "Longitude": 77.570058, "Location of Black spot": "DEVINGAR CROSS, Ring Road", "Date (DD/MM/YYYY)": "06/04/2023", "Time ( in 24 hours)": "23:45:00", "Fatal": "1", "GI": null, "MI": null, "Severity": "Fatal", "Crash Category": "Vehicle-Vehicle", "Accused": "2W", "Victim": "Vehicle", "Vehicles Involved": "2W and Vehicle", "Type of Crash": "Hit from Back", "Cause of Crash": "Rash and Negligent" }, "geometry": { "type": "Point", "coordinates": [ 77.570058, 13.047144 ] } },
{ "type": "Feature", "properties": { "Unique ID": "237_209/2023", "Year": 2023, "Tag": "Legitimate", "SL No": 237, "Traffic ps": "HEBBAL TR P S", "Cr no": "209/2023", "Latitude": 13.047144, "Longitude": 77.570058, "Location of Black spot": "DEVINGAR CROSS, Ring Road", "Date (DD/MM/YYYY)": "03/11/2023", "Time ( in 24 hours)": "19:20:00", "Fatal": null, "GI": 1, "MI": null, "Severity": "Non-Fatal", "Crash Category": "Vehicle-Pedestrian", "Accused": "2W", "Victim": "Pedestrian", "Vehicles Involved": "2W and Pedestrian", "Type of Crash": "Hit from Back", "Cause of Crash": "Rash and Negligent" }, "geometry": { "type": "Point", "coordinates": [ 77.570058, 13.047144 ] } },
{ "type": "Feature", "properties": { "Unique ID": "238_212/2023", "Year": 2023, "Tag": "Legitimate", "SL No": 238, "Traffic ps": "HEBBAL TR P S", "Cr no": "212/2023", "Latitude": 13.047144, "Longitude": 77.570058, "Location of Black spot": "DEVINGAR CROSS, Ring Road", "Date (DD/MM/YYYY)": "13/11/2023", "Time ( in 24 hours)": "19:00:00", "Fatal": null, "GI": 1, "MI": null, "Severity": "Non-Fatal", "Crash Category": "Vehicle-Vehicle", "Accused": "2W", "Victim": "2W", "Vehicles Involved": "2W and 2W", "Type of Crash": "Hit from Back", "Cause of Crash": "Rash and Negligent" }, "geometry": { "type": "Point", "coordinates": [ 77.570058, 13.047144 ] } },
{ "type": "Feature", "properties": { "Unique ID": "239_214/2023", "Year": 2023, "Tag": "Legitimate", "SL No": 239, "Traffic ps": "HEBBAL TR P S", "Cr no": "214/2023", "Latitude": 13.047144, "Longitude": 77.570058, "Location of Black spot": "DEVINGAR CROSS, Ring Road", "Date (DD/MM/YYYY)": "17/11/2023", "Time ( in 24 hours)": "06:50:00", "Fatal": null, "GI": 1, "MI": null, "Severity": "Non-Fatal", "Crash Category": "Vehicle-Pedestrian", "Accused": "2W", "Victim": "Pedestrian", "Vehicles Involved": "2W and Pedestrian", "Type of Crash": "Hit from Back", "Cause of Crash": "Rash and Negligent" }, "geometry": { "type": "Point", "coordinates": [ 77.570058, 13.047144 ] } },
{ "type": "Feature", "properties": { "Unique ID": "240_251/2023", "Year": 2023, "Tag": "Legitimate", "SL No": 240, "Traffic ps": "HEBBAL TR P S", "Cr no": "251/2023", "Latitude": 13.047144, "Longitude": 77.570058, "Location of Black spot": "DEVINGAR CROSS, Ring Road", "Date (DD/MM/YYYY)": "11/12/2023", "Time ( in 24 hours)": "21:30:00", "Fatal": null, "GI": 1, "MI": null, "Severity": "Non-Fatal", "Crash Category": "Vehicle-Vehicle", "Accused": "2W", "Victim": "Canter", "Vehicles Involved": "2W and Canter", "Type of Crash": "Hit from Side", "Cause of Crash": "Rash and Negligent" }, "geometry": { "type": "Point", "coordinates": [ 77.570058, 13.047144 ] } },
{ "type": "Feature", "properties": { "Unique ID": "241_57/2023", "Year": 2023, "Tag": "Unique", "SL No": 241, "Traffic ps": "Yelahanka Tr Ps", "Cr no": "57/2023", "Latitude": 13.0769677, "Longitude": 77.59307, "Location of Black spot": "Jakkuru Aero Drom On Flyover, BB Road", "Date (DD/MM/YYYY)": "21/02/2023", "Time ( in 24 hours)": "02:30:00", "Fatal": "1", "GI": null, "MI": null, "Severity": "Fatal", "Crash Category": "Self Accident", "Accused": "Object", "Victim": "2W", "Vehicles Involved": "Object and 2W", "Type of Crash": "Hit Fixed Object", "Cause of Crash": "Rash and Negligent" }, "geometry": { "type": "Point", "coordinates": [ 77.59307, 13.0769677 ] } },
{ "type": "Feature", "properties": { "Unique ID": "242_90/2023", "Year": 2023, "Tag": "Legitimate", "SL No": 242, "Traffic ps": "Yelahanka Tr Ps", "Cr no": "90/2023", "Latitude": 13.076838, "Longitude": 77.592564, "Location of Black spot": "Jakkuru Aero Drom On Flyover, BB Road", "Date (DD/MM/YYYY)": "29/03/2023", "Time ( in 24 hours)": "09:45:00", "Fatal": null, "GI": 1, "MI": null, "Severity": "Non-Fatal", "Crash Category": "Vehicle-Vehicle", "Accused": "Vehicle", "Victim": "3W", "Vehicles Involved": "Vehicle and 3W", "Type of Crash": "Hit from Back", "Cause of Crash": "Rash and Negligent" }, "geometry": { "type": "Point", "coordinates": [ 77.592564, 13.076838 ] } },
{ "type": "Feature", "properties": { "Unique ID": "243_181/2023", "Year": 2023, "Tag": "Unique", "SL No": 243, "Traffic ps": "Yelahanka Tr Ps", "Cr no": "181/2023", "Latitude": 13.076893, "Longitude": 77.592813, "Location of Black spot": "Jakkuru Aero Drom On Flyover, BB Road", "Date (DD/MM/YYYY)": "16/05/2023", "Time ( in 24 hours)": "15:45:00", "Fatal": null, "GI": 1, "MI": null, "Severity": "Non-Fatal", "Crash Category": "Vehicle-Vehicle", "Accused": "2W", "Victim": "3W", "Vehicles Involved": "2W and 3W", "Type of Crash": "Hit from Back", "Cause of Crash": "Rash and Negligent" }, "geometry": { "type": "Point", "coordinates": [ 77.592813, 13.076893 ] } },
{ "type": "Feature", "properties": { "Unique ID": "244_327/2023", "Year": 2023, "Tag": "Legitimate", "SL No": 244, "Traffic ps": "Yelahanka Tr Ps", "Cr no": "327/2023", "Latitude": 13.076838, "Longitude": 77.592564, "Location of Black spot": "Jakkuru Aero Drom On Flyover, BB Road", "Date (DD/MM/YYYY)": "15/09/2023", "Time ( in 24 hours)": "14:30:00", "Fatal": null, "GI": 1, "MI": null, "Severity": "Non-Fatal", "Crash Category": "Vehicle-Vehicle", "Accused": "2W", "Victim": "2W", "Vehicles Involved": "2W and 2W", "Type of Crash": "Hit from Back", "Cause of Crash": "Rash and Negligent" }, "geometry": { "type": "Point", "coordinates": [ 77.592564, 13.076838 ] } },
{ "type": "Feature", "properties": { "Unique ID": "245_367/2023", "Year": 2023, "Tag": "Unique", "SL No": 245, "Traffic ps": "Yelahanka Tr Ps", "Cr no": "367/2023", "Latitude": 13.07564, "Longitude": 77.592702, "Location of Black spot": "Jakkuru Aero Drom On Flyover, BB Road", "Date (DD/MM/YYYY)": "16/11/2023", "Time ( in 24 hours)": "08:20:00", "Fatal": null, "GI": 1, "MI": null, "Severity": "Non-Fatal", "Crash Category": "Vehicle-Vehicle", "Accused": "Car", "Victim": "2W", "Vehicles Involved": "Car and 2W", "Type of Crash": "Hit from Back", "Cause of Crash": "Rash and Negligent" }, "geometry": { "type": "Point", "coordinates": [ 77.592702, 13.07564 ] } },
{ "type": "Feature", "properties": { "Unique ID": "246_397/2023", "Year": 2023, "Tag": "Unique", "SL No": 246, "Traffic ps": "Yelahanka Tr Ps", "Cr no": "397/2023", "Latitude": 13.0762, "Longitude": 77.592776, "Location of Black spot": "Jakkuru Aero Drom On Flyover, BB Road", "Date (DD/MM/YYYY)": "27/12/2023", "Time ( in 24 hours)": "15:10:00", "Fatal": null, "GI": 1, "MI": null, "Severity": "Non-Fatal", "Crash Category": "Vehicle-Vehicle", "Accused": "Lorry", "Victim": "3W", "Vehicles Involved": "Lorry and 3W", "Type of Crash": "Hit from Side", "Cause of Crash": "Rash and Negligent" }, "geometry": { "type": "Point", "coordinates": [ 77.592776, 13.0762 ] } },
{ "type": "Feature", "properties": { "Unique ID": "247_393/2023", "Year": 2023, "Tag": "Unique", "SL No": 247, "Traffic ps": "Yelahanka Tr Ps", "Cr no": "393/2023", "Latitude": 13.095146, "Longitude": 77.597519, "Location of Black spot": "Coffe Day Yelahanka, BB Road", "Date (DD/MM/YYYY)": "22/10/2023", "Time ( in 24 hours)": "10:40:00", "Fatal": "1", "GI": null, "MI": null, "Severity": "Fatal", "Crash Category": "Vehicle-Vehicle", "Accused": "Lorry", "Victim": "2W", "Vehicles Involved": "Lorry and 2W", "Type of Crash": "Hit from Back", "Cause of Crash": "Rash and Negligent" }, "geometry": { "type": "Point", "coordinates": [ 77.597519, 13.095146 ] } },
{ "type": "Feature", "properties": { "Unique ID": "248_91/2023", "Year": 2023, "Tag": "Unique", "SL No": 248, "Traffic ps": "Yelahanka Tr Ps", "Cr no": "91/2023", "Latitude": 13.951, "Longitude": 77.59763, "Location of Black spot": "Coffe Day Yelahanka, BB Road", "Date (DD/MM/YYYY)": "30/03/2023", "Time ( in 24 hours)": "09:22:00", "Fatal": "2", "GI": null, "MI": null, "Severity": "Fatal", "Crash Category": "Self Accident", "Accused": "Object", "Victim": "2W", "Vehicles Involved": "Object and 2W", "Type of Crash": "Hit Fixed Object", "Cause of Crash": "Rash and Negligent" }, "geometry": { "type": "Point", "coordinates": [ 77.59763, 13.951 ] } },
{ "type": "Feature", "properties": { "Unique ID": "249_0011/2023", "Year": 2023, "Tag": "Unique", "SL No": 249, "Traffic ps": "Yelahanka Tr Ps", "Cr no": "0011/2023", "Latitude": 13.094657, "Longitude": 77.597289, "Location of Black spot": "Coffe Day Yelahanka, BB Road", "Date (DD/MM/YYYY)": "07/01/2023", "Time ( in 24 hours)": "13:30:00", "Fatal": null, "GI": 1, "MI": null, "Severity": "Non-Fatal", "Crash Category": "Vehicle-Vehicle", "Accused": "2W", "Victim": "2W", "Vehicles Involved": "2W and 2W", "Type of Crash": "Hit from Back", "Cause of Crash": "Rash and Negligent" }, "geometry": { "type": "Point", "coordinates": [ 77.597289, 13.094657 ] } },
{ "type": "Feature", "properties": { "Unique ID": "250_184/2023", "Year": 2023, "Tag": "Unique", "SL No": 250, "Traffic ps": "Yelahanka Tr Ps", "Cr no": "184/2023", "Latitude": 13.093306, "Longitude": 77.597167, "Location of Black spot": "Coffe Day Yelahanka, BB Road", "Date (DD/MM/YYYY)": "16/05/2023", "Time ( in 24 hours)": "03:50:00", "Fatal": null, "GI": 1, "MI": null, "Severity": "Non-Fatal", "Crash Category": "Vehicle-Vehicle", "Accused": "Car", "Victim": "Car", "Vehicles Involved": "Car and Car", "Type of Crash": "Hit from Back", "Cause of Crash": "Rash and Negligent" }, "geometry": { "type": "Point", "coordinates": [ 77.597167, 13.093306 ] } },
{ "type": "Feature", "properties": { "Unique ID": "251_206/2023", "Year": 2023, "Tag": "Unique", "SL No": 251, "Traffic ps": "Yelahanka Tr Ps", "Cr no": "206/2023", "Latitude": 13.09539, "Longitude": 77.597674, "Location of Black spot": "Coffe Day Yelahanka, BB Road", "Date (DD/MM/YYYY)": "16/03/2023", "Time ( in 24 hours)": "08:30:00", "Fatal": null, "GI": 2, "MI": null, "Severity": "Non-Fatal", "Crash Category": "Vehicle-Vehicle", "Accused": "2W", "Victim": "2W", "Vehicles Involved": "2W and 2W", "Type of Crash": "Hit from Back", "Cause of Crash": "Rash and Negligent" }, "geometry": { "type": "Point", "coordinates": [ 77.597674, 13.09539 ] } },
{ "type": "Feature", "properties": { "Unique ID": "252_220/2023", "Year": 2023, "Tag": "Legitimate", "SL No": 252, "Traffic ps": "Yelahanka Tr Ps", "Cr no": "220/2023", "Latitude": 13.094657, "Longitude": 77.597289, "Location of Black spot": "Coffe Day Yelahanka, BB Road", "Date (DD/MM/YYYY)": "21/06/2023", "Time ( in 24 hours)": "12:40:00", "Fatal": null, "GI": 1, "MI": null, "Severity": "Non-Fatal", "Crash Category": "Vehicle-Pedestrian", "Accused": "Car", "Victim": "Pedestrian", "Vehicles Involved": "Car and Pedestrian", "Type of Crash": "Hit from Side", "Cause of Crash": "Rash and Negligent" }, "geometry": { "type": "Point", "coordinates": [ 77.597289, 13.094657 ] } },
{ "type": "Feature", "properties": { "Unique ID": "253_231/2023", "Year": 2023, "Tag": "Legitimate", "SL No": 253, "Traffic ps": "Yelahanka Tr Ps", "Cr no": "231/2023", "Latitude": 13.094657, "Longitude": 77.597289, "Location of Black spot": "Coffe Day Yelahanka, BB Road", "Date (DD/MM/YYYY)": "29/06/2023", "Time ( in 24 hours)": "21:00:00", "Fatal": null, "GI": 1, "MI": null, "Severity": "Non-Fatal", "Crash Category": "Vehicle-Pedestrian", "Accused": "Car", "Victim": "Pedestrian", "Vehicles Involved": "Car and Pedestrian", "Type of Crash": "Hit from Side", "Cause of Crash": "Rash and Negligent" }, "geometry": { "type": "Point", "coordinates": [ 77.597289, 13.094657 ] } },
{ "type": "Feature", "properties": { "Unique ID": "254_309/2023", "Year": 2023, "Tag": "Unique", "SL No": 254, "Traffic ps": "Yelahanka Tr Ps", "Cr no": "309/2023", "Latitude": 13.094657, "Longitude": 77.597289, "Location of Black spot": "Coffe Day Yelahanka, BB Road", "Date (DD/MM/YYYY)": "28/08/2023", "Time ( in 24 hours)": "05:45:00", "Fatal": null, "GI": 1, "MI": null, "Severity": "Non-Fatal", "Crash Category": "Vehicle-Vehicle", "Accused": "Car", "Victim": "2W", "Vehicles Involved": "Car and 2W", "Type of Crash": "Hit from Back", "Cause of Crash": "Rash and Negligent" }, "geometry": { "type": "Point", "coordinates": [ 77.597289, 13.094657 ] } },
{ "type": "Feature", "properties": { "Unique ID": "255_359/2023", "Year": 2023, "Tag": "Legitimate", "SL No": 255, "Traffic ps": "Yelahanka Tr Ps", "Cr no": "359/2023", "Latitude": 13.093306, "Longitude": 77.597167, "Location of Black spot": "Coffe Day Yelahanka, BB Road", "Date (DD/MM/YYYY)": "01/11/2023", "Time ( in 24 hours)": "19:15:00", "Fatal": null, "GI": 1, "MI": 1, "Severity": "Non-Fatal", "Crash Category": "Vehicle-Vehicle", "Accused": "2W", "Victim": "2W", "Vehicles Involved": "2W and 2W", "Type of Crash": "Hit from Back", "Cause of Crash": "Rash and Negligent" }, "geometry": { "type": "Point", "coordinates": [ 77.597167, 13.093306 ] } },
{ "type": "Feature", "properties": { "Unique ID": "256_363/2023", "Year": 2023, "Tag": "Unique", "SL No": 256, "Traffic ps": "Yelahanka Tr Ps", "Cr no": "363/2023", "Latitude": 13.09539, "Longitude": 77.597674, "Location of Black spot": "Coffe Day Yelahanka, BB Road", "Date (DD/MM/YYYY)": "08/11/2023", "Time ( in 24 hours)": "01:20:00", "Fatal": null, "GI": 1, "MI": null, "Severity": "Non-Fatal", "Crash Category": "Self Accident", "Accused": "Object", "Victim": "Car", "Vehicles Involved": "Object and Car", "Type of Crash": "Hit Fixed Object", "Cause of Crash": "Rash and Negligent" }, "geometry": { "type": "Point", "coordinates": [ 77.597674, 13.09539 ] } },
{ "type": "Feature", "properties": { "Unique ID": "257_380/2023", "Year": 2023, "Tag": "Legitimate", "SL No": 257, "Traffic ps": "Yelahanka Tr Ps", "Cr no": "380/2023", "Latitude": 13.094657, "Longitude": 77.597289, "Location of Black spot": "Coffe Day Yelahanka, BB Road", "Date (DD/MM/YYYY)": "03/12/2023", "Time ( in 24 hours)": "08:00:00", "Fatal": null, "GI": 1, "MI": null, "Severity": "Non-Fatal", "Crash Category": "Vehicle-Pedestrian", "Accused": "2W", "Victim": "Pedestrian", "Vehicles Involved": "2W and Pedestrian", "Type of Crash": "Hit from Side", "Cause of Crash": "Rash and Negligent" }, "geometry": { "type": "Point", "coordinates": [ 77.597289, 13.094657 ] } },
{ "type": "Feature", "properties": { "Unique ID": "258_0001/2023", "Year": 2023, "Tag": "Unique", "SL No": 258, "Traffic ps": "Yelahanka Tr Ps", "Cr no": "0001/2023", "Latitude": 13.118449, "Longitude": 77.609084, "Location of Black spot": "Palanahalli Gate, BB Road", "Date (DD/MM/YYYY)": "01/01/2023", "Time ( in 24 hours)": "13:00:00", "Fatal": "1", "GI": 1, "MI": null, "Severity": "Fatal", "Crash Category": "Vehicle-Vehicle", "Accused": "2W", "Victim": "2W", "Vehicles Involved": "2W and 2W", "Type of Crash": "Hit from Back", "Cause of Crash": "Rash and Negligent" }, "geometry": { "type": "Point", "coordinates": [ 77.609084, 13.118449 ] } },
{ "type": "Feature", "properties": { "Unique ID": "259_296/2023", "Year": 2023, "Tag": "Legitimate", "SL No": 259, "Traffic ps": "Yelahanka Tr Ps", "Cr no": "296/2023", "Latitude": 13.11741, "Longitude": 77.608683, "Location of Black spot": "Palanahalli Gate, BB Road", "Date (DD/MM/YYYY)": "13/08/2023", "Time ( in 24 hours)": "02:45:00", "Fatal": "2", "GI": null, "MI": null, "Severity": "Fatal", "Crash Category": "Self Accident", "Accused": "Object", "Victim": "Car", "Vehicles Involved": "Object and Car", "Type of Crash": "Hit Fixed Object", "Cause of Crash": "Rash and Negligent" }, "geometry": { "type": "Point", "coordinates": [ 77.608683, 13.11741 ] } },
{ "type": "Feature", "properties": { "Unique ID": "260_76/2023", "Year": 2023, "Tag": "Unique", "SL No": 260, "Traffic ps": "Yelahanka Tr Ps", "Cr no": "76/2023", "Latitude": 13.118449, "Longitude": 77.609084, "Location of Black spot": "Palanahalli Gate, BB Road", "Date (DD/MM/YYYY)": "11/03/2023", "Time ( in 24 hours)": "10:00:00", "Fatal": null, "GI": 2, "MI": null, "Severity": "Non-Fatal", "Crash Category": "Self Accident", "Accused": "Object", "Victim": "2W", "Vehicles Involved": "Object and 2W", "Type of Crash": "Hit Fixed Object", "Cause of Crash": "Rash and Negligent" }, "geometry": { "type": "Point", "coordinates": [ 77.609084, 13.118449 ] } },
{ "type": "Feature", "properties": { "Unique ID": "261_334/2023", "Year": 2023, "Tag": "Unique", "SL No": 261, "Traffic ps": "Yelahanka Tr Ps", "Cr no": "334/2023", "Latitude": 13.117435, "Longitude": 77.608222, "Location of Black spot": "Palanahalli Gate, BB Road", "Date (DD/MM/YYYY)": "25/09/2023", "Time ( in 24 hours)": "08:00:00", "Fatal": null, "GI": 1, "MI": null, "Severity": "Non-Fatal", "Crash Category": "Vehicle-Vehicle", "Accused": "Car", "Victim": "2W", "Vehicles Involved": "Car and 2W", "Type of Crash": "Hit Fixed Object", "Cause of Crash": "Wrong Parking" }, "geometry": { "type": "Point", "coordinates": [ 77.608222, 13.117435 ] } },
{ "type": "Feature", "properties": { "Unique ID": "262_400/2023", "Year": 2023, "Tag": "Unique", "SL No": 262, "Traffic ps": "Yelahanka Tr Ps", "Cr no": "400/2023", "Latitude": 13.118013, "Longitude": 77.608573, "Location of Black spot": "Palanahalli Gate, BB Road", "Date (DD/MM/YYYY)": "30/12/2023", "Time ( in 24 hours)": "03:10:00", "Fatal": null, "GI": 1, "MI": null, "Severity": "Non-Fatal", "Crash Category": "Vehicle-Vehicle", "Accused": "2W", "Victim": "2W", "Vehicles Involved": "2W and 2W", "Type of Crash": "Head-On", "Cause of Crash": "Rash and Negligent" }, "geometry": { "type": "Point", "coordinates": [ 77.608573, 13.118013 ] } },
{ "type": "Feature", "properties": { "Unique ID": "263_223/2023", "Year": 2023, "Tag": "Unique", "SL No": 263, "Traffic ps": "Yelahanka Tr Ps", "Cr no": "223/2023", "Latitude": 13.133092, "Longitude": 77.616177, "Location of Black spot": "IAF Gate, BB Road", "Date (DD/MM/YYYY)": "22/06/2023", "Time ( in 24 hours)": "23:30:00", "Fatal": "1", "GI": null, "MI": null, "Severity": "Fatal", "Crash Category": "Vehicle-Pedestrian", "Accused": "Car", "Victim": "Pedestrian", "Vehicles Involved": "Car and Pedestrian", "Type of Crash": "Hit from Side", "Cause of Crash": "Rash and Negligent" }, "geometry": { "type": "Point", "coordinates": [ 77.616177, 13.133092 ] } },
{ "type": "Feature", "properties": { "Unique ID": "264_353/2023", "Year": 2023, "Tag": "Unique", "SL No": 264, "Traffic ps": "Yelahanka Tr Ps", "Cr no": "353/2023", "Latitude": 13.131544, "Longitude": 77.615389, "Location of Black spot": "IAF Gate, BB Road", "Date (DD/MM/YYYY)": "26/10/2023", "Time ( in 24 hours)": "19:25:00", "Fatal": "1", "GI": null, "MI": null, "Severity": "Fatal", "Crash Category": "Vehicle-Vehicle", "Accused": "2W", "Victim": "Vehicle", "Vehicles Involved": "2W and Vehicle", "Type of Crash": "Head-On", "Cause of Crash": "Rash and Negligent" }, "geometry": { "type": "Point", "coordinates": [ 77.615389, 13.131544 ] } },
{ "type": "Feature", "properties": { "Unique ID": "265_366/2023", "Year": 2023, "Tag": "Unique", "SL No": 265, "Traffic ps": "Yelahanka Tr Ps", "Cr no": "366/2023", "Latitude": 13.137264, "Longitude": 77.617607, "Location of Black spot": "IAF Gate, BB Road", "Date (DD/MM/YYYY)": "17/11/2023", "Time ( in 24 hours)": "04:00:00", "Fatal": "2", "GI": null, "MI": null, "Severity": "Fatal", "Crash Category": "Self Accident", "Accused": "Object", "Victim": "2W", "Vehicles Involved": "Object and 2W", "Type of Crash": "Hit Fixed Object", "Cause of Crash": "Rash and Negligent" }, "geometry": { "type": "Point", "coordinates": [ 77.617607, 13.137264 ] } },
{ "type": "Feature", "properties": { "Unique ID": "266_38/2023", "Year": 2023, "Tag": "Legitimate", "SL No": 266, "Traffic ps": "CHIKKAJALA TR P S", "Cr no": "38/2023", "Latitude": 13.144465, "Longitude": 77.61758, "Location of Black spot": "Hunasamaranahalli BB Road", "Date (DD/MM/YYYY)": "14/03/2023", "Time ( in 24 hours)": "03:30:00", "Fatal": "1", "GI": 1, "MI": null, "Severity": "Fatal", "Crash Category": "Self Accident", "Accused": "Object", "Victim": "Car", "Vehicles Involved": "Object and Car", "Type of Crash": "Hit Fixed Object", "Cause of Crash": "Rash and Negligent" }, "geometry": { "type": "Point", "coordinates": [ 77.61758, 13.144465 ] } },
{ "type": "Feature", "properties": { "Unique ID": "267_41/2023", "Year": 2023, "Tag": "Legitimate", "SL No": 267, "Traffic ps": "CHIKKAJALA TR P S", "Cr no": "41/2023", "Latitude": 13.144465, "Longitude": 77.61758, "Location of Black spot": "Hunasamaranahalli BB Road", "Date (DD/MM/YYYY)": "20/03/2023", "Time ( in 24 hours)": "13:30:00", "Fatal": "1", "GI": null, "MI": null, "Severity": "Fatal", "Crash Category": "Vehicle-Pedestrian", "Accused": "Vehicle", "Victim": "Pedestrian", "Vehicles Involved": "Vehicle and Pedestrian", "Type of Crash": "Hit from Back", "Cause of Crash": "Rash and Negligent" }, "geometry": { "type": "Point", "coordinates": [ 77.61758, 13.144465 ] } },
{ "type": "Feature", "properties": { "Unique ID": "268_101/2023", "Year": 2023, "Tag": "Unique", "SL No": 268, "Traffic ps": "CHIKKAJALA TR P S", "Cr no": "101/2023", "Latitude": 13.144465, "Longitude": 77.61758, "Location of Black spot": "Hunasamaranahalli BB Road", "Date (DD/MM/YYYY)": "28/07/2023", "Time ( in 24 hours)": "02:25:00", "Fatal": "1", "GI": null, "MI": null, "Severity": "Fatal", "Crash Category": "Vehicle-Vehicle", "Accused": "Car", "Victim": "Car", "Vehicles Involved": "Car and Car", "Type of Crash": "Head-On", "Cause of Crash": "Rash and Negligent" }, "geometry": { "type": "Point", "coordinates": [ 77.61758, 13.144465 ] } },
{ "type": "Feature", "properties": { "Unique ID": "269_116/2023", "Year": 2023, "Tag": "Legitimate", "SL No": 269, "Traffic ps": "CHIKKAJALA TR P S", "Cr no": "116/2023", "Latitude": 13.144465, "Longitude": 77.61758, "Location of Black spot": "Hunasamaranahalli BB Road", "Date (DD/MM/YYYY)": "04/09/2023", "Time ( in 24 hours)": "19:20:00", "Fatal": "1", "GI": null, "MI": null, "Severity": "Fatal", "Crash Category": "Vehicle-Pedestrian", "Accused": "Car", "Victim": "Pedestrian", "Vehicles Involved": "Car and Pedestrian", "Type of Crash": "Hit from Side", "Cause of Crash": "Rash and Negligent" }, "geometry": { "type": "Point", "coordinates": [ 77.61758, 13.144465 ] } },
{ "type": "Feature", "properties": { "Unique ID": "270_129/2023", "Year": 2023, "Tag": "Legitimate", "SL No": 270, "Traffic ps": "CHIKKAJALA TR P S", "Cr no": "129/2023", "Latitude": 13.144465, "Longitude": 77.61758, "Location of Black spot": "Hunasamaranahalli BB Road", "Date (DD/MM/YYYY)": "07/10/2023", "Time ( in 24 hours)": "07:20:00", "Fatal": "1", "GI": 1, "MI": null, "Severity": "Fatal", "Crash Category": "Vehicle-Pedestrian", "Accused": "2W", "Victim": "Pedestrian", "Vehicles Involved": "2W and Pedestrian", "Type of Crash": "Hit from Side", "Cause of Crash": "Rash and Negligent" }, "geometry": { "type": "Point", "coordinates": [ 77.61758, 13.144465 ] } },
{ "type": "Feature", "properties": { "Unique ID": "271_149/2023", "Year": 2023, "Tag": "Unique", "SL No": 271, "Traffic ps": "CHIKKAJALA TR P S", "Cr no": "149/2023", "Latitude": 13.144465, "Longitude": 77.61758, "Location of Black spot": "Hunasamaranahalli BB Road", "Date (DD/MM/YYYY)": "22/11/2023", "Time ( in 24 hours)": "20:45:00", "Fatal": "1", "GI": null, "MI": null, "Severity": "Fatal", "Crash Category": "Vehicle-Vehicle", "Accused": "Bus", "Victim": "2W", "Vehicles Involved": "Bus and 2W", "Type of Crash": "Hit from Side", "Cause of Crash": "Rash and Negligent" }, "geometry": { "type": "Point", "coordinates": [ 77.61758, 13.144465 ] } },
{ "type": "Feature", "properties": { "Unique ID": "272_13/2023", "Year": 2023, "Tag": "Unique", "SL No": 272, "Traffic ps": "CHIKKAJALA TR P S", "Cr no": "13/2023", "Latitude": 13.144465, "Longitude": 77.61758, "Location of Black spot": "Hunasamaranahalli BB Road", "Date (DD/MM/YYYY)": "20/01/2023", "Time ( in 24 hours)": "01:25:00", "Fatal": null, "GI": 3, "MI": null, "Severity": "Non-Fatal", "Crash Category": "Self Accident", "Accused": "Object", "Victim": "Car", "Vehicles Involved": "Object and Car", "Type of Crash": "Hit Fixed Object", "Cause of Crash": "Rash and Negligent" }, "geometry": { "type": "Point", "coordinates": [ 77.61758, 13.144465 ] } },
{ "type": "Feature", "properties": { "Unique ID": "273_28/2023", "Year": 2023, "Tag": "Unique", "SL No": 273, "Traffic ps": "CHIKKAJALA TR P S", "Cr no": "28/2023", "Latitude": 13.144465, "Longitude": 77.61758, "Location of Black spot": "Hunasamaranahalli BB Road", "Date (DD/MM/YYYY)": "15/02/2023", "Time ( in 24 hours)": "20:45:00", "Fatal": null, "GI": 1, "MI": null, "Severity": "Non-Fatal", "Crash Category": "Self Accident", "Accused": "Object", "Victim": "2W", "Vehicles Involved": "Object and 2W", "Type of Crash": "Hit Fixed Object", "Cause of Crash": "Rash and Negligent" }, "geometry": { "type": "Point", "coordinates": [ 77.61758, 13.144465 ] } },
{ "type": "Feature", "properties": { "Unique ID": "274_51/2023", "Year": 2023, "Tag": "Unique", "SL No": 274, "Traffic ps": "CHIKKAJALA TR P S", "Cr no": "51/2023", "Latitude": 13.144465, "Longitude": 77.61758, "Location of Black spot": "Hunasamaranahalli BB Road", "Date (DD/MM/YYYY)": "03/04/2023", "Time ( in 24 hours)": "12:30:00", "Fatal": null, "GI": 1, "MI": null, "Severity": "Non-Fatal", "Crash Category": "Vehicle-Vehicle", "Accused": "Canter", "Victim": "2W", "Vehicles Involved": "Canter and 2W", "Type of Crash": "Hit from Side", "Cause of Crash": "Rash and Negligent" }, "geometry": { "type": "Point", "coordinates": [ 77.61758, 13.144465 ] } },
{ "type": "Feature", "properties": { "Unique ID": "275_65/2023", "Year": 2023, "Tag": "Unique", "SL No": 275, "Traffic ps": "CHIKKAJALA TR P S", "Cr no": "65/2023", "Latitude": 13.144465, "Longitude": 77.61758, "Location of Black spot": "Hunasamaranahalli BB Road", "Date (DD/MM/YYYY)": "26/05/2023", "Time ( in 24 hours)": "15:00:00", "Fatal": null, "GI": 1, "MI": null, "Severity": "Non-Fatal", "Crash Category": "Vehicle-Vehicle", "Accused": "2W", "Victim": "Car", "Vehicles Involved": "2W and Car", "Type of Crash": "Hit from Back", "Cause of Crash": "Rash and Negligent" }, "geometry": { "type": "Point", "coordinates": [ 77.61758, 13.144465 ] } },
{ "type": "Feature", "properties": { "Unique ID": "276_94/2023", "Year": 2023, "Tag": "Unique", "SL No": 276, "Traffic ps": "CHIKKAJALA TR P S", "Cr no": "94/2023", "Latitude": 13.144465, "Longitude": 77.61758, "Location of Black spot": "Hunasamaranahalli BB Road", "Date (DD/MM/YYYY)": "11/07/2023", "Time ( in 24 hours)": "20:30:00", "Fatal": null, "GI": 1, "MI": null, "Severity": "Non-Fatal", "Crash Category": "Vehicle-Vehicle", "Accused": "2W", "Victim": "Car", "Vehicles Involved": "2W and Car", "Type of Crash": "Hit from Back", "Cause of Crash": "Rash and Negligent" }, "geometry": { "type": "Point", "coordinates": [ 77.61758, 13.144465 ] } },
{ "type": "Feature", "properties": { "Unique ID": "277_115/2023", "Year": 2023, "Tag": "Legitimate", "SL No": 277, "Traffic ps": "CHIKKAJALA TR P S", "Cr no": "115/2023", "Latitude": 13.144465, "Longitude": 77.61758, "Location of Black spot": "Hunasamaranahalli BB Road", "Date (DD/MM/YYYY)": "26/08/2023", "Time ( in 24 hours)": "17:45:00", "Fatal": null, "GI": 1, "MI": null, "Severity": "Non-Fatal", "Crash Category": "Vehicle-Vehicle", "Accused": "Car", "Victim": "2W", "Vehicles Involved": "Car and 2W", "Type of Crash": "Hit from Back", "Cause of Crash": "Rash and Negligent" }, "geometry": { "type": "Point", "coordinates": [ 77.61758, 13.144465 ] } },
{ "type": "Feature", "properties": { "Unique ID": "278_122/2023", "Year": 2023, "Tag": "Legitimate", "SL No": 278, "Traffic ps": "CHIKKAJALA TR P S", "Cr no": "122/2023", "Latitude": 13.151895, "Longitude": 77.620317, "Location of Black spot": "MVIT BB ROAD", "Date (DD/MM/YYYY)": "17/09/2023", "Time ( in 24 hours)": "23:30:00", "Fatal": "1", "GI": null, "MI": null, "Severity": "Fatal", "Crash Category": "Vehicle-Pedestrian", "Accused": "Vehicle", "Victim": "Pedestrian", "Vehicles Involved": "Vehicle and Pedestrian", "Type of Crash": "Hit from Side", "Cause of Crash": "Rash and Negligent" }, "geometry": { "type": "Point", "coordinates": [ 77.620317, 13.151895 ] } },
{ "type": "Feature", "properties": { "Unique ID": "279_75/2023", "Year": 2023, "Tag": "Unique", "SL No": 279, "Traffic ps": "CHIKKAJALA TR P S", "Cr no": "75/2023", "Latitude": 13.151895, "Longitude": 77.620317, "Location of Black spot": "MVIT BB ROAD", "Date (DD/MM/YYYY)": "15/06/2023", "Time ( in 24 hours)": "12:00:00", "Fatal": null, "GI": 1, "MI": null, "Severity": "Non-Fatal", "Crash Category": "Vehicle-Pedestrian", "Accused": "Car", "Victim": "Pedestrian", "Vehicles Involved": "Car and Pedestrian", "Type of Crash": "Hit from Side", "Cause of Crash": "Rash and Negligent" }, "geometry": { "type": "Point", "coordinates": [ 77.620317, 13.151895 ] } },
{ "type": "Feature", "properties": { "Unique ID": "280_118/2023", "Year": 2023, "Tag": "Legitimate", "SL No": 280, "Traffic ps": "CHIKKAJALA TR P S", "Cr no": "118/2023", "Latitude": 13.151895, "Longitude": 77.620317, "Location of Black spot": "MVIT BB ROAD", "Date (DD/MM/YYYY)": "07/09/2023", "Time ( in 24 hours)": "18:30:00", "Fatal": null, "GI": 1, "MI": null, "Severity": "Non-Fatal", "Crash Category": "Vehicle-Pedestrian", "Accused": "2W", "Victim": "Pedestrian", "Vehicles Involved": "2W and Pedestrian", "Type of Crash": "Hit from Side", "Cause of Crash": "Rash and Negligent" }, "geometry": { "type": "Point", "coordinates": [ 77.620317, 13.151895 ] } },
{ "type": "Feature", "properties": { "Unique ID": "281_140/2023", "Year": 2023, "Tag": "Legitimate", "SL No": 281, "Traffic ps": "CHIKKAJALA TR P S", "Cr no": "140/2023", "Latitude": 13.151895, "Longitude": 77.620317, "Location of Black spot": "MVIT BB ROAD", "Date (DD/MM/YYYY)": "30/10/2023", "Time ( in 24 hours)": "15:30:00", "Fatal": null, "GI": 1, "MI": null, "Severity": "Non-Fatal", "Crash Category": "Vehicle-Pedestrian", "Accused": "Car", "Victim": "Pedestrian", "Vehicles Involved": "Car and Pedestrian", "Type of Crash": "Hit from Side", "Cause of Crash": "Rash and Negligent" }, "geometry": { "type": "Point", "coordinates": [ 77.620317, 13.151895 ] } },
{ "type": "Feature", "properties": { "Unique ID": "282_100/2023", "Year": 2023, "Tag": "Unique", "SL No": 282, "Traffic ps": "CHIKKAJALA TR P S", "Cr no": "100/2023", "Latitude": 13.15677, "Longitude": 77.62339, "Location of Black spot": "Bettahasoor BB Road", "Date (DD/MM/YYYY)": "25/07/2023", "Time ( in 24 hours)": "19:45:00", "Fatal": "1", "GI": null, "MI": null, "Severity": "Fatal", "Crash Category": "Vehicle-Pedestrian", "Accused": "3W", "Victim": "Pedestrian", "Vehicles Involved": "3W and Pedestrian", "Type of Crash": "Hit from Side", "Cause of Crash": "Rash and Negligent" }, "geometry": { "type": "Point", "coordinates": [ 77.62339, 13.15677 ] } },
{ "type": "Feature", "properties": { "Unique ID": "283_123/2023", "Year": 2023, "Tag": "Legitimate", "SL No": 283, "Traffic ps": "CHIKKAJALA TR P S", "Cr no": "123/2023", "Latitude": 13.15677, "Longitude": 77.62339, "Location of Black spot": "Bettahasoor BB Road", "Date (DD/MM/YYYY)": "21/09/2023", "Time ( in 24 hours)": "14:25:00", "Fatal": "1", "GI": null, "MI": null, "Severity": "Fatal", "Crash Category": "Vehicle-Pedestrian", "Accused": "Car", "Victim": "Pedestrian", "Vehicles Involved": "Car and Pedestrian", "Type of Crash": "Hit from Side", "Cause of Crash": "Rash and Negligent" }, "geometry": { "type": "Point", "coordinates": [ 77.62339, 13.15677 ] } },
{ "type": "Feature", "properties": { "Unique ID": "284_159/2023", "Year": 2023, "Tag": "Unique", "SL No": 284, "Traffic ps": "CHIKKAJALA TR P S", "Cr no": "159/2023", "Latitude": 13.15677, "Longitude": 77.62339, "Location of Black spot": "Bettahasoor BB Road", "Date (DD/MM/YYYY)": "16/12/2023", "Time ( in 24 hours)": "05:30:00", "Fatal": "1", "GI": null, "MI": null, "Severity": "Fatal", "Crash Category": "Vehicle-Vehicle", "Accused": "Lorry", "Victim": "Cycle", "Vehicles Involved": "Lorry and Cycle", "Type of Crash": "Hit from Side", "Cause of Crash": "Rash and Negligent" }, "geometry": { "type": "Point", "coordinates": [ 77.62339, 13.15677 ] } },
{ "type": "Feature", "properties": { "Unique ID": "285_27/2023", "Year": 2023, "Tag": "Unique", "SL No": 285, "Traffic ps": "CHIKKAJALA TR P S", "Cr no": "27/2023", "Latitude": 13.15677, "Longitude": 77.62339, "Location of Black spot": "Bettahasoor BB Road", "Date (DD/MM/YYYY)": "15/02/2023", "Time ( in 24 hours)": "11:00:00", "Fatal": null, "GI": 1, "MI": null, "Severity": "Non-Fatal", "Crash Category": "Vehicle-Vehicle", "Accused": "2W", "Victim": "2W", "Vehicles Involved": "2W and 2W", "Type of Crash": "Hit from Side", "Cause of Crash": "Rash and Negligent" }, "geometry": { "type": "Point", "coordinates": [ 77.62339, 13.15677 ] } },
{ "type": "Feature", "properties": { "Unique ID": "286_60/2023", "Year": 2023, "Tag": "Unique", "SL No": 286, "Traffic ps": "CHIKKAJALA TR P S", "Cr no": "60/2023", "Latitude": 13.19008, "Longitude": 77.64552, "Location of Black spot": "Meenukute Hosur BB Road", "Date (DD/MM/YYYY)": "30/04/2023", "Time ( in 24 hours)": "10:30:00", "Fatal": "1", "GI": 2, "MI": null, "Severity": "Fatal", "Crash Category": "Self Accident", "Accused": "Object", "Victim": "Car", "Vehicles Involved": "Object and Car", "Type of Crash": "Hit Fixed Object", "Cause of Crash": "Rash and Negligent" }, "geometry": { "type": "Point", "coordinates": [ 77.64552, 13.19008 ] } },
{ "type": "Feature", "properties": { "Unique ID": "287_67/2023", "Year": 2023, "Tag": "Legitimate", "SL No": 287, "Traffic ps": "CHIKKAJALA TR P S", "Cr no": "67/2023", "Latitude": 13.19008, "Longitude": 77.64552, "Location of Black spot": "Meenukute Hosur BB Road", "Date (DD/MM/YYYY)": "31/05/2023", "Time ( in 24 hours)": "19:30:00", "Fatal": "1", "GI": null, "MI": null, "Severity": "Fatal", "Crash Category": "Vehicle-Vehicle", "Accused": "2W", "Victim": "2W", "Vehicles Involved": "2W and 2W", "Type of Crash": "Hit from Side", "Cause of Crash": "Rash and Negligent" }, "geometry": { "type": "Point", "coordinates": [ 77.64552, 13.19008 ] } },
{ "type": "Feature", "properties": { "Unique ID": "288_132/2023", "Year": 2023, "Tag": "Unique", "SL No": 288, "Traffic ps": "CHIKKAJALA TR P S", "Cr no": "132/2023", "Latitude": 13.19008, "Longitude": 77.64552, "Location of Black spot": "Meenukute Hosur BB Road", "Date (DD/MM/YYYY)": "01/11/2023", "Time ( in 24 hours)": "06:30:00", "Fatal": "1", "GI": 1, "MI": null, "Severity": "Fatal", "Crash Category": "Vehicle-Vehicle", "Accused": "2W", "Victim": "Bus", "Vehicles Involved": "2W and Bus", "Type of Crash": "Hit from Side", "Cause of Crash": "Rash and Negligent" }, "geometry": { "type": "Point", "coordinates": [ 77.64552, 13.19008 ] } },
{ "type": "Feature", "properties": { "Unique ID": "289_30/2023", "Year": 2023, "Tag": "Unique", "SL No": 289, "Traffic ps": "CHIKKAJALA TR P S", "Cr no": "30/2023", "Latitude": 13.19008, "Longitude": 77.64552, "Location of Black spot": "Meenukute Hosur BB Road", "Date (DD/MM/YYYY)": "18/02/2023", "Time ( in 24 hours)": "16:45:00", "Fatal": null, "GI": 2, "MI": null, "Severity": "Non-Fatal", "Crash Category": "Vehicle-Vehicle", "Accused": "2W", "Victim": "Car", "Vehicles Involved": "2W and Car", "Type of Crash": "Hit from Side", "Cause of Crash": "Rash and Negligent" }, "geometry": { "type": "Point", "coordinates": [ 77.64552, 13.19008 ] } },
{ "type": "Feature", "properties": { "Unique ID": "290_40/2023", "Year": 2023, "Tag": "Legitimate", "SL No": 290, "Traffic ps": "CHIKKAJALA TR P S", "Cr no": "40/2023", "Latitude": 13.19008, "Longitude": 77.64552, "Location of Black spot": "Meenukute Hosur BB Road", "Date (DD/MM/YYYY)": "15/03/2023", "Time ( in 24 hours)": "10:30:00", "Fatal": null, "GI": 2, "MI": null, "Severity": "Non-Fatal", "Crash Category": "Vehicle-Vehicle", "Accused": "2W", "Victim": "Bus", "Vehicles Involved": "2W and Bus", "Type of Crash": "Hit from Back", "Cause of Crash": "Rash and Negligent" }, "geometry": { "type": "Point", "coordinates": [ 77.64552, 13.19008 ] } },
{ "type": "Feature", "properties": { "Unique ID": "291_48/2023", "Year": 2023, "Tag": "Unique", "SL No": 291, "Traffic ps": "CHIKKAJALA TR P S", "Cr no": "48/2023", "Latitude": 13.19008, "Longitude": 77.64552, "Location of Black spot": "Meenukute Hosur BB Road", "Date (DD/MM/YYYY)": "24/03/2023", "Time ( in 24 hours)": "04:40:00", "Fatal": null, "GI": 2, "MI": null, "Severity": "Non-Fatal", "Crash Category": "Vehicle-Vehicle", "Accused": "Car", "Victim": "Lorry", "Vehicles Involved": "Car and Lorry", "Type of Crash": "Hit from Back", "Cause of Crash": "Rash and Negligent" }, "geometry": { "type": "Point", "coordinates": [ 77.64552, 13.19008 ] } },
{ "type": "Feature", "properties": { "Unique ID": "292_78/2023", "Year": 2023, "Tag": "Legitimate", "SL No": 292, "Traffic ps": "CHIKKAJALA TR P S", "Cr no": "78/2023", "Latitude": 13.19008, "Longitude": 77.64552, "Location of Black spot": "Meenukute Hosur BB Road", "Date (DD/MM/YYYY)": "21/06/2023", "Time ( in 24 hours)": "19:15:00", "Fatal": null, "GI": 1, "MI": null, "Severity": "Non-Fatal", "Crash Category": "Vehicle-Vehicle", "Accused": "2W", "Victim": "Car", "Vehicles Involved": "2W and Car", "Type of Crash": "Hit from Side", "Cause of Crash": "Rash and Negligent" }, "geometry": { "type": "Point", "coordinates": [ 77.64552, 13.19008 ] } },
{ "type": "Feature", "properties": { "Unique ID": "293_109/2023", "Year": 2023, "Tag": "Legitimate", "SL No": 293, "Traffic ps": "CHIKKAJALA TR P S", "Cr no": "109/2023", "Latitude": 13.19008, "Longitude": 77.64552, "Location of Black spot": "Meenukute Hosur BB Road", "Date (DD/MM/YYYY)": "13/08/2023", "Time ( in 24 hours)": "11:00:00", "Fatal": null, "GI": 1, "MI": null, "Severity": "Non-Fatal", "Crash Category": "Vehicle-Vehicle", "Accused": "2W", "Victim": "Car", "Vehicles Involved": "2W and Car", "Type of Crash": "Hit from Side", "Cause of Crash": "Rash and Negligent" }, "geometry": { "type": "Point", "coordinates": [ 77.64552, 13.19008 ] } },
{ "type": "Feature", "properties": { "Unique ID": "294_139/2023", "Year": 2023, "Tag": "Unique", "SL No": 294, "Traffic ps": "CHIKKAJALA TR P S", "Cr no": "139/2023", "Latitude": 13.19008, "Longitude": 77.64552, "Location of Black spot": "Meenukute Hosur BB Road", "Date (DD/MM/YYYY)": "04/11/2023", "Time ( in 24 hours)": "17:10:00", "Fatal": null, "GI": 1, "MI": null, "Severity": "Non-Fatal", "Crash Category": "Vehicle-Vehicle", "Accused": "2W", "Victim": "Car", "Vehicles Involved": "2W and Car", "Type of Crash": "Hit from Side", "Cause of Crash": "Rash and Negligent" }, "geometry": { "type": "Point", "coordinates": [ 77.64552, 13.19008 ] } },
{ "type": "Feature", "properties": { "Unique ID": "295_52/2023", "Year": 2023, "Tag": "Unique", "SL No": 295, "Traffic ps": "CHIKKAJALA TR P S", "Cr no": "52/2023", "Latitude": 13.19076, "Longitude": 77.646116, "Location of Black spot": "Sadahalli Gate, BB Road", "Date (DD/MM/YYYY)": "06/04/2023", "Time ( in 24 hours)": "07:55:00", "Fatal": "1", "GI": null, "MI": null, "Severity": "Fatal", "Crash Category": "Vehicle-Vehicle", "Accused": "2W", "Victim": "Bus", "Vehicles Involved": "2W and Bus", "Type of Crash": "Hit from Side", "Cause of Crash": "Rash and Negligent" }, "geometry": { "type": "Point", "coordinates": [ 77.646116, 13.19076 ] } },
{ "type": "Feature", "properties": { "Unique ID": "296_147/2023", "Year": 2023, "Tag": "Unique", "SL No": 296, "Traffic ps": "CHIKKAJALA TR P S", "Cr no": "147/2023", "Latitude": 13.19076, "Longitude": 77.646116, "Location of Black spot": "Sadahalli Gate, BB Road", "Date (DD/MM/YYYY)": "19/11/2023", "Time ( in 24 hours)": "10:40:00", "Fatal": "2", "GI": null, "MI": null, "Severity": "Fatal", "Crash Category": "Vehicle-Vehicle", "Accused": "Vehicle", "Victim": "Cycle", "Vehicles Involved": "Vehicle and Cycle", "Type of Crash": "Hit from Side", "Cause of Crash": "Rash and Negligent" }, "geometry": { "type": "Point", "coordinates": [ 77.646116, 13.19076 ] } },
{ "type": "Feature", "properties": { "Unique ID": "297_121/2023", "Year": 2023, "Tag": "Legitimate", "SL No": 297, "Traffic ps": "CHIKKAJALA TR P S", "Cr no": "121/2023", "Latitude": 13.19076, "Longitude": 77.646116, "Location of Black spot": "Sadahalli Gate, BB Road", "Date (DD/MM/YYYY)": "14/09/2023", "Time ( in 24 hours)": "06:45:00", "Fatal": "2", "GI": null, "MI": null, "Severity": "Non-Fatal", "Crash Category": "Vehicle-Vehicle", "Accused": "2W", "Victim": "Lorry", "Vehicles Involved": "2W and Lorry", "Type of Crash": "Hit from Side", "Cause of Crash": "Rash and Negligent" }, "geometry": { "type": "Point", "coordinates": [ 77.646116, 13.19076 ] } },
{ "type": "Feature", "properties": { "Unique ID": "298_20/2023", "Year": 2023, "Tag": "Unique", "SL No": 298, "Traffic ps": "CHIKKAJALA TR P S", "Cr no": "20/2023", "Latitude": 13.19076, "Longitude": 77.646116, "Location of Black spot": "Sadahalli Gate, BB Road", "Date (DD/MM/YYYY)": "25/01/2023", "Time ( in 24 hours)": "15:30:00", "Fatal": null, "GI": 1, "MI": null, "Severity": "Non-Fatal", "Crash Category": "Vehicle-Pedestrian", "Accused": "Car", "Victim": "Pedestrian", "Vehicles Involved": "Car and Pedestrian", "Type of Crash": "Hit from Back", "Cause of Crash": "Rash and Negligent" }, "geometry": { "type": "Point", "coordinates": [ 77.646116, 13.19076 ] } },
{ "type": "Feature", "properties": { "Unique ID": "299_35/2023", "Year": 2023, "Tag": "Legitimate", "SL No": 299, "Traffic ps": "CHIKKAJALA TR P S", "Cr no": "35/2023", "Latitude": 13.19076, "Longitude": 77.646116, "Location of Black spot": "Sadahalli Gate, BB Road", "Date (DD/MM/YYYY)": "10/03/2023", "Time ( in 24 hours)": "12:45:00", "Fatal": null, "GI": 1, "MI": null, "Severity": "Non-Fatal", "Crash Category": "Vehicle-Vehicle", "Accused": "2W", "Victim": "Bus", "Vehicles Involved": "2W and Bus", "Type of Crash": "Hit from Side", "Cause of Crash": "Rash and Negligent" }, "geometry": { "type": "Point", "coordinates": [ 77.646116, 13.19076 ] } },
{ "type": "Feature", "properties": { "Unique ID": "300_53/2023", "Year": 2023, "Tag": "Legitimate", "SL No": 300, "Traffic ps": "CHIKKAJALA TR P S", "Cr no": "53/2023", "Latitude": 13.19076, "Longitude": 77.646116, "Location of Black spot": "Sadahalli Gate, BB Road", "Date (DD/MM/YYYY)": "02/04/2023", "Time ( in 24 hours)": "18:00:00", "Fatal": null, "GI": 1, "MI": null, "Severity": "Non-Fatal", "Crash Category": "Vehicle-Vehicle", "Accused": "2W", "Victim": "Lorry", "Vehicles Involved": "2W and Lorry", "Type of Crash": "Head-On", "Cause of Crash": "Rash and Negligent" }, "geometry": { "type": "Point", "coordinates": [ 77.646116, 13.19076 ] } },
{ "type": "Feature", "properties": { "Unique ID": "301_92/2023", "Year": 2023, "Tag": "Unique", "SL No": 301, "Traffic ps": "CHIKKAJALA TR P S", "Cr no": "92/2023", "Latitude": 13.19076, "Longitude": 77.646116, "Location of Black spot": "Sadahalli Gate, BB Road", "Date (DD/MM/YYYY)": "07/07/2023", "Time ( in 24 hours)": "03:30:00", "Fatal": null, "GI": 1, "MI": null, "Severity": "Non-Fatal", "Crash Category": "Vehicle-Vehicle", "Accused": "Car", "Victim": "Lorry", "Vehicles Involved": "Car and Lorry", "Type of Crash": "Hit from Back", "Cause of Crash": "Rash and Negligent" }, "geometry": { "type": "Point", "coordinates": [ 77.646116, 13.19076 ] } },
{ "type": "Feature", "properties": { "Unique ID": "302_102/2023", "Year": 2023, "Tag": "Unique", "SL No": 302, "Traffic ps": "CHIKKAJALA TR P S", "Cr no": "102/2023", "Latitude": 13.19076, "Longitude": 77.646116, "Location of Black spot": "Sadahalli Gate, BB Road", "Date (DD/MM/YYYY)": "07/08/2023", "Time ( in 24 hours)": "14:15:00", "Fatal": null, "GI": 1, "MI": null, "Severity": "Non-Fatal", "Crash Category": "Vehicle-Vehicle", "Accused": "Car", "Victim": "2W", "Vehicles Involved": "Car and 2W", "Type of Crash": "Hit from Side", "Cause of Crash": "Rash and Negligent" }, "geometry": { "type": "Point", "coordinates": [ 77.646116, 13.19076 ] } },
{ "type": "Feature", "properties": { "Unique ID": "303_103/2023", "Year": 2023, "Tag": "Unique", "SL No": 303, "Traffic ps": "CHIKKAJALA TR P S", "Cr no": "103/2023", "Latitude": 13.19076, "Longitude": 77.646116, "Location of Black spot": "Sadahalli Gate, BB Road", "Date (DD/MM/YYYY)": "10/07/2023", "Time ( in 24 hours)": "13:05:00", "Fatal": null, "GI": 1, "MI": null, "Severity": "Non-Fatal", "Crash Category": "Vehicle-Vehicle", "Accused": "Car", "Victim": "Car", "Vehicles Involved": "Car and Car", "Type of Crash": "Hit from Back", "Cause of Crash": "Rash and Negligent" }, "geometry": { "type": "Point", "coordinates": [ 77.646116, 13.19076 ] } },
{ "type": "Feature", "properties": { "Unique ID": "304_54/2023", "Year": 2023, "Tag": "Legitimate", "SL No": 304, "Traffic ps": "Devnahalli Tr PS", "Cr no": "54/2023", "Latitude": 12.948552, "Longitude": 77.745793, "Location of Black spot": "Kannamangala Palya gate, BB road", "Date (DD/MM/YYYY)": "10/03/2023", "Time ( in 24 hours)": "17:30:00", "Fatal": null, "GI": 1, "MI": null, "Severity": "Non-Fatal", "Crash Category": "Vehicle-Vehicle", "Accused": "Car", "Victim": "2W", "Vehicles Involved": "Car and 2W", "Type of Crash": "Hit from Side", "Cause of Crash": "Rash and Negligent" }, "geometry": { "type": "Point", "coordinates": [ 77.745793, 12.948552 ] } },
{ "type": "Feature", "properties": { "Unique ID": "305_89/2023", "Year": 2023, "Tag": "Legitimate", "SL No": 305, "Traffic ps": "Devnahalli Tr PS", "Cr no": "89/2023", "Latitude": 12.948552, "Longitude": 77.745793, "Location of Black spot": "Kannamangala Palya gate, BB road", "Date (DD/MM/YYYY)": "14/04/2023", "Time ( in 24 hours)": "15:30:00", "Fatal": null, "GI": 2, "MI": null, "Severity": "Non-Fatal", "Crash Category": "Self Accident", "Accused": "Object", "Victim": "2W", "Vehicles Involved": "Object and 2W", "Type of Crash": "Hit Fixed Object", "Cause of Crash": "Rash and Negligent" }, "geometry": { "type": "Point", "coordinates": [ 77.745793, 12.948552 ] } },
{ "type": "Feature", "properties": { "Unique ID": "306_90/2023", "Year": 2023, "Tag": "Legitimate", "SL No": 306, "Traffic ps": "Devnahalli Tr PS", "Cr no": "90/2023", "Latitude": 12.948552, "Longitude": 77.745793, "Location of Black spot": "Kannamangala Palya gate, BB road", "Date (DD/MM/YYYY)": "16/04/2023", "Time ( in 24 hours)": "05:30:00", "Fatal": "1", "GI": null, "MI": null, "Severity": "Fatal", "Crash Category": "Vehicle-Vehicle", "Accused": "Car", "Victim": "2W", "Vehicles Involved": "Car and 2W", "Type of Crash": "Hit from Side", "Cause of Crash": "Rash and Negligent" }, "geometry": { "type": "Point", "coordinates": [ 77.745793, 12.948552 ] } },
{ "type": "Feature", "properties": { "Unique ID": "307_122/2023", "Year": 2023, "Tag": "Legitimate", "SL No": 307, "Traffic ps": "Devnahalli Tr PS", "Cr no": "122/2023", "Latitude": 12.948552, "Longitude": 77.745793, "Location of Black spot": "Kannamangala Palya gate, BB road", "Date (DD/MM/YYYY)": "12/06/2023", "Time ( in 24 hours)": "08:50:00", "Fatal": null, "GI": 2, "MI": null, "Severity": "Non-Fatal", "Crash Category": "Vehicle-Vehicle", "Accused": "Canter", "Victim": "2W", "Vehicles Involved": "Canter and 2W", "Type of Crash": "Hit from Side", "Cause of Crash": "Rash and Negligent" }, "geometry": { "type": "Point", "coordinates": [ 77.745793, 12.948552 ] } },
{ "type": "Feature", "properties": { "Unique ID": "308_198/2023", "Year": 2023, "Tag": "Legitimate", "SL No": 308, "Traffic ps": "Devnahalli Tr PS", "Cr no": "198/2023", "Latitude": 12.948552, "Longitude": 77.745793, "Location of Black spot": "Kannamangala Palya gate, BB road", "Date (DD/MM/YYYY)": "23/09/2023", "Time ( in 24 hours)": "16:25:00", "Fatal": "1", "GI": null, "MI": null, "Severity": "Fatal", "Crash Category": "Vehicle-Vehicle", "Accused": "Bus", "Victim": "2W", "Vehicles Involved": "Bus and 2W", "Type of Crash": "Hit from Back", "Cause of Crash": "Rash and Negligent" }, "geometry": { "type": "Point", "coordinates": [ 77.745793, 12.948552 ] } },
{ "type": "Feature", "properties": { "Unique ID": "309_214/2023", "Year": 2023, "Tag": "Legitimate", "SL No": 309, "Traffic ps": "Devnahalli Tr PS", "Cr no": "214/2023", "Latitude": 12.948552, "Longitude": 77.745793, "Location of Black spot": "Kannamangala Palya gate, BB road", "Date (DD/MM/YYYY)": "09/10/2023", "Time ( in 24 hours)": "21:30:00", "Fatal": "1", "GI": null, "MI": null, "Severity": "Fatal", "Crash Category": "Vehicle-Pedestrian", "Accused": "Lorry", "Victim": "Pedestrian", "Vehicles Involved": "Lorry and Pedestrian", "Type of Crash": "Hit from Side", "Cause of Crash": "Rash and Negligent" }, "geometry": { "type": "Point", "coordinates": [ 77.745793, 12.948552 ] } },
{ "type": "Feature", "properties": { "Unique ID": "310_220/2023", "Year": 2023, "Tag": "Legitimate", "SL No": 310, "Traffic ps": "Devnahalli Tr PS", "Cr no": "220/2023", "Latitude": 12.948552, "Longitude": 77.745793, "Location of Black spot": "Kannamangala Palya gate, BB road", "Date (DD/MM/YYYY)": "23/10/2023", "Time ( in 24 hours)": "17:25:00", "Fatal": null, "GI": 1, "MI": null, "Severity": "Non-Fatal", "Crash Category": "Vehicle-Pedestrian", "Accused": "Bus", "Victim": "Pedestrian", "Vehicles Involved": "Bus and Pedestrian", "Type of Crash": "Hit from Side", "Cause of Crash": "Rash and Negligent" }, "geometry": { "type": "Point", "coordinates": [ 77.745793, 12.948552 ] } },
{ "type": "Feature", "properties": { "Unique ID": "311_250/2023", "Year": 2023, "Tag": "Unique", "SL No": 311, "Traffic ps": "Devnahalli Tr PS", "Cr no": "250/2023", "Latitude": 12.948552, "Longitude": 77.745793, "Location of Black spot": "Kannamangala Palya gate, BB road", "Date (DD/MM/YYYY)": "02/12/2023", "Time ( in 24 hours)": "15:30:00", "Fatal": "1", "GI": 1, "MI": null, "Severity": "Fatal", "Crash Category": "Vehicle-Vehicle", "Accused": "Lorry", "Victim": "2W", "Vehicles Involved": "Lorry and 2W", "Type of Crash": "Hit from Back", "Cause of Crash": "Rash and Negligent" }, "geometry": { "type": "Point", "coordinates": [ 77.745793, 12.948552 ] } },
{ "type": "Feature", "properties": { "Unique ID": "312_270/2023", "Year": 2023, "Tag": "Legitimate", "SL No": 312, "Traffic ps": "Devnahalli Tr PS", "Cr no": "270/2023", "Latitude": 12.948552, "Longitude": 77.745793, "Location of Black spot": "Kannamangala Palya gate, BB road", "Date (DD/MM/YYYY)": "25/12/2023", "Time ( in 24 hours)": "00:10:00", "Fatal": "1", "GI": 1, "MI": null, "Severity": "Fatal", "Crash Category": "Self Accident", "Accused": "Object", "Victim": "2W", "Vehicles Involved": "Object and 2W", "Type of Crash": "Hit Fixed Object", "Cause of Crash": "Rash and Negligent" }, "geometry": { "type": "Point", "coordinates": [ 77.745793, 12.948552 ] } },
{ "type": "Feature", "properties": { "Unique ID": "313_22/2023", "Year": 2023, "Tag": "Legitimate", "SL No": 313, "Traffic ps": "Yeshwanthpura Tr", "Cr no": "22/2023", "Latitude": 13.024887, "Longitude": 77.54686, "Location of Black spot": "TUMKUR ROAD (RMC Yard to  MEI Junction)", "Date (DD/MM/YYYY)": "24/01/2023", "Time ( in 24 hours)": "09:00:00", "Fatal": "1", "GI": null, "MI": null, "Severity": "Fatal", "Crash Category": "Vehicle-Vehicle", "Accused": "Bus", "Victim": "2W", "Vehicles Involved": "Bus and 2W", "Type of Crash": "Hit from Back", "Cause of Crash": "Rash and Negligent" }, "geometry": { "type": "Point", "coordinates": [ 77.54686, 13.024887 ] } },
{ "type": "Feature", "properties": { "Unique ID": "314_356/2023", "Year": 2023, "Tag": "Unique", "SL No": 314, "Traffic ps": "Yeshwanthpura Tr", "Cr no": "356/2023", "Latitude": 13.02441, "Longitude": 77.548797, "Location of Black spot": "TUMKUR ROAD (RMC Yard to  MEI Junction)", "Date (DD/MM/YYYY)": "01/09/2023", "Time ( in 24 hours)": "19:30:00", "Fatal": "1", "GI": null, "MI": null, "Severity": "Fatal", "Crash Category": "Vehicle-Pedestrian", "Accused": "2W", "Victim": "Pedestrian", "Vehicles Involved": "2W and Pedestrian", "Type of Crash": "Hit from Side", "Cause of Crash": "Rash and Negligent" }, "geometry": { "type": "Point", "coordinates": [ 77.548797, 13.02441 ] } },
{ "type": "Feature", "properties": { "Unique ID": "315_359/2023", "Year": 2023, "Tag": "Legitimate", "SL No": 315, "Traffic ps": "Yeshwanthpura Tr", "Cr no": "359/2023", "Latitude": 13.024498, "Longitude": 77.548752, "Location of Black spot": "TUMKUR ROAD (RMC Yard to  MEI Junction)", "Date (DD/MM/YYYY)": "02/09/2023", "Time ( in 24 hours)": "11:40:00", "Fatal": null, "GI": 1, "MI": null, "Severity": "Non-Fatal", "Crash Category": "Vehicle-Vehicle", "Accused": "Car", "Victim": "2W", "Vehicles Involved": "Car and 2W", "Type of Crash": "Hit from Back", "Cause of Crash": "Rash and Negligent" }, "geometry": { "type": "Point", "coordinates": [ 77.548752, 13.024498 ] } },
{ "type": "Feature", "properties": { "Unique ID": "316_368/2023", "Year": 2023, "Tag": "Legitimate", "SL No": 316, "Traffic ps": "Yeshwanthpura Tr", "Cr no": "368/2023", "Latitude": 13.02443, "Longitude": 77.548792, "Location of Black spot": "TUMKUR ROAD (RMC Yard to  MEI Junction)", "Date (DD/MM/YYYY)": "11/09/2023", "Time ( in 24 hours)": "17:30:00", "Fatal": null, "GI": 1, "MI": null, "Severity": "Non-Fatal", "Crash Category": "Vehicle-Pedestrian", "Accused": "2W", "Victim": "Pedestrian", "Vehicles Involved": "2W and Pedestrian", "Type of Crash": "Hit from Side", "Cause of Crash": "Rash and Negligent" }, "geometry": { "type": "Point", "coordinates": [ 77.548792, 13.02443 ] } },
{ "type": "Feature", "properties": { "Unique ID": "317_386/2023", "Year": 2023, "Tag": "Unique", "SL No": 317, "Traffic ps": "Yeshwanthpura Tr", "Cr no": "386/2023", "Latitude": 13.026523, "Longitude": 77.544473, "Location of Black spot": "TUMKUR ROAD (RMC Yard to  MEI Junction)", "Date (DD/MM/YYYY)": "09/10/2023", "Time ( in 24 hours)": "01:10:00", "Fatal": null, "GI": 1, "MI": null, "Severity": "Non-Fatal", "Crash Category": "Vehicle-Vehicle", "Accused": "Car", "Victim": "2W", "Vehicles Involved": "Car and 2W", "Type of Crash": "Head-On", "Cause of Crash": "Rash and Negligent" }, "geometry": { "type": "Point", "coordinates": [ 77.544473, 13.026523 ] } },
{ "type": "Feature", "properties": { "Unique ID": "318_44/2023", "Year": 2023, "Tag": "Legitimate", "SL No": 318, "Traffic ps": "PEENYA TR PS", "Cr no": "44/2023", "Latitude": 13.039939, "Longitude": 77.51835, "Location of Black spot": "SM CIRCLE(JALAHALLI CROSS TO CHOKKASANDRA JUNCTION)", "Date (DD/MM/YYYY)": "14/02/2023", "Time ( in 24 hours)": "19:30:00", "Fatal": null, "GI": 1, "MI": null, "Severity": "Non-Fatal", "Crash Category": "Vehicle-Vehicle", "Accused": "3W", "Victim": "2W", "Vehicles Involved": "3W and 2W", "Type of Crash": "Head-On", "Cause of Crash": "Rash and Negligent" }, "geometry": { "type": "Point", "coordinates": [ 77.51835, 13.039939 ] } },
{ "type": "Feature", "properties": { "Unique ID": "319_338/2023", "Year": 2023, "Tag": "Unique", "SL No": 319, "Traffic ps": "PEENYA TR PS", "Cr no": "338/2023", "Latitude": 13.039939, "Longitude": 77.51835, "Location of Black spot": "SM CIRCLE(JALAHALLI CROSS TO CHOKKASANDRA JUNCTION)", "Date (DD/MM/YYYY)": "05/05/2023", "Time ( in 24 hours)": "09:30:00", "Fatal": null, "GI": 1, "MI": null, "Severity": "Non-Fatal", "Crash Category": "Vehicle-Pedestrian", "Accused": "2W", "Victim": "Pedestrian", "Vehicles Involved": "2W and Pedestrian", "Type of Crash": "Hit from Side", "Cause of Crash": "Rash and Negligent" }, "geometry": { "type": "Point", "coordinates": [ 77.51835, 13.039939 ] } },
{ "type": "Feature", "properties": { "Unique ID": "320_355/2023", "Year": 2023, "Tag": "Unique", "SL No": 320, "Traffic ps": "PEENYA TR PS", "Cr no": "355/2023", "Latitude": 13.039939, "Longitude": 77.51835, "Location of Black spot": "SM CIRCLE(JALAHALLI CROSS TO CHOKKASANDRA JUNCTION)", "Date (DD/MM/YYYY)": "25/05/2023", "Time ( in 24 hours)": "08:50:00", "Fatal": "1", "GI": 1, "MI": null, "Severity": "Fatal", "Crash Category": "Vehicle-Vehicle", "Accused": "Canter", "Victim": "Lorry", "Vehicles Involved": "Canter and Lorry", "Type of Crash": "Hit from Back", "Cause of Crash": "Rash and Negligent" }, "geometry": { "type": "Point", "coordinates": [ 77.51835, 13.039939 ] } },
{ "type": "Feature", "properties": { "Unique ID": "321_375/2023", "Year": 2023, "Tag": "Unique", "SL No": 321, "Traffic ps": "PEENYA TR PS", "Cr no": "375/2023", "Latitude": 13.039939, "Longitude": 77.51835, "Location of Black spot": "SM CIRCLE(JALAHALLI CROSS TO CHOKKASANDRA JUNCTION)", "Date (DD/MM/YYYY)": "20/06/2023", "Time ( in 24 hours)": "10:45:00", "Fatal": null, "GI": 1, "MI": null, "Severity": "Non-Fatal", "Crash Category": "Vehicle-Vehicle", "Accused": "Bus", "Victim": "Canter", "Vehicles Involved": "Bus and Canter", "Type of Crash": "Hit from Back", "Cause of Crash": "Rash and Negligent" }, "geometry": { "type": "Point", "coordinates": [ 77.51835, 13.039939 ] } },
{ "type": "Feature", "properties": { "Unique ID": "322_430/2023", "Year": 2023, "Tag": "Unique", "SL No": 322, "Traffic ps": "PEENYA TR PS", "Cr no": "430/2023", "Latitude": 13.039939, "Longitude": 77.51835, "Location of Black spot": "SM CIRCLE(JALAHALLI CROSS TO CHOKKASANDRA JUNCTION)", "Date (DD/MM/YYYY)": "17/07/2023", "Time ( in 24 hours)": "08:20:00", "Fatal": null, "GI": 1, "MI": null, "Severity": "Non-Fatal", "Crash Category": "Vehicle-Vehicle", "Accused": "2W", "Victim": "2W", "Vehicles Involved": "2W and 2W", "Type of Crash": "Hit from Back", "Cause of Crash": "Rash and Negligent" }, "geometry": { "type": "Point", "coordinates": [ 77.51835, 13.039939 ] } },
{ "type": "Feature", "properties": { "Unique ID": "323_434/2023", "Year": 2023, "Tag": "Unique", "SL No": 323, "Traffic ps": "PEENYA TR PS", "Cr no": "434/2023", "Latitude": 13.039939, "Longitude": 77.51835, "Location of Black spot": "SM CIRCLE(JALAHALLI CROSS TO CHOKKASANDRA JUNCTION)", "Date (DD/MM/YYYY)": "19/07/2023", "Time ( in 24 hours)": "23:30:00", "Fatal": null, "GI": 1, "MI": null, "Severity": "Non-Fatal", "Crash Category": "Vehicle-Vehicle", "Accused": "Lorry", "Victim": "Car", "Vehicles Involved": "Lorry and Car", "Type of Crash": "Hit from Back", "Cause of Crash": "Rash and Negligent" }, "geometry": { "type": "Point", "coordinates": [ 77.51835, 13.039939 ] } },
{ "type": "Feature", "properties": { "Unique ID": "324_009-2023", "Year": 2023, "Tag": "Unique", "SL No": 324, "Traffic ps": "PEENYA TR PS", "Cr no": "009-2023", "Latitude": 13.04529, "Longitude": 77.50721, "Location of Black spot": "8TH MILE JUNCTION TO NAVAYUGA TOLL", "Date (DD/MM/YYYY)": "14/01/2023", "Time ( in 24 hours)": "21:45:00", "Fatal": "1", "GI": null, "MI": null, "Severity": "Fatal", "Crash Category": "Vehicle-Vehicle", "Accused": "2W", "Victim": "Lorry", "Vehicles Involved": "2W and Lorry", "Type of Crash": "Hit from Back", "Cause of Crash": "Rash and Negligent" }, "geometry": { "type": "Point", "coordinates": [ 77.50721, 13.04529 ] } },
{ "type": "Feature", "properties": { "Unique ID": "325_18/2023", "Year": 2023, "Tag": "Legitimate", "SL No": 325, "Traffic ps": "PEENYA TR PS", "Cr no": "18/2023", "Latitude": 13.04529, "Longitude": 77.50721, "Location of Black spot": "8TH MILE JUNCTION TO NAVAYUGA TOLL", "Date (DD/MM/YYYY)": "09/01/2023", "Time ( in 24 hours)": "06:50:00", "Fatal": null, "GI": 1, "MI": null, "Severity": "Non-Fatal", "Crash Category": "Vehicle-Vehicle", "Accused": "2W", "Victim": "Unknown", "Vehicles Involved": "2W and Unknown", "Type of Crash": "Hit from Back", "Cause of Crash": "Rash and Negligent" }, "geometry": { "type": "Point", "coordinates": [ 77.50721, 13.04529 ] } },
{ "type": "Feature", "properties": { "Unique ID": "326_19/2023", "Year": 2023, "Tag": "Unique", "SL No": 326, "Traffic ps": "PEENYA TR PS", "Cr no": "19/2023", "Latitude": 13.04529, "Longitude": 77.50721, "Location of Black spot": "8TH MILE JUNCTION TO NAVAYUGA TOLL", "Date (DD/MM/YYYY)": "20/01/2023", "Time ( in 24 hours)": "09:30:00", "Fatal": null, "GI": 1, "MI": null, "Severity": "Non-Fatal", "Crash Category": "Vehicle-Vehicle", "Accused": "Car", "Victim": "2W", "Vehicles Involved": "Car and 2W", "Type of Crash": "Head-On", "Cause of Crash": "Rash and Negligent" }, "geometry": { "type": "Point", "coordinates": [ 77.50721, 13.04529 ] } },
{ "type": "Feature", "properties": { "Unique ID": "327_37/2023", "Year": 2023, "Tag": "Unique", "SL No": 327, "Traffic ps": "PEENYA TR PS", "Cr no": "37/2023", "Latitude": 13.04529, "Longitude": 77.50721, "Location of Black spot": "8TH MILE JUNCTION TO NAVAYUGA TOLL", "Date (DD/MM/YYYY)": "03/02/2023", "Time ( in 24 hours)": "16:20:00", "Fatal": null, "GI": 1, "MI": null, "Severity": "Non-Fatal", "Crash Category": "Vehicle-Vehicle", "Accused": "Lorry", "Victim": "2W", "Vehicles Involved": "Lorry and 2W", "Type of Crash": "Hit from Back", "Cause of Crash": "Rash and Negligent" }, "geometry": { "type": "Point", "coordinates": [ 77.50721, 13.04529 ] } },
{ "type": "Feature", "properties": { "Unique ID": "328_38/2023", "Year": 2023, "Tag": "Legitimate", "SL No": 328, "Traffic ps": "PEENYA TR PS", "Cr no": "38/2023", "Latitude": 13.04529, "Longitude": 77.50721, "Location of Black spot": "8TH MILE JUNCTION TO NAVAYUGA TOLL", "Date (DD/MM/YYYY)": "05/02/2023", "Time ( in 24 hours)": "12:00:00", "Fatal": null, "GI": 1, "MI": null, "Severity": "Non-Fatal", "Crash Category": "Vehicle-Vehicle", "Accused": "2W", "Victim": "2W", "Vehicles Involved": "2W and 2W", "Type of Crash": "Hit from Back", "Cause of Crash": "Rash and Negligent" }, "geometry": { "type": "Point", "coordinates": [ 77.50721, 13.04529 ] } },
{ "type": "Feature", "properties": { "Unique ID": "329_42/2023", "Year": 2023, "Tag": "Legitimate", "SL No": 329, "Traffic ps": "PEENYA TR PS", "Cr no": "42/2023", "Latitude": 13.04529, "Longitude": 77.50721, "Location of Black spot": "8TH MILE JUNCTION TO NAVAYUGA TOLL", "Date (DD/MM/YYYY)": "17/01/2023", "Time ( in 24 hours)": "03:40:00", "Fatal": null, "GI": 1, "MI": null, "Severity": "Non-Fatal", "Crash Category": "Vehicle-Vehicle", "Accused": "2W", "Victim": "Car", "Vehicles Involved": "2W and Car", "Type of Crash": "Hit from Side", "Cause of Crash": "Rash and Negligent" }, "geometry": { "type": "Point", "coordinates": [ 77.50721, 13.04529 ] } },
{ "type": "Feature", "properties": { "Unique ID": "330_117/2023", "Year": 2023, "Tag": "Legitimate", "SL No": 330, "Traffic ps": "PEENYA TR PS", "Cr no": "117/2023", "Latitude": 13.04529, "Longitude": 77.50721, "Location of Black spot": "8TH MILE JUNCTION TO NAVAYUGA TOLL", "Date (DD/MM/YYYY)": "16/03/2023", "Time ( in 24 hours)": "22:45:00", "Fatal": null, "GI": 1, "MI": null, "Severity": "Non-Fatal", "Crash Category": "Vehicle-Vehicle", "Accused": "2W", "Victim": "Car", "Vehicles Involved": "2W and Car", "Type of Crash": "Hit from Back", "Cause of Crash": "Rash and Negligent" }, "geometry": { "type": "Point", "coordinates": [ 77.50721, 13.04529 ] } },
{ "type": "Feature", "properties": { "Unique ID": "331_279/2023", "Year": 2023, "Tag": "Unique", "SL No": 331, "Traffic ps": "PEENYA TR PS", "Cr no": "279/2023", "Latitude": 13.04529, "Longitude": 77.50721, "Location of Black spot": "8TH MILE JUNCTION TO NAVAYUGA TOLL", "Date (DD/MM/YYYY)": "21/04/2023", "Time ( in 24 hours)": "22:15:00", "Fatal": "1", "GI": null, "MI": null, "Severity": "Fatal", "Crash Category": "Vehicle-Vehicle", "Accused": "Lorry", "Victim": "2W", "Vehicles Involved": "Lorry and 2W", "Type of Crash": "Hit from Back", "Cause of Crash": "Rash and Negligent" }, "geometry": { "type": "Point", "coordinates": [ 77.50721, 13.04529 ] } },
{ "type": "Feature", "properties": { "Unique ID": "332_316/2023", "Year": 2023, "Tag": "Unique", "SL No": 332, "Traffic ps": "PEENYA TR PS", "Cr no": "316/2023", "Latitude": 13.04529, "Longitude": 77.50721, "Location of Black spot": "8TH MILE JUNCTION TO NAVAYUGA TOLL", "Date (DD/MM/YYYY)": "27/04/2023", "Time ( in 24 hours)": "03:30:00", "Fatal": null, "GI": 1, "MI": null, "Severity": "Non-Fatal", "Crash Category": "Vehicle-Vehicle", "Accused": "2W", "Victim": "Unknown", "Vehicles Involved": "2W and Unknown", "Type of Crash": "Hit from Side", "Cause of Crash": "Rash and Negligent" }, "geometry": { "type": "Point", "coordinates": [ 77.50721, 13.04529 ] } },
{ "type": "Feature", "properties": { "Unique ID": "333_377/2023", "Year": 2023, "Tag": "Legitimate", "SL No": 333, "Traffic ps": "PEENYA TR PS", "Cr no": "377/2023", "Latitude": 13.04529, "Longitude": 77.50721, "Location of Black spot": "8TH MILE JUNCTION TO NAVAYUGA TOLL", "Date (DD/MM/YYYY)": "25/06/2023", "Time ( in 24 hours)": "04:00:00", "Fatal": null, "GI": 1, "MI": null, "Severity": "Non-Fatal", "Crash Category": "Vehicle-Vehicle", "Accused": "Lorry", "Victim": "Car", "Vehicles Involved": "Lorry and Car", "Type of Crash": "Hit from Back", "Cause of Crash": "Rash and Negligent" }, "geometry": { "type": "Point", "coordinates": [ 77.50721, 13.04529 ] } },
{ "type": "Feature", "properties": { "Unique ID": "334_378/2023", "Year": 2023, "Tag": "Unique", "SL No": 334, "Traffic ps": "PEENYA TR PS", "Cr no": "378/2023", "Latitude": 13.04529, "Longitude": 77.50721, "Location of Black spot": "8TH MILE JUNCTION TO NAVAYUGA TOLL", "Date (DD/MM/YYYY)": "27/06/2023", "Time ( in 24 hours)": "08:30:00", "Fatal": null, "GI": 1, "MI": null, "Severity": "Non-Fatal", "Crash Category": "Vehicle-Vehicle", "Accused": "2W", "Victim": "2W", "Vehicles Involved": "2W and 2W", "Type of Crash": "Hit from Back", "Cause of Crash": "Rash and Negligent" }, "geometry": { "type": "Point", "coordinates": [ 77.50721, 13.04529 ] } },
{ "type": "Feature", "properties": { "Unique ID": "335_404/2023", "Year": 2023, "Tag": "Unique", "SL No": 335, "Traffic ps": "PEENYA TR PS", "Cr no": "404/2023", "Latitude": 13.04529, "Longitude": 77.50721, "Location of Black spot": "8TH MILE JUNCTION TO NAVAYUGA TOLL", "Date (DD/MM/YYYY)": "04/07/2023", "Time ( in 24 hours)": "05:30:00", "Fatal": "1", "GI": null, "MI": null, "Severity": "Fatal", "Crash Category": "Vehicle-Pedestrian", "Accused": "Lorry", "Victim": "Pedestrian", "Vehicles Involved": "Lorry and Pedestrian", "Type of Crash": "Hit from Back", "Cause of Crash": "Rash and Negligent" }, "geometry": { "type": "Point", "coordinates": [ 77.50721, 13.04529 ] } },
{ "type": "Feature", "properties": { "Unique ID": "336_444/2023", "Year": 2023, "Tag": "Unique", "SL No": 336, "Traffic ps": "PEENYA TR PS", "Cr no": "444/2023", "Latitude": 13.04529, "Longitude": 77.50721, "Location of Black spot": "8TH MILE JUNCTION TO NAVAYUGA TOLL", "Date (DD/MM/YYYY)": "29/07/2023", "Time ( in 24 hours)": "00:50:00", "Fatal": null, "GI": null, "MI": null, "Severity": "N.D.A", "Crash Category": "Vehicle-Vehicle", "Accused": "2W", "Victim": "Canter", "Vehicles Involved": "2W and Canter", "Type of Crash": "Hit from Back", "Cause of Crash": "Rash and Negligent" }, "geometry": { "type": "Point", "coordinates": [ 77.50721, 13.04529 ] } },
{ "type": "Feature", "properties": { "Unique ID": "1_95/2024", "Year": 2024, "Tag": "Unique", "SL No": 1, "Traffic ps": "Banasawadi tr ps", "Cr no": "95/2024", "Latitude": 13.025427, "Longitude": 77.641067, "Location of Black spot": "near kalya nagara fly over outer ring road", "Date (DD/MM/YYYY)": "21/09/2024", "Time ( in 24 hours)": "08:20:00", "Fatal": null, "GI": 1, "MI": null, "Severity": "Non-Fatal", "Crash Category": "Vehicle-Vehicle", "Accused": "Car", "Victim": "2W", "Vehicles Involved": "Car and 2W", "Type of Crash": "Hit from Back", "Cause of Crash": "Rash and Negligent" }, "geometry": { "type": "Point", "coordinates": [ 77.641067, 13.025427 ] } },
{ "type": "Feature", "properties": { "Unique ID": "2_44/2024", "Year": 2024, "Tag": "Legitimate", "SL No": 2, "Traffic ps": "Banasawadi tr ps", "Cr no": "44/2024", "Latitude": 13.025427, "Longitude": 77.641067, "Location of Black spot": "near  croma show room outer ring road ", "Date (DD/MM/YYYY)": "29/04/2024", "Time ( in 24 hours)": "16:45:00", "Fatal": "1", "GI": null, "MI": null, "Severity": "Fatal", "Crash Category": "Vehicle-Vehicle", "Accused": "Lorry", "Victim": "2W", "Vehicles Involved": "Lorry and 2W", "Type of Crash": "Hit from Back", "Cause of Crash": "Rash and Negligent" }, "geometry": { "type": "Point", "coordinates": [ 77.641067, 13.025427 ] } },
{ "type": "Feature", "properties": { "Unique ID": "3_36/2024", "Year": 2024, "Tag": "Legitimate", "SL No": 3, "Traffic ps": "Banasawadi tr ps", "Cr no": "36/2024", "Latitude": 13.025427, "Longitude": 77.641067, "Location of Black spot": "Outer Ring road Near kammanahallai sky walk", "Date (DD/MM/YYYY)": "16/03/2024", "Time ( in 24 hours)": "14:50:00", "Fatal": "1", "GI": null, "MI": null, "Severity": "Fatal", "Crash Category": "Vehicle-Vehicle", "Accused": "Bus", "Victim": "2W", "Vehicles Involved": "Bus and 2W", "Type of Crash": "Hit from Back", "Cause of Crash": "Rash and Negligent" }, "geometry": { "type": "Point", "coordinates": [ 77.641067, 13.025427 ] } },
{ "type": "Feature", "properties": { "Unique ID": "4_51/2024", "Year": 2024, "Tag": "Legitimate", "SL No": 4, "Traffic ps": "Banasawadi tr ps", "Cr no": "51/2024", "Latitude": 13.025427, "Longitude": 77.641067, "Location of Black spot": "Near croma show room outer ring road", "Date (DD/MM/YYYY)": "06/06/2024", "Time ( in 24 hours)": "14:40:00", "Fatal": null, "GI": 1, "MI": null, "Severity": "Non-Fatal", "Crash Category": "Vehicle-Vehicle", "Accused": "Lorry", "Victim": "2W", "Vehicles Involved": "Lorry and 2W", "Type of Crash": "Hit from Back", "Cause of Crash": "Rash and Negligent" }, "geometry": { "type": "Point", "coordinates": [ 77.641067, 13.025427 ] } },
{ "type": "Feature", "properties": { "Unique ID": "5_92/2024", "Year": 2024, "Tag": "Legitimate", "SL No": 5, "Traffic ps": "Banasawadi tr ps", "Cr no": "92/2024", "Latitude": 13.025427, "Longitude": 77.641067, "Location of Black spot": "Outer Ring road Near kammanahallai sky walk", "Date (DD/MM/YYYY)": "15/09/2024", "Time ( in 24 hours)": "04:32:00", "Fatal": null, "GI": 1, "MI": null, "Severity": "Non-Fatal", "Crash Category": "Vehicle-Vehicle", "Accused": "Canter", "Victim": "2W", "Vehicles Involved": "Canter and 2W", "Type of Crash": "Hit from Back", "Cause of Crash": "Rash and Negligent" }, "geometry": { "type": "Point", "coordinates": [ 77.641067, 13.025427 ] } },
{ "type": "Feature", "properties": { "Unique ID": "6_23/2024", "Year": 2024, "Tag": "Legitimate", "SL No": 6, "Traffic ps": "Banasawadi tr ps", "Cr no": "23/2024", "Latitude": 13.022795, "Longitude": 77.647446, "Location of Black spot": "Near Ganesh temple Babusapalya service road", "Date (DD/MM/YYYY)": "20/02/2024", "Time ( in 24 hours)": "01:30:00", "Fatal": null, "GI": 1, "MI": null, "Severity": "Non-Fatal", "Crash Category": "Vehicle-Vehicle", "Accused": "2W", "Victim": "2W", "Vehicles Involved": "2W and 2W", "Type of Crash": "Head-On", "Cause of Crash": "Rash and Negligent" }, "geometry": { "type": "Point", "coordinates": [ 77.647446, 13.022795 ] } },
{ "type": "Feature", "properties": { "Unique ID": "7_94/2024", "Year": 2024, "Tag": "Legitimate", "SL No": 7, "Traffic ps": "Banasawadi tr ps", "Cr no": "94/2024", "Latitude": 13.022795, "Longitude": 77.647446, "Location of Black spot": "Near Babusapalya Bus Stop ", "Date (DD/MM/YYYY)": "16/09/2024", "Time ( in 24 hours)": "03:50:00", "Fatal": null, "GI": 1, "MI": null, "Severity": "Non-Fatal", "Crash Category": "Vehicle-Vehicle", "Accused": "Car", "Victim": "2W", "Vehicles Involved": "Car and 2W", "Type of Crash": "Hit from Back", "Cause of Crash": "Rash and Negligent" }, "geometry": { "type": "Point", "coordinates": [ 77.647446, 13.022795 ] } },
{ "type": "Feature", "properties": { "Unique ID": "8_91/2024", "Year": 2024, "Tag": "Legitimate", "SL No": 8, "Traffic ps": "Banasawadi tr ps", "Cr no": "91/2024", "Latitude": 13.022795, "Longitude": 77.647446, "Location of Black spot": "Near Babusapalya Bus Stop ", "Date (DD/MM/YYYY)": "05/09/2024", "Time ( in 24 hours)": "20:10:00", "Fatal": null, "GI": 1, "MI": null, "Severity": "Non-Fatal", "Crash Category": "Vehicle-Vehicle", "Accused": "2W", "Victim": "2W", "Vehicles Involved": "2W and 2W", "Type of Crash": "Hit from Back", "Cause of Crash": "Rash and Negligent" }, "geometry": { "type": "Point", "coordinates": [ 77.647446, 13.022795 ] } },
{ "type": "Feature", "properties": { "Unique ID": "9_45/2024", "Year": 2024, "Tag": "Legitimate", "SL No": 9, "Traffic ps": "Halasuru Tr", "Cr no": "45/2024", "Latitude": 12.949113, "Longitude": 77.640966, "Location of Black spot": "DELL TO AIRVIEW JUNCTION KORMANGALA INNER RING ROAD", "Date (DD/MM/YYYY)": "09/06/2024", "Time ( in 24 hours)": "06:40:00", "Fatal": "1", "GI": null, "MI": null, "Severity": "Fatal", "Crash Category": "Vehicle-Pedestrian", "Accused": "Vehicle", "Victim": "Pedestrian", "Vehicles Involved": "Vehicle and Pedestrian", "Type of Crash": "Hit from Side", "Cause of Crash": "Rash and Negligent" }, "geometry": { "type": "Point", "coordinates": [ 77.640966, 12.949113 ] } },
{ "type": "Feature", "properties": { "Unique ID": "10_075/2024", "Year": 2024, "Tag": "Unique", "SL No": 10, "Traffic ps": "Halasuru Tr", "Cr no": "075/2024", "Latitude": 12.948134, "Longitude": 77.640797, "Location of Black spot": "DELL TO AIRVIEW JUNCTION KORMANGALA INNER RING ROAD", "Date (DD/MM/YYYY)": "25/08/2024", "Time ( in 24 hours)": "17:10:00", "Fatal": "1", "GI": null, "MI": null, "Severity": "Fatal", "Crash Category": "Self Accident", "Accused": "2W", "Victim": "Self", "Vehicles Involved": "2W and Self", "Type of Crash": "Skidding", "Cause of Crash": "Rash and Negligent" }, "geometry": { "type": "Point", "coordinates": [ 77.640797, 12.948134 ] } },
{ "type": "Feature", "properties": { "Unique ID": "11_083/2024", "Year": 2024, "Tag": "Legitimate", "SL No": 11, "Traffic ps": "Halasuru Tr", "Cr no": "083/2024", "Latitude": 12.954594, "Longitude": 77.641259, "Location of Black spot": "DELL TO AIRVIEW JUNCTION KORMANGALA INNER RING ROAD", "Date (DD/MM/YYYY)": "11/09/2024", "Time ( in 24 hours)": "22:15:00", "Fatal": "1", "GI": null, "MI": null, "Severity": "Fatal", "Crash Category": "Vehicle-Vehicle", "Accused": "Vehicle", "Victim": "2W", "Vehicles Involved": "Vehicle and 2W", "Type of Crash": "Hit from Back", "Cause of Crash": "Rash and Negligent" }, "geometry": { "type": "Point", "coordinates": [ 77.641259, 12.954594 ] } },
{ "type": "Feature", "properties": { "Unique ID": "12_085/2024", "Year": 2024, "Tag": "Unique", "SL No": 12, "Traffic ps": "Halasuru Tr", "Cr no": "085/2024", "Latitude": 12.954594, "Longitude": 77.641259, "Location of Black spot": "DELL TO AIRVIEW JUNCTION KORMANGALA INNER RING ROAD", "Date (DD/MM/YYYY)": "27/09/2024", "Time ( in 24 hours)": "22:30:00", "Fatal": "1", "GI": null, "MI": null, "Severity": "Fatal", "Crash Category": "Self Accident", "Accused": "2W", "Victim": "Self", "Vehicles Involved": "2W and Self", "Type of Crash": "Skidding", "Cause of Crash": "Rash and Negligent" }, "geometry": { "type": "Point", "coordinates": [ 77.641259, 12.954594 ] } },
{ "type": "Feature", "properties": { "Unique ID": "13_090/2024", "Year": 2024, "Tag": "Unique", "SL No": 13, "Traffic ps": "Halasuru Tr", "Cr no": "090/2024", "Latitude": 12.954719, "Longitude": 77.641305, "Location of Black spot": "DELL TO AIRVIEW JUNCTION KORMANGALA INNER RING ROAD", "Date (DD/MM/YYYY)": "14/10/2024", "Time ( in 24 hours)": "00:30:00", "Fatal": "1", "GI": null, "MI": null, "Severity": "Fatal", "Crash Category": "Self Accident", "Accused": "2W", "Victim": "Self", "Vehicles Involved": "2W and Self", "Type of Crash": "Skidding", "Cause of Crash": "Rash and Negligent" }, "geometry": { "type": "Point", "coordinates": [ 77.641305, 12.954719 ] } },
{ "type": "Feature", "properties": { "Unique ID": "14_007/2024", "Year": 2024, "Tag": "Legitimate", "SL No": 14, "Traffic ps": "Halasuru Tr", "Cr no": "007/2024", "Latitude": 12.951944, "Longitude": 77.640051, "Location of Black spot": "DELL TO AIRVIEW JUNCTION KORMANGALA INNER RING ROAD", "Date (DD/MM/YYYY)": "16/01/2024", "Time ( in 24 hours)": "20:00:00", "Fatal": null, "GI": 1, "MI": null, "Severity": "Non-Fatal", "Crash Category": "Vehicle-Pedestrian", "Accused": "Vehicle", "Victim": "Pedestrian", "Vehicles Involved": "Vehicle and Pedestrian", "Type of Crash": "Hit from Side", "Cause of Crash": "Rash and Negligent" }, "geometry": { "type": "Point", "coordinates": [ 77.640051, 12.951944 ] } },
{ "type": "Feature", "properties": { "Unique ID": "15_038/2024", "Year": 2024, "Tag": "Unique", "SL No": 15, "Traffic ps": "Halasuru Tr", "Cr no": "038/2024", "Latitude": 12.952889, "Longitude": 77.64043, "Location of Black spot": "DELL TO AIRVIEW JUNCTION KORMANGALA INNER RING ROAD", "Date (DD/MM/YYYY)": "08/05/2024", "Time ( in 24 hours)": "10:45:00", "Fatal": null, "GI": null, "MI": null, "Severity": "N.D.A", "Crash Category": "Vehicle-Pedestrian", "Accused": "Vehicle", "Victim": "Pedestrian", "Vehicles Involved": "Vehicle and Pedestrian", "Type of Crash": "Hit from Side", "Cause of Crash": "Rash and Negligent" }, "geometry": { "type": "Point", "coordinates": [ 77.64043, 12.952889 ] } },
{ "type": "Feature", "properties": { "Unique ID": "16_050/2024", "Year": 2024, "Tag": "Unique", "SL No": 16, "Traffic ps": "Halasuru Tr", "Cr no": "050/2024", "Latitude": 12.956002, "Longitude": 77.641382, "Location of Black spot": "DELL TO AIRVIEW JUNCTION KORMANGALA INNER RING ROAD", "Date (DD/MM/YYYY)": "17/07/2024", "Time ( in 24 hours)": "13:30:00", "Fatal": null, "GI": 1, "MI": null, "Severity": "Non-Fatal", "Crash Category": "Vehicle-Pedestrian", "Accused": "Vehicle", "Victim": "Pedestrian", "Vehicles Involved": "Vehicle and Pedestrian", "Type of Crash": "Hit from Side", "Cause of Crash": "Rash and Negligent" }, "geometry": { "type": "Point", "coordinates": [ 77.641382, 12.956002 ] } },
{ "type": "Feature", "properties": { "Unique ID": "17_91/2024", "Year": 2024, "Tag": "Legitimate", "SL No": 17, "Traffic ps": "Halasuru Tr", "Cr no": "91/2024", "Latitude": 12.946047, "Longitude": 77.640018, "Location of Black spot": "DELL TO AIRVIEW JUNCTION KORMANGALA INNER RING ROAD", "Date (DD/MM/YYYY)": "08/10/2024", "Time ( in 24 hours)": "08:30:00", "Fatal": null, "GI": 1, "MI": null, "Severity": "Non-Fatal", "Crash Category": "Vehicle-Vehicle", "Accused": "2W", "Victim": "2W", "Vehicles Involved": "2W and 2W", "Type of Crash": "Hit from Back", "Cause of Crash": "Rash and Negligent" }, "geometry": { "type": "Point", "coordinates": [ 77.640018, 12.946047 ] } },
{ "type": "Feature", "properties": { "Unique ID": "18_35/2024", "Year": 2024, "Tag": "Unique", "SL No": 18, "Traffic ps": "J B NAGAR TR PS", "Cr no": "35/2024", "Latitude": 12.984119, "Longitude": 77.640737, "Location of Black spot": "Indiranagar 80 feet road, 100 feet road junction, Old Madras Road", "Date (DD/MM/YYYY)": "08/02/2024", "Time ( in 24 hours)": "07:25:00", "Fatal": "1", "GI": null, "MI": null, "Severity": "Fatal", "Crash Category": "Vehicle-Vehicle", "Accused": "Canter", "Victim": "2W", "Vehicles Involved": "Canter and 2W", "Type of Crash": "Hit from Back", "Cause of Crash": "Rash and Negligent" }, "geometry": { "type": "Point", "coordinates": [ 77.640737, 12.984119 ] } },
{ "type": "Feature", "properties": { "Unique ID": "19_303/2024", "Year": 2024, "Tag": "Unique", "SL No": 19, "Traffic ps": "J B NAGAR TR PS", "Cr no": "303/2024", "Latitude": 12.985343, "Longitude": 77.64413, "Location of Black spot": "Indiranagar 80 feet road, 100 feet road junction, Old Madras Road", "Date (DD/MM/YYYY)": "18/11/2024", "Time ( in 24 hours)": "13:00:00", "Fatal": "1", "GI": null, "MI": null, "Severity": "Fatal", "Crash Category": "Vehicle-Vehicle", "Accused": "2W", "Victim": "2W", "Vehicles Involved": "2W and 2W", "Type of Crash": "Hit from Side", "Cause of Crash": "Rash and Negligent" }, "geometry": { "type": "Point", "coordinates": [ 77.64413, 12.985343 ] } },
{ "type": "Feature", "properties": { "Unique ID": "20_298/2024", "Year": 2024, "Tag": "Unique", "SL No": 20, "Traffic ps": "J B NAGAR TR PS", "Cr no": "298/2024", "Latitude": 12.984734, "Longitude": 77.642563, "Location of Black spot": "Indiranagar 80 feet road, 100 feet road junction, Old Madras Road", "Date (DD/MM/YYYY)": "16/11/2024", "Time ( in 24 hours)": "05:30:00", "Fatal": null, "GI": 1, "MI": null, "Severity": "Non-Fatal", "Crash Category": "Vehicle-Pedestrian", "Accused": "2W", "Victim": "Pedestrian", "Vehicles Involved": "2W and Pedestrian", "Type of Crash": "Hit from Side", "Cause of Crash": "Rash and Negligent" }, "geometry": { "type": "Point", "coordinates": [ 77.642563, 12.984734 ] } },
{ "type": "Feature", "properties": { "Unique ID": "21_63/2024", "Year": 2024, "Tag": "Legitimate", "SL No": 21, "Traffic ps": "J B NAGAR TR PS", "Cr no": "63/2024", "Latitude": 12.960454, "Longitude": 77.643945, "Location of Black spot": "GOLDEN ENCLAVE  APARTMENT OLD AIR PORT ROAD", "Date (DD/MM/YYYY)": "03/03/2024", "Time ( in 24 hours)": "01:20:00", "Fatal": null, "GI": 1, "MI": null, "Severity": "Non-Fatal", "Crash Category": "Vehicle-Pedestrian", "Accused": "Car", "Victim": "Pedestrian", "Vehicles Involved": "Car and Pedestrian", "Type of Crash": "Hit from Side", "Cause of Crash": "Rash and Negligent" }, "geometry": { "type": "Point", "coordinates": [ 77.643945, 12.960454 ] } },
{ "type": "Feature", "properties": { "Unique ID": "22_114/2024", "Year": 2024, "Tag": "Unique", "SL No": 22, "Traffic ps": "J B NAGAR TR PS", "Cr no": "114/2024", "Latitude": 12.959724, "Longitude": 77.649165, "Location of Black spot": "GOLDEN ENCLAVE  APARTMENT OLD AIR PORT ROAD", "Date (DD/MM/YYYY)": "20/05/2024", "Time ( in 24 hours)": "03:00:00", "Fatal": null, "GI": 1, "MI": null, "Severity": "Non-Fatal", "Crash Category": "Vehicle-Vehicle", "Accused": "Vehicle", "Victim": "2W", "Vehicles Involved": "Vehicle and 2W", "Type of Crash": "Hit from Back", "Cause of Crash": "Rash and Negligent" }, "geometry": { "type": "Point", "coordinates": [ 77.649165, 12.959724 ] } },
{ "type": "Feature", "properties": { "Unique ID": "23_117/2024", "Year": 2024, "Tag": "Legitimate", "SL No": 23, "Traffic ps": "J B NAGAR TR PS", "Cr no": "117/2024", "Latitude": 12.959513, "Longitude": 77.653849, "Location of Black spot": "GOLDEN ENCLAVE  APARTMENT OLD AIR PORT ROAD", "Date (DD/MM/YYYY)": "27/05/2024", "Time ( in 24 hours)": "14:00:00", "Fatal": null, "GI": 1, "MI": null, "Severity": "Non-Fatal", "Crash Category": "Vehicle-Vehicle", "Accused": "Car", "Victim": "Cycle", "Vehicles Involved": "Car and Cycle", "Type of Crash": "N.D.A", "Cause of Crash": "Rash and Negligent" }, "geometry": { "type": "Point", "coordinates": [ 77.653849, 12.959513 ] } },
{ "type": "Feature", "properties": { "Unique ID": "24_238/2024", "Year": 2024, "Tag": "Unique", "SL No": 24, "Traffic ps": "J B NAGAR TR PS", "Cr no": "238/2024", "Latitude": 12.960132, "Longitude": 77.644696, "Location of Black spot": "GOLDEN ENCLAVE  APARTMENT OLD AIR PORT ROAD", "Date (DD/MM/YYYY)": "25/09/2024", "Time ( in 24 hours)": "18:30:00", "Fatal": null, "GI": 1, "MI": null, "Severity": "Non-Fatal", "Crash Category": "Vehicle-Pedestrian", "Accused": "2W", "Victim": "Pedestrian", "Vehicles Involved": "2W and Pedestrian", "Type of Crash": "N.D.A", "Cause of Crash": "Rash and Negligent" }, "geometry": { "type": "Point", "coordinates": [ 77.644696, 12.960132 ] } },
{ "type": "Feature", "properties": { "Unique ID": "25_102/2024", "Year": 2024, "Tag": "Legitimate", "SL No": 25, "Traffic ps": "J B NAGAR TR PS", "Cr no": "102/2024", "Latitude": 12.986109, "Longitude": 77.64267, "Location of Black spot": "OLD BYAPPANAHALLI PLEYOVER KALAPALLI MAIN ROAD", "Date (DD/MM/YYYY)": "28/04/2024", "Time ( in 24 hours)": "18:00:00", "Fatal": "1", "GI": null, "MI": null, "Severity": "Fatal", "Crash Category": "Vehicle-Vehicle", "Accused": "Vehicle", "Victim": "3W", "Vehicles Involved": "Vehicle and 3W", "Type of Crash": "Head-On", "Cause of Crash": "Rash and Negligent" }, "geometry": { "type": "Point", "coordinates": [ 77.64267, 12.986109 ] } },
{ "type": "Feature", "properties": { "Unique ID": "26_87/2024", "Year": 2024, "Tag": "Legitimate", "SL No": 26, "Traffic ps": "J B NAGAR TR PS", "Cr no": "87/2024", "Latitude": 12.987561, "Longitude": 77.642894, "Location of Black spot": "OLD BYAPPANAHALLI PLEYOVER KALAPALLI MAIN ROAD", "Date (DD/MM/YYYY)": "11/04/2024", "Time ( in 24 hours)": "16:50:00", "Fatal": null, "GI": 1, "MI": null, "Severity": "Non-Fatal", "Crash Category": "Vehicle-Pedestrian", "Accused": "3W", "Victim": "Pedestrian", "Vehicles Involved": "3W and Pedestrian", "Type of Crash": "Hit from Side", "Cause of Crash": "Rash and Negligent" }, "geometry": { "type": "Point", "coordinates": [ 77.642894, 12.987561 ] } },
{ "type": "Feature", "properties": { "Unique ID": "27_90/2024", "Year": 2024, "Tag": "Legitimate", "SL No": 27, "Traffic ps": "J B NAGAR TR PS", "Cr no": "90/2024", "Latitude": 12.987566, "Longitude": 77.642898, "Location of Black spot": "OLD BYAPPANAHALLI PLEYOVER KALAPALLI MAIN ROAD", "Date (DD/MM/YYYY)": "12/04/2024", "Time ( in 24 hours)": "16:30:00", "Fatal": null, "GI": 1, "MI": null, "Severity": "Non-Fatal", "Crash Category": "Vehicle-Vehicle", "Accused": "Vehicle", "Victim": "3W", "Vehicles Involved": "Vehicle and 3W", "Type of Crash": "Head-On", "Cause of Crash": "Rash and Negligent" }, "geometry": { "type": "Point", "coordinates": [ 77.642898, 12.987566 ] } },
{ "type": "Feature", "properties": { "Unique ID": "28_325/2024", "Year": 2024, "Tag": "Unique", "SL No": 28, "Traffic ps": "J B NAGAR TR PS", "Cr no": "325/2024", "Latitude": 12.991833, "Longitude": 77.643636, "Location of Black spot": "OLD BYAPPANAHALLI PLEYOVER KALAPALLI MAIN ROAD", "Date (DD/MM/YYYY)": "07/12/2024", "Time ( in 24 hours)": "12:00:00", "Fatal": null, "GI": 1, "MI": null, "Severity": "Non-Fatal", "Crash Category": "Vehicle-Vehicle", "Accused": "Car", "Victim": "2W", "Vehicles Involved": "Car and 2W", "Type of Crash": "Head-On", "Cause of Crash": "Rash and Negligent" }, "geometry": { "type": "Point", "coordinates": [ 77.643636, 12.991833 ] } },
{ "type": "Feature", "properties": { "Unique ID": "29_64/2024", "Year": 2024, "Tag": "Unique", "SL No": 29, "Traffic ps": "K G HALLI TR PS", "Cr no": "64/2024", "Latitude": 13.031256, "Longitude": 77.630599, "Location of Black spot": "OUTER RING ROAD  BHIMA JEWELLERS", "Date (DD/MM/YYYY)": "20/06/2024", "Time ( in 24 hours)": "18:15:00", "Fatal": "1", "GI": null, "MI": null, "Severity": "Fatal", "Crash Category": "Vehicle-Pedestrian", "Accused": "Lorry", "Victim": "Pedestrian", "Vehicles Involved": "Lorry and Pedestrian", "Type of Crash": "N.D.A", "Cause of Crash": "Rash and Negligent" }, "geometry": { "type": "Point", "coordinates": [ 77.630599, 13.031256 ] } },
{ "type": "Feature", "properties": { "Unique ID": "30_007/2024", "Year": 2024, "Tag": "Legitimate", "SL No": 30, "Traffic ps": "K G HALLI TR PS", "Cr no": "007/2024", "Latitude": 13.031256, "Longitude": 77.630599, "Location of Black spot": "OUTER RING ROAD  BHIMA JEWELLERS", "Date (DD/MM/YYYY)": "19/01/2024", "Time ( in 24 hours)": "18:35:00", "Fatal": null, "GI": 1, "MI": null, "Severity": "Non-Fatal", "Crash Category": "Vehicle-Vehicle", "Accused": "Bus", "Victim": "2W", "Vehicles Involved": "Bus and 2W", "Type of Crash": "Hit from Back", "Cause of Crash": "Rash and Negligent" }, "geometry": { "type": "Point", "coordinates": [ 77.630599, 13.031256 ] } },
{ "type": "Feature", "properties": { "Unique ID": "31_71/2024", "Year": 2024, "Tag": "Legitimate", "SL No": 31, "Traffic ps": "K G HALLI TR PS", "Cr no": "71/2024", "Latitude": 13.031256, "Longitude": 77.630599, "Location of Black spot": "OUTER RING ROAD  BHIMA JEWELLERS", "Date (DD/MM/YYYY)": "12/07/2024", "Time ( in 24 hours)": "23:35:00", "Fatal": null, "GI": 1, "MI": null, "Severity": "Non-Fatal", "Crash Category": "Vehicle-Vehicle", "Accused": "Lorry", "Victim": "2W", "Vehicles Involved": "Lorry and 2W", "Type of Crash": "Hit from Back", "Cause of Crash": "Rash and Negligent" }, "geometry": { "type": "Point", "coordinates": [ 77.630599, 13.031256 ] } },
{ "type": "Feature", "properties": { "Unique ID": "32_27/2024", "Year": 2024, "Tag": "Legitimate", "SL No": 32, "Traffic ps": "K G HALLI TR PS", "Cr no": "27/2024", "Latitude": 13.033997, "Longitude": 77.629054, "Location of Black spot": "OUTER RING ROAD NEAR FOREST OFFICE", "Date (DD/MM/YYYY)": "23/03/2024", "Time ( in 24 hours)": "13:30:00", "Fatal": null, "GI": 1, "MI": null, "Severity": "Non-Fatal", "Crash Category": "Self Accident", "Accused": "2W", "Victim": "Self", "Vehicles Involved": "2W and Self", "Type of Crash": "Self", "Cause of Crash": "Rash and Negligent" }, "geometry": { "type": "Point", "coordinates": [ 77.629054, 13.033997 ] } },
{ "type": "Feature", "properties": { "Unique ID": "33_51/2024", "Year": 2024, "Tag": "Legitimate", "SL No": 33, "Traffic ps": "KR Pura traffic ps", "Cr no": "51/2024", "Latitude": 13.02461, "Longitude": 77.71797, "Location of Black spot": "RTO office kr pura, Medahalli", "Date (DD/MM/YYYY)": "17/02/2024", "Time ( in 24 hours)": "15:30:00", "Fatal": "1", "GI": null, "MI": null, "Severity": "Fatal", "Crash Category": "Vehicle-Vehicle", "Accused": "Vehicle", "Victim": "Vehicle", "Vehicles Involved": "Vehicle and Vehicle", "Type of Crash": "Hit from Back", "Cause of Crash": "Rash and Negligent" }, "geometry": { "type": "Point", "coordinates": [ 77.71797, 13.02461 ] } },
{ "type": "Feature", "properties": { "Unique ID": "34_176/2024", "Year": 2024, "Tag": "Legitimate", "SL No": 34, "Traffic ps": "KR Pura traffic ps", "Cr no": "176/2024", "Latitude": 13.00522, "Longitude": 77.68492, "Location of Black spot": "ITI hanging bridge, KR Pura", "Date (DD/MM/YYYY)": "07/07/2024", "Time ( in 24 hours)": "14:30:00", "Fatal": "1", "GI": null, "MI": null, "Severity": "Fatal", "Crash Category": "Vehicle-Vehicle", "Accused": "Vehicle", "Victim": "Vehicle", "Vehicles Involved": "Vehicle and Vehicle", "Type of Crash": "Hit from Back", "Cause of Crash": "Rash and Negligent" }, "geometry": { "type": "Point", "coordinates": [ 77.68492, 13.00522 ] } },
{ "type": "Feature", "properties": { "Unique ID": "35_226/2024", "Year": 2024, "Tag": "Legitimate", "SL No": 35, "Traffic ps": "KR Pura traffic ps", "Cr no": "226/2024", "Latitude": 13.00427, "Longitude": 77.68338, "Location of Black spot": "ITI hanging bridge, KR Pura", "Date (DD/MM/YYYY)": "30/08/2024", "Time ( in 24 hours)": null, "Fatal": "1", "GI": null, "MI": null, "Severity": "Fatal", "Crash Category": "Vehicle-Vehicle", "Accused": "Vehicle", "Victim": "Vehicle", "Vehicles Involved": "Vehicle and Vehicle", "Type of Crash": "Hit from Back", "Cause of Crash": "Rash and Negligent" }, "geometry": { "type": "Point", "coordinates": [ 77.68338, 13.00427 ] } },
{ "type": "Feature", "properties": { "Unique ID": "36_109/2024", "Year": 2024, "Tag": "Unique", "SL No": 36, "Traffic ps": "KR Pura traffic ps", "Cr no": "109/2024", "Latitude": 13.00397, "Longitude": 77.68291, "Location of Black spot": "ITI hanging bridge, KR Pura", "Date (DD/MM/YYYY)": "02/05/2024", "Time ( in 24 hours)": "15:15:00", "Fatal": "1", "GI": null, "MI": null, "Severity": "Fatal", "Crash Category": "Vehicle-Vehicle", "Accused": "Vehicle", "Victim": "Vehicle", "Vehicles Involved": "Vehicle and Vehicle", "Type of Crash": "Hit from Back", "Cause of Crash": "Rash and Negligent" }, "geometry": { "type": "Point", "coordinates": [ 77.68291, 13.00397 ] } },
{ "type": "Feature", "properties": { "Unique ID": "37_005/2024", "Year": 2024, "Tag": "Unique", "SL No": 37, "Traffic ps": "HAL AIRPORT TRPS", "Cr no": "005/2024", "Latitude": 12.967935, "Longitude": 77.701621, "Location of Black spot": "KARTHIK NAGARA JUNCTION \n TO KALAMANDIR  (OUTER RING ROAD)", "Date (DD/MM/YYYY)": "10/01/2024", "Time ( in 24 hours)": "07:00:00", "Fatal": null, "GI": 1, "MI": null, "Severity": "Non-Fatal", "Crash Category": "Vehicle-Vehicle", "Accused": "Canter", "Victim": "Car", "Vehicles Involved": "Canter and Car", "Type of Crash": "Head-On", "Cause of Crash": "Rash and Negligent" }, "geometry": { "type": "Point", "coordinates": [ 77.701621, 12.967935 ] } },
{ "type": "Feature", "properties": { "Unique ID": "38_61/2024", "Year": 2024, "Tag": "Legitimate", "SL No": 38, "Traffic ps": "HAL AIRPORT TRPS", "Cr no": "61/2024", "Latitude": 12.968228, "Longitude": 77.701665, "Location of Black spot": "KARTHIK NAGARA JUNCTION \n TO KALAMANDIR  (OUTER RING ROAD)", "Date (DD/MM/YYYY)": "24/03/2024", "Time ( in 24 hours)": "10:00:00", "Fatal": null, "GI": 1, "MI": null, "Severity": "Non-Fatal", "Crash Category": "Vehicle-Pedestrian", "Accused": "2W", "Victim": "Pedestrian", "Vehicles Involved": "2W and Pedestrian", "Type of Crash": "Hit from Back", "Cause of Crash": "Rash and Negligent" }, "geometry": { "type": "Point", "coordinates": [ 77.701665, 12.968228 ] } },
{ "type": "Feature", "properties": { "Unique ID": "39_105/2024", "Year": 2024, "Tag": "Unique", "SL No": 39, "Traffic ps": "HAL AIRPORT TRPS", "Cr no": "105/2024", "Latitude": 12.967486, "Longitude": 77.702168, "Location of Black spot": "KARTHIK NAGARA JUNCTION \n TO KALAMANDIR  (OUTER RING ROAD)", "Date (DD/MM/YYYY)": "26/04/2024", "Time ( in 24 hours)": "14:00:00", "Fatal": null, "GI": 1, "MI": null, "Severity": "Non-Fatal", "Crash Category": "Vehicle-Pedestrian", "Accused": "2W", "Victim": "Pedestrian", "Vehicles Involved": "2W and Pedestrian", "Type of Crash": "Hit from Back", "Cause of Crash": "Rash and Negligent" }, "geometry": { "type": "Point", "coordinates": [ 77.702168, 12.967486 ] } },
{ "type": "Feature", "properties": { "Unique ID": "40_173/2024", "Year": 2024, "Tag": "Legitimate", "SL No": 40, "Traffic ps": "HAL AIRPORT TRPS", "Cr no": "173/2024", "Latitude": 12.968228, "Longitude": 77.701665, "Location of Black spot": "KARTHIK NAGARA JUNCTION \n TO KALAMANDIR  (OUTER RING ROAD)", "Date (DD/MM/YYYY)": "11/07/2024", "Time ( in 24 hours)": "06:30:00", "Fatal": null, "GI": 1, "MI": null, "Severity": "Non-Fatal", "Crash Category": "Vehicle-Vehicle", "Accused": "2W", "Victim": "2W", "Vehicles Involved": "2W and 2W", "Type of Crash": "Head-On", "Cause of Crash": "Rash and Negligent" }, "geometry": { "type": "Point", "coordinates": [ 77.701665, 12.968228 ] } },
{ "type": "Feature", "properties": { "Unique ID": "41_176/2024", "Year": 2024, "Tag": "Legitimate", "SL No": 41, "Traffic ps": "HAL AIRPORT TRPS", "Cr no": "176/2024", "Latitude": 12.943178, "Longitude": 77.979156, "Location of Black spot": "KARTHIK NAGARA JUNCTION \n TO KALAMANDIR  (OUTER RING ROAD)", "Date (DD/MM/YYYY)": "14/07/2024", "Time ( in 24 hours)": "18:00:00", "Fatal": null, "GI": 1, "MI": null, "Severity": "Non-Fatal", "Crash Category": "Vehicle-Vehicle", "Accused": "Car", "Victim": "2W", "Vehicles Involved": "Car and 2W", "Type of Crash": "Hit from Side", "Cause of Crash": "Rash and Negligent" }, "geometry": { "type": "Point", "coordinates": [ 77.979156, 12.943178 ] } },
{ "type": "Feature", "properties": { "Unique ID": "42_182/2024", "Year": 2024, "Tag": "Legitimate", "SL No": 42, "Traffic ps": "HAL AIRPORT TRPS", "Cr no": "182/2024", "Latitude": 12.960198, "Longitude": 77.70117, "Location of Black spot": "KARTHIK NAGARA JUNCTION \n TO KALAMANDIR  (OUTER RING ROAD)", "Date (DD/MM/YYYY)": "25/07/2024", "Time ( in 24 hours)": "19:00:00", "Fatal": null, "GI": 1, "MI": null, "Severity": "Non-Fatal", "Crash Category": "Vehicle-Vehicle", "Accused": "Bus", "Victim": "Vehicle", "Vehicles Involved": "Bus and Vehicle", "Type of Crash": "N.D.A", "Cause of Crash": "Rash and Negligent" }, "geometry": { "type": "Point", "coordinates": [ 77.70117, 12.960198 ] } },
{ "type": "Feature", "properties": { "Unique ID": "43_185/2024", "Year": 2024, "Tag": "Legitimate", "SL No": 43, "Traffic ps": "HAL AIRPORT TRPS", "Cr no": "185/2024", "Latitude": 12.963701, "Longitude": 77.701867, "Location of Black spot": "KARTHIK NAGARA JUNCTION \n TO KALAMANDIR  (OUTER RING ROAD)", "Date (DD/MM/YYYY)": "12/08/2024", "Time ( in 24 hours)": "17:00:00", "Fatal": null, "GI": 1, "MI": null, "Severity": "Non-Fatal", "Crash Category": "Vehicle-Vehicle", "Accused": "Car", "Victim": "2W", "Vehicles Involved": "Car and 2W", "Type of Crash": "Hit from Back", "Cause of Crash": "Rash and Negligent" }, "geometry": { "type": "Point", "coordinates": [ 77.701867, 12.963701 ] } },
{ "type": "Feature", "properties": { "Unique ID": "44_216/2024", "Year": 2024, "Tag": "Unique", "SL No": 44, "Traffic ps": "HAL AIRPORT TRPS", "Cr no": "216/2024", "Latitude": 12.965463, "Longitude": 77.70203, "Location of Black spot": "KARTHIK NAGARA JUNCTION \n TO KALAMANDIR  (OUTER RING ROAD)", "Date (DD/MM/YYYY)": "23/11/2024", "Time ( in 24 hours)": null, "Fatal": null, "GI": 1, "MI": null, "Severity": "Non-Fatal", "Crash Category": "Vehicle-Vehicle", "Accused": "2W", "Victim": "2W", "Vehicles Involved": "2W and 2W", "Type of Crash": "Head-On", "Cause of Crash": "Rash and Negligent" }, "geometry": { "type": "Point", "coordinates": [ 77.70203, 12.965463 ] } },
{ "type": "Feature", "properties": { "Unique ID": "45_36/2024", "Year": 2024, "Tag": "Legitimate", "SL No": 45, "Traffic ps": "HAL AIRPORT TRPS", "Cr no": "36/2024", "Latitude": 12.94074, "Longitude": 77.696224, "Location of Black spot": "JP MORGAN TO NEW HORIZON\n COLLEGEKADUBISANAHALLI\n (OUTER RING ROAD)", "Date (DD/MM/YYYY)": "26/02/2024", "Time ( in 24 hours)": "07:30:00", "Fatal": "1", "GI": null, "MI": null, "Severity": "Fatal", "Crash Category": "Vehicle-Vehicle", "Accused": "Lorry", "Victim": "2W", "Vehicles Involved": "Lorry and 2W", "Type of Crash": "Hit from Back", "Cause of Crash": "Rash and Negligent" }, "geometry": { "type": "Point", "coordinates": [ 77.696224, 12.94074 ] } },
{ "type": "Feature", "properties": { "Unique ID": "46_193/2024", "Year": 2024, "Tag": "Unique", "SL No": 46, "Traffic ps": "HAL AIRPORT TRPS", "Cr no": "193/2024", "Latitude": 12.942612, "Longitude": 77.697737, "Location of Black spot": "JP MORGAN TO NEW HORIZON\n COLLEGEKADUBISANAHALLI\n (OUTER RING ROAD)", "Date (DD/MM/YYYY)": "14/09/2024", "Time ( in 24 hours)": "09:20:00", "Fatal": "1", "GI": null, "MI": null, "Severity": "Fatal", "Crash Category": "Vehicle-Pedestrian", "Accused": "Cycle", "Victim": "Pedestrian", "Vehicles Involved": "Cycle and Pedestrian", "Type of Crash": "Head-On", "Cause of Crash": "Rash and Negligent" }, "geometry": { "type": "Point", "coordinates": [ 77.697737, 12.942612 ] } },
{ "type": "Feature", "properties": { "Unique ID": "47_16/2024", "Year": 2024, "Tag": "Unique", "SL No": 47, "Traffic ps": "HAL AIRPORT TRPS", "Cr no": "16/2024", "Latitude": 12.942612, "Longitude": 77.697737, "Location of Black spot": "JP MORGAN TO NEW HORIZON\n COLLEGEKADUBISANAHALLI\n (OUTER RING ROAD)", "Date (DD/MM/YYYY)": "01/02/2024", "Time ( in 24 hours)": "16:00:00", "Fatal": null, "GI": 1, "MI": null, "Severity": "Non-Fatal", "Crash Category": "Vehicle-Pedestrian", "Accused": "Cycle", "Victim": "Pedestrian", "Vehicles Involved": "Cycle and Pedestrian", "Type of Crash": "Head-On", "Cause of Crash": "Rash and Negligent" }, "geometry": { "type": "Point", "coordinates": [ 77.697737, 12.942612 ] } },
{ "type": "Feature", "properties": { "Unique ID": "48_32/2024", "Year": 2024, "Tag": "Legitimate", "SL No": 48, "Traffic ps": "HAL AIRPORT TRPS", "Cr no": "32/2024", "Latitude": 12.958857, "Longitude": 77.667531, "Location of Black spot": "JP MORGAN TO NEW HORIZON\n COLLEGEKADUBISANAHALLI\n (OUTER RING ROAD)", "Date (DD/MM/YYYY)": "23/02/2024", "Time ( in 24 hours)": "13:30:00", "Fatal": null, "GI": 1, "MI": null, "Severity": "Non-Fatal", "Crash Category": "Vehicle-Vehicle", "Accused": "3W", "Victim": "Self", "Vehicles Involved": "3W and Self", "Type of Crash": "Skidding", "Cause of Crash": "Rash and Negligent" }, "geometry": { "type": "Point", "coordinates": [ 77.667531, 12.958857 ] } },
{ "type": "Feature", "properties": { "Unique ID": "49_65/2024", "Year": 2024, "Tag": "Legitimate", "SL No": 49, "Traffic ps": "HAL AIRPORT TRPS", "Cr no": "65/2024", "Latitude": 12.941503, "Longitude": 77.656632, "Location of Black spot": "JP MORGAN TO NEW HORIZON\n COLLEGEKADUBISANAHALLI\n (OUTER RING ROAD)", "Date (DD/MM/YYYY)": "29/01/2024", "Time ( in 24 hours)": "02:30:00", "Fatal": null, "GI": 1, "MI": null, "Severity": "Non-Fatal", "Crash Category": "Vehicle-Vehicle", "Accused": "Car", "Victim": "2W", "Vehicles Involved": "Car and 2W", "Type of Crash": "Head-On", "Cause of Crash": "Rash and Negligent" }, "geometry": { "type": "Point", "coordinates": [ 77.656632, 12.941503 ] } },
{ "type": "Feature", "properties": { "Unique ID": "50_66/2024", "Year": 2024, "Tag": "Unique", "SL No": 50, "Traffic ps": "HAL AIRPORT TRPS", "Cr no": "66/2024", "Latitude": 12.958857, "Longitude": 77.667531, "Location of Black spot": "JP MORGAN TO NEW HORIZON\n COLLEGEKADUBISANAHALLI\n (OUTER RING ROAD)", "Date (DD/MM/YYYY)": "26/03/2024", "Time ( in 24 hours)": "09:30:00", "Fatal": null, "GI": 1, "MI": null, "Severity": "Non-Fatal", "Crash Category": "Vehicle-Vehicle", "Accused": "2W", "Victim": "2W", "Vehicles Involved": "2W and 2W", "Type of Crash": "Head-On", "Cause of Crash": "Rash and Negligent" }, "geometry": { "type": "Point", "coordinates": [ 77.667531, 12.958857 ] } },
{ "type": "Feature", "properties": { "Unique ID": "51_198/2024", "Year": 2024, "Tag": "Unique", "SL No": 51, "Traffic ps": "HAL AIRPORT TRPS", "Cr no": "198/2024", "Latitude": 12.932118, "Longitude": 77.687244, "Location of Black spot": "JP MORGAN TO NEW HORIZON\n COLLEGEKADUBISANAHALLI\n (OUTER RING ROAD)", "Date (DD/MM/YYYY)": "01/09/2024", "Time ( in 24 hours)": "10:05:00", "Fatal": null, "GI": 1, "MI": null, "Severity": "Non-Fatal", "Crash Category": "Vehicle-Vehicle", "Accused": "Car", "Victim": "2W", "Vehicles Involved": "Car and 2W", "Type of Crash": "Hit from Side", "Cause of Crash": "Rash and Negligent" }, "geometry": { "type": "Point", "coordinates": [ 77.687244, 12.932118 ] } },
{ "type": "Feature", "properties": { "Unique ID": "52_144/2024", "Year": 2024, "Tag": "Legitimate", "SL No": 52, "Traffic ps": "WHITEFIELD", "Cr no": "144/2024", "Latitude": 12.953563, "Longitude": 77.744056, "Location of Black spot": "WHITEFIELD MN RD, IMMADIHALLI JN TOWARDS SVASTHA HOSPITAL", "Date (DD/MM/YYYY)": "15/08/2024", "Time ( in 24 hours)": "01:30:00", "Fatal": null, "GI": 1, "MI": null, "Severity": "Non-Fatal", "Crash Category": "Vehicle-Vehicle", "Accused": "Lorry", "Victim": "2W", "Vehicles Involved": "Lorry and 2W", "Type of Crash": "Hit from Back", "Cause of Crash": "Rash and Negligent" }, "geometry": { "type": "Point", "coordinates": [ 77.744056, 12.953563 ] } },
{ "type": "Feature", "properties": { "Unique ID": "53_188/2024", "Year": 2024, "Tag": "Legitimate", "SL No": 53, "Traffic ps": "WHITEFIELD", "Cr no": "188/2024", "Latitude": 12.945574, "Longitude": 77.747139, "Location of Black spot": "WHITEFIELD MN RD, IMMADIHALLI JN TOWARDS SVASTHA HOSPITAL", "Date (DD/MM/YYYY)": "23/09/2024", "Time ( in 24 hours)": "17:00:00", "Fatal": null, "GI": 1, "MI": null, "Severity": "Non-Fatal", "Crash Category": "Vehicle-Pedestrian", "Accused": "2W", "Victim": "Pedestrian", "Vehicles Involved": "2W and Pedestrian", "Type of Crash": "N.D.A", "Cause of Crash": "Rash and Negligent" }, "geometry": { "type": "Point", "coordinates": [ 77.747139, 12.945574 ] } },
{ "type": "Feature", "properties": { "Unique ID": "54_047/2024", "Year": 2024, "Tag": "Unique", "SL No": 54, "Traffic ps": "WHITEFIELD", "Cr no": "047/2024", "Latitude": 12.953563, "Longitude": 77.744056, "Location of Black spot": "VARTHURU KODI TO VARTHURU BRIDGE", "Date (DD/MM/YYYY)": "10/03/2024", "Time ( in 24 hours)": "13:00:00", "Fatal": "1", "GI": null, "MI": null, "Severity": "Fatal", "Crash Category": "Vehicle-Vehicle", "Accused": "Lorry", "Victim": "2W", "Vehicles Involved": "Lorry and 2W", "Type of Crash": "Hit from Back", "Cause of Crash": "Rash and Negligent" }, "geometry": { "type": "Point", "coordinates": [ 77.744056, 12.953563 ] } },
{ "type": "Feature", "properties": { "Unique ID": "55_059/2024", "Year": 2024, "Tag": "Unique", "SL No": 55, "Traffic ps": "WHITEFIELD", "Cr no": "059/2024", "Latitude": 12.945574, "Longitude": 77.747139, "Location of Black spot": "VARTHURU KODI TO VARTHURU BRIDGE", "Date (DD/MM/YYYY)": "02/04/2024", "Time ( in 24 hours)": "00:30:00", "Fatal": "1", "GI": null, "MI": null, "Severity": "Fatal", "Crash Category": "Vehicle-Vehicle", "Accused": "Lorry", "Victim": "2W", "Vehicles Involved": "Lorry and 2W", "Type of Crash": "Hit from Back", "Cause of Crash": "Rash and Negligent" }, "geometry": { "type": "Point", "coordinates": [ 77.747139, 12.945574 ] } },
{ "type": "Feature", "properties": { "Unique ID": "56_078/02024", "Year": 2024, "Tag": "Unique", "SL No": 56, "Traffic ps": "WHITEFIELD", "Cr no": "078/02024", "Latitude": 12.952329, "Longitude": 77.744771, "Location of Black spot": "VARTHURU KODI TO VARTHURU BRIDGE", "Date (DD/MM/YYYY)": "29/04/2024", "Time ( in 24 hours)": "16:50:00", "Fatal": "1", "GI": null, "MI": null, "Severity": "Fatal", "Crash Category": "Vehicle-Vehicle", "Accused": "Lorry", "Victim": "2W", "Vehicles Involved": "Lorry and 2W", "Type of Crash": "Hit from Back", "Cause of Crash": "Rash and Negligent" }, "geometry": { "type": "Point", "coordinates": [ 77.744771, 12.952329 ] } },
{ "type": "Feature", "properties": { "Unique ID": "57_082/2024", "Year": 2024, "Tag": "Unique", "SL No": 57, "Traffic ps": "WHITEFIELD", "Cr no": "082/2024", "Latitude": 12.954886, "Longitude": 77.744398, "Location of Black spot": "VARTHURU KODI TO VARTHURU BRIDGE", "Date (DD/MM/YYYY)": "11/05/2024", "Time ( in 24 hours)": "02:00:00", "Fatal": "1", "GI": null, "MI": null, "Severity": "Fatal", "Crash Category": "Vehicle-Vehicle", "Accused": "Lorry", "Victim": "2W", "Vehicles Involved": "Lorry and 2W", "Type of Crash": "Hit from Back", "Cause of Crash": "Rash and Negligent" }, "geometry": { "type": "Point", "coordinates": [ 77.744398, 12.954886 ] } },
{ "type": "Feature", "properties": { "Unique ID": "58_083/2024", "Year": 2024, "Tag": "Legitimate", "SL No": 58, "Traffic ps": "WHITEFIELD", "Cr no": "083/2024", "Latitude": 12.953821, "Longitude": 77.744434, "Location of Black spot": "VARTHURU KODI TO VARTHURU BRIDGE", "Date (DD/MM/YYYY)": "12/02/2024", "Time ( in 24 hours)": "17:00:00", "Fatal": null, "GI": 1, "MI": null, "Severity": "Non-Fatal", "Crash Category": "Vehicle-Vehicle", "Accused": "Canter", "Victim": "2W", "Vehicles Involved": "Canter and 2W", "Type of Crash": "Hit from Back", "Cause of Crash": "Rash and Negligent" }, "geometry": { "type": "Point", "coordinates": [ 77.744434, 12.953821 ] } },
{ "type": "Feature", "properties": { "Unique ID": "59_69/2024", "Year": 2024, "Tag": "Unique", "SL No": 59, "Traffic ps": "Mahadevapura Tr PS", "Cr no": "69/2024", "Latitude": 12.979979, "Longitude": 77.6943, "Location of Black spot": "Opp EMC square building, Ring road MD Pura.", "Date (DD/MM/YYYY)": "03/05/2024", "Time ( in 24 hours)": "09:30:00", "Fatal": null, "GI": 1, "MI": null, "Severity": "Non-Fatal", "Crash Category": "Vehicle-Pedestrian", "Accused": "2W", "Victim": "Pedestrian", "Vehicles Involved": "2W and Pedestrian", "Type of Crash": "Hit from Side", "Cause of Crash": "Rash and Negligent" }, "geometry": { "type": "Point", "coordinates": [ 77.6943, 12.979979 ] } },
{ "type": "Feature", "properties": { "Unique ID": "60_92/2024", "Year": 2024, "Tag": "Legitimate", "SL No": 60, "Traffic ps": "Mahadevapura Tr PS", "Cr no": "92/2024", "Latitude": 12.984201, "Longitude": 77.691792, "Location of Black spot": "Opp EMC square building, Ring road MD Pura.", "Date (DD/MM/YYYY)": "06/06/2024", "Time ( in 24 hours)": "11:00:00", "Fatal": "1", "GI": null, "MI": null, "Severity": "Fatal", "Crash Category": "Self Accident", "Accused": "2W", "Victim": "Self", "Vehicles Involved": "2W and Self", "Type of Crash": "Self", "Cause of Crash": "Rash and Negligent" }, "geometry": { "type": "Point", "coordinates": [ 77.691792, 12.984201 ] } },
{ "type": "Feature", "properties": { "Unique ID": "61_102/2024", "Year": 2024, "Tag": "Legitimate", "SL No": 61, "Traffic ps": "Mahadevapura Tr PS", "Cr no": "102/2024", "Latitude": 12.982669, "Longitude": 77.693141, "Location of Black spot": "Opp EMC square building, Ring road MD Pura.", "Date (DD/MM/YYYY)": "16/04/2024", "Time ( in 24 hours)": "12:03:00", "Fatal": null, "GI": 1, "MI": null, "Severity": "Non-Fatal", "Crash Category": "Vehicle-Vehicle", "Accused": "Vehicle", "Victim": "2W", "Vehicles Involved": "Vehicle and 2W", "Type of Crash": "Hit from Back", "Cause of Crash": "Rash and Negligent" }, "geometry": { "type": "Point", "coordinates": [ 77.693141, 12.982669 ] } },
{ "type": "Feature", "properties": { "Unique ID": "62_123/2024", "Year": 2024, "Tag": "Legitimate", "SL No": 62, "Traffic ps": "Mahadevapura Tr PS", "Cr no": "123/2024", "Latitude": 12.979979, "Longitude": 77.694311, "Location of Black spot": "Opp EMC square building, Ring road MD Pura.", "Date (DD/MM/YYYY)": "13/07/2024", "Time ( in 24 hours)": "07:20:00", "Fatal": null, "GI": 1, "MI": null, "Severity": "Non-Fatal", "Crash Category": "Vehicle-Pedestrian", "Accused": "2W", "Victim": "Pedestrian", "Vehicles Involved": "2W and Pedestrian", "Type of Crash": "Hit from Side", "Cause of Crash": "Rash and Negligent" }, "geometry": { "type": "Point", "coordinates": [ 77.694311, 12.979979 ] } },
{ "type": "Feature", "properties": { "Unique ID": "63_155/2024", "Year": 2024, "Tag": "Unique", "SL No": 63, "Traffic ps": "Mahadevapura Tr PS", "Cr no": "155/2024", "Latitude": 12.98238, "Longitude": 77.692952, "Location of Black spot": "Opp EMC square building, Ring road MD Pura.", "Date (DD/MM/YYYY)": "12/09/2024", "Time ( in 24 hours)": "21:00:00", "Fatal": null, "GI": 1, "MI": null, "Severity": "Non-Fatal", "Crash Category": "Vehicle-Pedestrian", "Accused": "2W", "Victim": "Pedestrian", "Vehicles Involved": "2W and Pedestrian", "Type of Crash": "Hit from Side", "Cause of Crash": "Rash and Negligent" }, "geometry": { "type": "Point", "coordinates": [ 77.692952, 12.98238 ] } },
{ "type": "Feature", "properties": { "Unique ID": "64_178/2024", "Year": 2024, "Tag": "Unique", "SL No": 64, "Traffic ps": "Mahadevapura Tr PS", "Cr no": "178/2024", "Latitude": 12.984521, "Longitude": 77.691581, "Location of Black spot": "Opp EMC square building, Ring road MD Pura.", "Date (DD/MM/YYYY)": "17/10/2024", "Time ( in 24 hours)": "11:45:00", "Fatal": "1", "GI": null, "MI": null, "Severity": "Fatal", "Crash Category": "Vehicle-Vehicle", "Accused": "Car", "Victim": "2W", "Vehicles Involved": "Car and 2W", "Type of Crash": "Hit from Side", "Cause of Crash": "Rash and Negligent" }, "geometry": { "type": "Point", "coordinates": [ 77.691581, 12.984521 ] } },
{ "type": "Feature", "properties": { "Unique ID": "65_180/2024", "Year": 2024, "Tag": "Legitimate", "SL No": 65, "Traffic ps": "Mahadevapura Tr PS", "Cr no": "180/2024", "Latitude": 12.986762, "Longitude": 77.690404, "Location of Black spot": "Opp more super market, Ring road, MD Pura", "Date (DD/MM/YYYY)": "27/10/2024", "Time ( in 24 hours)": "07:40:00", "Fatal": null, "GI": 1, "MI": null, "Severity": "Non-Fatal", "Crash Category": "Vehicle-Vehicle", "Accused": "Vehicle", "Victim": "2W", "Vehicles Involved": "Vehicle and 2W", "Type of Crash": "Hit from Side", "Cause of Crash": "Rash and Negligent" }, "geometry": { "type": "Point", "coordinates": [ 77.690404, 12.986762 ] } },
{ "type": "Feature", "properties": { "Unique ID": "66_18/2024", "Year": 2024, "Tag": "Legitimate", "SL No": 66, "Traffic ps": "Mahadevapura Tr PS", "Cr no": "18/2024", "Latitude": 12.993954, "Longitude": 77.685397, "Location of Black spot": "Opp NCC Appartment, Ring road, B.Narayanapura", "Date (DD/MM/YYYY)": "10/02/2024", "Time ( in 24 hours)": "20:00:00", "Fatal": "1", "GI": null, "MI": null, "Severity": "Fatal", "Crash Category": "Self Accident", "Accused": "Object", "Victim": "2W", "Vehicles Involved": "Object and 2W", "Type of Crash": "Hit Fixed Object", "Cause of Crash": "Rash and Negligent" }, "geometry": { "type": "Point", "coordinates": [ 77.685397, 12.993954 ] } },
{ "type": "Feature", "properties": { "Unique ID": "67_99/2024", "Year": 2024, "Tag": "Legitimate", "SL No": 67, "Traffic ps": "Mahadevapura Tr PS", "Cr no": "99/2024", "Latitude": 12.986643, "Longitude": 77.744376, "Location of Black spot": "ITPL MAIN ROAD, CONTAINED YARD ENTRY GATE", "Date (DD/MM/YYYY)": "15/06/2024", "Time ( in 24 hours)": "03:00:00", "Fatal": null, "GI": 1, "MI": null, "Severity": "Non-Fatal", "Crash Category": "Vehicle-Vehicle", "Accused": "Lorry", "Victim": "2W", "Vehicles Involved": "Lorry and 2W", "Type of Crash": "N.D.A", "Cause of Crash": "Rash and Negligent" }, "geometry": { "type": "Point", "coordinates": [ 77.744376, 12.986643 ] } },
{ "type": "Feature", "properties": { "Unique ID": "68_45352.0", "Year": 2024, "Tag": "Unique", "SL No": 68, "Traffic ps": "Mahadevapura Tr PS", "Cr no": "45352.0", "Latitude": 12.987015, "Longitude": 77.736706, "Location of Black spot": "ITPL MAIN ROAD, CONTAINED YARD ENTRY GATE", "Date (DD/MM/YYYY)": "05/01/2024", "Time ( in 24 hours)": "10:00:00", "Fatal": "1", "GI": null, "MI": null, "Severity": "Fatal", "Crash Category": "Vehicle-Vehicle", "Accused": "Lorry", "Victim": "2W", "Vehicles Involved": "Lorry and 2W", "Type of Crash": "N.D.A", "Cause of Crash": "Rash and Negligent" }, "geometry": { "type": "Point", "coordinates": [ 77.736706, 12.987015 ] } },
{ "type": "Feature", "properties": { "Unique ID": "69_67/2024", "Year": 2024, "Tag": "Unique", "SL No": 69, "Traffic ps": "Jnanabharathi Tr PS", "Cr no": "67/2024", "Latitude": 12.966256, "Longitude": 77.512652, "Location of Black spot": "Nagarabhavi ring road near sri malai mahadeshwara temple", "Date (DD/MM/YYYY)": "23/02/2024", "Time ( in 24 hours)": "20:45:00", "Fatal": "1", "GI": null, "MI": null, "Severity": "Fatal", "Crash Category": "Vehicle-Vehicle", "Accused": "Bus", "Victim": "2W", "Vehicles Involved": "Bus and 2W", "Type of Crash": "Run Over", "Cause of Crash": "Rash and Negligent" }, "geometry": { "type": "Point", "coordinates": [ 77.512652, 12.966256 ] } },
{ "type": "Feature", "properties": { "Unique ID": "70_117/2024", "Year": 2024, "Tag": "Legitimate", "SL No": 70, "Traffic ps": "Jnanabharathi Tr PS", "Cr no": "117/2024", "Latitude": 12.967886, "Longitude": 77.511696, "Location of Black spot": "Nagarabhavi ring road near sri malai mahadeshwara temple", "Date (DD/MM/YYYY)": "21/04/2024", "Time ( in 24 hours)": "01:30:00", "Fatal": null, "GI": null, "MI": 1, "Severity": "Non-Fatal", "Crash Category": "Vehicle-Vehicle", "Accused": "2W", "Victim": "2W", "Vehicles Involved": "2W and 2W", "Type of Crash": "Hit from Side", "Cause of Crash": "Rash and Negligent" }, "geometry": { "type": "Point", "coordinates": [ 77.511696, 12.967886 ] } },
{ "type": "Feature", "properties": { "Unique ID": "71_133/2024", "Year": 2024, "Tag": "Legitimate", "SL No": 71, "Traffic ps": "Jnanabharathi Tr PS", "Cr no": "133/2024", "Latitude": 12.968606, "Longitude": 77.512683, "Location of Black spot": "Nagarabhavi ring road near sri malai mahadeshwara temple", "Date (DD/MM/YYYY)": "17/05/2024", "Time ( in 24 hours)": "00:30:00", "Fatal": "1", "GI": null, "MI": null, "Severity": "Fatal", "Crash Category": "Vehicle-Vehicle", "Accused": "Object", "Victim": "2W", "Vehicles Involved": "Object and 2W", "Type of Crash": "Hit Fixed Object", "Cause of Crash": "Rash and Negligent" }, "geometry": { "type": "Point", "coordinates": [ 77.512683, 12.968606 ] } },
{ "type": "Feature", "properties": { "Unique ID": "72_187/2024", "Year": 2024, "Tag": "Legitimate", "SL No": 72, "Traffic ps": "Jnanabharathi Tr PS", "Cr no": "187/2024", "Latitude": 12.96397, "Longitude": 77.511169, "Location of Black spot": "Nagarabhavi ring road near sri malai mahadeshwara temple", "Date (DD/MM/YYYY)": "30/05/2024", "Time ( in 24 hours)": "09:40:00", "Fatal": null, "GI": 1, "MI": null, "Severity": "Non-Fatal", "Crash Category": "Vehicle-Vehicle", "Accused": "Car", "Victim": "2W", "Vehicles Involved": "Car and 2W", "Type of Crash": "Hit from Back", "Cause of Crash": "Rash and Negligent" }, "geometry": { "type": "Point", "coordinates": [ 77.511169, 12.96397 ] } },
{ "type": "Feature", "properties": { "Unique ID": "73_205/2024", "Year": 2024, "Tag": "Legitimate", "SL No": 73, "Traffic ps": "Jnanabharathi Tr PS", "Cr no": "205/2024", "Latitude": 12.971688, "Longitude": 77.512761, "Location of Black spot": "Nagarabhavi ring road near sri malai mahadeshwara temple", "Date (DD/MM/YYYY)": "06/09/2024", "Time ( in 24 hours)": "13:45:00", "Fatal": null, "GI": 2, "MI": null, "Severity": "Non-Fatal", "Crash Category": "Vehicle-Vehicle", "Accused": "Lorry", "Victim": "3W", "Vehicles Involved": "Lorry and 3W", "Type of Crash": "Hit from Back", "Cause of Crash": "Rash and Negligent" }, "geometry": { "type": "Point", "coordinates": [ 77.512761, 12.971688 ] } },
{ "type": "Feature", "properties": { "Unique ID": "74_227/2024", "Year": 2024, "Tag": "Legitimate", "SL No": 74, "Traffic ps": "Jnanabharathi Tr PS", "Cr no": "227/2024", "Latitude": 12.966754, "Longitude": 77.512354, "Location of Black spot": "Nagarabhavi ring road near sri malai mahadeshwara temple", "Date (DD/MM/YYYY)": "07/08/2024", "Time ( in 24 hours)": "22:14:00", "Fatal": "1", "GI": null, "MI": null, "Severity": "Fatal", "Crash Category": "Vehicle-Vehicle", "Accused": "Lorry", "Victim": "2W", "Vehicles Involved": "Lorry and 2W", "Type of Crash": "Hit from Side", "Cause of Crash": "Rash and Negligent" }, "geometry": { "type": "Point", "coordinates": [ 77.512354, 12.966754 ] } },
{ "type": "Feature", "properties": { "Unique ID": "75_231/2024", "Year": 2024, "Tag": "Unique", "SL No": 75, "Traffic ps": "Jnanabharathi Tr PS", "Cr no": "231/2024", "Latitude": 12.965484, "Longitude": 77.512312, "Location of Black spot": "Nagarabhavi ring road near sri malai mahadeshwara temple", "Date (DD/MM/YYYY)": "15/07/2024", "Time ( in 24 hours)": "20:30:00", "Fatal": null, "GI": null, "MI": 1, "Severity": "Non-Fatal", "Crash Category": "Vehicle-Vehicle", "Accused": "2W", "Victim": "2W", "Vehicles Involved": "2W and 2W", "Type of Crash": "Head-On", "Cause of Crash": "Rash and Negligent" }, "geometry": { "type": "Point", "coordinates": [ 77.512312, 12.965484 ] } },
{ "type": "Feature", "properties": { "Unique ID": "76_287/2024", "Year": 2024, "Tag": "Unique", "SL No": 76, "Traffic ps": "Jnanabharathi Tr PS", "Cr no": "287/2024", "Latitude": 12.966134, "Longitude": 77.512364, "Location of Black spot": "Nagarabhavi ring road near sri malai mahadeshwara temple", "Date (DD/MM/YYYY)": "22/11/2024", "Time ( in 24 hours)": "15:45:00", "Fatal": null, "GI": null, "MI": 1, "Severity": "Non-Fatal", "Crash Category": "Vehicle-Vehicle", "Accused": "Self", "Victim": "2W", "Vehicles Involved": "Self and 2W", "Type of Crash": "Self", "Cause of Crash": "Rash and Negligent" }, "geometry": { "type": "Point", "coordinates": [ 77.512364, 12.966134 ] } },
{ "type": "Feature", "properties": { "Unique ID": "77_307/2024", "Year": 2024, "Tag": "Unique", "SL No": 77, "Traffic ps": "Jnanabharathi Tr PS", "Cr no": "307/2024", "Latitude": 12.966134, "Longitude": 77.512364, "Location of Black spot": "Nagarabhavi ring road near sri malai mahadeshwara temple", "Date (DD/MM/YYYY)": "25/11/2024", "Time ( in 24 hours)": "19:45:00", "Fatal": null, "GI": null, "MI": 1, "Severity": "Non-Fatal", "Crash Category": "Vehicle-Pedestrian", "Accused": "2W", "Victim": "Pedestrian", "Vehicles Involved": "2W and Pedestrian", "Type of Crash": "Hit Pedestrian", "Cause of Crash": "Rash and Negligent" }, "geometry": { "type": "Point", "coordinates": [ 77.512364, 12.966134 ] } },
{ "type": "Feature", "properties": { "Unique ID": "78_18/2024", "Year": 2024, "Tag": "Legitimate", "SL No": 78, "Traffic ps": "Kamakshipalya tr ps", "Cr no": "18/2024", "Latitude": 12.987505, "Longitude": 77.519423, "Location of Black spot": " Outer ring road Chowdeshwari underpass to Sumanahalli Upper ramp", "Date (DD/MM/YYYY)": "21/01/2024", "Time ( in 24 hours)": "22:30:00", "Fatal": "1", "GI": null, "MI": null, "Severity": "Fatal", "Crash Category": "Vehicle-Vehicle", "Accused": "Self", "Victim": "2W", "Vehicles Involved": "Self and 2W", "Type of Crash": "Self", "Cause of Crash": "Rash and Negligent" }, "geometry": { "type": "Point", "coordinates": [ 77.519423, 12.987505 ] } },
{ "type": "Feature", "properties": { "Unique ID": "79_159/2024", "Year": 2024, "Tag": "Unique", "SL No": 79, "Traffic ps": "Kamakshipalya tr ps", "Cr no": "159/2024", "Latitude": 12.98817, "Longitude": 77.51972, "Location of Black spot": " Outer ring road Chowdeshwari underpass to Sumanahalli Upper ramp", "Date (DD/MM/YYYY)": "11/11/2024", "Time ( in 24 hours)": "19:30:00", "Fatal": null, "GI": 1, "MI": null, "Severity": "Non-Fatal", "Crash Category": "Vehicle-Vehicle", "Accused": "Lorry", "Victim": "Pedestrian", "Vehicles Involved": "Lorry and Pedestrian", "Type of Crash": "N.D.A", "Cause of Crash": "Rash and Negligent" }, "geometry": { "type": "Point", "coordinates": [ 77.51972, 12.98817 ] } },
{ "type": "Feature", "properties": { "Unique ID": "80_172/2024", "Year": 2024, "Tag": "Legitimate", "SL No": 80, "Traffic ps": "Kamakshipalya tr ps", "Cr no": "172/2024", "Latitude": 12.994876, "Longitude": 77.52212, "Location of Black spot": " Outer ring road Chowdeshwari underpass to Sumanahalli Upper ramp", "Date (DD/MM/YYYY)": "25/11/2024", "Time ( in 24 hours)": "21:00:00", "Fatal": "1", "GI": null, "MI": null, "Severity": "Fatal", "Crash Category": "Vehicle-Vehicle", "Accused": "Lorry", "Victim": "Pedestrian", "Vehicles Involved": "Lorry and Pedestrian", "Type of Crash": "N.D.A", "Cause of Crash": "Rash and Negligent" }, "geometry": { "type": "Point", "coordinates": [ 77.52212, 12.994876 ] } },
{ "type": "Feature", "properties": { "Unique ID": "81_45474.0", "Year": 2024, "Tag": "Unique", "SL No": 81, "Traffic ps": "Kamakshipalya tr ps", "Cr no": "45474.0", "Latitude": 12.987267, "Longitude": 77.519384, "Location of Black spot": " Outer ring road Chowdeshwari underpass to Sumanahalli Upper ramp", "Date (DD/MM/YYYY)": "08/01/2024", "Time ( in 24 hours)": "12:30:00", "Fatal": null, "GI": 1, "MI": null, "Severity": "Non-Fatal", "Crash Category": "Vehicle-Vehicle", "Accused": "Lorry", "Victim": "2W", "Vehicles Involved": "Lorry and 2W", "Type of Crash": "N.D.A", "Cause of Crash": "Rash and Negligent" }, "geometry": { "type": "Point", "coordinates": [ 77.519384, 12.987267 ] } },
{ "type": "Feature", "properties": { "Unique ID": "82_21/2024", "Year": 2024, "Tag": "Unique", "SL No": 82, "Traffic ps": "Kamakshipalya tr ps", "Cr no": "21/2024", "Latitude": 12.987508, "Longitude": 77.519453, "Location of Black spot": " Outer ring road Chowdeshwari underpass to Sumanahalli Upper ramp", "Date (DD/MM/YYYY)": "24/01/2024", "Time ( in 24 hours)": "08:20:00", "Fatal": null, "GI": 1, "MI": null, "Severity": "Non-Fatal", "Crash Category": "Vehicle-Vehicle", "Accused": "Bus", "Victim": "2W", "Vehicles Involved": "Bus and 2W", "Type of Crash": "N.D.A", "Cause of Crash": "Rash and Negligent" }, "geometry": { "type": "Point", "coordinates": [ 77.519453, 12.987508 ] } },
{ "type": "Feature", "properties": { "Unique ID": "83_61/2024", "Year": 2024, "Tag": "Legitimate", "SL No": 83, "Traffic ps": "Kamakshipalya tr ps", "Cr no": "61/2024", "Latitude": 12.987267, "Longitude": 77.519384, "Location of Black spot": " Outer ring road Chowdeshwari underpass to Sumanahalli Upper ramp", "Date (DD/MM/YYYY)": "22/01/2024", "Time ( in 24 hours)": "19:30:00", "Fatal": null, "GI": 1, "MI": null, "Severity": "Non-Fatal", "Crash Category": "Vehicle-Vehicle", "Accused": "2W", "Victim": "Self", "Vehicles Involved": "2W and Self", "Type of Crash": "N.D.A", "Cause of Crash": "Rash and Negligent" }, "geometry": { "type": "Point", "coordinates": [ 77.519384, 12.987267 ] } },
{ "type": "Feature", "properties": { "Unique ID": "84_70/2024", "Year": 2024, "Tag": "Legitimate", "SL No": 84, "Traffic ps": "Kamakshipalya tr ps", "Cr no": "70/2024", "Latitude": 12.997549, "Longitude": 77.523303, "Location of Black spot": " Outer ring road Chowdeshwari underpass to Sumanahalli Upper ramp", "Date (DD/MM/YYYY)": "15/04/2024", "Time ( in 24 hours)": "15:30:00", "Fatal": null, "GI": 1, "MI": null, "Severity": "Non-Fatal", "Crash Category": "Vehicle-Vehicle", "Accused": "2W", "Victim": "Pedestrian", "Vehicles Involved": "2W and Pedestrian", "Type of Crash": "N.D.A", "Cause of Crash": "Rash and Negligent" }, "geometry": { "type": "Point", "coordinates": [ 77.523303, 12.997549 ] } },
{ "type": "Feature", "properties": { "Unique ID": "85_0002/2024", "Year": 2024, "Tag": "Unique", "SL No": 85, "Traffic ps": "City market tr ps", "Cr no": "0002/2024", "Latitude": 12.963422, "Longitude": 77.582331, "Location of Black spot": "MYSORE ROAD BGS FLYOVER", "Date (DD/MM/YYYY)": "16/01/2024", "Time ( in 24 hours)": "00:30:00", "Fatal": null, "GI": 1, "MI": null, "Severity": "Non-Fatal", "Crash Category": "Vehicle-Pedestrian", "Accused": "2W", "Victim": "Pedestrian", "Vehicles Involved": "2W and Pedestrian", "Type of Crash": "N.D.A", "Cause of Crash": "Rash and Negligent" }, "geometry": { "type": "Point", "coordinates": [ 77.582331, 12.963422 ] } },
{ "type": "Feature", "properties": { "Unique ID": "86_24/2024", "Year": 2024, "Tag": "Unique", "SL No": 86, "Traffic ps": "City market tr ps", "Cr no": "24/2024", "Latitude": 12.963669, "Longitude": 77.57981, "Location of Black spot": "MYSORE ROAD BGS FLYOVER", "Date (DD/MM/YYYY)": "01/02/2024", "Time ( in 24 hours)": "20:30:00", "Fatal": null, "GI": 1, "MI": null, "Severity": "Non-Fatal", "Crash Category": "Vehicle-Vehicle", "Accused": "Vehicle", "Victim": "2W", "Vehicles Involved": "Vehicle and 2W", "Type of Crash": "N.D.A", "Cause of Crash": "Rash and Negligent" }, "geometry": { "type": "Point", "coordinates": [ 77.57981, 12.963669 ] } },
{ "type": "Feature", "properties": { "Unique ID": "87_145/2024", "Year": 2024, "Tag": "Unique", "SL No": 87, "Traffic ps": "City market tr ps", "Cr no": "145/2024", "Latitude": 12.964191, "Longitude": 77.576937, "Location of Black spot": "MYSORE ROAD BGS FLYOVER", "Date (DD/MM/YYYY)": "02/07/2024", "Time ( in 24 hours)": "04:00:00", "Fatal": "1", "GI": null, "MI": null, "Severity": "Fatal", "Crash Category": "Vehicle-Vehicle", "Accused": "Canter", "Victim": "2W", "Vehicles Involved": "Canter and 2W", "Type of Crash": "N.D.A", "Cause of Crash": "Rash and Negligent" }, "geometry": { "type": "Point", "coordinates": [ 77.576937, 12.964191 ] } },
{ "type": "Feature", "properties": { "Unique ID": "88_147/2024", "Year": 2024, "Tag": "Unique", "SL No": 88, "Traffic ps": "City market tr ps", "Cr no": "147/2024", "Latitude": 12.963727, "Longitude": 77.578369, "Location of Black spot": "MYSORE ROAD BGS FLYOVER", "Date (DD/MM/YYYY)": "09/07/2024", "Time ( in 24 hours)": "11:30:00", "Fatal": null, "GI": 1, "MI": null, "Severity": "Non-Fatal", "Crash Category": "Vehicle-Vehicle", "Accused": "2W", "Victim": "3W", "Vehicles Involved": "2W and 3W", "Type of Crash": "N.D.A", "Cause of Crash": "Rash and Negligent" }, "geometry": { "type": "Point", "coordinates": [ 77.578369, 12.963727 ] } },
{ "type": "Feature", "properties": { "Unique ID": "89_151/2024", "Year": 2024, "Tag": "Legitimate", "SL No": 89, "Traffic ps": "City market tr ps", "Cr no": "151/2024", "Latitude": 12.964076, "Longitude": 77.577373, "Location of Black spot": "MYSORE ROAD BGS FLYOVER", "Date (DD/MM/YYYY)": "31/08/2024", "Time ( in 24 hours)": "20:30:00", "Fatal": "1", "GI": null, "MI": null, "Severity": "Fatal", "Crash Category": "Vehicle-Vehicle", "Accused": "Self", "Victim": "2W", "Vehicles Involved": "Self and 2W", "Type of Crash": "Self", "Cause of Crash": "Rash and Negligent" }, "geometry": { "type": "Point", "coordinates": [ 77.577373, 12.964076 ] } },
{ "type": "Feature", "properties": { "Unique ID": "90_165/2024", "Year": 2024, "Tag": "Legitimate", "SL No": 90, "Traffic ps": "City market tr ps", "Cr no": "165/2024", "Latitude": 12.956264, "Longitude": 77.581161, "Location of Black spot": "MYSORE ROAD BGS FLYOVER", "Date (DD/MM/YYYY)": "08/11/2024", "Time ( in 24 hours)": "07:10:00", "Fatal": null, "GI": 1, "MI": null, "Severity": "Non-Fatal", "Crash Category": "Vehicle-Vehicle", "Accused": "2W", "Victim": "2W", "Vehicles Involved": "2W and 2W", "Type of Crash": "N.D.A", "Cause of Crash": "Rash and Negligent" }, "geometry": { "type": "Point", "coordinates": [ 77.581161, 12.956264 ] } },
{ "type": "Feature", "properties": { "Unique ID": "91_173/2024", "Year": 2024, "Tag": "Legitimate", "SL No": 91, "Traffic ps": "City market tr ps", "Cr no": "173/2024", "Latitude": 12.964086, "Longitude": 77.577353, "Location of Black spot": "MYSORE ROAD BGS FLYOVER", "Date (DD/MM/YYYY)": "25/12/2024", "Time ( in 24 hours)": "02:00:00", "Fatal": "1", "GI": null, "MI": null, "Severity": "Fatal", "Crash Category": "Vehicle-Vehicle", "Accused": "Self", "Victim": "2W", "Vehicles Involved": "Self and 2W", "Type of Crash": "N.D.A", "Cause of Crash": "Rash and Negligent" }, "geometry": { "type": "Point", "coordinates": [ 77.577353, 12.964086 ] } },
{ "type": "Feature", "properties": { "Unique ID": "92_33/2024", "Year": 2024, "Tag": "Unique", "SL No": 92, "Traffic ps": "Upparapete trf PS", "Cr no": "33/2024", "Latitude": 12.97999, "Longitude": 77.57229, "Location of Black spot": "T.B.Road ", "Date (DD/MM/YYYY)": "14/04/2024", "Time ( in 24 hours)": "04:45:00", "Fatal": null, "GI": 1, "MI": 1, "Severity": "Non-Fatal", "Crash Category": "Vehicle-Vehicle", "Accused": "Vehicle", "Victim": "Vehicle", "Vehicles Involved": "Vehicle and Vehicle", "Type of Crash": "N.D.A", "Cause of Crash": "Rash and Negligent" }, "geometry": { "type": "Point", "coordinates": [ 77.57229, 12.97999 ] } },
{ "type": "Feature", "properties": { "Unique ID": "93_84/2024", "Year": 2024, "Tag": "Unique", "SL No": 93, "Traffic ps": "Upparapete trf PS", "Cr no": "84/2024", "Latitude": 12.975565, "Longitude": 77.574716, "Location of Black spot": "T.B.Road ", "Date (DD/MM/YYYY)": "11/08/2024", "Time ( in 24 hours)": "16:10:00", "Fatal": null, "GI": 1, "MI": null, "Severity": "Non-Fatal", "Crash Category": "Vehicle-Vehicle", "Accused": "Vehicle", "Victim": "Vehicle", "Vehicles Involved": "Vehicle and Vehicle", "Type of Crash": "N.D.A", "Cause of Crash": "Rash and Negligent" }, "geometry": { "type": "Point", "coordinates": [ 77.574716, 12.975565 ] } },
{ "type": "Feature", "properties": { "Unique ID": "94_89/2024", "Year": 2024, "Tag": "Unique", "SL No": 94, "Traffic ps": "Upparapete trf PS", "Cr no": "89/2024", "Latitude": 12.97716, "Longitude": 77.572131, "Location of Black spot": "T.B.Road ", "Date (DD/MM/YYYY)": "12/09/2024", "Time ( in 24 hours)": "04:00:00", "Fatal": "1", "GI": null, "MI": null, "Severity": "Fatal", "Crash Category": "Vehicle-Pedestrian", "Accused": "Vehicle", "Victim": "Pedestrian", "Vehicles Involved": "Vehicle and Pedestrian", "Type of Crash": "N.D.A", "Cause of Crash": "Rash and Negligent" }, "geometry": { "type": "Point", "coordinates": [ 77.572131, 12.97716 ] } },
{ "type": "Feature", "properties": { "Unique ID": "95_93/2024", "Year": 2024, "Tag": "Unique", "SL No": 95, "Traffic ps": "Upparapete trf PS", "Cr no": "93/2024", "Latitude": 12.977461, "Longitude": 77.595356, "Location of Black spot": "T.B.Road ", "Date (DD/MM/YYYY)": "10/10/2024", "Time ( in 24 hours)": "11:30:00", "Fatal": null, "GI": 1, "MI": null, "Severity": "Non-Fatal", "Crash Category": "Vehicle-Pedestrian", "Accused": "Vehicle", "Victim": "Pedestrian", "Vehicles Involved": "Vehicle and Pedestrian", "Type of Crash": "N.D.A", "Cause of Crash": "Rash and Negligent" }, "geometry": { "type": "Point", "coordinates": [ 77.595356, 12.977461 ] } },
{ "type": "Feature", "properties": { "Unique ID": "96_101/2024", "Year": 2024, "Tag": "Legitimate", "SL No": 96, "Traffic ps": "Upparapete trf PS", "Cr no": "101/2024", "Latitude": 12.977414, "Longitude": 77.574402, "Location of Black spot": "T.B.Road ", "Date (DD/MM/YYYY)": "10/11/2024", "Time ( in 24 hours)": "06:00:00", "Fatal": null, "GI": 1, "MI": 1, "Severity": "Non-Fatal", "Crash Category": "Vehicle-Pedestrian", "Accused": "Vehicle", "Victim": "Pedestrian", "Vehicles Involved": "Vehicle and Pedestrian", "Type of Crash": "N.D.A", "Cause of Crash": "Rash and Negligent" }, "geometry": { "type": "Point", "coordinates": [ 77.574402, 12.977414 ] } },
{ "type": "Feature", "properties": { "Unique ID": "97_007/2024", "Year": 2024, "Tag": "Legitimate", "SL No": 97, "Traffic ps": "CHAMARAJAPETE TR PS", "Cr no": "007/2024", "Latitude": 12.95966, "Longitude": 77.55588, "Location of Black spot": "BGS Fly Over Down Ramp To Toll Gate Junction", "Date (DD/MM/YYYY)": "15/02/2024", "Time ( in 24 hours)": "09:30:00", "Fatal": null, "GI": 1, "MI": null, "Severity": "Non-Fatal", "Crash Category": "Vehicle-Pedestrian", "Accused": "2W", "Victim": "Pedestrian", "Vehicles Involved": "2W and Pedestrian", "Type of Crash": "N.D.A", "Cause of Crash": "Rash and Negligent" }, "geometry": { "type": "Point", "coordinates": [ 77.55588, 12.95966 ] } },
{ "type": "Feature", "properties": { "Unique ID": "98_27/2024", "Year": 2024, "Tag": "Legitimate", "SL No": 98, "Traffic ps": "CHAMARAJAPETE TR PS", "Cr no": "27/2024", "Latitude": 12.95817, "Longitude": 77.554633, "Location of Black spot": "BGS Fly Over Down Ramp To Toll Gate Junction", "Date (DD/MM/YYYY)": "30/03/2024", "Time ( in 24 hours)": "19:45:00", "Fatal": null, "GI": 1, "MI": null, "Severity": "Non-Fatal", "Crash Category": "Vehicle-Vehicle", "Accused": "2W", "Victim": "2W", "Vehicles Involved": "2W and 2W", "Type of Crash": "N.D.A", "Cause of Crash": "Rash and Negligent" }, "geometry": { "type": "Point", "coordinates": [ 77.554633, 12.95817 ] } },
{ "type": "Feature", "properties": { "Unique ID": "99_29/2024", "Year": 2024, "Tag": "Unique", "SL No": 99, "Traffic ps": "CHAMARAJAPETE TR PS", "Cr no": "29/2024", "Latitude": 12.957932, "Longitude": 77.553557, "Location of Black spot": "BGS Fly Over Down Ramp To Toll Gate Junction", "Date (DD/MM/YYYY)": "06/04/2024", "Time ( in 24 hours)": "19:00:00", "Fatal": null, "GI": 1, "MI": null, "Severity": "Non-Fatal", "Crash Category": "Vehicle-Pedestrian", "Accused": "2W", "Victim": "Pedestrian", "Vehicles Involved": "2W and Pedestrian", "Type of Crash": "N.D.A", "Cause of Crash": "Rash and Negligent" }, "geometry": { "type": "Point", "coordinates": [ 77.553557, 12.957932 ] } },
{ "type": "Feature", "properties": { "Unique ID": "100_52/2024", "Year": 2024, "Tag": "Legitimate", "SL No": 100, "Traffic ps": "CHAMARAJAPETE TR PS", "Cr no": "52/2024", "Latitude": 12.95738, "Longitude": 77.55225, "Location of Black spot": "BGS Fly Over Down Ramp To Toll Gate Junction", "Date (DD/MM/YYYY)": "20/09/2024", "Time ( in 24 hours)": "15:15:00", "Fatal": null, "GI": 1, "MI": null, "Severity": "Non-Fatal", "Crash Category": "Vehicle-Vehicle", "Accused": "2W", "Victim": "2W", "Vehicles Involved": "2W and 2W", "Type of Crash": "N.D.A", "Cause of Crash": "Rash and Negligent" }, "geometry": { "type": "Point", "coordinates": [ 77.55225, 12.95738 ] } },
{ "type": "Feature", "properties": { "Unique ID": "101_60/2024", "Year": 2024, "Tag": "Unique", "SL No": 101, "Traffic ps": "CHAMARAJAPETE TR PS", "Cr no": "60/2024", "Latitude": 12.957882, "Longitude": 77.553732, "Location of Black spot": "BGS Fly Over Down Ramp To Toll Gate Junction", "Date (DD/MM/YYYY)": "08/12/2024", "Time ( in 24 hours)": "08:30:00", "Fatal": null, "GI": 2, "MI": null, "Severity": "Non-Fatal", "Crash Category": "Vehicle-Vehicle", "Accused": "Bus", "Victim": "2W", "Vehicles Involved": "Bus and 2W", "Type of Crash": "N.D.A", "Cause of Crash": "Rash and Negligent" }, "geometry": { "type": "Point", "coordinates": [ 77.553732, 12.957882 ] } },
{ "type": "Feature", "properties": { "Unique ID": "102_61/2024", "Year": 2024, "Tag": "Legitimate", "SL No": 102, "Traffic ps": "CHAMARAJAPETE TR PS", "Cr no": "61/2024", "Latitude": 12.957362, "Longitude": 77.552234, "Location of Black spot": "BGS Fly Over Down Ramp To Toll Gate Junction", "Date (DD/MM/YYYY)": "12/12/2024", "Time ( in 24 hours)": "05:45:00", "Fatal": null, "GI": 1, "MI": null, "Severity": "Non-Fatal", "Crash Category": "Vehicle-Pedestrian", "Accused": "Car", "Victim": "Pedestrian", "Vehicles Involved": "Car and Pedestrian", "Type of Crash": "N.D.A", "Cause of Crash": "Rash and Negligent" }, "geometry": { "type": "Point", "coordinates": [ 77.552234, 12.957362 ] } },
{ "type": "Feature", "properties": { "Unique ID": "103_20/2024", "Year": 2024, "Tag": "Legitimate", "SL No": 103, "Traffic ps": "Byatarayanapura tr ps", "Cr no": "20/2024", "Latitude": 12.954267, "Longitude": 77.544005, "Location of Black spot": " KSRTC JUNCTION MYSORE ROAD ", "Date (DD/MM/YYYY)": "14/01/2024", "Time ( in 24 hours)": "01:00:00", "Fatal": "1", "GI": null, "MI": null, "Severity": "Fatal", "Crash Category": "Vehicle-Vehicle", "Accused": "Vehicle", "Victim": "Vehicle", "Vehicles Involved": "Vehicle and Vehicle", "Type of Crash": "N.D.A", "Cause of Crash": "Rash and Negligent" }, "geometry": { "type": "Point", "coordinates": [ 77.544005, 12.954267 ] } },
{ "type": "Feature", "properties": { "Unique ID": "104_32/2024", "Year": 2024, "Tag": "Legitimate", "SL No": 104, "Traffic ps": "Byatarayanapura tr ps", "Cr no": "32/2024", "Latitude": 12.954381, "Longitude": 77.544069, "Location of Black spot": " KSRTC JUNCTION MYSORE ROAD ", "Date (DD/MM/YYYY)": "02/02/2024", "Time ( in 24 hours)": "10:20:00", "Fatal": null, "GI": 1, "MI": null, "Severity": "Non-Fatal", "Crash Category": "Vehicle-Vehicle", "Accused": "Vehicle", "Victim": "Vehicle", "Vehicles Involved": "Vehicle and Vehicle", "Type of Crash": "N.D.A", "Cause of Crash": "Rash and Negligent" }, "geometry": { "type": "Point", "coordinates": [ 77.544069, 12.954381 ] } },
{ "type": "Feature", "properties": { "Unique ID": "105_112/2024", "Year": 2024, "Tag": "Unique", "SL No": 105, "Traffic ps": "Byatarayanapura tr ps", "Cr no": "112/2024", "Latitude": 12.954342, "Longitude": 77.544128, "Location of Black spot": " KSRTC JUNCTION MYSORE ROAD ", "Date (DD/MM/YYYY)": "06/01/2024", "Time ( in 24 hours)": "12:00:00", "Fatal": null, "GI": 1, "MI": null, "Severity": "Non-Fatal", "Crash Category": "Vehicle-Vehicle", "Accused": "Vehicle", "Victim": "Vehicle", "Vehicles Involved": "Vehicle and Vehicle", "Type of Crash": "N.D.A", "Cause of Crash": "Rash and Negligent" }, "geometry": { "type": "Point", "coordinates": [ 77.544128, 12.954342 ] } },
{ "type": "Feature", "properties": { "Unique ID": "106_123/2024", "Year": 2024, "Tag": "Legitimate", "SL No": 106, "Traffic ps": "Byatarayanapura tr ps", "Cr no": "123/2024", "Latitude": 12.954067, "Longitude": 77.543513, "Location of Black spot": " KSRTC JUNCTION MYSORE ROAD ", "Date (DD/MM/YYYY)": "30/06/2024", "Time ( in 24 hours)": "21:00:00", "Fatal": null, "GI": 1, "MI": null, "Severity": "Non-Fatal", "Crash Category": "Vehicle-Pedestrian", "Accused": "Vehicle", "Victim": "Pedestrian", "Vehicles Involved": "Vehicle and Pedestrian", "Type of Crash": "N.D.A", "Cause of Crash": "Rash and Negligent" }, "geometry": { "type": "Point", "coordinates": [ 77.543513, 12.954067 ] } },
{ "type": "Feature", "properties": { "Unique ID": "107_133/2024", "Year": 2024, "Tag": "Legitimate", "SL No": 107, "Traffic ps": "Byatarayanapura tr ps", "Cr no": "133/2024", "Latitude": 12.954575, "Longitude": 77.544201, "Location of Black spot": " KSRTC JUNCTION MYSORE ROAD ", "Date (DD/MM/YYYY)": "08/05/2024", "Time ( in 24 hours)": "09:24:00", "Fatal": null, "GI": 1, "MI": null, "Severity": "Non-Fatal", "Crash Category": "Vehicle-Vehicle", "Accused": "Vehicle", "Victim": "Vehicle", "Vehicles Involved": "Vehicle and Vehicle", "Type of Crash": "N.D.A", "Cause of Crash": "Rash and Negligent" }, "geometry": { "type": "Point", "coordinates": [ 77.544201, 12.954575 ] } },
{ "type": "Feature", "properties": { "Unique ID": "108_188/2024", "Year": 2024, "Tag": "Legitimate", "SL No": 108, "Traffic ps": "Byatarayanapura tr ps", "Cr no": "188/2024", "Latitude": 12.956787, "Longitude": 77.548822, "Location of Black spot": " KSRTC JUNCTION MYSORE ROAD ", "Date (DD/MM/YYYY)": "18/12/2024", "Time ( in 24 hours)": "19:30:00", "Fatal": null, "GI": 1, "MI": null, "Severity": "Non-Fatal", "Crash Category": "Vehicle-Pedestrian", "Accused": "Vehicle", "Victim": "Pedestrian", "Vehicles Involved": "Vehicle and Pedestrian", "Type of Crash": "N.D.A", "Cause of Crash": "Rash and Negligent" }, "geometry": { "type": "Point", "coordinates": [ 77.548822, 12.956787 ] } },
{ "type": "Feature", "properties": { "Unique ID": "109_166/2024", "Year": 2024, "Tag": "Unique", "SL No": 109, "Traffic ps": "Byatarayanapura tr ps", "Cr no": "166/2024", "Latitude": 12.945808, "Longitude": 77.527674, "Location of Black spot": " NAYANDAHALLI JUNCTION MYSORE ROAD ", "Date (DD/MM/YYYY)": "11/12/2024", "Time ( in 24 hours)": "20:19:00", "Fatal": "1", "GI": null, "MI": null, "Severity": "Fatal", "Crash Category": "Vehicle-Vehicle", "Accused": "Vehicle", "Victim": "Vehicle", "Vehicles Involved": "Vehicle and Vehicle", "Type of Crash": "N.D.A", "Cause of Crash": "Rash and Negligent" }, "geometry": { "type": "Point", "coordinates": [ 77.527674, 12.945808 ] } },
{ "type": "Feature", "properties": { "Unique ID": "110_30/2024", "Year": 2024, "Tag": "Unique", "SL No": 110, "Traffic ps": "Byatarayanapura tr ps", "Cr no": "30/2024", "Latitude": 12.945927, "Longitude": 77.529091, "Location of Black spot": " NAYANDAHALLI JUNCTION MYSORE ROAD ", "Date (DD/MM/YYYY)": "02/01/2024", "Time ( in 24 hours)": "21:47:00", "Fatal": "1", "GI": null, "MI": null, "Severity": "Fatal", "Crash Category": "Vehicle-Vehicle", "Accused": "Vehicle", "Victim": "Vehicle", "Vehicles Involved": "Vehicle and Vehicle", "Type of Crash": "N.D.A", "Cause of Crash": "Rash and Negligent" }, "geometry": { "type": "Point", "coordinates": [ 77.529091, 12.945927 ] } },
{ "type": "Feature", "properties": { "Unique ID": "111_177/2024", "Year": 2024, "Tag": "Unique", "SL No": 111, "Traffic ps": "Byatarayanapura tr ps", "Cr no": "177/2024", "Latitude": 12.945921, "Longitude": 77.526875, "Location of Black spot": " NAYANDAHALLI JUNCTION MYSORE ROAD ", "Date (DD/MM/YYYY)": "12/02/2024", "Time ( in 24 hours)": "20:30:00", "Fatal": "1", "GI": null, "MI": null, "Severity": "Fatal", "Crash Category": "Vehicle-Vehicle", "Accused": "Vehicle", "Victim": "Vehicle", "Vehicles Involved": "Vehicle and Vehicle", "Type of Crash": "N.D.A", "Cause of Crash": "Rash and Negligent" }, "geometry": { "type": "Point", "coordinates": [ 77.526875, 12.945921 ] } },
{ "type": "Feature", "properties": { "Unique ID": "112_160/2024", "Year": 2024, "Tag": "Legitimate", "SL No": 112, "Traffic ps": "Byatarayanapura tr ps", "Cr no": "160/2024", "Latitude": 12.946041, "Longitude": 77.526806, "Location of Black spot": " NAYANDAHALLI JUNCTION MYSORE ROAD ", "Date (DD/MM/YYYY)": "11/03/2024", "Time ( in 24 hours)": "18:29:00", "Fatal": "1", "GI": null, "MI": null, "Severity": "Fatal", "Crash Category": "Vehicle-Vehicle", "Accused": "Vehicle", "Victim": "Self", "Vehicles Involved": "Vehicle and Self", "Type of Crash": "Self", "Cause of Crash": "Rash and Negligent" }, "geometry": { "type": "Point", "coordinates": [ 77.526806, 12.946041 ] } },
{ "type": "Feature", "properties": { "Unique ID": "113_180/2024", "Year": 2024, "Tag": "Legitimate", "SL No": 113, "Traffic ps": "Byatarayanapura tr ps", "Cr no": "180/2024", "Latitude": 12.946396, "Longitude": 77.526137, "Location of Black spot": " NAYANDAHALLI JUNCTION MYSORE ROAD ", "Date (DD/MM/YYYY)": "12/07/2024", "Time ( in 24 hours)": "09:00:00", "Fatal": "1", "GI": null, "MI": null, "Severity": "Fatal", "Crash Category": "Vehicle-Vehicle", "Accused": "Vehicle", "Victim": "Vehicle", "Vehicles Involved": "Vehicle and Vehicle", "Type of Crash": "N.D.A", "Cause of Crash": "Rash and Negligent" }, "geometry": { "type": "Point", "coordinates": [ 77.526137, 12.946396 ] } },
{ "type": "Feature", "properties": { "Unique ID": "114_144/2024", "Year": 2024, "Tag": "Legitimate", "SL No": 114, "Traffic ps": "Byatarayanapura tr ps", "Cr no": "144/2024", "Latitude": 12.946454, "Longitude": 77.52528, "Location of Black spot": " NAYANDAHALLI JUNCTION MYSORE ROAD ", "Date (DD/MM/YYYY)": "19/09/2024", "Time ( in 24 hours)": "23:50:00", "Fatal": "1", "GI": null, "MI": null, "Severity": "Fatal", "Crash Category": "Self Accident", "Accused": "Object", "Victim": "Vehicle", "Vehicles Involved": "Object and Vehicle", "Type of Crash": "Hit Fixed Object", "Cause of Crash": "Rash and Negligent" }, "geometry": { "type": "Point", "coordinates": [ 77.52528, 12.946454 ] } },
{ "type": "Feature", "properties": { "Unique ID": "115_26/2024", "Year": 2024, "Tag": "Legitimate", "SL No": 115, "Traffic ps": "Byatarayanapura tr ps", "Cr no": "26/2024", "Latitude": 12.944848, "Longitude": 77.529121, "Location of Black spot": " NAYANDAHALLI JUNCTION MYSORE ROAD ", "Date (DD/MM/YYYY)": "21/01/2024", "Time ( in 24 hours)": "09:30:00", "Fatal": null, "GI": 1, "MI": null, "Severity": "Non-Fatal", "Crash Category": "Vehicle-Vehicle", "Accused": "Vehicle", "Victim": "Vehicle", "Vehicles Involved": "Vehicle and Vehicle", "Type of Crash": "N.D.A", "Cause of Crash": "Rash and Negligent" }, "geometry": { "type": "Point", "coordinates": [ 77.529121, 12.944848 ] } },
{ "type": "Feature", "properties": { "Unique ID": "116_45/2024", "Year": 2024, "Tag": "Legitimate", "SL No": 116, "Traffic ps": "Byatarayanapura tr ps", "Cr no": "45/2024", "Latitude": 12.945422, "Longitude": 77.528377, "Location of Black spot": " NAYANDAHALLI JUNCTION MYSORE ROAD ", "Date (DD/MM/YYYY)": "22/02/2024", "Time ( in 24 hours)": "19:45:00", "Fatal": null, "GI": 1, "MI": null, "Severity": "Non-Fatal", "Crash Category": "Vehicle-Vehicle", "Accused": "Vehicle", "Victim": "Vehicle", "Vehicles Involved": "Vehicle and Vehicle", "Type of Crash": "N.D.A", "Cause of Crash": "Rash and Negligent" }, "geometry": { "type": "Point", "coordinates": [ 77.528377, 12.945422 ] } },
{ "type": "Feature", "properties": { "Unique ID": "117_46/2024", "Year": 2024, "Tag": "Unique", "SL No": 117, "Traffic ps": "Byatarayanapura tr ps", "Cr no": "46/2024", "Latitude": 12.945351, "Longitude": 77.528044, "Location of Black spot": " NAYANDAHALLI JUNCTION MYSORE ROAD ", "Date (DD/MM/YYYY)": "17/02/2024", "Time ( in 24 hours)": "09:15:00", "Fatal": null, "GI": 1, "MI": null, "Severity": "Non-Fatal", "Crash Category": "Vehicle-Vehicle", "Accused": "Vehicle", "Victim": "Vehicle", "Vehicles Involved": "Vehicle and Vehicle", "Type of Crash": "N.D.A", "Cause of Crash": "Rash and Negligent" }, "geometry": { "type": "Point", "coordinates": [ 77.528044, 12.945351 ] } },
{ "type": "Feature", "properties": { "Unique ID": "118_132/2024", "Year": 2024, "Tag": "Legitimate", "SL No": 118, "Traffic ps": "Byatarayanapura tr ps", "Cr no": "132/2024", "Latitude": 12.943069, "Longitude": 77.526217, "Location of Black spot": " NAYANDAHALLI JUNCTION MYSORE ROAD ", "Date (DD/MM/YYYY)": "28/07/2024", "Time ( in 24 hours)": "19:00:00", "Fatal": null, "GI": 1, "MI": null, "Severity": "Non-Fatal", "Crash Category": "Vehicle-Vehicle", "Accused": "Vehicle", "Victim": "Vehicle", "Vehicles Involved": "Vehicle and Vehicle", "Type of Crash": "N.D.A", "Cause of Crash": "Rash and Negligent" }, "geometry": { "type": "Point", "coordinates": [ 77.526217, 12.943069 ] } },
{ "type": "Feature", "properties": { "Unique ID": "119_161/2024", "Year": 2024, "Tag": "Unique", "SL No": 119, "Traffic ps": "Byatarayanapura tr ps", "Cr no": "161/2024", "Latitude": 12.943213, "Longitude": 77.526205, "Location of Black spot": " NAYANDAHALLI JUNCTION MYSORE ROAD ", "Date (DD/MM/YYYY)": "11/05/2024", "Time ( in 24 hours)": "22:30:00", "Fatal": null, "GI": 1, "MI": null, "Severity": "Non-Fatal", "Crash Category": "Vehicle-Vehicle", "Accused": "Vehicle", "Victim": "Vehicle", "Vehicles Involved": "Vehicle and Vehicle", "Type of Crash": "N.D.A", "Cause of Crash": "Rash and Negligent" }, "geometry": { "type": "Point", "coordinates": [ 77.526205, 12.943213 ] } },
{ "type": "Feature", "properties": { "Unique ID": "120_185/2024", "Year": 2024, "Tag": "Legitimate", "SL No": 120, "Traffic ps": "Byatarayanapura tr ps", "Cr no": "185/2024", "Latitude": 12.945375, "Longitude": 77.528358, "Location of Black spot": " NAYANDAHALLI JUNCTION MYSORE ROAD ", "Date (DD/MM/YYYY)": "12/12/2024", "Time ( in 24 hours)": "00:45:00", "Fatal": null, "GI": 1, "MI": null, "Severity": "Non-Fatal", "Crash Category": "Vehicle-Pedestrian", "Accused": "Vehicle", "Victim": "Pedestrian", "Vehicles Involved": "Vehicle and Pedestrian", "Type of Crash": "N.D.A", "Cause of Crash": "Rash and Negligent" }, "geometry": { "type": "Point", "coordinates": [ 77.528358, 12.945375 ] } },
{ "type": "Feature", "properties": { "Unique ID": "121_142/2024", "Year": 2024, "Tag": "Legitimate", "SL No": 121, "Traffic ps": "Byatarayanapura tr ps", "Cr no": "142/2024", "Latitude": 12.944007, "Longitude": 77.530115, "Location of Black spot": " NAYANDAHALLI JUNCTION MYSORE ROAD ", "Date (DD/MM/YYYY)": "14/09/2024", "Time ( in 24 hours)": "01:30:00", "Fatal": null, "GI": 1, "MI": null, "Severity": "Non-Fatal", "Crash Category": "Self Accident", "Accused": "Object", "Victim": "Vehicle", "Vehicles Involved": "Object and Vehicle", "Type of Crash": "Hit Fixed Object", "Cause of Crash": "Rash and Negligent" }, "geometry": { "type": "Point", "coordinates": [ 77.530115, 12.944007 ] } },
{ "type": "Feature", "properties": { "Unique ID": "122_90/2024", "Year": 2024, "Tag": "Legitimate", "SL No": 122, "Traffic ps": "Byatarayanapura tr ps", "Cr no": "90/2024", "Latitude": 12.943555, "Longitude": 77.52635, "Location of Black spot": " NAYANDAHALLI JUNCTION MYSORE ROAD ", "Date (DD/MM/YYYY)": "17/04/2024", "Time ( in 24 hours)": "08:45:00", "Fatal": null, "GI": 1, "MI": null, "Severity": "Non-Fatal", "Crash Category": "Vehicle-Pedestrian", "Accused": "Vehicle", "Victim": "Pedestrian", "Vehicles Involved": "Vehicle and Pedestrian", "Type of Crash": "N.D.A", "Cause of Crash": "Rash and Negligent" }, "geometry": { "type": "Point", "coordinates": [ 77.52635, 12.943555 ] } },
{ "type": "Feature", "properties": { "Unique ID": "123_136/2024", "Year": 2024, "Tag": "Unique", "SL No": 123, "Traffic ps": "Byatarayanapura tr ps", "Cr no": "136/2024", "Latitude": 12.943618, "Longitude": 77.526633, "Location of Black spot": " NAYANDAHALLI JUNCTION MYSORE ROAD ", "Date (DD/MM/YYYY)": "27/08/2024", "Time ( in 24 hours)": "20:00:00", "Fatal": null, "GI": 1, "MI": null, "Severity": "Non-Fatal", "Crash Category": "Vehicle-Pedestrian", "Accused": "Vehicle", "Victim": "Pedestrian", "Vehicles Involved": "Vehicle and Pedestrian", "Type of Crash": "N.D.A", "Cause of Crash": "Rash and Negligent" }, "geometry": { "type": "Point", "coordinates": [ 77.526633, 12.943618 ] } },
{ "type": "Feature", "properties": { "Unique ID": "124_165/2024", "Year": 2024, "Tag": "Legitimate", "SL No": 124, "Traffic ps": "Byatarayanapura tr ps", "Cr no": "165/2024", "Latitude": 12.952303, "Longitude": 77.520968, "Location of Black spot": "SUVARNA LAYOUT OUTER RING  ROAD ", "Date (DD/MM/YYYY)": "11/12/2024", "Time ( in 24 hours)": "05:39:00", "Fatal": "1", "GI": null, "MI": null, "Severity": "Fatal", "Crash Category": "Vehicle-Vehicle", "Accused": "Vehicle", "Victim": "Self", "Vehicles Involved": "Vehicle and Self", "Type of Crash": "Self", "Cause of Crash": "Rash and Negligent" }, "geometry": { "type": "Point", "coordinates": [ 77.520968, 12.952303 ] } },
{ "type": "Feature", "properties": { "Unique ID": "125_71/2024", "Year": 2024, "Tag": "Legitimate", "SL No": 125, "Traffic ps": "Byatarayanapura tr ps", "Cr no": "71/2024", "Latitude": 12.936352, "Longitude": 77.518596, "Location of Black spot": "SUVARNA LAYOUT OUTER RING  ROAD ", "Date (DD/MM/YYYY)": "17/03/2024", "Time ( in 24 hours)": "16:00:00", "Fatal": null, "GI": 1, "MI": null, "Severity": "Non-Fatal", "Crash Category": "Vehicle-Vehicle", "Accused": "Vehicle", "Victim": "Vehicle", "Vehicles Involved": "Vehicle and Vehicle", "Type of Crash": "N.D.A", "Cause of Crash": "Rash and Negligent" }, "geometry": { "type": "Point", "coordinates": [ 77.518596, 12.936352 ] } },
{ "type": "Feature", "properties": { "Unique ID": "126_113/2024", "Year": 2024, "Tag": "Legitimate", "SL No": 126, "Traffic ps": "Byatarayanapura tr ps", "Cr no": "113/2024", "Latitude": 12.952426, "Longitude": 77.521225, "Location of Black spot": "SUVARNA LAYOUT OUTER RING  ROAD ", "Date (DD/MM/YYYY)": "06/05/2024", "Time ( in 24 hours)": "06:29:00", "Fatal": null, "GI": 1, "MI": null, "Severity": "Non-Fatal", "Crash Category": "Vehicle-Pedestrian", "Accused": "Vehicle", "Victim": "Pedestrian", "Vehicles Involved": "Vehicle and Pedestrian", "Type of Crash": "N.D.A", "Cause of Crash": "Rash and Negligent" }, "geometry": { "type": "Point", "coordinates": [ 77.521225, 12.952426 ] } },
{ "type": "Feature", "properties": { "Unique ID": "127_28/2024", "Year": 2024, "Tag": "Legitimate", "SL No": 127, "Traffic ps": "KENGERI TR PS", "Cr no": "28/2024", "Latitude": 12.914287, "Longitude": 77.467639, "Location of Black spot": "GAYATREE CRUSER NICE ROAD", "Date (DD/MM/YYYY)": "02/02/2024", "Time ( in 24 hours)": "14:00:00", "Fatal": null, "GI": 1, "MI": null, "Severity": "Non-Fatal", "Crash Category": "Vehicle-Vehicle", "Accused": "Car", "Victim": "Unknown", "Vehicles Involved": "Car and Unknown", "Type of Crash": "N.D.A", "Cause of Crash": "Rash and Negligent" }, "geometry": { "type": "Point", "coordinates": [ 77.467639, 12.914287 ] } },
{ "type": "Feature", "properties": { "Unique ID": "128_132/2024", "Year": 2024, "Tag": "Legitimate", "SL No": 128, "Traffic ps": "KENGERI TR PS", "Cr no": "132/2024", "Latitude": 12.914287, "Longitude": 77.467639, "Location of Black spot": "GAYATREE CRUSER NICE ROAD", "Date (DD/MM/YYYY)": "06/08/2024", "Time ( in 24 hours)": "19:30:00", "Fatal": "1", "GI": null, "MI": null, "Severity": "Fatal", "Crash Category": "Vehicle-Pedestrian", "Accused": "Lorry", "Victim": "Pedestrian", "Vehicles Involved": "Lorry and Pedestrian", "Type of Crash": "N.D.A", "Cause of Crash": "Rash and Negligent" }, "geometry": { "type": "Point", "coordinates": [ 77.467639, 12.914287 ] } },
{ "type": "Feature", "properties": { "Unique ID": "129_169/2024", "Year": 2024, "Tag": "Unique", "SL No": 129, "Traffic ps": "KENGERI TR PS", "Cr no": "169/2024", "Latitude": 77.467639, "Longitude": 77.467639, "Location of Black spot": "GAYATREE CRUSER NICE ROAD", "Date (DD/MM/YYYY)": "24/10/2024", "Time ( in 24 hours)": "14:00:00", "Fatal": null, "GI": 1, "MI": null, "Severity": "Non-Fatal", "Crash Category": "Vehicle-Pedestrian", "Accused": "Lorry", "Victim": "Pedestrian", "Vehicles Involved": "Lorry and Pedestrian", "Type of Crash": "N.D.A", "Cause of Crash": "Rash and Negligent" }, "geometry": { "type": "Point", "coordinates": [ 77.467639, 77.467639 ] } },
{ "type": "Feature", "properties": { "Unique ID": "130_196/2024", "Year": 2024, "Tag": "Legitimate", "SL No": 130, "Traffic ps": "KENGERI TR PS", "Cr no": "196/2024", "Latitude": 77.467639, "Longitude": 77.467639, "Location of Black spot": "GAYATREE CRUSER NICE ROAD", "Date (DD/MM/YYYY)": "18/12/2024", "Time ( in 24 hours)": "06:20:00", "Fatal": "1", "GI": null, "MI": null, "Severity": "Fatal", "Crash Category": "Vehicle-Vehicle", "Accused": "2W", "Victim": "Lorry", "Vehicles Involved": "2W and Lorry", "Type of Crash": "N.D.A", "Cause of Crash": "Rash and Negligent" }, "geometry": { "type": "Point", "coordinates": [ 77.467639, 77.467639 ] } },
{ "type": "Feature", "properties": { "Unique ID": "131_200/2024", "Year": 2024, "Tag": "Unique", "SL No": 131, "Traffic ps": "KENGERI TR PS", "Cr no": "200/2024", "Latitude": 77.467639, "Longitude": 77.467639, "Location of Black spot": "GAYATREE CRUSER NICE ROAD", "Date (DD/MM/YYYY)": "26/12/2024", "Time ( in 24 hours)": "10:30:00", "Fatal": null, "GI": 1, "MI": null, "Severity": "Non-Fatal", "Crash Category": "Vehicle-Vehicle", "Accused": "Car", "Victim": "Lorry", "Vehicles Involved": "Car and Lorry", "Type of Crash": "N.D.A", "Cause of Crash": "Rash and Negligent" }, "geometry": { "type": "Point", "coordinates": [ 77.467639, 77.467639 ] } },
{ "type": "Feature", "properties": { "Unique ID": "132_36/2024", "Year": 2024, "Tag": "Legitimate", "SL No": 132, "Traffic ps": "KENGERI TR PS", "Cr no": "36/2024", "Latitude": 12.895692, "Longitude": 77.476155, "Location of Black spot": "VRUSHABHAVTHI BRIDGE NICE ROAD ", "Date (DD/MM/YYYY)": "22/02/2024", "Time ( in 24 hours)": "02:45:00", "Fatal": "1", "GI": 3, "MI": null, "Severity": "Fatal", "Crash Category": "Vehicle-Vehicle", "Accused": "Car", "Victim": "Lorry", "Vehicles Involved": "Car and Lorry", "Type of Crash": "N.D.A", "Cause of Crash": "Rash and Negligent" }, "geometry": { "type": "Point", "coordinates": [ 77.476155, 12.895692 ] } },
{ "type": "Feature", "properties": { "Unique ID": "133_81/2024", "Year": 2024, "Tag": "Legitimate", "SL No": 133, "Traffic ps": "KENGERI TR PS", "Cr no": "81/2024", "Latitude": 12.896119, "Longitude": 77.475571, "Location of Black spot": "VRUSHABHAVTHI BRIDGE NICE ROAD ", "Date (DD/MM/YYYY)": "24/04/2024", "Time ( in 24 hours)": "16:50:00", "Fatal": "1", "GI": null, "MI": null, "Severity": "Fatal", "Crash Category": "Vehicle-Vehicle", "Accused": "Vehicle", "Victim": "2W", "Vehicles Involved": "Vehicle and 2W", "Type of Crash": "N.D.A", "Cause of Crash": "Rash and Negligent" }, "geometry": { "type": "Point", "coordinates": [ 77.475571, 12.896119 ] } },
{ "type": "Feature", "properties": { "Unique ID": "134_131/2024", "Year": 2024, "Tag": "Legitimate", "SL No": 134, "Traffic ps": "KENGERI TR PS", "Cr no": "131/2024", "Latitude": 12.895692, "Longitude": 77.476155, "Location of Black spot": "VRUSHABHAVTHI BRIDGE NICE ROAD ", "Date (DD/MM/YYYY)": "31/07/2024", "Time ( in 24 hours)": "19:30:00", "Fatal": null, "GI": 1, "MI": null, "Severity": "Non-Fatal", "Crash Category": "Vehicle-Vehicle", "Accused": "Car", "Victim": "2W", "Vehicles Involved": "Car and 2W", "Type of Crash": "N.D.A", "Cause of Crash": "Rash and Negligent" }, "geometry": { "type": "Point", "coordinates": [ 77.476155, 12.895692 ] } },
{ "type": "Feature", "properties": { "Unique ID": "135_27/2024", "Year": 2024, "Tag": "Legitimate", "SL No": 135, "Traffic ps": "KENGERI TR PS", "Cr no": "27/2024", "Latitude": 12.905381, "Longitude": 77.471366, "Location of Black spot": "DODDABELE JUNCTION MYSURU MAIN ROAD ", "Date (DD/MM/YYYY)": "30/01/2024", "Time ( in 24 hours)": "18:05:00", "Fatal": "1", "GI": null, "MI": null, "Severity": "Fatal", "Crash Category": "Vehicle-Vehicle", "Accused": "Lorry", "Victim": "2W", "Vehicles Involved": "Lorry and 2W", "Type of Crash": "N.D.A", "Cause of Crash": "Rash and Negligent" }, "geometry": { "type": "Point", "coordinates": [ 77.471366, 12.905381 ] } },
{ "type": "Feature", "properties": { "Unique ID": "136_104/2024", "Year": 2024, "Tag": "Unique", "SL No": 136, "Traffic ps": "KENGERI TR PS", "Cr no": "104/2024", "Latitude": 12.905381, "Longitude": 77.471366, "Location of Black spot": "DODDABELE JUNCTION MYSURU MAIN ROAD ", "Date (DD/MM/YYYY)": "10/06/2024", "Time ( in 24 hours)": "18:20:00", "Fatal": null, "GI": 1, "MI": null, "Severity": "Non-Fatal", "Crash Category": "Vehicle-Vehicle", "Accused": "2W", "Victim": "Car", "Vehicles Involved": "2W and Car", "Type of Crash": "N.D.A", "Cause of Crash": "Rash and Negligent" }, "geometry": { "type": "Point", "coordinates": [ 77.471366, 12.905381 ] } },
{ "type": "Feature", "properties": { "Unique ID": "137_65/2024", "Year": 2024, "Tag": "Legitimate", "SL No": 137, "Traffic ps": "KENGERI TR PS", "Cr no": "65/2024", "Latitude": 12.912757, "Longitude": 77.485251, "Location of Black spot": "MADHU JUNCTION MYSURU MAIN ROAD ", "Date (DD/MM/YYYY)": "25/03/2024", "Time ( in 24 hours)": "22:40:00", "Fatal": "1", "GI": null, "MI": null, "Severity": "Fatal", "Crash Category": "Vehicle-Vehicle", "Accused": "Lorry", "Victim": "2W", "Vehicles Involved": "Lorry and 2W", "Type of Crash": "N.D.A", "Cause of Crash": "Rash and Negligent" }, "geometry": { "type": "Point", "coordinates": [ 77.485251, 12.912757 ] } },
{ "type": "Feature", "properties": { "Unique ID": "138_96/2024", "Year": 2024, "Tag": "Legitimate", "SL No": 138, "Traffic ps": "KENGERI TR PS", "Cr no": "96/2024", "Latitude": 12.912757, "Longitude": 77.485251, "Location of Black spot": "MADHU JUNCTION MYSURU MAIN ROAD ", "Date (DD/MM/YYYY)": "27/05/2024", "Time ( in 24 hours)": "16:00:00", "Fatal": null, "GI": 1, "MI": null, "Severity": "Non-Fatal", "Crash Category": "Vehicle-Vehicle", "Accused": "Bus", "Victim": "2W", "Vehicles Involved": "Bus and 2W", "Type of Crash": "N.D.A", "Cause of Crash": "Rash and Negligent" }, "geometry": { "type": "Point", "coordinates": [ 77.485251, 12.912757 ] } },
{ "type": "Feature", "properties": { "Unique ID": "139_110/2024", "Year": 2024, "Tag": "Legitimate", "SL No": 139, "Traffic ps": "KENGERI TR PS", "Cr no": "110/2024", "Latitude": 12.914598, "Longitude": 77.487011, "Location of Black spot": "MADHU JUNCTION MYSURU MAIN ROAD ", "Date (DD/MM/YYYY)": "20/06/2024", "Time ( in 24 hours)": "15:30:00", "Fatal": null, "GI": 1, "MI": null, "Severity": "Non-Fatal", "Crash Category": "Vehicle-Vehicle", "Accused": "Bus", "Victim": "Pedestrian", "Vehicles Involved": "Bus and Pedestrian", "Type of Crash": "N.D.A", "Cause of Crash": "Rash and Negligent" }, "geometry": { "type": "Point", "coordinates": [ 77.487011, 12.914598 ] } },
{ "type": "Feature", "properties": { "Unique ID": "140_151/2024", "Year": 2024, "Tag": "Legitimate", "SL No": 140, "Traffic ps": "KENGERI TR PS", "Cr no": "151/2024", "Latitude": 12.914598, "Longitude": 77.487011, "Location of Black spot": "MADHU JUNCTION MYSURU MAIN ROAD ", "Date (DD/MM/YYYY)": "02/09/2024", "Time ( in 24 hours)": "15:30:00", "Fatal": "1", "GI": null, "MI": null, "Severity": "Fatal", "Crash Category": "Vehicle-Vehicle", "Accused": "Car", "Victim": "Pedestrian", "Vehicles Involved": "Car and Pedestrian", "Type of Crash": "N.D.A", "Cause of Crash": "Rash and Negligent" }, "geometry": { "type": "Point", "coordinates": [ 77.487011, 12.914598 ] } },
{ "type": "Feature", "properties": { "Unique ID": "141_156/2024", "Year": 2024, "Tag": "Unique", "SL No": 141, "Traffic ps": "KENGERI TR PS", "Cr no": "156/2024", "Latitude": 77.487011, "Longitude": 77.487011, "Location of Black spot": "MADHU JUNCTION MYSURU MAIN ROAD ", "Date (DD/MM/YYYY)": "05/09/2024", "Time ( in 24 hours)": "08:15:00", "Fatal": null, "GI": 1, "MI": null, "Severity": "Non-Fatal", "Crash Category": "Vehicle-Vehicle", "Accused": "3W", "Victim": "2W", "Vehicles Involved": "3W and 2W", "Type of Crash": "N.D.A", "Cause of Crash": "Rash and Negligent" }, "geometry": { "type": "Point", "coordinates": [ 77.487011, 77.487011 ] } },
{ "type": "Feature", "properties": { "Unique ID": "142_172/2024", "Year": 2024, "Tag": "Legitimate", "SL No": 142, "Traffic ps": "KENGERI TR PS", "Cr no": "172/2024", "Latitude": 77.487011, "Longitude": 77.487011, "Location of Black spot": "MADHU JUNCTION MYSURU MAIN ROAD ", "Date (DD/MM/YYYY)": "02/11/2024", "Time ( in 24 hours)": "18:45:00", "Fatal": "1", "GI": 1, "MI": null, "Severity": "Fatal", "Crash Category": "Vehicle-Vehicle", "Accused": "Car", "Victim": "Pedestrian", "Vehicles Involved": "Car and Pedestrian", "Type of Crash": "N.D.A", "Cause of Crash": "Rash and Negligent" }, "geometry": { "type": "Point", "coordinates": [ 77.487011, 77.487011 ] } },
{ "type": "Feature", "properties": { "Unique ID": "143_150/2024", "Year": 2024, "Tag": "Unique", "SL No": 143, "Traffic ps": "MADIVALA TR PS", "Cr no": "150/2024", "Latitude": 12.911913, "Longitude": 77.626051, "Location of Black spot": "ROOPEN AGARAHA BUS STOP", "Date (DD/MM/YYYY)": "11/09/2024", "Time ( in 24 hours)": "01:30:00", "Fatal": "1", "GI": null, "MI": null, "Severity": "Fatal", "Crash Category": "Vehicle-Vehicle", "Accused": "2W", "Victim": "Pedestrian", "Vehicles Involved": "2W and Pedestrian", "Type of Crash": "N.D.A", "Cause of Crash": "Rash and Negligent" }, "geometry": { "type": "Point", "coordinates": [ 77.626051, 12.911913 ] } },
{ "type": "Feature", "properties": { "Unique ID": "144_023/2024", "Year": 2024, "Tag": "Unique", "SL No": 144, "Traffic ps": "MADIVALA TR PS", "Cr no": "023/2024", "Latitude": 12.911913, "Longitude": 77.626051, "Location of Black spot": "ROOPEN AGARAHA BUS STOP", "Date (DD/MM/YYYY)": "11/02/2024", "Time ( in 24 hours)": "00:30:00", "Fatal": null, "GI": 1, "MI": null, "Severity": "Non-Fatal", "Crash Category": "Vehicle-Vehicle", "Accused": "Canter", "Victim": "Pedestrian", "Vehicles Involved": "Canter and Pedestrian", "Type of Crash": "N.D.A", "Cause of Crash": "Rash and Negligent" }, "geometry": { "type": "Point", "coordinates": [ 77.626051, 12.911913 ] } },
{ "type": "Feature", "properties": { "Unique ID": "145_026/2024", "Year": 2024, "Tag": "Unique", "SL No": 145, "Traffic ps": "MADIVALA TR PS", "Cr no": "026/2024", "Latitude": 12.911913, "Longitude": 77.626051, "Location of Black spot": "ROOPEN AGARAHA BUS STOP", "Date (DD/MM/YYYY)": "17/02/2024", "Time ( in 24 hours)": "21:30:00", "Fatal": null, "GI": 1, "MI": null, "Severity": "Non-Fatal", "Crash Category": "Vehicle-Vehicle", "Accused": "Car", "Victim": "2W", "Vehicles Involved": "Car and 2W", "Type of Crash": "N.D.A", "Cause of Crash": "Rash and Negligent" }, "geometry": { "type": "Point", "coordinates": [ 77.626051, 12.911913 ] } },
{ "type": "Feature", "properties": { "Unique ID": "146_087/2024", "Year": 2024, "Tag": "Unique", "SL No": 146, "Traffic ps": "MADIVALA TR PS", "Cr no": "087/2024", "Latitude": 12.911913, "Longitude": 77.626051, "Location of Black spot": "ROOPEN AGARAHA BUS STOP", "Date (DD/MM/YYYY)": "24/05/2024", "Time ( in 24 hours)": "21:15:00", "Fatal": null, "GI": 1, "MI": null, "Severity": "Non-Fatal", "Crash Category": "Vehicle-Vehicle", "Accused": "2W", "Victim": "2W", "Vehicles Involved": "2W and 2W", "Type of Crash": "N.D.A", "Cause of Crash": "Rash and Negligent" }, "geometry": { "type": "Point", "coordinates": [ 77.626051, 12.911913 ] } },
{ "type": "Feature", "properties": { "Unique ID": "147_0006/2024", "Year": 2024, "Tag": "Unique", "SL No": 147, "Traffic ps": "HSR TRPS", "Cr no": "0006/2024", "Latitude": 12.923802, "Longitude": 77.639918, "Location of Black spot": "Auto mart Junction", "Date (DD/MM/YYYY)": "20/01/2024", "Time ( in 24 hours)": null, "Fatal": null, "GI": 1, "MI": null, "Severity": "Non-Fatal", "Crash Category": "Vehicle-Vehicle", "Accused": "Bus", "Victim": "2W", "Vehicles Involved": "Bus and 2W", "Type of Crash": "Hit from Back", "Cause of Crash": "Rash and Negligent" }, "geometry": { "type": "Point", "coordinates": [ 77.639918, 12.923802 ] } },
{ "type": "Feature", "properties": { "Unique ID": "148_15/2024", "Year": 2024, "Tag": "Legitimate", "SL No": 148, "Traffic ps": "HSR TRPS", "Cr no": "15/2024", "Latitude": 12.923824, "Longitude": 77.639921, "Location of Black spot": "Auto mart Junction", "Date (DD/MM/YYYY)": "13/01/2024", "Time ( in 24 hours)": null, "Fatal": null, "GI": 1, "MI": null, "Severity": "Non-Fatal", "Crash Category": "Vehicle-Vehicle", "Accused": "Car", "Victim": "2W", "Vehicles Involved": "Car and 2W", "Type of Crash": "N.D.A", "Cause of Crash": "Rash and Negligent" }, "geometry": { "type": "Point", "coordinates": [ 77.639921, 12.923824 ] } },
{ "type": "Feature", "properties": { "Unique ID": "149_28/2024", "Year": 2024, "Tag": "Legitimate", "SL No": 149, "Traffic ps": "HSR TRPS", "Cr no": "28/2024", "Latitude": 12.923856, "Longitude": 77.639996, "Location of Black spot": "Auto mart Junction", "Date (DD/MM/YYYY)": "03/03/2024", "Time ( in 24 hours)": null, "Fatal": "1", "GI": null, "MI": null, "Severity": "Fatal", "Crash Category": "Vehicle-Pedestrian", "Accused": "Car", "Victim": "Pedestrian", "Vehicles Involved": "Car and Pedestrian", "Type of Crash": "N.D.A", "Cause of Crash": "Rash and Negligent" }, "geometry": { "type": "Point", "coordinates": [ 77.639996, 12.923856 ] } },
{ "type": "Feature", "properties": { "Unique ID": "150_44/2024", "Year": 2024, "Tag": "Legitimate", "SL No": 150, "Traffic ps": "HSR TRPS", "Cr no": "44/2024", "Latitude": 12.924329, "Longitude": 77.64459, "Location of Black spot": "Auto mart Junction", "Date (DD/MM/YYYY)": "18/04/2024", "Time ( in 24 hours)": null, "Fatal": "1", "GI": null, "MI": null, "Severity": "Fatal", "Crash Category": "Vehicle-Pedestrian", "Accused": "3W", "Victim": "Pedestrian", "Vehicles Involved": "3W and Pedestrian", "Type of Crash": "Hit from Side", "Cause of Crash": "Rash and Negligent" }, "geometry": { "type": "Point", "coordinates": [ 77.64459, 12.924329 ] } },
{ "type": "Feature", "properties": { "Unique ID": "151_98/2024", "Year": 2024, "Tag": "Unique", "SL No": 151, "Traffic ps": "HSR TRPS", "Cr no": "98/2024", "Latitude": 12.866476, "Longitude": 77.638097, "Location of Black spot": " G.B PALYA ", "Date (DD/MM/YYYY)": "25/05/2024", "Time ( in 24 hours)": null, "Fatal": null, "GI": 1, "MI": null, "Severity": "Non-Fatal", "Crash Category": "Vehicle-Pedestrian", "Accused": "Canter", "Victim": "Pedestrian", "Vehicles Involved": "Canter and Pedestrian", "Type of Crash": "Hit from Side", "Cause of Crash": "Rash and Negligent" }, "geometry": { "type": "Point", "coordinates": [ 77.638097, 12.866476 ] } },
{ "type": "Feature", "properties": { "Unique ID": "152_101/2024", "Year": 2024, "Tag": "Legitimate", "SL No": 152, "Traffic ps": "HSR TRPS", "Cr no": "101/2024", "Latitude": 12.866488, "Longitude": 77.638093, "Location of Black spot": " G.B PALYA ", "Date (DD/MM/YYYY)": "29/05/2024", "Time ( in 24 hours)": null, "Fatal": null, "GI": 1, "MI": null, "Severity": "Non-Fatal", "Crash Category": "Vehicle-Pedestrian", "Accused": "Lorry", "Victim": "Pedestrian", "Vehicles Involved": "Lorry and Pedestrian", "Type of Crash": "Hit from Back", "Cause of Crash": "Rash and Negligent" }, "geometry": { "type": "Point", "coordinates": [ 77.638093, 12.866488 ] } },
{ "type": "Feature", "properties": { "Unique ID": "153_0154/2024", "Year": 2024, "Tag": "Unique", "SL No": 153, "Traffic ps": "BELLANDUR TRPS", "Cr no": "0154/2024", "Latitude": 12.684618, "Longitude": 77.643893, "Location of Black spot": "SHANIMAHAT  MA TEMPLE  ", "Date (DD/MM/YYYY)": "22/12/2024", "Time ( in 24 hours)": "09:00:00", "Fatal": null, "GI": 1, "MI": null, "Severity": "Non-Fatal", "Crash Category": "Vehicle-Pedestrian", "Accused": "2W", "Victim": "Pedestrian", "Vehicles Involved": "2W and Pedestrian", "Type of Crash": "Hit from Back", "Cause of Crash": "Rash and Negligent" }, "geometry": { "type": "Point", "coordinates": [ 77.643893, 12.684618 ] } },
{ "type": "Feature", "properties": { "Unique ID": "154_0066/2024", "Year": 2024, "Tag": "Unique", "SL No": 154, "Traffic ps": "BELLANDUR TRPS", "Cr no": "0066/2024", "Latitude": 12.921734, "Longitude": 77.661156, "Location of Black spot": "IBBALUR JUNCTION", "Date (DD/MM/YYYY)": "17/06/2024", "Time ( in 24 hours)": "13:00:00", "Fatal": null, "GI": 1, "MI": null, "Severity": "Non-Fatal", "Crash Category": "Vehicle-Vehicle", "Accused": "Car", "Victim": "2W", "Vehicles Involved": "Car and 2W", "Type of Crash": "Hit from Back", "Cause of Crash": "Rash and Negligent" }, "geometry": { "type": "Point", "coordinates": [ 77.661156, 12.921734 ] } },
{ "type": "Feature", "properties": { "Unique ID": "155_0080/2024", "Year": 2024, "Tag": "Unique", "SL No": 155, "Traffic ps": "BELLANDUR TRPS", "Cr no": "0080/2024", "Latitude": 12.921565, "Longitude": 77.661382, "Location of Black spot": "IBBALUR JUNCTION", "Date (DD/MM/YYYY)": "27/07/2024", "Time ( in 24 hours)": "11:00:00", "Fatal": "1", "GI": null, "MI": null, "Severity": "Fatal", "Crash Category": "Vehicle-Vehicle", "Accused": "Self", "Victim": "2W", "Vehicles Involved": "Self and 2W", "Type of Crash": "Skidding", "Cause of Crash": "Rash and Negligent" }, "geometry": { "type": "Point", "coordinates": [ 77.661382, 12.921565 ] } },
{ "type": "Feature", "properties": { "Unique ID": "156_0024/2024", "Year": 2024, "Tag": "Unique", "SL No": 156, "Traffic ps": "BELLANDUR TRPS", "Cr no": "0024/2024", "Latitude": 12.916701, "Longitude": 77.673587, "Location of Black spot": "KAIKONDRAHALLI JUNCTION ", "Date (DD/MM/YYYY)": "26/03/2024", "Time ( in 24 hours)": "13:30:00", "Fatal": null, "GI": 1, "MI": null, "Severity": "Non-Fatal", "Crash Category": "Vehicle-Vehicle", "Accused": "Car", "Victim": "2W", "Vehicles Involved": "Car and 2W", "Type of Crash": "Hit from Back", "Cause of Crash": "Rash and Negligent" }, "geometry": { "type": "Point", "coordinates": [ 77.673587, 12.916701 ] } },
{ "type": "Feature", "properties": { "Unique ID": "157_36/2024", "Year": 2024, "Tag": "Legitimate", "SL No": 157, "Traffic ps": "Ecity", "Cr no": "36/2024", "Latitude": 12.847279, "Longitude": 77.671361, "Location of Black spot": "Naganathapura junction", "Date (DD/MM/YYYY)": "22/02/2024", "Time ( in 24 hours)": "10:40:00", "Fatal": "1", "GI": null, "MI": null, "Severity": "Fatal", "Crash Category": "Self Accident", "Accused": "2W", "Victim": "Self", "Vehicles Involved": "2W and Self", "Type of Crash": "Skidding", "Cause of Crash": "Rash and Negligent" }, "geometry": { "type": "Point", "coordinates": [ 77.671361, 12.847279 ] } },
{ "type": "Feature", "properties": { "Unique ID": "158_196/2024", "Year": 2024, "Tag": "Legitimate", "SL No": 158, "Traffic ps": "Ecity", "Cr no": "196/2024", "Latitude": 12.847279, "Longitude": 77.671361, "Location of Black spot": "Naganathapura junction", "Date (DD/MM/YYYY)": "15/12/2024", "Time ( in 24 hours)": "03:50:00", "Fatal": "1", "GI": null, "MI": null, "Severity": "Fatal", "Crash Category": "Vehicle-Vehicle", "Accused": "Car", "Victim": "2W", "Vehicles Involved": "Car and 2W", "Type of Crash": "Hit from Back", "Cause of Crash": "Rash and Negligent" }, "geometry": { "type": "Point", "coordinates": [ 77.671361, 12.847279 ] } },
{ "type": "Feature", "properties": { "Unique ID": "159_09/2024", "Year": 2024, "Tag": "Unique", "SL No": 159, "Traffic ps": "Ecity", "Cr no": "09/2024", "Latitude": 12.847279, "Longitude": 77.671361, "Location of Black spot": "Naganathapura junction", "Date (DD/MM/YYYY)": "08/01/2024", "Time ( in 24 hours)": "09:15:00", "Fatal": null, "GI": 1, "MI": null, "Severity": "Non-Fatal", "Crash Category": "Vehicle-Vehicle", "Accused": "Car", "Victim": "2W", "Vehicles Involved": "Car and 2W", "Type of Crash": "Hit from Back", "Cause of Crash": "Rash and Negligent" }, "geometry": { "type": "Point", "coordinates": [ 77.671361, 12.847279 ] } },
{ "type": "Feature", "properties": { "Unique ID": "160_70/2024", "Year": 2024, "Tag": "Legitimate", "SL No": 160, "Traffic ps": "Ecity", "Cr no": "70/2024", "Latitude": 12.847279, "Longitude": 77.671361, "Location of Black spot": "Naganathapura junction", "Date (DD/MM/YYYY)": "03/03/2024", "Time ( in 24 hours)": "20:45:00", "Fatal": null, "GI": 1, "MI": null, "Severity": "Non-Fatal", "Crash Category": "Vehicle-Vehicle", "Accused": "Car", "Victim": "2W", "Vehicles Involved": "Car and 2W", "Type of Crash": "Hit from Back", "Cause of Crash": "Rash and Negligent" }, "geometry": { "type": "Point", "coordinates": [ 77.671361, 12.847279 ] } },
{ "type": "Feature", "properties": { "Unique ID": "161_73/2024", "Year": 2024, "Tag": "Legitimate", "SL No": 161, "Traffic ps": "Ecity", "Cr no": "73/2024", "Latitude": 12.847279, "Longitude": 77.671361, "Location of Black spot": "Naganathapura junction", "Date (DD/MM/YYYY)": "12/03/2024", "Time ( in 24 hours)": "12:10:00", "Fatal": null, "GI": 1, "MI": null, "Severity": "Non-Fatal", "Crash Category": "Vehicle-Pedestrian", "Accused": "3W", "Victim": "Pedestrian", "Vehicles Involved": "3W and Pedestrian", "Type of Crash": "Hit from Side", "Cause of Crash": "Rash and Negligent" }, "geometry": { "type": "Point", "coordinates": [ 77.671361, 12.847279 ] } },
{ "type": "Feature", "properties": { "Unique ID": "162_91/2024", "Year": 2024, "Tag": "Legitimate", "SL No": 162, "Traffic ps": "Ecity", "Cr no": "91/2024", "Latitude": 12.847279, "Longitude": 77.671361, "Location of Black spot": "Naganathapura junction", "Date (DD/MM/YYYY)": "15/05/2024", "Time ( in 24 hours)": "09:30:00", "Fatal": null, "GI": 1, "MI": null, "Severity": "Non-Fatal", "Crash Category": "Vehicle-Vehicle", "Accused": "Bus", "Victim": "2W", "Vehicles Involved": "Bus and 2W", "Type of Crash": "Hit from Back", "Cause of Crash": "Rash and Negligent" }, "geometry": { "type": "Point", "coordinates": [ 77.671361, 12.847279 ] } },
{ "type": "Feature", "properties": { "Unique ID": "163_110/2024", "Year": 2024, "Tag": "Legitimate", "SL No": 163, "Traffic ps": "Ecity", "Cr no": "110/2024", "Latitude": 12.847279, "Longitude": 77.671361, "Location of Black spot": "Naganathapura junction", "Date (DD/MM/YYYY)": "11/06/2024", "Time ( in 24 hours)": "08:10:00", "Fatal": null, "GI": 1, "MI": null, "Severity": "Non-Fatal", "Crash Category": "Vehicle-Vehicle", "Accused": "Lorry", "Victim": "2W", "Vehicles Involved": "Lorry and 2W", "Type of Crash": "Hit from Back", "Cause of Crash": "Rash and Negligent" }, "geometry": { "type": "Point", "coordinates": [ 77.671361, 12.847279 ] } },
{ "type": "Feature", "properties": { "Unique ID": "164_113/2024", "Year": 2024, "Tag": "Legitimate", "SL No": 164, "Traffic ps": "Ecity", "Cr no": "113/2024", "Latitude": 12.847279, "Longitude": 77.671361, "Location of Black spot": "Naganathapura junction", "Date (DD/MM/YYYY)": "12/06/2024", "Time ( in 24 hours)": "04:00:00", "Fatal": null, "GI": 1, "MI": null, "Severity": "Non-Fatal", "Crash Category": "Vehicle-Vehicle", "Accused": "Car", "Victim": "Car", "Vehicles Involved": "Car and Car", "Type of Crash": "Hit from Back", "Cause of Crash": "Rash and Negligent" }, "geometry": { "type": "Point", "coordinates": [ 77.671361, 12.847279 ] } },
{ "type": "Feature", "properties": { "Unique ID": "165_116/2024", "Year": 2024, "Tag": "Unique", "SL No": 165, "Traffic ps": "Ecity", "Cr no": "116/2024", "Latitude": 12.847279, "Longitude": 77.671361, "Location of Black spot": "Naganathapura junction", "Date (DD/MM/YYYY)": "15/06/2024", "Time ( in 24 hours)": "09:50:00", "Fatal": null, "GI": 1, "MI": null, "Severity": "Non-Fatal", "Crash Category": "Vehicle-Vehicle", "Accused": "Car", "Victim": "2W", "Vehicles Involved": "Car and 2W", "Type of Crash": "Hit from Side", "Cause of Crash": "Rash and Negligent" }, "geometry": { "type": "Point", "coordinates": [ 77.671361, 12.847279 ] } },
{ "type": "Feature", "properties": { "Unique ID": "166_173/2024", "Year": 2024, "Tag": "Legitimate", "SL No": 166, "Traffic ps": "Ecity", "Cr no": "173/2024", "Latitude": 12.847279, "Longitude": 77.671361, "Location of Black spot": "Naganathapura junction", "Date (DD/MM/YYYY)": "13/10/2024", "Time ( in 24 hours)": "01:00:00", "Fatal": null, "GI": 1, "MI": null, "Severity": "Non-Fatal", "Crash Category": "Vehicle-Vehicle", "Accused": "Car", "Victim": "2W", "Vehicles Involved": "Car and 2W", "Type of Crash": "Hit from Side", "Cause of Crash": "Rash and Negligent" }, "geometry": { "type": "Point", "coordinates": [ 77.671361, 12.847279 ] } },
{ "type": "Feature", "properties": { "Unique ID": "167_187/2024", "Year": 2024, "Tag": "Legitimate", "SL No": 167, "Traffic ps": "Ecity", "Cr no": "187/2024", "Latitude": 12.847279, "Longitude": 77.671361, "Location of Black spot": "Naganathapura junction", "Date (DD/MM/YYYY)": "14/11/2024", "Time ( in 24 hours)": "08:45:00", "Fatal": null, "GI": 1, "MI": null, "Severity": "Non-Fatal", "Crash Category": "Vehicle-Pedestrian", "Accused": "2W", "Victim": "Pedestrian", "Vehicles Involved": "2W and Pedestrian", "Type of Crash": "Hit from Side", "Cause of Crash": "Rash and Negligent" }, "geometry": { "type": "Point", "coordinates": [ 77.671361, 12.847279 ] } },
{ "type": "Feature", "properties": { "Unique ID": "168_65/2024", "Year": 2024, "Tag": "Legitimate", "SL No": 168, "Traffic ps": "Ecity", "Cr no": "65/2024", "Latitude": 12.856037, "Longitude": 77.664323, "Location of Black spot": "Konappana agrahara Junction", "Date (DD/MM/YYYY)": "23/03/2024", "Time ( in 24 hours)": "02:40:00", "Fatal": "1", "GI": null, "MI": null, "Severity": "Fatal", "Crash Category": "Vehicle-Pedestrian", "Accused": "Car", "Victim": "Pedestrian", "Vehicles Involved": "Car and Pedestrian", "Type of Crash": "Head-On", "Cause of Crash": "Rash and Negligent" }, "geometry": { "type": "Point", "coordinates": [ 77.664323, 12.856037 ] } },
{ "type": "Feature", "properties": { "Unique ID": "169_108/2024", "Year": 2024, "Tag": "Unique", "SL No": 169, "Traffic ps": "Ecity", "Cr no": "108/2024", "Latitude": 12.856037, "Longitude": 77.664323, "Location of Black spot": "Konappana agrahara Junction", "Date (DD/MM/YYYY)": "10/06/2024", "Time ( in 24 hours)": "10:30:00", "Fatal": null, "GI": 1, "MI": null, "Severity": "Non-Fatal", "Crash Category": "Vehicle-Vehicle", "Accused": "Car", "Victim": "2W", "Vehicles Involved": "Car and 2W", "Type of Crash": "Hit from Back", "Cause of Crash": "Rash and Negligent" }, "geometry": { "type": "Point", "coordinates": [ 77.664323, 12.856037 ] } },
{ "type": "Feature", "properties": { "Unique ID": "170_125/2024", "Year": 2024, "Tag": "Unique", "SL No": 170, "Traffic ps": "Ecity", "Cr no": "125/2024", "Latitude": 12.856037, "Longitude": 77.664323, "Location of Black spot": "Konappana agrahara Junction", "Date (DD/MM/YYYY)": "07/07/2024", "Time ( in 24 hours)": "03:24:00", "Fatal": "1", "GI": null, "MI": null, "Severity": "Fatal", "Crash Category": "Self Accident", "Accused": "2W", "Victim": "Self", "Vehicles Involved": "2W and Self", "Type of Crash": "Skidding", "Cause of Crash": "Rash and Negligent" }, "geometry": { "type": "Point", "coordinates": [ 77.664323, 12.856037 ] } },
{ "type": "Feature", "properties": { "Unique ID": "171_135/2024", "Year": 2024, "Tag": "Unique", "SL No": 171, "Traffic ps": "Ecity", "Cr no": "135/2024", "Latitude": 12.856037, "Longitude": 77.664323, "Location of Black spot": "Konappana agrahara Junction", "Date (DD/MM/YYYY)": "03/08/2024", "Time ( in 24 hours)": "07:20:00", "Fatal": "1", "GI": null, "MI": null, "Severity": "Fatal", "Crash Category": "Vehicle-Pedestrian", "Accused": "Lorry", "Victim": "Pedestrian", "Vehicles Involved": "Lorry and Pedestrian", "Type of Crash": "Hit from Side", "Cause of Crash": "Rash and Negligent" }, "geometry": { "type": "Point", "coordinates": [ 77.664323, 12.856037 ] } },
{ "type": "Feature", "properties": { "Unique ID": "172_205/2024", "Year": 2024, "Tag": "Legitimate", "SL No": 172, "Traffic ps": "Ecity", "Cr no": "205/2024", "Latitude": 12.856037, "Longitude": 77.664323, "Location of Black spot": "Konappana agrahara Junction", "Date (DD/MM/YYYY)": "26/12/2024", "Time ( in 24 hours)": "00:15:00", "Fatal": null, "GI": 1, "MI": null, "Severity": "Non-Fatal", "Crash Category": "Vehicle-Vehicle", "Accused": "Car", "Victim": "2W", "Vehicles Involved": "Car and 2W", "Type of Crash": "Hit from Back", "Cause of Crash": "Rash and Negligent" }, "geometry": { "type": "Point", "coordinates": [ 77.664323, 12.856037 ] } },
{ "type": "Feature", "properties": { "Unique ID": "173_19/2024", "Year": 2024, "Tag": "Unique", "SL No": 173, "Traffic ps": "Ecity", "Cr no": "19/2024", "Latitude": 12.839994, "Longitude": 77.677023, "Location of Black spot": "Veerasandra Junction", "Date (DD/MM/YYYY)": "19/01/2024", "Time ( in 24 hours)": "21:10:00", "Fatal": null, "GI": 2, "MI": null, "Severity": "Non-Fatal", "Crash Category": "Vehicle-Vehicle", "Accused": "2W", "Victim": "2W", "Vehicles Involved": "2W and 2W", "Type of Crash": "Head-On", "Cause of Crash": "Rash and Negligent" }, "geometry": { "type": "Point", "coordinates": [ 77.677023, 12.839994 ] } },
{ "type": "Feature", "properties": { "Unique ID": "174_20/2024", "Year": 2024, "Tag": "Legitimate", "SL No": 174, "Traffic ps": "Ecity", "Cr no": "20/2024", "Latitude": 12.839994, "Longitude": 77.677023, "Location of Black spot": "Veerasandra Junction", "Date (DD/MM/YYYY)": "25/01/2024", "Time ( in 24 hours)": "09:15:00", "Fatal": null, "GI": 1, "MI": null, "Severity": "Non-Fatal", "Crash Category": "Vehicle-Pedestrian", "Accused": "2W", "Victim": "Pedestrian", "Vehicles Involved": "2W and Pedestrian", "Type of Crash": "Hit from Side", "Cause of Crash": "Rash and Negligent" }, "geometry": { "type": "Point", "coordinates": [ 77.677023, 12.839994 ] } },
{ "type": "Feature", "properties": { "Unique ID": "175_25/2024", "Year": 2024, "Tag": "Unique", "SL No": 175, "Traffic ps": "Ecity", "Cr no": "25/2024", "Latitude": 12.839994, "Longitude": 77.677023, "Location of Black spot": "Veerasandra Junction", "Date (DD/MM/YYYY)": "31/01/2024", "Time ( in 24 hours)": "19:15:00", "Fatal": "1", "GI": null, "MI": null, "Severity": "Fatal", "Crash Category": "Vehicle-Pedestrian", "Accused": "Car", "Victim": "Pedestrian", "Vehicles Involved": "Car and Pedestrian", "Type of Crash": "Hit from Side", "Cause of Crash": "Rash and Negligent" }, "geometry": { "type": "Point", "coordinates": [ 77.677023, 12.839994 ] } },
{ "type": "Feature", "properties": { "Unique ID": "176_97/2024", "Year": 2024, "Tag": "Unique", "SL No": 176, "Traffic ps": "Ecity", "Cr no": "97/2024", "Latitude": 12.839994, "Longitude": 77.677023, "Location of Black spot": "Veerasandra Junction", "Date (DD/MM/YYYY)": "22/05/2024", "Time ( in 24 hours)": "23:50:00", "Fatal": null, "GI": 1, "MI": null, "Severity": "Non-Fatal", "Crash Category": "Vehicle-Vehicle", "Accused": "Car", "Victim": "3W", "Vehicles Involved": "Car and 3W", "Type of Crash": "Hit from Back", "Cause of Crash": "Rash and Negligent" }, "geometry": { "type": "Point", "coordinates": [ 77.677023, 12.839994 ] } },
{ "type": "Feature", "properties": { "Unique ID": "177_137/2024", "Year": 2024, "Tag": "Unique", "SL No": 177, "Traffic ps": "Ecity", "Cr no": "137/2024", "Latitude": 12.839994, "Longitude": 77.677023, "Location of Black spot": "Veerasandra Junction", "Date (DD/MM/YYYY)": "07/08/2024", "Time ( in 24 hours)": "14:50:00", "Fatal": null, "GI": 1, "MI": null, "Severity": "Non-Fatal", "Crash Category": "Vehicle-Vehicle", "Accused": "Lorry", "Victim": "2W", "Vehicles Involved": "Lorry and 2W", "Type of Crash": "Hit from Back", "Cause of Crash": "Rash and Negligent" }, "geometry": { "type": "Point", "coordinates": [ 77.677023, 12.839994 ] } },
{ "type": "Feature", "properties": { "Unique ID": "178_140/2024", "Year": 2024, "Tag": "Unique", "SL No": 178, "Traffic ps": "Ecity", "Cr no": "140/2024", "Latitude": 12.839994, "Longitude": 77.677023, "Location of Black spot": "Veerasandra Junction", "Date (DD/MM/YYYY)": "13/08/2024", "Time ( in 24 hours)": "06:55:00", "Fatal": null, "GI": 3, "MI": null, "Severity": "Non-Fatal", "Crash Category": "Vehicle-Vehicle", "Accused": "Lorry", "Victim": "2W", "Vehicles Involved": "Lorry and 2W", "Type of Crash": "Hit from Back", "Cause of Crash": "Rash and Negligent" }, "geometry": { "type": "Point", "coordinates": [ 77.677023, 12.839994 ] } },
{ "type": "Feature", "properties": { "Unique ID": "179_05/2024", "Year": 2024, "Tag": "Legitimate", "SL No": 179, "Traffic ps": "Ecity", "Cr no": "05/2024", "Latitude": 12.847279, "Longitude": 77.671361, "Location of Black spot": "Electronic city Phase-1 EC-1", "Date (DD/MM/YYYY)": "04/01/2024", "Time ( in 24 hours)": "19:30:00", "Fatal": null, "GI": 1, "MI": null, "Severity": "Non-Fatal", "Crash Category": "Vehicle-Pedestrian", "Accused": "Car", "Victim": "Pedestrian", "Vehicles Involved": "Car and Pedestrian", "Type of Crash": "Hit from Side", "Cause of Crash": "Rash and Negligent" }, "geometry": { "type": "Point", "coordinates": [ 77.671361, 12.847279 ] } },
{ "type": "Feature", "properties": { "Unique ID": "180_11/2024", "Year": 2024, "Tag": "Legitimate", "SL No": 180, "Traffic ps": "Ecity", "Cr no": "11/2024", "Latitude": 12.847279, "Longitude": 77.671361, "Location of Black spot": "Electronic city Phase-1 EC-1", "Date (DD/MM/YYYY)": "12/01/2024", "Time ( in 24 hours)": "05:40:00", "Fatal": null, "GI": 1, "MI": null, "Severity": "Non-Fatal", "Crash Category": "Vehicle-Vehicle", "Accused": "2W", "Victim": "Car", "Vehicles Involved": "2W and Car", "Type of Crash": "Hit from Back", "Cause of Crash": "Rash and Negligent" }, "geometry": { "type": "Point", "coordinates": [ 77.671361, 12.847279 ] } },
{ "type": "Feature", "properties": { "Unique ID": "181_15/2024", "Year": 2024, "Tag": "Legitimate", "SL No": 181, "Traffic ps": "Ecity", "Cr no": "15/2024", "Latitude": 12.847279, "Longitude": 77.671361, "Location of Black spot": "Electronic city Phase-1 EC-1", "Date (DD/MM/YYYY)": "20/01/2024", "Time ( in 24 hours)": "19:04:00", "Fatal": "1", "GI": null, "MI": null, "Severity": "Fatal", "Crash Category": "Vehicle-Pedestrian", "Accused": "Lorry", "Victim": "Pedestrian", "Vehicles Involved": "Lorry and Pedestrian", "Type of Crash": "Hit from Side", "Cause of Crash": "Rash and Negligent" }, "geometry": { "type": "Point", "coordinates": [ 77.671361, 12.847279 ] } },
{ "type": "Feature", "properties": { "Unique ID": "182_47/2024", "Year": 2024, "Tag": "Unique", "SL No": 182, "Traffic ps": "Ecity", "Cr no": "47/2024", "Latitude": 12.847279, "Longitude": 77.671361, "Location of Black spot": "Electronic city Phase-1 EC-1", "Date (DD/MM/YYYY)": "07/03/2024", "Time ( in 24 hours)": "01:50:00", "Fatal": null, "GI": 1, "MI": null, "Severity": "Non-Fatal", "Crash Category": "Vehicle-Vehicle", "Accused": "Canter", "Victim": "2W", "Vehicles Involved": "Canter and 2W", "Type of Crash": "Hit from Side", "Cause of Crash": "Rash and Negligent" }, "geometry": { "type": "Point", "coordinates": [ 77.671361, 12.847279 ] } },
{ "type": "Feature", "properties": { "Unique ID": "183_50/2024", "Year": 2024, "Tag": "Unique", "SL No": 183, "Traffic ps": "Ecity", "Cr no": "50/2024", "Latitude": 12.847279, "Longitude": 77.671361, "Location of Black spot": "Electronic city Phase-1 EC-1", "Date (DD/MM/YYYY)": "13/03/2024", "Time ( in 24 hours)": "14:45:00", "Fatal": null, "GI": 1, "MI": null, "Severity": "Non-Fatal", "Crash Category": "Vehicle-Pedestrian", "Accused": "Car", "Victim": "Pedestrian", "Vehicles Involved": "Car and Pedestrian", "Type of Crash": "Hit from Side", "Cause of Crash": "Rash and Negligent" }, "geometry": { "type": "Point", "coordinates": [ 77.671361, 12.847279 ] } },
{ "type": "Feature", "properties": { "Unique ID": "184_77/2024", "Year": 2024, "Tag": "Unique", "SL No": 184, "Traffic ps": "Ecity", "Cr no": "77/2024", "Latitude": 12.847279, "Longitude": 77.671361, "Location of Black spot": "Electronic city Phase-1 EC-1", "Date (DD/MM/YYYY)": "12/04/2024", "Time ( in 24 hours)": "13:50:00", "Fatal": null, "GI": 1, "MI": null, "Severity": "Non-Fatal", "Crash Category": "Vehicle-Vehicle", "Accused": "Canter", "Victim": "2W", "Vehicles Involved": "Canter and 2W", "Type of Crash": "Hit from Side", "Cause of Crash": "Rash and Negligent" }, "geometry": { "type": "Point", "coordinates": [ 77.671361, 12.847279 ] } },
{ "type": "Feature", "properties": { "Unique ID": "185_90/2024", "Year": 2024, "Tag": "Legitimate", "SL No": 185, "Traffic ps": "Ecity", "Cr no": "90/2024", "Latitude": 12.847279, "Longitude": 77.671361, "Location of Black spot": "Electronic city Phase-1 EC-1", "Date (DD/MM/YYYY)": "14/05/2024", "Time ( in 24 hours)": "08:15:00", "Fatal": "1", "GI": null, "MI": null, "Severity": "Fatal", "Crash Category": "Self Accident", "Accused": "2W", "Victim": "Self", "Vehicles Involved": "2W and Self", "Type of Crash": "Skidding", "Cause of Crash": "Rash and Negligent" }, "geometry": { "type": "Point", "coordinates": [ 77.671361, 12.847279 ] } },
{ "type": "Feature", "properties": { "Unique ID": "186_131/2024", "Year": 2024, "Tag": "Legitimate", "SL No": 186, "Traffic ps": "Ecity", "Cr no": "131/2024", "Latitude": 12.847279, "Longitude": 77.671361, "Location of Black spot": "Electronic city Phase-1 EC-1", "Date (DD/MM/YYYY)": "20/07/2024", "Time ( in 24 hours)": "22:30:00", "Fatal": "1", "GI": null, "MI": null, "Severity": "Fatal", "Crash Category": "Vehicle-Vehicle", "Accused": "3W", "Victim": "2W", "Vehicles Involved": "3W and 2W", "Type of Crash": "Head-On", "Cause of Crash": "Rash and Negligent" }, "geometry": { "type": "Point", "coordinates": [ 77.671361, 12.847279 ] } },
{ "type": "Feature", "properties": { "Unique ID": "187_164/2024", "Year": 2024, "Tag": "Unique", "SL No": 187, "Traffic ps": "Ecity", "Cr no": "164/2024", "Latitude": 12.847279, "Longitude": 77.671361, "Location of Black spot": "Electronic city Phase-1 EC-1", "Date (DD/MM/YYYY)": "16/09/2024", "Time ( in 24 hours)": "13:10:00", "Fatal": "1", "GI": null, "MI": null, "Severity": "Fatal", "Crash Category": "Vehicle-Pedestrian", "Accused": "Lorry", "Victim": "Pedestrian", "Vehicles Involved": "Lorry and Pedestrian", "Type of Crash": "Hit from Side", "Cause of Crash": "Rash and Negligent" }, "geometry": { "type": "Point", "coordinates": [ 77.671361, 12.847279 ] } },
{ "type": "Feature", "properties": { "Unique ID": "188_160/2024", "Year": 2024, "Tag": "Legitimate", "SL No": 188, "Traffic ps": "Ecity", "Cr no": "160/2024", "Latitude": 12.847279, "Longitude": 77.671361, "Location of Black spot": "Electronic city Phase-1 EC-1", "Date (DD/MM/YYYY)": "10/09/2024", "Time ( in 24 hours)": "20:00:00", "Fatal": null, "GI": 1, "MI": null, "Severity": "Non-Fatal", "Crash Category": "Vehicle-Pedestrian", "Accused": "2W", "Victim": "Pedestrian", "Vehicles Involved": "2W and Pedestrian", "Type of Crash": "Hit from Side", "Cause of Crash": "Rash and Negligent" }, "geometry": { "type": "Point", "coordinates": [ 77.671361, 12.847279 ] } },
{ "type": "Feature", "properties": { "Unique ID": "189_182/2024", "Year": 2024, "Tag": "Identical", "SL No": 189, "Traffic ps": "Ecity", "Cr no": "182/2024", "Latitude": 12.847279, "Longitude": 77.671361, "Location of Black spot": "Electronic city Phase-1 EC-1", "Date (DD/MM/YYYY)": "02/11/2024", "Time ( in 24 hours)": "10:20:00", "Fatal": null, "GI": 1, "MI": null, "Severity": "Non-Fatal", "Crash Category": "Vehicle-Vehicle", "Accused": "Lorry", "Victim": "2W", "Vehicles Involved": "Lorry and 2W", "Type of Crash": "Head-On", "Cause of Crash": "Rash and Negligent" }, "geometry": { "type": "Point", "coordinates": [ 77.671361, 12.847279 ] } },
{ "type": "Feature", "properties": { "Unique ID": "190_194/2024", "Year": 2024, "Tag": "Identical", "SL No": 190, "Traffic ps": "Ecity", "Cr no": "194/2024", "Latitude": 12.847279, "Longitude": 77.671361, "Location of Black spot": "Electronic city Phase-1 EC-1", "Date (DD/MM/YYYY)": "04/12/2024", "Time ( in 24 hours)": "13:45:00", "Fatal": null, "GI": 1, "MI": null, "Severity": "Non-Fatal", "Crash Category": "Vehicle-Pedestrian", "Accused": "Bus", "Victim": "Pedestrian", "Vehicles Involved": "Bus and Pedestrian", "Type of Crash": "Hit from Side", "Cause of Crash": "Rash and Negligent" }, "geometry": { "type": "Point", "coordinates": [ 77.671361, 12.847279 ] } },
{ "type": "Feature", "properties": { "Unique ID": "193_92/2024", "Year": 2024, "Tag": "Legitimate", "SL No": 193, "Traffic ps": "Talaghattapura", "Cr no": "92/2024", "Latitude": 12.863794, "Longitude": 77.512562, "Location of Black spot": "Nice Road Nagegowdanaplaya Bridge ", "Date (DD/MM/YYYY)": null, "Time ( in 24 hours)": null, "Fatal": null, "GI": 1, "MI": null, "Severity": "Non-Fatal", "Crash Category": "Vehicle-Vehicle", "Accused": "2W", "Victim": "2W", "Vehicles Involved": "2W and 2W", "Type of Crash": "Hit from Back", "Cause of Crash": "Rash and Negligent" }, "geometry": { "type": "Point", "coordinates": [ 77.512562, 12.863794 ] } },
{ "type": "Feature", "properties": { "Unique ID": "194_39/2024", "Year": 2024, "Tag": "Unique", "SL No": 194, "Traffic ps": "Talaghattapura", "Cr no": "39/2024", "Latitude": 12.852696, "Longitude": 77.544643, "Location of Black spot": "Nice road Near Poorvankara bridge ", "Date (DD/MM/YYYY)": null, "Time ( in 24 hours)": null, "Fatal": null, "GI": 1, "MI": null, "Severity": "Non-Fatal", "Crash Category": "Vehicle-Vehicle", "Accused": "Lorry", "Victim": "2W", "Vehicles Involved": "Lorry and 2W", "Type of Crash": "Hit from Back", "Cause of Crash": "Wrong Parking" }, "geometry": { "type": "Point", "coordinates": [ 77.544643, 12.852696 ] } },
{ "type": "Feature", "properties": { "Unique ID": "195_83/2024", "Year": 2024, "Tag": "Unique", "SL No": 195, "Traffic ps": "Talaghattapura", "Cr no": "83/2024", "Latitude": 12.852631, "Longitude": 77.545186, "Location of Black spot": "Nice road Near Poorvankara bridge ", "Date (DD/MM/YYYY)": null, "Time ( in 24 hours)": null, "Fatal": null, "GI": 2, "MI": null, "Severity": "Non-Fatal", "Crash Category": "Vehicle-Vehicle", "Accused": "2W", "Victim": "Car", "Vehicles Involved": "2W and Car", "Type of Crash": "Hit from Back", "Cause of Crash": "Wrong Parking" }, "geometry": { "type": "Point", "coordinates": [ 77.545186, 12.852631 ] } },
{ "type": "Feature", "properties": { "Unique ID": "196_94/2024", "Year": 2024, "Tag": "Legitimate", "SL No": 196, "Traffic ps": "Talaghattapura", "Cr no": "94/2024", "Latitude": 12.854077, "Longitude": 77.539668, "Location of Black spot": "Nice road Near Poorvankara bridge ", "Date (DD/MM/YYYY)": null, "Time ( in 24 hours)": null, "Fatal": null, "GI": 1, "MI": null, "Severity": "Non-Fatal", "Crash Category": "Vehicle-Vehicle", "Accused": "2W", "Victim": "Car", "Vehicles Involved": "2W and Car", "Type of Crash": "Hit from Back", "Cause of Crash": "Rash and Negligent" }, "geometry": { "type": "Point", "coordinates": [ 77.539668, 12.854077 ] } },
{ "type": "Feature", "properties": { "Unique ID": "197_186/2024", "Year": 2024, "Tag": "Unique", "SL No": 197, "Traffic ps": "Talaghattapura", "Cr no": "186/2024", "Latitude": 12.854809, "Longitude": 77.537239, "Location of Black spot": "Nice road Near Poorvankara bridge ", "Date (DD/MM/YYYY)": null, "Time ( in 24 hours)": null, "Fatal": null, "GI": 1, "MI": null, "Severity": "Non-Fatal", "Crash Category": "Vehicle-Vehicle", "Accused": "Car", "Victim": "2W", "Vehicles Involved": "Car and 2W", "Type of Crash": "Hit from Back", "Cause of Crash": "Rash and Negligent" }, "geometry": { "type": "Point", "coordinates": [ 77.537239, 12.854809 ] } },
{ "type": "Feature", "properties": { "Unique ID": "198_122/2024", "Year": 2024, "Tag": "Unique", "SL No": 198, "Traffic ps": "HEBBAL TR P S", "Cr no": "122/2024", "Latitude": 13.043702, "Longitude": 77.599782, "Location of Black spot": "YOGESWARNAGAR CROSS, Ring Road", "Date (DD/MM/YYYY)": "05/08/2024", "Time ( in 24 hours)": "02:00:00", "Fatal": "1", "GI": 1, "MI": null, "Severity": "Fatal", "Crash Category": "Self Accident", "Accused": "Object", "Victim": "2W", "Vehicles Involved": "Object and 2W", "Type of Crash": "Hit Fixed Object", "Cause of Crash": "Rash and Negligent" }, "geometry": { "type": "Point", "coordinates": [ 77.599782, 13.043702 ] } },
{ "type": "Feature", "properties": { "Unique ID": "199_191/2024", "Year": 2024, "Tag": "Unique", "SL No": 199, "Traffic ps": "HEBBAL TR P S", "Cr no": "191/2024", "Latitude": 13.043702, "Longitude": 77.599782, "Location of Black spot": "YOGESWARNAGAR CROSS, Ring Road", "Date (DD/MM/YYYY)": "29/08/2024", "Time ( in 24 hours)": "03:30:00", "Fatal": null, "GI": 1, "MI": null, "Severity": "Non-Fatal", "Crash Category": "Vehicle-Vehicle", "Accused": "2W", "Victim": "Lorry", "Vehicles Involved": "2W and Lorry", "Type of Crash": "Hit from Back", "Cause of Crash": "Rash and Negligent" }, "geometry": { "type": "Point", "coordinates": [ 77.599782, 13.043702 ] } },
{ "type": "Feature", "properties": { "Unique ID": "200_237/2024", "Year": 2024, "Tag": "Unique", "SL No": 200, "Traffic ps": "HEBBAL TR P S", "Cr no": "237/2024", "Latitude": 13.043702, "Longitude": 77.599782, "Location of Black spot": "YOGESWARNAGAR CROSS, Ring Road", "Date (DD/MM/YYYY)": "14/11/2024", "Time ( in 24 hours)": "10:00:00", "Fatal": null, "GI": 2, "MI": null, "Severity": "Non-Fatal", "Crash Category": "Vehicle-Vehicle", "Accused": "2W", "Victim": "Bus", "Vehicles Involved": "2W and Bus", "Type of Crash": "Hit from Back", "Cause of Crash": "Rash and Negligent" }, "geometry": { "type": "Point", "coordinates": [ 77.599782, 13.043702 ] } },
{ "type": "Feature", "properties": { "Unique ID": "201_004-2024", "Year": 2024, "Tag": "Unique", "SL No": 201, "Traffic ps": "HEBBAL TR P S", "Cr no": "004-2024", "Latitude": 13.047144, "Longitude": 77.570058, "Location of Black spot": "DEVINGAR CROSS, Ring Road", "Date (DD/MM/YYYY)": "01/01/2024", "Time ( in 24 hours)": "14:00:00", "Fatal": "1", "GI": null, "MI": null, "Severity": "Fatal", "Crash Category": "Vehicle-Vehicle", "Accused": "2W", "Victim": "Bus", "Vehicles Involved": "2W and Bus", "Type of Crash": "Hit from Back", "Cause of Crash": "Rash and Negligent" }, "geometry": { "type": "Point", "coordinates": [ 77.570058, 13.047144 ] } },
{ "type": "Feature", "properties": { "Unique ID": "202_008-2024", "Year": 2024, "Tag": "Unique", "SL No": 202, "Traffic ps": "HEBBAL TR P S", "Cr no": "008-2024", "Latitude": 13.047144, "Longitude": 77.570058, "Location of Black spot": "DEVINGAR CROSS, Ring Road", "Date (DD/MM/YYYY)": "04/02/2024", "Time ( in 24 hours)": "09:30:00", "Fatal": null, "GI": 1, "MI": null, "Severity": "Non-Fatal", "Crash Category": "Vehicle-Vehicle", "Accused": "2W", "Victim": "Bus", "Vehicles Involved": "2W and Bus", "Type of Crash": "Hit from Back", "Cause of Crash": "Rash and Negligent" }, "geometry": { "type": "Point", "coordinates": [ 77.570058, 13.047144 ] } },
{ "type": "Feature", "properties": { "Unique ID": "203_119/2024", "Year": 2024, "Tag": "Unique", "SL No": 203, "Traffic ps": "Yelahanka Tr Ps", "Cr no": "119/2024", "Latitude": 13.077224, "Longitude": 77.593042, "Location of Black spot": "Jakkuru Aero Drom On Flyover, BB Road", "Date (DD/MM/YYYY)": "20/03/2024", "Time ( in 24 hours)": "16:45:00", "Fatal": null, "GI": 1, "MI": null, "Severity": "Non-Fatal", "Crash Category": "Vehicle-Vehicle", "Accused": "Vehicle", "Victim": "2W", "Vehicles Involved": "Vehicle and 2W", "Type of Crash": "Hit from Back", "Cause of Crash": "Rash and Negligent" }, "geometry": { "type": "Point", "coordinates": [ 77.593042, 13.077224 ] } },
{ "type": "Feature", "properties": { "Unique ID": "204_54/2024", "Year": 2024, "Tag": "Unique", "SL No": 204, "Traffic ps": "Yelahanka Tr Ps", "Cr no": "54/2024", "Latitude": 13.095146, "Longitude": 77.597519, "Location of Black spot": "Coffe Day Yelahanka, BB Road", "Date (DD/MM/YYYY)": "15/02/2024", "Time ( in 24 hours)": "07:10:00", "Fatal": "1", "GI": 2, "MI": null, "Severity": "Fatal", "Crash Category": "Vehicle-Vehicle", "Accused": "Lorry", "Victim": "3W", "Vehicles Involved": "Lorry and 3W", "Type of Crash": "Head-On", "Cause of Crash": "Rash and Negligent" }, "geometry": { "type": "Point", "coordinates": [ 77.597519, 13.095146 ] } },
{ "type": "Feature", "properties": { "Unique ID": "205_351/2024", "Year": 2024, "Tag": "Unique", "SL No": 205, "Traffic ps": "Yelahanka Tr Ps", "Cr no": "351/2024", "Latitude": 13.951, "Longitude": 77.59763, "Location of Black spot": "Coffe Day Yelahanka, BB Road", "Date (DD/MM/YYYY)": "21/11/2024", "Time ( in 24 hours)": "07:10:00", "Fatal": "1", "GI": null, "MI": null, "Severity": "Fatal", "Crash Category": "Vehicle-Pedestrian", "Accused": "Car", "Victim": "Pedestrian", "Vehicles Involved": "Car and Pedestrian", "Type of Crash": "Hit from Side", "Cause of Crash": "Rash and Negligent" }, "geometry": { "type": "Point", "coordinates": [ 77.59763, 13.951 ] } },
{ "type": "Feature", "properties": { "Unique ID": "206_227/2024", "Year": 2024, "Tag": "Legitimate", "SL No": 206, "Traffic ps": "Yelahanka Tr Ps", "Cr no": "227/2024", "Latitude": 13.094657, "Longitude": 77.597289, "Location of Black spot": "Coffe Day Yelahanka, BB Road", "Date (DD/MM/YYYY)": "11/07/2024", "Time ( in 24 hours)": "15:30:00", "Fatal": null, "GI": 1, "MI": null, "Severity": "Non-Fatal", "Crash Category": "Vehicle-Pedestrian", "Accused": "Car", "Victim": "Pedestrian", "Vehicles Involved": "Car and Pedestrian", "Type of Crash": "Hit from Side", "Cause of Crash": "Rash and Negligent" }, "geometry": { "type": "Point", "coordinates": [ 77.597289, 13.094657 ] } },
{ "type": "Feature", "properties": { "Unique ID": "207_142/2024", "Year": 2024, "Tag": "Legitimate", "SL No": 207, "Traffic ps": "Yelahanka Tr Ps", "Cr no": "142/2024", "Latitude": 13.095146, "Longitude": 77.597519, "Location of Black spot": "Palanahalli Gate, BB Road", "Date (DD/MM/YYYY)": "14/04/2024", "Time ( in 24 hours)": "23:50:00", "Fatal": "1", "GI": null, "MI": null, "Severity": "Fatal", "Crash Category": "Vehicle-Pedestrian", "Accused": "Lorry", "Victim": "Pedestrian", "Vehicles Involved": "Lorry and Pedestrian", "Type of Crash": "Hit from Side", "Cause of Crash": "Rash and Negligent" }, "geometry": { "type": "Point", "coordinates": [ 77.597519, 13.095146 ] } },
{ "type": "Feature", "properties": { "Unique ID": "208_223/2024", "Year": 2024, "Tag": "Unique", "SL No": 208, "Traffic ps": "Yelahanka Tr Ps", "Cr no": "223/2024", "Latitude": 13.951, "Longitude": 77.59763, "Location of Black spot": "Palanahalli Gate, BB Road", "Date (DD/MM/YYYY)": "08/07/2024", "Time ( in 24 hours)": "23:45:00", "Fatal": "1", "GI": null, "MI": null, "Severity": "Fatal", "Crash Category": "Vehicle-Vehicle", "Accused": "2W", "Victim": "Lorry", "Vehicles Involved": "2W and Lorry", "Type of Crash": "Hit from Back", "Cause of Crash": "Wrong Parking" }, "geometry": { "type": "Point", "coordinates": [ 77.59763, 13.951 ] } },
{ "type": "Feature", "properties": { "Unique ID": "209_315/2024", "Year": 2024, "Tag": "Unique", "SL No": 209, "Traffic ps": "Yelahanka Tr Ps", "Cr no": "315/2024", "Latitude": 13.094657, "Longitude": 77.597289, "Location of Black spot": "Palanahalli Gate, BB Road", "Date (DD/MM/YYYY)": "08/10/2024", "Time ( in 24 hours)": "09:30:00", "Fatal": "1", "GI": null, "MI": 1, "Severity": "Fatal", "Crash Category": "Self Accident", "Accused": "Object", "Victim": "2W", "Vehicles Involved": "Object and 2W", "Type of Crash": "Hit Fixed Object", "Cause of Crash": "Rash and Negligent" }, "geometry": { "type": "Point", "coordinates": [ 77.597289, 13.094657 ] } },
{ "type": "Feature", "properties": { "Unique ID": "210_373/2024", "Year": 2024, "Tag": "Unique", "SL No": 210, "Traffic ps": "Yelahanka Tr Ps", "Cr no": "373/2024", "Latitude": 13.093306, "Longitude": 77.597167, "Location of Black spot": "Palanahalli Gate, BB Road", "Date (DD/MM/YYYY)": "08/12/2024", "Time ( in 24 hours)": "12:30:00", "Fatal": "1", "GI": 1, "MI": null, "Severity": "Fatal", "Crash Category": "Self Accident", "Accused": "Object", "Victim": "2W", "Vehicles Involved": "Object and 2W", "Type of Crash": "Hit Fixed Object", "Cause of Crash": "Rash and Negligent" }, "geometry": { "type": "Point", "coordinates": [ 77.597167, 13.093306 ] } },
{ "type": "Feature", "properties": { "Unique ID": "211_168/2024", "Year": 2024, "Tag": "Unique", "SL No": 211, "Traffic ps": "Yelahanka Tr Ps", "Cr no": "168/2024", "Latitude": 13.118013, "Longitude": 77.608573, "Location of Black spot": "Palanahalli Gate, BB Road", "Date (DD/MM/YYYY)": "12/05/2024", "Time ( in 24 hours)": "06:35:00", "Fatal": null, "GI": 1, "MI": null, "Severity": "Non-Fatal", "Crash Category": "Vehicle-Vehicle", "Accused": "Car", "Victim": "2W", "Vehicles Involved": "Car and 2W", "Type of Crash": "Hit from Side", "Cause of Crash": "Rash and Negligent" }, "geometry": { "type": "Point", "coordinates": [ 77.608573, 13.118013 ] } },
{ "type": "Feature", "properties": { "Unique ID": "212_179/2024", "Year": 2024, "Tag": "Unique", "SL No": 212, "Traffic ps": "Yelahanka Tr Ps", "Cr no": "179/2024", "Latitude": 13.133655, "Longitude": 77.615585, "Location of Black spot": "IAF Gate, BB Road", "Date (DD/MM/YYYY)": "24/05/2024", "Time ( in 24 hours)": "11:20:00", "Fatal": "1", "GI": null, "MI": null, "Severity": "Fatal", "Crash Category": "Vehicle-Pedestrian", "Accused": "Lorry", "Victim": "Pedestrian", "Vehicles Involved": "Lorry and Pedestrian", "Type of Crash": "Hit from Side", "Cause of Crash": "Rash and Negligent" }, "geometry": { "type": "Point", "coordinates": [ 77.615585, 13.133655 ] } },
{ "type": "Feature", "properties": { "Unique ID": "213_73/2024", "Year": 2024, "Tag": "Legitimate", "SL No": 213, "Traffic ps": "CHIKKAJALA TR P S", "Cr no": "73/2024", "Latitude": 13.144465, "Longitude": 77.61758, "Location of Black spot": "Hunasamaranahalli BB Road", "Date (DD/MM/YYYY)": "06/08/2024", "Time ( in 24 hours)": "01:30:00", "Fatal": "1", "GI": 1, "MI": null, "Severity": "Fatal", "Crash Category": "Vehicle-Vehicle", "Accused": "Lorry", "Victim": "2W", "Vehicles Involved": "Lorry and 2W", "Type of Crash": "Hit from Back", "Cause of Crash": "Rash and Negligent" }, "geometry": { "type": "Point", "coordinates": [ 77.61758, 13.144465 ] } },
{ "type": "Feature", "properties": { "Unique ID": "214_87/2024", "Year": 2024, "Tag": "Legitimate", "SL No": 214, "Traffic ps": "CHIKKAJALA TR P S", "Cr no": "87/2024", "Latitude": 13.144465, "Longitude": 77.61758, "Location of Black spot": "Hunasamaranahalli BB Road", "Date (DD/MM/YYYY)": "28/08/2024", "Time ( in 24 hours)": "03:00:00", "Fatal": "1", "GI": null, "MI": null, "Severity": "Fatal", "Crash Category": "Vehicle-Vehicle", "Accused": "Lorry", "Victim": "2W", "Vehicles Involved": "Lorry and 2W", "Type of Crash": "Hit from Back", "Cause of Crash": "Rash and Negligent" }, "geometry": { "type": "Point", "coordinates": [ 77.61758, 13.144465 ] } },
{ "type": "Feature", "properties": { "Unique ID": "215_05/2024", "Year": 2024, "Tag": "Legitimate", "SL No": 215, "Traffic ps": "CHIKKAJALA TR P S", "Cr no": "05/2024", "Latitude": 13.144465, "Longitude": 77.61758, "Location of Black spot": "Hunasamaranahalli BB Road", "Date (DD/MM/YYYY)": "05/02/2024", "Time ( in 24 hours)": "20:50:00", "Fatal": null, "GI": 1, "MI": null, "Severity": "Non-Fatal", "Crash Category": "Vehicle-Vehicle", "Accused": "Bus", "Victim": "2W", "Vehicles Involved": "Bus and 2W", "Type of Crash": "Head-On", "Cause of Crash": "Rash and Negligent" }, "geometry": { "type": "Point", "coordinates": [ 77.61758, 13.144465 ] } },
{ "type": "Feature", "properties": { "Unique ID": "216_12/2024", "Year": 2024, "Tag": "Unique", "SL No": 216, "Traffic ps": "CHIKKAJALA TR P S", "Cr no": "12/2024", "Latitude": 13.144465, "Longitude": 77.61758, "Location of Black spot": "Hunasamaranahalli BB Road", "Date (DD/MM/YYYY)": "19/02/2024", "Time ( in 24 hours)": "19:15:00", "Fatal": null, "GI": 1, "MI": null, "Severity": "Non-Fatal", "Crash Category": "Vehicle-Vehicle", "Accused": "Self", "Victim": "2W", "Vehicles Involved": "Self and 2W", "Type of Crash": "Skidding", "Cause of Crash": "Rash and Negligent" }, "geometry": { "type": "Point", "coordinates": [ 77.61758, 13.144465 ] } },
{ "type": "Feature", "properties": { "Unique ID": "217_68/2024", "Year": 2024, "Tag": "Unique", "SL No": 217, "Traffic ps": "CHIKKAJALA TR P S", "Cr no": "68/2024", "Latitude": 13.144465, "Longitude": 77.61758, "Location of Black spot": "Hunasamaranahalli BB Road", "Date (DD/MM/YYYY)": "29/07/2024", "Time ( in 24 hours)": "07:00:00", "Fatal": null, "GI": 1, "MI": null, "Severity": "Non-Fatal", "Crash Category": "Vehicle-Vehicle", "Accused": "Car", "Victim": "2W", "Vehicles Involved": "Car and 2W", "Type of Crash": "Hit from Back", "Cause of Crash": "Rash and Negligent" }, "geometry": { "type": "Point", "coordinates": [ 77.61758, 13.144465 ] } },
{ "type": "Feature", "properties": { "Unique ID": "218_71/2024", "Year": 2024, "Tag": "Legitimate", "SL No": 218, "Traffic ps": "CHIKKAJALA TR P S", "Cr no": "71/2024", "Latitude": 13.144465, "Longitude": 77.61758, "Location of Black spot": "Hunasamaranahalli BB Road", "Date (DD/MM/YYYY)": "13/08/2024", "Time ( in 24 hours)": "13:45:00", "Fatal": null, "GI": 1, "MI": null, "Severity": "Non-Fatal", "Crash Category": "Vehicle-Vehicle", "Accused": "Lorry", "Victim": "2W", "Vehicles Involved": "Lorry and 2W", "Type of Crash": "Hit from Back", "Cause of Crash": "Rash and Negligent" }, "geometry": { "type": "Point", "coordinates": [ 77.61758, 13.144465 ] } },
{ "type": "Feature", "properties": { "Unique ID": "219_63/2024", "Year": 2024, "Tag": "Legitimate", "SL No": 219, "Traffic ps": "CHIKKAJALA TR P S", "Cr no": "63/2024", "Latitude": 13.151895, "Longitude": 77.620317, "Location of Black spot": "MVIT Cross BB Road", "Date (DD/MM/YYYY)": "16/07/2024", "Time ( in 24 hours)": "09:30:00", "Fatal": "1", "GI": 1, "MI": null, "Severity": "Fatal", "Crash Category": "Vehicle-Pedestrian", "Accused": "2W", "Victim": "Pedestrian", "Vehicles Involved": "2W and Pedestrian", "Type of Crash": "Hit Pedestrian", "Cause of Crash": "Rash and Negligent" }, "geometry": { "type": "Point", "coordinates": [ 77.620317, 13.151895 ] } },
{ "type": "Feature", "properties": { "Unique ID": "220_45/2024", "Year": 2024, "Tag": "Legitimate", "SL No": 220, "Traffic ps": "CHIKKAJALA TR P S", "Cr no": "45/2024", "Latitude": 13.151895, "Longitude": 77.620317, "Location of Black spot": "MVIT Cross BB Road", "Date (DD/MM/YYYY)": "13/05/2024", "Time ( in 24 hours)": "03:50:00", "Fatal": null, "GI": 2, "MI": null, "Severity": "Non-Fatal", "Crash Category": "Vehicle-Pedestrian", "Accused": "2W", "Victim": "Pedestrian", "Vehicles Involved": "2W and Pedestrian", "Type of Crash": "Hit Pedestrian", "Cause of Crash": "Rash and Negligent" }, "geometry": { "type": "Point", "coordinates": [ 77.620317, 13.151895 ] } },
{ "type": "Feature", "properties": { "Unique ID": "221_70/2024", "Year": 2024, "Tag": "Legitimate", "SL No": 221, "Traffic ps": "CHIKKAJALA TR P S", "Cr no": "70/2024", "Latitude": 13.151895, "Longitude": 77.620317, "Location of Black spot": "MVIT Cross BB Road", "Date (DD/MM/YYYY)": "03/08/2024", "Time ( in 24 hours)": "10:30:00", "Fatal": null, "GI": 1, "MI": null, "Severity": "Non-Fatal", "Crash Category": "Vehicle-Pedestrian", "Accused": "2W", "Victim": "Pedestrian", "Vehicles Involved": "2W and Pedestrian", "Type of Crash": "Hit Pedestrian", "Cause of Crash": "Rash and Negligent" }, "geometry": { "type": "Point", "coordinates": [ 77.620317, 13.151895 ] } },
{ "type": "Feature", "properties": { "Unique ID": "222_90/2024", "Year": 2024, "Tag": "Legitimate", "SL No": 222, "Traffic ps": "CHIKKAJALA TR P S", "Cr no": "90/2024", "Latitude": 13.151895, "Longitude": 77.620317, "Location of Black spot": "MVIT Cross BB Road", "Date (DD/MM/YYYY)": "31/08/2024", "Time ( in 24 hours)": "13:35:00", "Fatal": null, "GI": 1, "MI": null, "Severity": "Non-Fatal", "Crash Category": "Vehicle-Pedestrian", "Accused": "Car", "Victim": "Pedestrian", "Vehicles Involved": "Car and Pedestrian", "Type of Crash": "Hit Pedestrian", "Cause of Crash": "Rash and Negligent" }, "geometry": { "type": "Point", "coordinates": [ 77.620317, 13.151895 ] } },
{ "type": "Feature", "properties": { "Unique ID": "223_04/2024", "Year": 2024, "Tag": "Unique", "SL No": 223, "Traffic ps": "CHIKKAJALA TR P S", "Cr no": "04/2024", "Latitude": 13.15677, "Longitude": 77.62339, "Location of Black spot": "Bettahalsoor BB Road", "Date (DD/MM/YYYY)": "02/02/2024", "Time ( in 24 hours)": "21:20:00", "Fatal": "1", "GI": null, "MI": null, "Severity": "Fatal", "Crash Category": "Vehicle-Pedestrian", "Accused": "Vehicle", "Victim": "Pedestrian", "Vehicles Involved": "Vehicle and Pedestrian", "Type of Crash": "Hit Pedestrian", "Cause of Crash": "Rash and Negligent" }, "geometry": { "type": "Point", "coordinates": [ 77.62339, 13.15677 ] } },
{ "type": "Feature", "properties": { "Unique ID": "224_11/2024", "Year": 2024, "Tag": "Legitimate", "SL No": 224, "Traffic ps": "CHIKKAJALA TR P S", "Cr no": "11/2024", "Latitude": 13.15677, "Longitude": 77.62339, "Location of Black spot": "Bettahalsoor BB Road", "Date (DD/MM/YYYY)": "17/02/2024", "Time ( in 24 hours)": "19:50:00", "Fatal": null, "GI": 1, "MI": null, "Severity": "Non-Fatal", "Crash Category": "Vehicle-Pedestrian", "Accused": "Car", "Victim": "Pedestrian", "Vehicles Involved": "Car and Pedestrian", "Type of Crash": "Hit Pedestrian", "Cause of Crash": "Rash and Negligent" }, "geometry": { "type": "Point", "coordinates": [ 77.62339, 13.15677 ] } },
{ "type": "Feature", "properties": { "Unique ID": "225_27/2024", "Year": 2024, "Tag": "Legitimate", "SL No": 225, "Traffic ps": "CHIKKAJALA TR P S", "Cr no": "27/2024", "Latitude": 13.15677, "Longitude": 77.62339, "Location of Black spot": "Bettahalsoor BB Road", "Date (DD/MM/YYYY)": "21/03/2024", "Time ( in 24 hours)": "12:05:00", "Fatal": null, "GI": 1, "MI": null, "Severity": "Non-Fatal", "Crash Category": "Vehicle-Vehicle", "Accused": "2W", "Victim": "2W", "Vehicles Involved": "2W and 2W", "Type of Crash": "Head-On", "Cause of Crash": "Rash and Negligent" }, "geometry": { "type": "Point", "coordinates": [ 77.62339, 13.15677 ] } },
{ "type": "Feature", "properties": { "Unique ID": "226_02/2024", "Year": 2024, "Tag": "Unique", "SL No": 226, "Traffic ps": "CHIKKAJALA TR P S", "Cr no": "02/2024", "Latitude": 13.19008, "Longitude": 77.64552, "Location of Black spot": "Meenukunte Hosur BB Road", "Date (DD/MM/YYYY)": "29/01/2024", "Time ( in 24 hours)": "11:10:00", "Fatal": "1", "GI": null, "MI": null, "Severity": "Fatal", "Crash Category": "Vehicle-Pedestrian", "Accused": "Vehicle", "Victim": "Pedestrian", "Vehicles Involved": "Vehicle and Pedestrian", "Type of Crash": "Hit Pedestrian", "Cause of Crash": "Rash and Negligent" }, "geometry": { "type": "Point", "coordinates": [ 77.64552, 13.19008 ] } },
{ "type": "Feature", "properties": { "Unique ID": "227_17/2024", "Year": 2024, "Tag": "Unique", "SL No": 227, "Traffic ps": "CHIKKAJALA TR P S", "Cr no": "17/2024", "Latitude": 13.19008, "Longitude": 77.64552, "Location of Black spot": "Meenukunte Hosur BB Road", "Date (DD/MM/YYYY)": "28/02/2024", "Time ( in 24 hours)": "06:00:00", "Fatal": "1", "GI": 1, "MI": null, "Severity": "Fatal", "Crash Category": "Vehicle-Pedestrian", "Accused": "Car", "Victim": "Pedestrian", "Vehicles Involved": "Car and Pedestrian", "Type of Crash": "Hit Pedestrian", "Cause of Crash": "Rash and Negligent" }, "geometry": { "type": "Point", "coordinates": [ 77.64552, 13.19008 ] } },
{ "type": "Feature", "properties": { "Unique ID": "228_61/2024", "Year": 2024, "Tag": "Legitimate", "SL No": 228, "Traffic ps": "CHIKKAJALA TR P S", "Cr no": "61/2024", "Latitude": 13.19008, "Longitude": 77.64552, "Location of Black spot": "Meenukunte Hosur BB Road", "Date (DD/MM/YYYY)": "07/07/2024", "Time ( in 24 hours)": "09:20:00", "Fatal": "1", "GI": null, "MI": null, "Severity": "Fatal", "Crash Category": "Vehicle-Pedestrian", "Accused": "Car", "Victim": "Pedestrian", "Vehicles Involved": "Car and Pedestrian", "Type of Crash": "Hit Pedestrian", "Cause of Crash": "Rash and Negligent" }, "geometry": { "type": "Point", "coordinates": [ 77.64552, 13.19008 ] } },
{ "type": "Feature", "properties": { "Unique ID": "229_28/2024", "Year": 2024, "Tag": "Legitimate", "SL No": 229, "Traffic ps": "CHIKKAJALA TR P S", "Cr no": "28/2024", "Latitude": 13.19008, "Longitude": 77.64552, "Location of Black spot": "Meenukunte Hosur BB Road", "Date (DD/MM/YYYY)": "24/03/2024", "Time ( in 24 hours)": "21:30:00", "Fatal": "1", "GI": null, "MI": null, "Severity": "Fatal", "Crash Category": "Vehicle-Vehicle", "Accused": "Object", "Victim": "Lorry", "Vehicles Involved": "Object and Lorry", "Type of Crash": "Hit Fixed Object", "Cause of Crash": "Rash and Negligent" }, "geometry": { "type": "Point", "coordinates": [ 77.64552, 13.19008 ] } },
{ "type": "Feature", "properties": { "Unique ID": "230_06/2024", "Year": 2024, "Tag": "Unique", "SL No": 230, "Traffic ps": "CHIKKAJALA TR P S", "Cr no": "06/2024", "Latitude": 13.19008, "Longitude": 77.64552, "Location of Black spot": "Meenukunte Hosur BB Road", "Date (DD/MM/YYYY)": "05/02/2024", "Time ( in 24 hours)": "11:45:00", "Fatal": null, "GI": 1, "MI": null, "Severity": "Non-Fatal", "Crash Category": "Vehicle-Vehicle", "Accused": "Car", "Victim": "2W", "Vehicles Involved": "Car and 2W", "Type of Crash": "Head-On", "Cause of Crash": "Rash and Negligent" }, "geometry": { "type": "Point", "coordinates": [ 77.64552, 13.19008 ] } },
{ "type": "Feature", "properties": { "Unique ID": "231_26/2024", "Year": 2024, "Tag": "Legitimate", "SL No": 231, "Traffic ps": "CHIKKAJALA TR P S", "Cr no": "26/2024", "Latitude": 13.19008, "Longitude": 77.64552, "Location of Black spot": "Meenukunte Hosur BB Road", "Date (DD/MM/YYYY)": "22/03/2024", "Time ( in 24 hours)": "20:40:00", "Fatal": null, "GI": 1, "MI": null, "Severity": "Non-Fatal", "Crash Category": "Vehicle-Pedestrian", "Accused": "Car", "Victim": "Pedestrian", "Vehicles Involved": "Car and Pedestrian", "Type of Crash": "Hit Pedestrian", "Cause of Crash": "Rash and Negligent" }, "geometry": { "type": "Point", "coordinates": [ 77.64552, 13.19008 ] } },
{ "type": "Feature", "properties": { "Unique ID": "232_101/2024", "Year": 2024, "Tag": "Legitimate", "SL No": 232, "Traffic ps": "CHIKKAJALA TR P S", "Cr no": "101/2024", "Latitude": 13.19008, "Longitude": 77.64552, "Location of Black spot": "Meenukunte Hosur BB Road", "Date (DD/MM/YYYY)": "12/09/2024", "Time ( in 24 hours)": "21:00:00", "Fatal": null, "GI": 1, "MI": null, "Severity": "Non-Fatal", "Crash Category": "Vehicle-Pedestrian", "Accused": "2W", "Victim": "Pedestrian", "Vehicles Involved": "2W and Pedestrian", "Type of Crash": "Hit Pedestrian", "Cause of Crash": "Rash and Negligent" }, "geometry": { "type": "Point", "coordinates": [ 77.64552, 13.19008 ] } },
{ "type": "Feature", "properties": { "Unique ID": "233_111/2024", "Year": 2024, "Tag": "Unique", "SL No": 233, "Traffic ps": "CHIKKAJALA TR P S", "Cr no": "111/2024", "Latitude": 13.19008, "Longitude": 77.64552, "Location of Black spot": "Meenukunte Hosur BB Road", "Date (DD/MM/YYYY)": "21/10/2024", "Time ( in 24 hours)": "18:20:00", "Fatal": null, "GI": 2, "MI": null, "Severity": "Non-Fatal", "Crash Category": "Vehicle-Pedestrian", "Accused": "2W", "Victim": "Pedestrian", "Vehicles Involved": "2W and Pedestrian", "Type of Crash": "Hit Pedestrian", "Cause of Crash": "Rash and Negligent" }, "geometry": { "type": "Point", "coordinates": [ 77.64552, 13.19008 ] } },
{ "type": "Feature", "properties": { "Unique ID": "234_86/2024", "Year": 2024, "Tag": "Legitimate", "SL No": 234, "Traffic ps": "CHIKKAJALA TR P S", "Cr no": "86/2024", "Latitude": 13.19076, "Longitude": 77.646116, "Location of Black spot": "Sadahalli Gate, BB Road", "Date (DD/MM/YYYY)": "26/08/2024", "Time ( in 24 hours)": "17:40:00", "Fatal": null, "GI": 1, "MI": null, "Severity": "Non-Fatal", "Crash Category": "Vehicle-Pedestrian", "Accused": "Canter", "Victim": "Pedestrian", "Vehicles Involved": "Canter and Pedestrian", "Type of Crash": "Hit Pedestrian", "Cause of Crash": "Rash and Negligent" }, "geometry": { "type": "Point", "coordinates": [ 77.646116, 13.19076 ] } },
{ "type": "Feature", "properties": { "Unique ID": "235_92/2024", "Year": 2024, "Tag": "Legitimate", "SL No": 235, "Traffic ps": "CHIKKAJALA TR P S", "Cr no": "92/2024", "Latitude": 13.19076, "Longitude": 77.646116, "Location of Black spot": "Sadahalli Gate, BB Road", "Date (DD/MM/YYYY)": "02/09/2024", "Time ( in 24 hours)": "22:10:00", "Fatal": null, "GI": 3, "MI": null, "Severity": "Non-Fatal", "Crash Category": "Vehicle-Vehicle", "Accused": "Car", "Victim": "2W", "Vehicles Involved": "Car and 2W", "Type of Crash": "Head-On", "Cause of Crash": "Rash and Negligent" }, "geometry": { "type": "Point", "coordinates": [ 77.646116, 13.19076 ] } },
{ "type": "Feature", "properties": { "Unique ID": "236_001/2024", "Year": 2024, "Tag": "Unique", "SL No": 236, "Traffic ps": "Devnahalli Tr PS", "Cr no": "001/2024", "Latitude": 12.948552, "Longitude": 77.745793, "Location of Black spot": "Kannamangala Palya gate, BB road", "Date (DD/MM/YYYY)": "01/01/2024", "Time ( in 24 hours)": "06:00:00", "Fatal": null, "GI": 2, "MI": null, "Severity": "Non-Fatal", "Crash Category": "Vehicle-Vehicle", "Accused": "Car", "Victim": "2W", "Vehicles Involved": "Car and 2W", "Type of Crash": "Hit from Back", "Cause of Crash": "Rash and Negligent" }, "geometry": { "type": "Point", "coordinates": [ 77.745793, 12.948552 ] } },
{ "type": "Feature", "properties": { "Unique ID": "237_44/2024", "Year": 2024, "Tag": "Legitimate", "SL No": 237, "Traffic ps": "Devnahalli Tr PS", "Cr no": "44/2024", "Latitude": 12.948552, "Longitude": 77.745793, "Location of Black spot": "Kannamangala Palya gate, BB road", "Date (DD/MM/YYYY)": "23/02/2024", "Time ( in 24 hours)": "10:50:00", "Fatal": null, "GI": 1, "MI": null, "Severity": "Non-Fatal", "Crash Category": "Vehicle-Vehicle", "Accused": "Car", "Victim": "2W", "Vehicles Involved": "Car and 2W", "Type of Crash": "Hit from Back", "Cause of Crash": "Rash and Negligent" }, "geometry": { "type": "Point", "coordinates": [ 77.745793, 12.948552 ] } },
{ "type": "Feature", "properties": { "Unique ID": "238_71/2024", "Year": 2024, "Tag": "Legitimate", "SL No": 238, "Traffic ps": "Devnahalli Tr PS", "Cr no": "71/2024", "Latitude": 12.948552, "Longitude": 77.745793, "Location of Black spot": "Kannamangala Palya gate, BB road", "Date (DD/MM/YYYY)": "19/03/2024", "Time ( in 24 hours)": "21:00:00", "Fatal": null, "GI": 1, "MI": null, "Severity": "Non-Fatal", "Crash Category": "Vehicle-Pedestrian", "Accused": "2W", "Victim": "Pedestrian", "Vehicles Involved": "2W and Pedestrian", "Type of Crash": "Hit from Side", "Cause of Crash": "Rash and Negligent" }, "geometry": { "type": "Point", "coordinates": [ 77.745793, 12.948552 ] } },
{ "type": "Feature", "properties": { "Unique ID": "239_86/2024", "Year": 2024, "Tag": "Legitimate", "SL No": 239, "Traffic ps": "Devnahalli Tr PS", "Cr no": "86/2024", "Latitude": 12.948552, "Longitude": 77.745793, "Location of Black spot": "Kannamangala Palya gate, BB road", "Date (DD/MM/YYYY)": "15/04/2024", "Time ( in 24 hours)": "19:29:00", "Fatal": null, "GI": 4, "MI": null, "Severity": "Non-Fatal", "Crash Category": "Vehicle-Vehicle", "Accused": "Car", "Victim": "Car", "Vehicles Involved": "Car and Car", "Type of Crash": "Hit from Side", "Cause of Crash": "Rash and Negligent" }, "geometry": { "type": "Point", "coordinates": [ 77.745793, 12.948552 ] } },
{ "type": "Feature", "properties": { "Unique ID": "240_101/2024", "Year": 2024, "Tag": "Legitimate", "SL No": 240, "Traffic ps": "Devnahalli Tr PS", "Cr no": "101/2024", "Latitude": 12.948552, "Longitude": 77.745793, "Location of Black spot": "Kannamangala Palya gate, BB road", "Date (DD/MM/YYYY)": "18/05/2024", "Time ( in 24 hours)": "09:36:00", "Fatal": null, "GI": 3, "MI": null, "Severity": "Non-Fatal", "Crash Category": "Vehicle-Vehicle", "Accused": "Car", "Victim": "Lorry", "Vehicles Involved": "Car and Lorry", "Type of Crash": "Hit from Back", "Cause of Crash": "Rash and Negligent" }, "geometry": { "type": "Point", "coordinates": [ 77.745793, 12.948552 ] } },
{ "type": "Feature", "properties": { "Unique ID": "241_133/2024", "Year": 2024, "Tag": "Legitimate", "SL No": 241, "Traffic ps": "Devnahalli Tr PS", "Cr no": "133/2024", "Latitude": 12.948552, "Longitude": 77.745793, "Location of Black spot": "Kannamangala Palya gate, BB road", "Date (DD/MM/YYYY)": "28/06/2024", "Time ( in 24 hours)": "08:50:00", "Fatal": "1", "GI": 1, "MI": null, "Severity": "Fatal", "Crash Category": "Vehicle-Vehicle", "Accused": "2W", "Victim": "2W", "Vehicles Involved": "2W and 2W", "Type of Crash": "Hit from Side", "Cause of Crash": "Rash and Negligent" }, "geometry": { "type": "Point", "coordinates": [ 77.745793, 12.948552 ] } },
{ "type": "Feature", "properties": { "Unique ID": "242_209/2024", "Year": 2024, "Tag": "Unique", "SL No": 242, "Traffic ps": "Devnahalli Tr PS", "Cr no": "209/2024", "Latitude": 12.948552, "Longitude": 77.745793, "Location of Black spot": "Kannamangala Palya gate, BB road", "Date (DD/MM/YYYY)": "06/10/2024", "Time ( in 24 hours)": "03:45:00", "Fatal": null, "GI": 1, "MI": null, "Severity": "Non-Fatal", "Crash Category": "Vehicle-Vehicle", "Accused": "Bus", "Victim": "Lorry", "Vehicles Involved": "Bus and Lorry", "Type of Crash": "Hit from Side", "Cause of Crash": "Rash and Negligent" }, "geometry": { "type": "Point", "coordinates": [ 77.745793, 12.948552 ] } },
{ "type": "Feature", "properties": { "Unique ID": "243_225/2024", "Year": 2024, "Tag": "Unique", "SL No": 243, "Traffic ps": "Devnahalli Tr PS", "Cr no": "225/2024", "Latitude": 12.948552, "Longitude": 77.745793, "Location of Black spot": "Kannamangala Palya gate, BB road", "Date (DD/MM/YYYY)": "20/10/2024", "Time ( in 24 hours)": "19:20:00", "Fatal": null, "GI": 1, "MI": null, "Severity": "Non-Fatal", "Crash Category": "Vehicle-Pedestrian", "Accused": "2W", "Victim": "Pedestrian", "Vehicles Involved": "2W and Pedestrian", "Type of Crash": "Hit from Side", "Cause of Crash": "Rash and Negligent" }, "geometry": { "type": "Point", "coordinates": [ 77.745793, 12.948552 ] } },
{ "type": "Feature", "properties": { "Unique ID": "244_226/2024", "Year": 2024, "Tag": "Legitimate", "SL No": 244, "Traffic ps": "Devnahalli Tr PS", "Cr no": "226/2024", "Latitude": 12.948552, "Longitude": 77.745793, "Location of Black spot": "Kannamangala Palya gate, BB road", "Date (DD/MM/YYYY)": "30/10/2024", "Time ( in 24 hours)": "07:00:00", "Fatal": "1", "GI": null, "MI": null, "Severity": "Fatal", "Crash Category": "Self Accident", "Accused": "Object", "Victim": "2W", "Vehicles Involved": "Object and 2W", "Type of Crash": "Hit Fixed Object", "Cause of Crash": "Rash and Negligent" }, "geometry": { "type": "Point", "coordinates": [ 77.745793, 12.948552 ] } },
{ "type": "Feature", "properties": { "Unique ID": "245_236/2024", "Year": 2024, "Tag": "Unique", "SL No": 245, "Traffic ps": "Devnahalli Tr PS", "Cr no": "236/2024", "Latitude": 12.948552, "Longitude": 77.745793, "Location of Black spot": "Kannamangala Palya gate, BB road", "Date (DD/MM/YYYY)": "03/11/2024", "Time ( in 24 hours)": "11:00:00", "Fatal": null, "GI": 1, "MI": null, "Severity": "Non-Fatal", "Crash Category": "Vehicle-Vehicle", "Accused": "2W", "Victim": "2W", "Vehicles Involved": "2W and 2W", "Type of Crash": "Hit from Back", "Cause of Crash": "Rash and Negligent" }, "geometry": { "type": "Point", "coordinates": [ 77.745793, 12.948552 ] } },
{ "type": "Feature", "properties": { "Unique ID": "246_252/2024", "Year": 2024, "Tag": "Unique", "SL No": 246, "Traffic ps": "Devnahalli Tr PS", "Cr no": "252/2024", "Latitude": 12.948552, "Longitude": 77.745793, "Location of Black spot": "Kannamangala Palya gate, BB road", "Date (DD/MM/YYYY)": "25/11/2024", "Time ( in 24 hours)": "08:00:00", "Fatal": "1", "GI": null, "MI": null, "Severity": "Fatal", "Crash Category": "Vehicle-Vehicle", "Accused": "Car", "Victim": "2W", "Vehicles Involved": "Car and 2W", "Type of Crash": "Hit from Side", "Cause of Crash": "Rash and Negligent" }, "geometry": { "type": "Point", "coordinates": [ 77.745793, 12.948552 ] } },
{ "type": "Feature", "properties": { "Unique ID": "247_262/2024", "Year": 2024, "Tag": "Unique", "SL No": 247, "Traffic ps": "Devnahalli Tr PS", "Cr no": "262/2024", "Latitude": 12.948552, "Longitude": 77.745793, "Location of Black spot": "Kannamangala Palya gate, BB road", "Date (DD/MM/YYYY)": "13/12/2024", "Time ( in 24 hours)": "12:30:00", "Fatal": "1", "GI": null, "MI": null, "Severity": "Fatal", "Crash Category": "Vehicle-Vehicle", "Accused": "Car", "Victim": "2W", "Vehicles Involved": "Car and 2W", "Type of Crash": "Hit from Side", "Cause of Crash": "Rash and Negligent" }, "geometry": { "type": "Point", "coordinates": [ 77.745793, 12.948552 ] } },
{ "type": "Feature", "properties": { "Unique ID": "248_14/2024", "Year": 2024, "Tag": "Unique", "SL No": 248, "Traffic ps": "Yeshwanthpura Tr", "Cr no": "14/2024", "Latitude": 13.026353, "Longitude": 77.544145, "Location of Black spot": "TUMKUR ROAD (RMC Yard to  MEI Junction)", "Date (DD/MM/YYYY)": "16/02/2024", "Time ( in 24 hours)": "20:40:00", "Fatal": "1", "GI": null, "MI": null, "Severity": "Fatal", "Crash Category": "Vehicle-Vehicle", "Accused": "Lorry", "Victim": "2W", "Vehicles Involved": "Lorry and 2W", "Type of Crash": "Hit from Side", "Cause of Crash": "Rash and Negligent" }, "geometry": { "type": "Point", "coordinates": [ 77.544145, 13.026353 ] } },
{ "type": "Feature", "properties": { "Unique ID": "249_52/2024", "Year": 2024, "Tag": "Legitimate", "SL No": 249, "Traffic ps": "Yeshwanthpura Tr", "Cr no": "52/2024", "Latitude": 13.024831, "Longitude": 77.547396, "Location of Black spot": "TUMKUR ROAD (RMC Yard to  MEI Junction)", "Date (DD/MM/YYYY)": "19/05/2024", "Time ( in 24 hours)": "22:15:00", "Fatal": "1", "GI": null, "MI": null, "Severity": "Fatal", "Crash Category": "Vehicle-Pedestrian", "Accused": "Car", "Victim": "Pedestrian", "Vehicles Involved": "Car and Pedestrian", "Type of Crash": "Hit from Side", "Cause of Crash": "Rash and Negligent" }, "geometry": { "type": "Point", "coordinates": [ 77.547396, 13.024831 ] } },
{ "type": "Feature", "properties": { "Unique ID": "250_23/2024", "Year": 2024, "Tag": "Legitimate", "SL No": 250, "Traffic ps": "PEENYA TR PS", "Cr no": "23/2024", "Latitude": 13.039939, "Longitude": 77.51835, "Location of Black spot": "SM CIRCLE(JALAHALLI CROSS TO CHOKKASANDRA JUNCTION)", "Date (DD/MM/YYYY)": "15/01/2024", "Time ( in 24 hours)": "16:30:00", "Fatal": null, "GI": 1, "MI": null, "Severity": "Non-Fatal", "Crash Category": "Vehicle-Pedestrian", "Accused": "2W", "Victim": "Pedestrian", "Vehicles Involved": "2W and Pedestrian", "Type of Crash": "Hit from Side", "Cause of Crash": "Rash and Negligent" }, "geometry": { "type": "Point", "coordinates": [ 77.51835, 13.039939 ] } },
{ "type": "Feature", "properties": { "Unique ID": "251_36/2024", "Year": 2024, "Tag": "Legitimate", "SL No": 251, "Traffic ps": "PEENYA TR PS", "Cr no": "36/2024", "Latitude": 13.039939, "Longitude": 77.51835, "Location of Black spot": "SM CIRCLE(JALAHALLI CROSS TO CHOKKASANDRA JUNCTION)", "Date (DD/MM/YYYY)": "11/02/2024", "Time ( in 24 hours)": "01:30:00", "Fatal": "1", "GI": null, "MI": null, "Severity": "Fatal", "Crash Category": "Self Accident", "Accused": "2W", "Victim": "Self", "Vehicles Involved": "2W and Self", "Type of Crash": "Skidding", "Cause of Crash": "Rash and Negligent" }, "geometry": { "type": "Point", "coordinates": [ 77.51835, 13.039939 ] } },
{ "type": "Feature", "properties": { "Unique ID": "252_53/2024", "Year": 2024, "Tag": "Unique", "SL No": 252, "Traffic ps": "PEENYA TR PS", "Cr no": "53/2024", "Latitude": 13.039939, "Longitude": 77.51835, "Location of Black spot": "SM CIRCLE(JALAHALLI CROSS TO CHOKKASANDRA JUNCTION)", "Date (DD/MM/YYYY)": "31/03/2024", "Time ( in 24 hours)": "20:45:00", "Fatal": "1", "GI": null, "MI": null, "Severity": "Fatal", "Crash Category": "Vehicle-Vehicle", "Accused": "Bus", "Victim": "2W", "Vehicles Involved": "Bus and 2W", "Type of Crash": "Hit from Back", "Cause of Crash": "Rash and Negligent" }, "geometry": { "type": "Point", "coordinates": [ 77.51835, 13.039939 ] } },
{ "type": "Feature", "properties": { "Unique ID": "253_113/2024", "Year": 2024, "Tag": "Legitimate", "SL No": 253, "Traffic ps": "PEENYA TR PS", "Cr no": "113/2024", "Latitude": 13.039939, "Longitude": 77.51835, "Location of Black spot": "SM CIRCLE(JALAHALLI CROSS TO CHOKKASANDRA JUNCTION)", "Date (DD/MM/YYYY)": "01/08/2024", "Time ( in 24 hours)": "17:30:00", "Fatal": null, "GI": 1, "MI": null, "Severity": "Non-Fatal", "Crash Category": "Vehicle-Pedestrian", "Accused": "2W", "Victim": "Pedestrian", "Vehicles Involved": "2W and Pedestrian", "Type of Crash": "Hit from Side", "Cause of Crash": "Rash and Negligent" }, "geometry": { "type": "Point", "coordinates": [ 77.51835, 13.039939 ] } },
{ "type": "Feature", "properties": { "Unique ID": "254_149/2024", "Year": 2024, "Tag": "Unique", "SL No": 254, "Traffic ps": "PEENYA TR PS", "Cr no": "149/2024", "Latitude": 13.039939, "Longitude": 77.51835, "Location of Black spot": "SM CIRCLE(JALAHALLI CROSS TO CHOKKASANDRA JUNCTION)", "Date (DD/MM/YYYY)": "06/11/2024", "Time ( in 24 hours)": "08:30:00", "Fatal": null, "GI": 1, "MI": null, "Severity": "Non-Fatal", "Crash Category": "Vehicle-Vehicle", "Accused": "Bus", "Victim": "Vehicle", "Vehicles Involved": "Bus and Vehicle", "Type of Crash": "N.D.A", "Cause of Crash": "Rash and Negligent" }, "geometry": { "type": "Point", "coordinates": [ 77.51835, 13.039939 ] } },
{ "type": "Feature", "properties": { "Unique ID": "255_43/2024", "Year": 2024, "Tag": "Unique", "SL No": 255, "Traffic ps": "PEENYA TR PS", "Cr no": "43/2024", "Latitude": 13.04529, "Longitude": 77.50721, "Location of Black spot": "8TH MILE JUNCTION TO NAVAYUGA TOLL", "Date (DD/MM/YYYY)": "04/03/2024", "Time ( in 24 hours)": "15:00:00", "Fatal": null, "GI": 1, "MI": null, "Severity": "Non-Fatal", "Crash Category": "Vehicle-Vehicle", "Accused": "Lorry", "Victim": "2W", "Vehicles Involved": "Lorry and 2W", "Type of Crash": "Hit from Back", "Cause of Crash": "Rash and Negligent" }, "geometry": { "type": "Point", "coordinates": [ 77.50721, 13.04529 ] } },
{ "type": "Feature", "properties": { "Unique ID": "256_44/2024", "Year": 2024, "Tag": "Legitimate", "SL No": 256, "Traffic ps": "PEENYA TR PS", "Cr no": "44/2024", "Latitude": 13.04529, "Longitude": 77.50721, "Location of Black spot": "8TH MILE JUNCTION TO NAVAYUGA TOLL", "Date (DD/MM/YYYY)": "08/03/2024", "Time ( in 24 hours)": "15:20:00", "Fatal": null, "GI": 1, "MI": null, "Severity": "Non-Fatal", "Crash Category": "Vehicle-Vehicle", "Accused": "2W", "Victim": "Lorry", "Vehicles Involved": "2W and Lorry", "Type of Crash": "Hit from Back", "Cause of Crash": "Rash and Negligent" }, "geometry": { "type": "Point", "coordinates": [ 77.50721, 13.04529 ] } },
{ "type": "Feature", "properties": { "Unique ID": "257_81/2024", "Year": 2024, "Tag": "Legitimate", "SL No": 257, "Traffic ps": "PEENYA TR PS", "Cr no": "81/2024", "Latitude": 13.04529, "Longitude": 77.50721, "Location of Black spot": "8TH MILE JUNCTION TO NAVAYUGA TOLL", "Date (DD/MM/YYYY)": "25/05/2024", "Time ( in 24 hours)": "15:20:00", "Fatal": null, "GI": 1, "MI": null, "Severity": "Non-Fatal", "Crash Category": "Vehicle-Vehicle", "Accused": "2W", "Victim": "Bus", "Vehicles Involved": "2W and Bus", "Type of Crash": "Hit from Side", "Cause of Crash": "Rash and Negligent" }, "geometry": { "type": "Point", "coordinates": [ 77.50721, 13.04529 ] } },
{ "type": "Feature", "properties": { "Unique ID": "258_87/2024", "Year": 2024, "Tag": "Legitimate", "SL No": 258, "Traffic ps": "PEENYA TR PS", "Cr no": "87/2024", "Latitude": 13.04529, "Longitude": 77.50721, "Location of Black spot": "8TH MILE JUNCTION TO NAVAYUGA TOLL", "Date (DD/MM/YYYY)": "04/06/2024", "Time ( in 24 hours)": "11:00:00", "Fatal": null, "GI": 1, "MI": null, "Severity": "Non-Fatal", "Crash Category": "Vehicle-Vehicle", "Accused": "Bus", "Victim": "2W", "Vehicles Involved": "Bus and 2W", "Type of Crash": "Hit from Side", "Cause of Crash": "Rash and Negligent" }, "geometry": { "type": "Point", "coordinates": [ 77.50721, 13.04529 ] } },
{ "type": "Feature", "properties": { "Unique ID": "259_96/2024", "Year": 2024, "Tag": "Legitimate", "SL No": 259, "Traffic ps": "PEENYA TR PS", "Cr no": "96/2024", "Latitude": 13.04529, "Longitude": 77.50721, "Location of Black spot": "8TH MILE JUNCTION TO NAVAYUGA TOLL", "Date (DD/MM/YYYY)": "06/06/2024", "Time ( in 24 hours)": "23:30:00", "Fatal": null, "GI": 1, "MI": null, "Severity": "Non-Fatal", "Crash Category": "Vehicle-Vehicle", "Accused": "2W", "Victim": "Car", "Vehicles Involved": "2W and Car", "Type of Crash": "Hit from Side", "Cause of Crash": "Rash and Negligent" }, "geometry": { "type": "Point", "coordinates": [ 77.50721, 13.04529 ] } },
{ "type": "Feature", "properties": { "Unique ID": "260_99/2024", "Year": 2024, "Tag": "Legitimate", "SL No": 260, "Traffic ps": "PEENYA TR PS", "Cr no": "99/2024", "Latitude": 13.04529, "Longitude": 77.50721, "Location of Black spot": "8TH MILE JUNCTION TO NAVAYUGA TOLL", "Date (DD/MM/YYYY)": "29/06/2024", "Time ( in 24 hours)": "13:10:00", "Fatal": null, "GI": 1, "MI": null, "Severity": "Non-Fatal", "Crash Category": "Vehicle-Vehicle", "Accused": "2W", "Victim": "Car", "Vehicles Involved": "2W and Car", "Type of Crash": "Head-On", "Cause of Crash": "Rash and Negligent" }, "geometry": { "type": "Point", "coordinates": [ 77.50721, 13.04529 ] } },
{ "type": "Feature", "properties": { "Unique ID": "261_100/2024", "Year": 2024, "Tag": "Unique", "SL No": 261, "Traffic ps": "PEENYA TR PS", "Cr no": "100/2024", "Latitude": 13.04529, "Longitude": 77.50721, "Location of Black spot": "8TH MILE JUNCTION TO NAVAYUGA TOLL", "Date (DD/MM/YYYY)": "06/07/2024", "Time ( in 24 hours)": "14:30:00", "Fatal": null, "GI": 1, "MI": null, "Severity": "Non-Fatal", "Crash Category": "Vehicle-Vehicle", "Accused": "Bus", "Victim": "Lorry", "Vehicles Involved": "Bus and Lorry", "Type of Crash": "Hit from Side", "Cause of Crash": "Rash and Negligent" }, "geometry": { "type": "Point", "coordinates": [ 77.50721, 13.04529 ] } },
{ "type": "Feature", "properties": { "Unique ID": "262_101/2024", "Year": 2024, "Tag": "Legitimate", "SL No": 262, "Traffic ps": "PEENYA TR PS", "Cr no": "101/2024", "Latitude": 13.04529, "Longitude": 77.50721, "Location of Black spot": "8TH MILE JUNCTION TO NAVAYUGA TOLL", "Date (DD/MM/YYYY)": "09/07/2024", "Time ( in 24 hours)": "09:10:00", "Fatal": "1", "GI": null, "MI": null, "Severity": "Fatal", "Crash Category": "Vehicle-Pedestrian", "Accused": "2W", "Victim": "Pedestrian", "Vehicles Involved": "2W and Pedestrian", "Type of Crash": "Hit from Side", "Cause of Crash": "Rash and Negligent" }, "geometry": { "type": "Point", "coordinates": [ 77.50721, 13.04529 ] } },
{ "type": "Feature", "properties": { "Unique ID": "263_103/2024", "Year": 2024, "Tag": "Unique", "SL No": 263, "Traffic ps": "PEENYA TR PS", "Cr no": "103/2024", "Latitude": 13.04529, "Longitude": 77.50721, "Location of Black spot": "8TH MILE JUNCTION TO NAVAYUGA TOLL", "Date (DD/MM/YYYY)": "15/07/2024", "Time ( in 24 hours)": "01:30:00", "Fatal": null, "GI": 1, "MI": null, "Severity": "Non-Fatal", "Crash Category": "Vehicle-Vehicle", "Accused": "Car", "Victim": "Vehicle", "Vehicles Involved": "Car and Vehicle", "Type of Crash": "N.D.A", "Cause of Crash": "Rash and Negligent" }, "geometry": { "type": "Point", "coordinates": [ 77.50721, 13.04529 ] } },
{ "type": "Feature", "properties": { "Unique ID": "264_110/2024", "Year": 2024, "Tag": "Legitimate", "SL No": 264, "Traffic ps": "PEENYA TR PS", "Cr no": "110/2024", "Latitude": 13.04529, "Longitude": 77.50721, "Location of Black spot": "8TH MILE JUNCTION TO NAVAYUGA TOLL", "Date (DD/MM/YYYY)": "02/08/2024", "Time ( in 24 hours)": "12:00:00", "Fatal": null, "GI": 1, "MI": null, "Severity": "Non-Fatal", "Crash Category": "Vehicle-Pedestrian", "Accused": "2W", "Victim": "Pedestrian", "Vehicles Involved": "2W and Pedestrian", "Type of Crash": "Head-On", "Cause of Crash": "Rash and Negligent" }, "geometry": { "type": "Point", "coordinates": [ 77.50721, 13.04529 ] } },
{ "type": "Feature", "properties": { "Unique ID": "265_126/2024", "Year": 2024, "Tag": "Unique", "SL No": 265, "Traffic ps": "PEENYA TR PS", "Cr no": "126/2024", "Latitude": 13.04529, "Longitude": 77.50721, "Location of Black spot": "8TH MILE JUNCTION TO NAVAYUGA TOLL", "Date (DD/MM/YYYY)": "10/09/2024", "Time ( in 24 hours)": "23:30:00", "Fatal": "1", "GI": null, "MI": null, "Severity": "Fatal", "Crash Category": "Vehicle-Pedestrian", "Accused": "Bus", "Victim": "Pedestrian", "Vehicles Involved": "Bus and Pedestrian", "Type of Crash": "Hit from Side", "Cause of Crash": "Rash and Negligent" }, "geometry": { "type": "Point", "coordinates": [ 77.50721, 13.04529 ] } },
{ "type": "Feature", "properties": { "Unique ID": "266_132/2024", "Year": 2024, "Tag": "Legitimate", "SL No": 266, "Traffic ps": "PEENYA TR PS", "Cr no": "132/2024", "Latitude": 13.04529, "Longitude": 77.50721, "Location of Black spot": "8TH MILE JUNCTION TO NAVAYUGA TOLL", "Date (DD/MM/YYYY)": "09/10/2024", "Time ( in 24 hours)": "21:50:00", "Fatal": "1", "GI": 1, "MI": null, "Severity": "Fatal", "Crash Category": "Vehicle-Vehicle", "Accused": "2W", "Victim": "Lorry", "Vehicles Involved": "2W and Lorry", "Type of Crash": "Hit from Back", "Cause of Crash": "Rash and Negligent" }, "geometry": { "type": "Point", "coordinates": [ 77.50721, 13.04529 ] } },
{ "type": "Feature", "properties": { "Unique ID": "267_153/2024", "Year": 2024, "Tag": "Unique", "SL No": 267, "Traffic ps": "PEENYA TR PS", "Cr no": "153/2024", "Latitude": 13.04529, "Longitude": 77.50721, "Location of Black spot": "8TH MILE JUNCTION TO NAVAYUGA TOLL", "Date (DD/MM/YYYY)": "14/11/2024", "Time ( in 24 hours)": "20:00:00", "Fatal": "1", "GI": 1, "MI": null, "Severity": "Fatal", "Crash Category": "Vehicle-Vehicle", "Accused": "2W", "Victim": "Lorry", "Vehicles Involved": "2W and Lorry", "Type of Crash": "Hit from Back", "Cause of Crash": "Rash and Negligent" }, "geometry": { "type": "Point", "coordinates": [ 77.50721, 13.04529 ] } }
]
}
