{
"type": "FeatureCollection",
"name": "fob-buffer",
"crs": { "type": "name", "properties": { "name": "urn:ogc:def:crs:OGC:1.3:CRS84" } },
"features": [
{ "type": "Feature", "properties": { "fid": 16, "full_id": "w147129314", "osm_id": "147129314", "osm_type": "way", "material": null, "roof:colour": null, "ramp": null, "handrail": null, "embankment": null, "disused:crossing": null, "crossing:signals": null, "traffic_calming": null, "wheelchair": null, "crossing:island": null, "traffic_signals:vibration": null, "button_operated": null, "traffic_signals:sound": null, "crossing:markings": null, "smoothness": null, "check_date:surface": null, "incline": null, "covered": null, "tactile_paving": null, "kerb": null, "crossing": null, "footway": null, "trail_visibility": null, "name:kn": null, "name:ur": null, "name:pa": null, "brand:wikipedia": null, "brand:wikidata": null, "brand:ur": null, "brand:pa": null, "brand": null, "service": null, "oneway": null, "maxspeed": null, "lanes": null, "cycleway": null, "bridge": null, "tunnel": "yes", "layer": "-1", "width": null, "sidewalk": null, "name:etymology:wikidata": null, "name": null, "lit": null, "horse": null, "surface": "asphalt", "motor_vehicle": null, "highway": "footway", "foot": null, "bicycle": null, "access": null, "b_fid": 1 }, "geometry": { "type": "MultiPolygon", "coordinates": [ [ [ [ 77.630339508301176, 12.904099296235618 ], [ 77.630214049968984, 12.904036390393347 ], [ 77.630084786971992, 12.903981287316306 ], [ 77.629952229452215, 12.90393420447638 ], [ 77.629816900553621, 12.903895327692606 ], [ 77.629679334357505, 12.903864810397748 ], [ 77.629540073774848, 12.903842773032709 ], [ 77.629399668403494, 12.903829302571143 ], [ 77.629258672359342, 12.903824452176199 ], [ 77.629117642089355, 12.903828240990673 ], [ 77.628977134175571, 12.903840654061451 ], [ 77.628837703138529, 12.903861642398532 ], [ 77.628699899248844, 12.903891123168396 ], [ 77.628564266355511, 12.903928980020938 ], [ 77.628431339739592, 12.903975063548684 ], [ 77.628301644001709, 12.904029191876514 ], [ 77.628175690991682, 12.904091151379498 ], [ 77.628053977788497, 12.90416069752607 ], [ 77.627936984738596, 12.904237555843144 ], [ 77.627825173560069, 12.904321422999471 ], [ 77.627718985520531, 12.904411968002821 ], [ 77.627618839695714, 12.904508833506378 ], [ 77.627525131315394, 12.904611637219146 ], [ 77.627438230203779, 12.904719973414768 ], [ 77.62735847931981, 12.904833414532876 ], [ 77.627286193403819, 12.904951512866562 ], [ 77.627221657735291, 12.905073802329399 ], [ 77.627165127007004, 12.905199800294962 ], [ 77.627116824319941, 12.905329009501614 ], [ 77.627076940302743, 12.905460920015074 ], [ 77.627045632359398, 12.905595011240942 ], [ 77.627023024048029, 12.905730753979345 ], [ 77.627009204593335, 12.90586761251345 ], [ 77.627004228534403, 12.906005046723758 ], [ 77.62700811550944, 12.906142514219729 ], [ 77.627020850178354, 12.906279472480351 ], [ 77.627042382283207, 12.906415380995217 ], [ 77.627072626846626, 12.906549703397657 ], [ 77.627111464507109, 12.90668190958149 ], [ 77.6271587419902, 12.906811477793074 ], [ 77.62721427271326, 12.906937896690366 ], [ 77.627277837521859, 12.907060667360875 ], [ 77.627349185554806, 12.907179305290583 ], [ 77.627428035233919, 12.90729334227599 ], [ 77.627514075375615, 12.907402328271804 ], [ 77.627606966418739, 12.907505833166963 ], [ 77.627706341764764, 12.907603448481993 ], [ 77.627811809224625, 12.907694788980953 ], [ 77.627922952566422, 12.907779494191686 ], [ 77.628039333158171, 12.907857229828331 ], [ 77.628160491698836, 12.90792768911048 ], [ 77.628592091698835, 12.908161087323576 ], [ 77.628717550031013, 12.908223992128164 ], [ 77.628846813028005, 12.908279094270233 ], [ 77.628979370547796, 12.908326176292029 ], [ 77.62911469944639, 12.9083650523869 ], [ 77.629252265642506, 12.908395569132519 ], [ 77.629391526225163, 12.908417606096306 ], [ 77.629531931596503, 12.908431076310691 ], [ 77.629672927640655, 12.908435926616274 ], [ 77.629813957910642, 12.908432137871619 ], [ 77.62995446582444, 12.908419725028779 ], [ 77.630093896861482, 12.908398737074291 ], [ 77.630231700751153, 12.908369256835881 ], [ 77.630367333644486, 12.908331400655598 ], [ 77.630500260260405, 12.908285317930725 ], [ 77.630629955998288, 12.908231190524235 ], [ 77.630755909008315, 12.90816923204712 ], [ 77.6308776222115, 12.908099687015461 ], [ 77.630994615261415, 12.908022829885518 ], [ 77.631106426439942, 12.907938963970674 ], [ 77.631212614479466, 12.907848420244498 ], [ 77.631312760304297, 12.907751556034668 ], [ 77.631406468684617, 12.90764875361285 ], [ 77.631493369796232, 12.907540418686171 ], [ 77.631573120680201, 12.907426978796185 ], [ 77.631645406596192, 12.907308881631682 ], [ 77.631709942264706, 12.907186593261958 ], [ 77.631766472993007, 12.907060596297544 ], [ 77.631814775680056, 12.906931387985683 ], [ 77.631854659697268, 12.906799478247967 ], [ 77.631885967640613, 12.906665387668014 ], [ 77.631908575951968, 12.906529645437004 ], [ 77.631922395406662, 12.906392787265256 ], [ 77.631927371465594, 12.906255353268065 ], [ 77.631923484490557, 12.90611788583413 ], [ 77.631910749821657, 12.905980927485 ], [ 77.631889217716804, 12.905845018733991 ], [ 77.631858973153385, 12.905710695952999 ], [ 77.631820135492902, 12.90557848925565 ], [ 77.631772858009811, 12.905448920405153 ], [ 77.631717327286751, 12.905322500755052 ], [ 77.631653762478138, 12.905199729231104 ], [ 77.631582414445205, 12.905081090362144 ], [ 77.631503564766078, 12.904967052367793 ], [ 77.631417524624382, 12.904858065310517 ], [ 77.631324633581272, 12.904754559319313 ], [ 77.631225258235247, 12.904656942892087 ], [ 77.631119790775386, 12.904565601283402 ], [ 77.631008647433575, 12.904480894983918 ], [ 77.63089226684184, 12.904403158297603 ], [ 77.630771108301175, 12.904332698022275 ], [ 77.630339508301176, 12.904099296235618 ] ] ] ] } },
{ "type": "Feature", "properties": { "fid": 58, "full_id": "w259377068", "osm_id": "259377068", "osm_type": "way", "material": null, "roof:colour": null, "ramp": null, "handrail": null, "embankment": null, "disused:crossing": null, "crossing:signals": null, "traffic_calming": null, "wheelchair": null, "crossing:island": null, "traffic_signals:vibration": null, "button_operated": null, "traffic_signals:sound": null, "crossing:markings": null, "smoothness": null, "check_date:surface": null, "incline": null, "covered": null, "tactile_paving": null, "kerb": null, "crossing": null, "footway": null, "trail_visibility": null, "name:kn": null, "name:ur": "سب وے", "name:pa": "ਸਬਵੇਅ", "brand:wikipedia": "en:Subway (restaurant)", "brand:wikidata": "Q244457", "brand:ur": "سب وے", "brand:pa": "ਸਬਵੇਅ", "brand": "Subway", "service": null, "oneway": null, "maxspeed": null, "lanes": null, "cycleway": null, "bridge": null, "tunnel": "yes", "layer": "-1", "width": null, "sidewalk": null, "name:etymology:wikidata": null, "name": "Subway", "lit": null, "horse": null, "surface": null, "motor_vehicle": null, "highway": "footway", "foot": null, "bicycle": null, "access": null, "b_fid": 1 }, "geometry": { "type": "MultiPolygon", "coordinates": [ [ [ [ 77.748335611401444, 12.7867537687842 ], [ 77.748395293013317, 12.786878437190916 ], [ 77.748462883919871, 12.78699920503024 ], [ 77.748538117370686, 12.787115595692603 ], [ 77.748620696453685, 12.787227149843607 ], [ 77.748710295266974, 12.787333427236675 ], [ 77.748806560204969, 12.787434008450409 ], [ 77.748909111353939, 12.787528496543741 ], [ 77.749017543991357, 12.787616518622382 ], [ 77.749131430183127, 12.787697727310336 ], [ 77.74925032047247, 12.787771802120734 ], [ 77.749373745653742, 12.787838450720532 ], [ 77.749501218624147, 12.787897410084149 ], [ 77.749632236306127, 12.787948447531363 ], [ 77.749766281632688, 12.787991361645551 ], [ 77.749902825588208, 12.788025983068488 ], [ 77.750041329296081, 12.788052175168675 ], [ 77.750181246145431, 12.78806983458049 ], [ 77.750322023948371, 12.7880788916121 ], [ 77.750463107119259, 12.788079310520464 ], [ 77.750603938867229, 12.788071089652391 ], [ 77.750743963393731, 12.788054261451043 ], [ 77.750882628085947, 12.788028892327933 ], [ 77.751019385697674, 12.787995082400844 ], [ 77.751153696509107, 12.787952965098754 ], [ 77.751285030456799, 12.787902706635291 ], [ 77.751412869225689, 12.787844505352865 ], [ 77.75153670829458, 12.787778590939935 ], [ 77.751656058927182, 12.787705223524643 ], [ 77.751770450101148, 12.787624692648299 ], [ 77.751879430366728, 12.78753731612278 ], [ 77.751982569628595, 12.787443438776398 ], [ 77.752079460843234, 12.787343431093113 ], [ 77.752169721625279, 12.787237687750524 ], [ 77.752252995756635, 12.787126626062355 ], [ 77.752328954592357, 12.78701068433163 ], [ 77.752397298357636, 12.786890320120987 ], [ 77.752457757330873, 12.786766008447009 ], [ 77.752510092908082, 12.786638239905612 ], [ 77.752554098544678, 12.786507518735998 ], [ 77.752589600570516, 12.786374360830733 ], [ 77.752616458875295, 12.786239291699788 ], [ 77.752634567461556, 12.786102844396687 ], [ 77.75264385486301, 12.785965557414801 ], [ 77.752644284426523, 12.785827972562203 ], [ 77.752635854456784, 12.785690632823407 ], [ 77.752618598223037, 12.785554080216457 ], [ 77.752592583827777, 12.785418853653827 ], [ 77.752557913937906, 12.78528548681553 ], [ 77.752514725379655, 12.785154506042913 ], [ 77.75246318859854, 12.785026428261354 ], [ 77.752284488598548, 12.784620326872236 ], [ 77.752224806986689, 12.784495657350513 ], [ 77.752157216080121, 12.784374888313677 ], [ 77.752081982629306, 12.784258496387867 ], [ 77.751999403546307, 12.784146940925202 ], [ 77.751909804733017, 12.784040662190829 ], [ 77.751813539795023, 12.783940079625269 ], [ 77.751710988646053, 12.783845590188999 ], [ 77.751602556008635, 12.783757566795691 ], [ 77.751488669816865, 12.783676356840401 ], [ 77.751369779527522, 12.783602280828436 ], [ 77.75124635434625, 12.783535631110382 ], [ 77.751118881375845, 12.78347667072819 ], [ 77.750987863693865, 12.783425632377025 ], [ 77.750853818367304, 12.783382717486791 ], [ 77.750717274411784, 12.783348095427138 ], [ 77.75057877070391, 12.783321902838953 ], [ 77.750438853854561, 12.783304243095046 ], [ 77.750298076051621, 12.783295185892158 ], [ 77.750156992880747, 12.783294766975853 ], [ 77.750016161132763, 12.783302987999447 ], [ 77.749876136606261, 12.783319816517478 ], [ 77.749737471914045, 12.78334518611376 ], [ 77.749600714302304, 12.783378996663524 ], [ 77.749466403490885, 12.783421114728629 ], [ 77.749335069543193, 12.783471374084197 ], [ 77.749207230774303, 12.783529576374722 ], [ 77.749083391705412, 12.783595491896939 ], [ 77.74896404107281, 12.783668860506474 ], [ 77.748849649898844, 12.783749392644577 ], [ 77.748740669633278, 12.783836770481001 ], [ 77.748637530371397, 12.783930649168425 ], [ 77.748540639156758, 12.784030658203525 ], [ 77.748450378374727, 12.784136402889287 ], [ 77.748367104243357, 12.784247465892811 ], [ 77.748291145407634, 12.784363408892444 ], [ 77.748222801642342, 12.784483774307738 ], [ 77.748162342669119, 12.784608087105408 ], [ 77.74811000709191, 12.784735856674175 ], [ 77.748066001455314, 12.784866578761063 ], [ 77.748030499429476, 12.784999737461536 ], [ 77.748003641124711, 12.785134807255606 ], [ 77.747985532538451, 12.785271255081863 ], [ 77.747976245136982, 12.785408542441278 ], [ 77.747975815573469, 12.785546127522439 ], [ 77.747984245543208, 12.78568346733984 ], [ 77.74800150177694, 12.785820019876809 ], [ 77.748027516172229, 12.78595524622458 ], [ 77.748062186062086, 12.786088612709092 ], [ 77.748105374620337, 12.786219592997115 ], [ 77.748156911401452, 12.786347670173411 ], [ 77.748335611401444, 12.7867537687842 ] ] ] ] } },
{ "type": "Feature", "properties": { "fid": 59, "full_id": "w259377069", "osm_id": "259377069", "osm_type": "way", "material": null, "roof:colour": null, "ramp": null, "handrail": null, "embankment": null, "disused:crossing": null, "crossing:signals": null, "traffic_calming": null, "wheelchair": null, "crossing:island": null, "traffic_signals:vibration": null, "button_operated": null, "traffic_signals:sound": null, "crossing:markings": null, "smoothness": null, "check_date:surface": null, "incline": null, "covered": null, "tactile_paving": null, "kerb": null, "crossing": null, "footway": null, "trail_visibility": null, "name:kn": null, "name:ur": null, "name:pa": null, "brand:wikipedia": null, "brand:wikidata": null, "brand:ur": null, "brand:pa": null, "brand": null, "service": null, "oneway": null, "maxspeed": null, "lanes": null, "cycleway": null, "bridge": null, "tunnel": "yes", "layer": "-1", "width": null, "sidewalk": null, "name:etymology:wikidata": null, "name": null, "lit": null, "horse": null, "surface": "asphalt", "motor_vehicle": null, "highway": "footway", "foot": null, "bicycle": null, "access": null, "b_fid": 1 }, "geometry": { "type": "MultiPolygon", "coordinates": [ [ [ [ 77.678465375614095, 12.838576163390238 ], [ 77.678597980845908, 12.838623130644518 ], [ 77.67873334912818, 12.83866188702145 ], [ 77.678870946224123, 12.838692279571145 ], [ 77.679010229100882, 12.838714188351142 ], [ 77.67915064807255, 12.838727526899728 ], [ 77.679291648969624, 12.838732242577109 ], [ 77.679432675325955, 12.838728316773144 ], [ 77.679573170574969, 12.838715764980789 ], [ 77.67971258024609, 12.838694636734944 ], [ 77.679850354153032, 12.838665015416995 ], [ 77.679985948565118, 12.83862701792577 ], [ 77.680118828353187, 12.838580794216252 ], [ 77.680248469101414, 12.838526526707824 ], [ 77.680374359176952, 12.838464429564414 ], [ 77.680496001749219, 12.838394747849378 ], [ 77.680612916750562, 12.838317756558425 ], [ 77.680724642770855, 12.838233759534436 ], [ 77.680830738878569, 12.838143088268447 ], [ 77.680930786360832, 12.838046100591507 ], [ 77.681024390375924, 12.837943179262581 ], [ 77.681111181511582, 12.837834730458107 ], [ 77.681190817242808, 12.837721182169107 ], [ 77.681262983283787, 12.837602982512207 ], [ 77.681327394828131, 12.837480597961228 ], [ 77.681383797672865, 12.837354511506332 ], [ 77.681431969221748, 12.837225220747959 ], [ 77.681471719363699, 12.83709323593313 ], [ 77.681502891223047, 12.836959077941781 ], [ 77.681525361778711, 12.836823276231165 ], [ 77.681539042349684, 12.836686366746362 ], [ 77.681543878944979, 12.836548889805201 ], [ 77.681539852476774, 12.836411387965875 ], [ 77.681526978835706, 12.836274403885726 ], [ 77.68150530882815, 12.836138478179626 ], [ 77.681474927975728, 12.83600414728639 ], [ 77.681435956177793, 12.835871941351657 ], [ 77.6813885472382, 12.835742382135617 ], [ 77.681332888258424, 12.835615980953781 ], [ 77.68126919889896, 12.835493236659005 ], [ 77.681197730512679, 12.835374633672638 ], [ 77.681118765152604, 12.83526064007267 ], [ 77.681032614458957, 12.835151705746332 ], [ 77.680939618429178, 12.835048260614483 ], [ 77.680840144076086, 12.834950712934816 ], [ 77.680734583979515, 12.834859447690539 ], [ 77.680623354736952, 12.8347748250709 ], [ 77.680506895319411, 12.834697179049579 ], [ 77.680385665338974, 12.834626816066557 ], [ 77.680260143234989, 12.834564013818593 ], [ 77.680130824385884, 12.834509020163221 ], [ 77.679586224385872, 12.834297018448813 ], [ 77.67945361915406, 12.834250050386464 ], [ 77.679318250871788, 12.834211293329519 ], [ 77.679180653775859, 12.834180900238202 ], [ 77.679041370899085, 12.834158991063214 ], [ 77.678900951927432, 12.834145652272277 ], [ 77.678759951030358, 12.834140936508879 ], [ 77.678618924674026, 12.834144862384465 ], [ 77.678478429425013, 12.834157414404993 ], [ 77.678339019753892, 12.834178543032088 ], [ 77.67820124584695, 12.834208164878563 ], [ 77.678065651434864, 12.834246163037546 ], [ 77.67793277164678, 12.834292387543906 ], [ 77.677803130898567, 12.834346655966153 ], [ 77.677677240823016, 12.834408754126487 ], [ 77.677555598250763, 12.834478436946139 ], [ 77.677438683249434, 12.834555429412667 ], [ 77.677326957229113, 12.834639427665424 ], [ 77.677220861121398, 12.834730100194829 ], [ 77.677120813639135, 12.834827089150814 ], [ 77.677027209624057, 12.834930011755208 ], [ 77.6769404184884, 12.835038461812484 ], [ 77.676860782757174, 12.835152011312948 ], [ 77.676788616716181, 12.835270212121996 ], [ 77.676724205171851, 12.835392597748815 ], [ 77.676667802327103, 12.835518685187502 ], [ 77.67661963077822, 12.835647976823351 ], [ 77.676579880636282, 12.835779962396799 ], [ 77.67654870877692, 12.835914121017254 ], [ 77.676526238221257, 12.836049923218885 ], [ 77.676512557650298, 12.836186833050224 ], [ 77.676507721055003, 12.836324310189337 ], [ 77.676511747523193, 12.836461812076282 ], [ 77.676524621164262, 12.836598796054334 ], [ 77.676546291171832, 12.836734721511597 ], [ 77.67657667202424, 12.83686905201454 ], [ 77.676615643822188, 12.837001257425014 ], [ 77.676663052761768, 12.837130815992419 ], [ 77.676718711741572, 12.837257216412759 ], [ 77.676782401101008, 12.837379959846453 ], [ 77.676853869487303, 12.837498561886951 ], [ 77.676932834847378, 12.837612554472365 ], [ 77.677018985541011, 12.837721487732599 ], [ 77.677111981570789, 12.837824931764697 ], [ 77.677211455923882, 12.837922478329334 ], [ 77.677317016020453, 12.838013742461865 ], [ 77.677428245263016, 12.838098363991485 ], [ 77.677544704680571, 12.83817600896254 ], [ 77.677665934660993, 12.838246370952396 ], [ 77.677791456764993, 12.838309172280651 ], [ 77.677920775614083, 12.838364165104908 ], [ 77.678465375614095, 12.838576163390238 ] ] ] ] } },
{ "type": "Feature", "properties": { "fid": 60, "full_id": "w259377070", "osm_id": "259377070", "osm_type": "way", "material": null, "roof:colour": null, "ramp": null, "handrail": null, "embankment": null, "disused:crossing": null, "crossing:signals": null, "traffic_calming": null, "wheelchair": null, "crossing:island": null, "traffic_signals:vibration": null, "button_operated": null, "traffic_signals:sound": null, "crossing:markings": null, "smoothness": null, "check_date:surface": null, "incline": null, "covered": null, "tactile_paving": null, "kerb": null, "crossing": null, "footway": null, "trail_visibility": null, "name:kn": "ಸಬ್‌ವೇ", "name:ur": "سب وے", "name:pa": "ਸਬਵੇਅ", "brand:wikipedia": "en:Subway (restaurant)", "brand:wikidata": "Q244457", "brand:ur": "سب وے", "brand:pa": "ਸਬਵੇਅ", "brand": "Subway", "service": null, "oneway": null, "maxspeed": null, "lanes": null, "cycleway": null, "bridge": null, "tunnel": "yes", "layer": "-1", "width": null, "sidewalk": null, "name:etymology:wikidata": null, "name": "Subway", "lit": null, "horse": null, "surface": null, "motor_vehicle": null, "highway": "footway", "foot": null, "bicycle": null, "access": null, "b_fid": 1 }, "geometry": { "type": "MultiPolygon", "coordinates": [ [ [ [ 77.681713573851198, 12.828664628357672 ], [ 77.68184082266032, 12.828724036810316 ], [ 77.681971646158786, 12.828775537448392 ], [ 77.682105528046023, 12.828818927027323 ], [ 77.682241939951368, 12.828854034312494 ], [ 77.682380343519398, 12.828880720754988 ], [ 77.682520192534412, 12.828898881038295 ], [ 77.682660935076257, 12.828908443493928 ], [ 77.6828020156984, 12.828909370384222 ], [ 77.682942877620135, 12.828901658051265 ], [ 77.683082964923756, 12.828885336931314 ], [ 77.683221724748691, 12.828860471434711 ], [ 77.683358609473288, 12.828827159691691 ], [ 77.683493078876126, 12.828785533165163 ], [ 77.683624602267855, 12.828735756131929 ], [ 77.683752660585782, 12.82867802503443 ], [ 77.683876748442174, 12.828612567705534 ], [ 77.683996376118984, 12.828539642469496 ], [ 77.684111071500425, 12.828459537122546 ], [ 77.684220381936228, 12.828372567797203 ], [ 77.684323876028031, 12.828279077714717 ], [ 77.684421145331925, 12.828179435830688 ], [ 77.684511805970445, 12.828074035379043 ], [ 77.684595500147438, 12.82796329232024 ], [ 77.684671897560222, 12.827847643699791 ], [ 77.68474069670313, 12.827727545923519 ], [ 77.684801626057379, 12.827603472956465 ], [ 77.6848544451626, 12.82747591445243 ], [ 77.684898945565962, 12.827345373821638 ], [ 77.684934951644692, 12.827212366244096 ], [ 77.684962321299238, 12.827077416636451 ], [ 77.684980946514088, 12.826941057580463 ], [ 77.684990753784035, 12.826803827221177 ], [ 77.684991704404226, 12.826666267143146 ], [ 77.684983794623037, 12.826528920233061 ], [ 77.684967055656756, 12.826392328537217 ], [ 77.684941553566404, 12.826257031122305 ], [ 77.684907388997132, 12.826123561947925 ], [ 77.684864696780849, 12.825992447759257 ], [ 77.684813645404219, 12.82586420600818 ], [ 77.684754436343738, 12.825739342811078 ], [ 77.684687303270508, 12.825618350951325 ], [ 77.684612511128094, 12.825501707934444 ], [ 77.684530355086906, 12.82538987410349 ], [ 77.684441159379304, 12.825283290822192 ], [ 77.684345276020011, 12.825182378733009 ], [ 77.684243083416817, 12.825087536096898 ], [ 77.684134984877275, 12.824999137221484 ], [ 77.684021407016886, 12.824917530983702 ], [ 77.683902798075636, 12.824843039452855 ], [ 77.683779626148791, 12.824775956619412 ], [ 77.683388626148783, 12.824578455093549 ], [ 77.683261377339662, 12.824519045662214 ], [ 77.68313055384121, 12.824467544153022 ], [ 77.682996671953958, 12.824424153823811 ], [ 77.682860260048614, 12.82438904592062 ], [ 77.682721856480583, 12.824362359001793 ], [ 77.682582007465584, 12.824344198391101 ], [ 77.682441264923739, 12.824334635762026 ], [ 77.682300184301596, 12.824333708854882 ], [ 77.68215932237986, 12.824341421327839 ], [ 77.68201923507624, 12.824357742742494 ], [ 77.681880475251305, 12.824382608684022 ], [ 77.681743590526693, 12.824415921015396 ], [ 77.681609121123856, 12.824457548264734 ], [ 77.681477597732126, 12.824507326144225 ], [ 77.681349539414214, 12.824565058198548 ], [ 77.681225451557808, 12.824630516580273 ], [ 77.681105823881012, 12.824703442949151 ], [ 77.680991128499571, 12.824783549491761 ], [ 77.680881818063767, 12.824870520057482 ], [ 77.68077832397195, 12.824964011406298 ], [ 77.680681054668057, 12.825063654563511 ], [ 77.680590394029551, 12.825169056276041 ], [ 77.680506699852572, 12.825279800564514 ], [ 77.68043030243976, 12.825395450365066 ], [ 77.680361503296851, 12.825515549254325 ], [ 77.680300573942617, 12.825639623250824 ], [ 77.680247754837396, 12.825767182685668 ], [ 77.680203254434019, 12.825897724135141 ], [ 77.680167248355289, 12.826030732407535 ], [ 77.680139878700757, 12.826165682576484 ], [ 77.680121253485893, 12.826302042052619 ], [ 77.68011144621596, 12.826439272685544 ], [ 77.680110495595756, 12.826576832887657 ], [ 77.680118405376945, 12.826714179771594 ], [ 77.680135144343225, 12.826850771292738 ], [ 77.680160646433578, 12.826986068388429 ], [ 77.680194811002863, 12.827119537105352 ], [ 77.680237503219146, 12.82725065070678 ], [ 77.680288554595762, 12.827378891751314 ], [ 77.680347763656243, 12.827503754134902 ], [ 77.680414896729474, 12.827624745088155 ], [ 77.680489688871887, 12.827741387120975 ], [ 77.680571844913089, 12.827853219906908 ], [ 77.680661040620677, 12.827959802099732 ], [ 77.680756923979985, 12.828060713075159 ], [ 77.680859116583164, 12.828155554590722 ], [ 77.68096721512272, 12.828243952357354 ], [ 77.68108079298311, 12.82832555751642 ], [ 77.681199401924346, 12.828400048016396 ], [ 77.681322573851205, 12.828467129883753 ], [ 77.681713573851198, 12.828664628357672 ] ] ] ] } },
{ "type": "Feature", "properties": { "fid": 148, "full_id": "w891226803", "osm_id": "891226803", "osm_type": "way", "material": null, "roof:colour": null, "ramp": null, "handrail": null, "embankment": null, "disused:crossing": null, "crossing:signals": null, "traffic_calming": null, "wheelchair": null, "crossing:island": null, "traffic_signals:vibration": null, "button_operated": null, "traffic_signals:sound": null, "crossing:markings": null, "smoothness": null, "check_date:surface": null, "incline": null, "covered": null, "tactile_paving": null, "kerb": null, "crossing": null, "footway": null, "trail_visibility": null, "name:kn": null, "name:ur": null, "name:pa": null, "brand:wikipedia": null, "brand:wikidata": null, "brand:ur": null, "brand:pa": null, "brand": null, "service": null, "oneway": null, "maxspeed": null, "lanes": null, "cycleway": null, "bridge": null, "tunnel": "yes", "layer": "-1", "width": null, "sidewalk": null, "name:etymology:wikidata": null, "name": null, "lit": null, "horse": null, "surface": null, "motor_vehicle": null, "highway": "footway", "foot": null, "bicycle": null, "access": null, "b_fid": 1 }, "geometry": { "type": "MultiPolygon", "coordinates": [ [ [ [ 77.688723061776187, 12.818559006842776 ], [ 77.688604306658405, 12.818484735183731 ], [ 77.688481003123357, 12.818417880921528 ], [ 77.688353637793796, 12.818358707905395 ], [ 77.688222713322475, 12.818307449669691 ], [ 77.688088746408454, 12.818264308512136 ], [ 77.687952265757971, 12.818229454695384 ], [ 77.687813809997763, 12.818203025774988 ], [ 77.68767392554949, 12.818185126056493 ], [ 77.687533164473166, 12.818175826183733 ], [ 77.687392082288412, 12.818175162860008 ], [ 77.687251235782185, 12.818183138703221 ], [ 77.687111180811314, 12.818199722235553 ], [ 77.686972470108756, 12.818224848007672 ], [ 77.686835651102314, 12.818258416857109 ], [ 77.68670126375406, 12.818300296299599 ], [ 77.686569838429477, 12.818350321052018 ], [ 77.686441893804286, 12.818408293684731 ], [ 77.686317934817481, 12.818473985400837 ], [ 77.686198450678518, 12.81854713693922 ], [ 77.686083912936738, 12.818627459597803 ], [ 77.685974773620273, 12.818714636373047 ], [ 77.685871463452131, 12.818808323211121 ], [ 77.685774390150357, 12.81890815036582 ], [ 77.685683936818933, 12.819013723857914 ], [ 77.685600460435808, 12.819124627030108 ], [ 77.685524290444164, 12.819240422191497 ], [ 77.685455727452123, 12.819360652345059 ], [ 77.685395042046522, 12.819484842991299 ], [ 77.685342473724916, 12.819612504000986 ], [ 77.685298229950462, 12.81974313154954 ], [ 77.685262485333112, 12.8198762101055 ], [ 77.685235380940568, 12.820011214465136 ], [ 77.685217023741444, 12.820147611825252 ], [ 77.685207486183245, 12.820284863885956 ], [ 77.685206805906375, 12.820422428975114 ], [ 77.685214985595522, 12.820559764186093 ], [ 77.685231992969236, 12.820696327520386 ], [ 77.685257760907163, 12.820831580026589 ], [ 77.685292187715021, 12.820964987927386 ], [ 77.685335137525939, 12.82109602472609 ], [ 77.685386440836638, 12.821224173284421 ], [ 77.685445895176386, 12.821348927863355 ], [ 77.685513265906039, 12.821469796118963 ], [ 77.685588287144157, 12.8215863010454 ], [ 77.68567066281615, 12.821697982857311 ], [ 77.685760067822883, 12.821804400804311 ], [ 77.685856149323641, 12.82190513491031 ], [ 77.685958528128623, 12.821999787630867 ], [ 77.686066800195476, 12.822087985422002 ], [ 77.686180538223809, 12.822169380214275 ], [ 77.686527038223801, 12.822401378550744 ], [ 77.686645793341583, 12.8224756490544 ], [ 77.686769096876631, 12.822542502239134 ], [ 77.686896462206192, 12.822601674271974 ], [ 77.687027386677514, 12.822652931633424 ], [ 77.687161353591534, 12.822696072038992 ], [ 77.687297834242031, 12.822730925237417 ], [ 77.687436290002225, 12.822757353682514 ], [ 77.687576174450498, 12.822775253075951 ], [ 77.687716935526836, 12.82278455277882 ], [ 77.687858017711577, 12.8227852160904 ], [ 77.687998864217803, 12.822777240392973 ], [ 77.688138919188674, 12.822760657162151 ], [ 77.688277629891232, 12.82273553184268 ], [ 77.688414448897689, 12.822701963590175 ], [ 77.688548836245943, 12.822660084879848 ], [ 77.688680261570511, 12.822610060983735 ], [ 77.688808206195716, 12.822552089318505 ], [ 77.688932165182521, 12.82248639866644 ], [ 77.68905164932147, 12.822413248272591 ], [ 77.68916618706325, 12.822332926821778 ], [ 77.689275326379729, 12.82224575129937 ], [ 77.689378636547872, 12.822152065740392 ], [ 77.689475709849631, 12.822052239871891 ], [ 77.689566163181055, 12.821946667653906 ], [ 77.689649639564195, 12.821835765724789 ], [ 77.689725809555839, 12.821719971757046 ], [ 77.689794372547865, 12.821599742730141 ], [ 77.68985505795348, 12.821475553127108 ], [ 77.689907626275087, 12.821347893062077 ], [ 77.689951870049541, 12.821217266346125 ], [ 77.68998761466689, 12.821084188499002 ], [ 77.690014719059434, 12.820949184714712 ], [ 77.69003307625853, 12.820812787788848 ], [ 77.690042613816743, 12.820675536015942 ], [ 77.690043294093627, 12.820537971065079 ], [ 77.690035114404481, 12.820400635842208 ], [ 77.690018107030767, 12.820264072347532 ], [ 77.689992339092839, 12.820128819536462 ], [ 77.689957912284953, 12.819995411192597 ], [ 77.689914962474063, 12.819864373821069 ], [ 77.68986365916335, 12.819736224570613 ], [ 77.689804204823602, 12.819611469192571 ], [ 77.689736834093935, 12.81949060004483 ], [ 77.689661812855846, 12.819374094148623 ], [ 77.689579437183852, 12.81926241130587 ], [ 77.689490032177119, 12.819155992284426 ], [ 77.689393950676347, 12.819055257078485 ], [ 77.689291571871379, 12.818960603250934 ], [ 77.689183299804526, 12.818872404364246 ], [ 77.689069561776179, 12.818791008506093 ], [ 77.688723061776187, 12.818559006842776 ] ] ] ] } },
{ "type": "Feature", "properties": { "fid": 255, "full_id": "w1101690297", "osm_id": "1101690297", "osm_type": "way", "material": null, "roof:colour": null, "ramp": null, "handrail": null, "embankment": null, "disused:crossing": null, "crossing:signals": null, "traffic_calming": null, "wheelchair": null, "crossing:island": null, "traffic_signals:vibration": null, "button_operated": null, "traffic_signals:sound": null, "crossing:markings": null, "smoothness": null, "check_date:surface": null, "incline": null, "covered": null, "tactile_paving": null, "kerb": null, "crossing": null, "footway": null, "trail_visibility": null, "name:kn": null, "name:ur": null, "name:pa": null, "brand:wikipedia": null, "brand:wikidata": null, "brand:ur": null, "brand:pa": null, "brand": null, "service": null, "oneway": null, "maxspeed": null, "lanes": null, "cycleway": null, "bridge": "yes", "tunnel": null, "layer": "1", "width": null, "sidewalk": null, "name:etymology:wikidata": null, "name": null, "lit": null, "horse": null, "surface": "metal", "motor_vehicle": null, "highway": "footway", "foot": null, "bicycle": null, "access": null, "b_fid": 1 }, "geometry": { "type": "MultiPolygon", "coordinates": [ [ [ [ 77.624787043612102, 12.913964035517688 ], [ 77.624908419620652, 12.914034136578797 ], [ 77.625034072025898, 12.914096670799749 ], [ 77.625163504935259, 12.914151391392307 ], [ 77.625296207536124, 12.914198082404489 ], [ 77.625431656111942, 12.91423655957275 ], [ 77.625569316109136, 12.914266671049107 ], [ 77.625708644246501, 12.914288298000365 ], [ 77.625849090659585, 12.914301355077033 ], [ 77.625990101070556, 12.914305790750142 ], [ 77.626131118975735, 12.914301587514583 ], [ 77.62627158784187, 12.914288761958161 ], [ 77.626410953302511, 12.914267364696173 ], [ 77.626548665345894, 12.914237480171643 ], [ 77.626684180485455, 12.914199226322122 ], [ 77.626816963904858, 12.914152754114271 ], [ 77.626946491568631, 12.91409824694813 ], [ 77.627072252290247, 12.914035919933411 ], [ 77.627193749749594, 12.913966019040608 ], [ 77.627310504451714, 12.913888820130381 ], [ 77.627422055619121, 12.913804627864945 ], [ 77.627527963010323, 12.913713774505819 ], [ 77.627627808657252, 12.913616618602639 ], [ 77.627721198514735, 12.913513543578254 ], [ 77.627807764015685, 12.913404956215633 ], [ 77.6278871635256, 12.913291285052589 ], [ 77.627959083690897, 12.913172978690646 ], [ 77.628023240675546, 12.913050504024728 ], [ 77.628079381281225, 12.91292434440062 ], [ 77.628127283946625, 12.912794997707525 ], [ 77.628166759621806, 12.912662974413205 ], [ 77.628197652514316, 12.912528795549461 ], [ 77.628219840704006, 12.912392990655926 ], [ 77.628233236624268, 12.912256095690267 ], [ 77.628237787407471, 12.912118650913021 ], [ 77.628233475093793, 12.911981198755475 ], [ 77.628220316701942, 12.911844281678936 ], [ 77.628198364162088, 12.911708440033877 ], [ 77.628167704110894, 12.911574209927393 ], [ 77.62812845754955, 12.91144212110742 ], [ 77.628080779366314, 12.911312694871981 ], [ 77.628024857725194, 12.911186442011831 ], [ 77.627960913323363, 12.911063860794506 ], [ 77.627889198520137, 12.910945434997823 ], [ 77.627809996341114, 12.910831632000527 ], [ 77.627723619361106, 12.910722900937667 ], [ 77.627630408470552, 12.910619670927971 ], [ 77.6275307315303, 12.91052234938018 ], [ 77.627424981919674, 12.910431320385099 ], [ 77.627313576984079, 12.910346943199649 ], [ 77.627196956387891, 12.910269550828923 ], [ 77.62693845638789, 12.910109349644936 ], [ 77.62681708037934, 12.910039247482961 ], [ 77.626691427974094, 12.909976712246788 ], [ 77.626561995064733, 12.909921990740184 ], [ 77.626429292463868, 12.909875298929137 ], [ 77.626293843888035, 12.909836821089431 ], [ 77.626156183890856, 12.909806709079355 ], [ 77.626016855753477, 12.909785081740283 ], [ 77.625876409340393, 12.909772024427667 ], [ 77.625735398929422, 12.909767588674089 ], [ 77.625594381024257, 12.909771791985904 ], [ 77.625453912158122, 12.909784617774127 ], [ 77.625314546697481, 12.909806015419909 ], [ 77.625176834654098, 12.909835900474329 ], [ 77.625041319514537, 12.909874154991712 ], [ 77.624908536095134, 12.909920627995152 ], [ 77.624779008431361, 12.909975136072411 ], [ 77.62465324770973, 12.910037464099828 ], [ 77.624531750250398, 12.910107366091406 ], [ 77.624414995548278, 12.910184566169688 ], [ 77.624303444380871, 12.910268759654622 ], [ 77.624197536989655, 12.910359614266095 ], [ 77.62409769134274, 12.910456771435413 ], [ 77.624004301485257, 12.910559847720489 ], [ 77.623917735984307, 12.910668436319259 ], [ 77.623838336474392, 12.910782108675233 ], [ 77.623766416309095, 12.910900416168943 ], [ 77.623702259324446, 12.911022891888503 ], [ 77.623646118718767, 12.911149052472448 ], [ 77.623598216053352, 12.911278400017389 ], [ 77.623558740378186, 12.911410424043115 ], [ 77.623527847485676, 12.911544603507288 ], [ 77.623505659295986, 12.911680408861821 ], [ 77.623492263375724, 12.91181730414281 ], [ 77.623487712592521, 12.91195474908578 ], [ 77.623492024906199, 12.91209220125787 ], [ 77.62350518329805, 12.912229118198594 ], [ 77.62352713583789, 12.91236495956065 ], [ 77.623557795889084, 12.912499189242435 ], [ 77.623597042450442, 12.912631277503737 ], [ 77.623644720633678, 12.912760703056335 ], [ 77.623700642274798, 12.912886955121234 ], [ 77.623764586676629, 12.913009535444385 ], [ 77.623836301479855, 12.91312796026301 ], [ 77.623915503658878, 12.91324176221468 ], [ 77.624001880638886, 12.913350492181703 ], [ 77.624095091529441, 12.913453721063458 ], [ 77.624194768469692, 12.913551041469773 ], [ 77.624300518080304, 12.913642069328581 ], [ 77.624411923015899, 12.913726445401572 ], [ 77.624528543612101, 12.913803836701836 ], [ 77.624787043612102, 12.913964035517688 ] ] ] ] } },
{ "type": "Feature", "properties": { "fid": 353, "full_id": "w1117405972", "osm_id": "1117405972", "osm_type": "way", "material": null, "roof:colour": null, "ramp": null, "handrail": null, "embankment": null, "disused:crossing": null, "crossing:signals": null, "traffic_calming": null, "wheelchair": null, "crossing:island": null, "traffic_signals:vibration": null, "button_operated": null, "traffic_signals:sound": null, "crossing:markings": null, "smoothness": null, "check_date:surface": null, "incline": null, "covered": null, "tactile_paving": null, "kerb": null, "crossing": null, "footway": null, "trail_visibility": null, "name:kn": null, "name:ur": null, "name:pa": null, "brand:wikipedia": null, "brand:wikidata": null, "brand:ur": null, "brand:pa": null, "brand": null, "service": null, "oneway": null, "maxspeed": null, "lanes": null, "cycleway": null, "bridge": "viaduct", "tunnel": null, "layer": "1", "width": null, "sidewalk": null, "name:etymology:wikidata": null, "name": null, "lit": null, "horse": null, "surface": "metal", "motor_vehicle": null, "highway": "footway", "foot": null, "bicycle": null, "access": null, "b_fid": 1 }, "geometry": { "type": "MultiPolygon", "coordinates": [ [ [ [ 77.673116951633844, 12.8466784357948 ], [ 77.673107309145081, 12.846616463839601 ], [ 77.673077432104918, 12.846482031171112 ], [ 77.673038956209879, 12.846349692741441 ], [ 77.672992033306713, 12.846219970833634 ], [ 77.672936848578672, 12.846093377405234 ], [ 77.672873619814695, 12.845970412067775 ], [ 77.672802596549786, 12.845851560114941 ], [ 77.672724059080366, 12.845737290607254 ], [ 77.672638317357922, 12.845628054520805 ], [ 77.67254570976587, 12.845524282967364 ], [ 77.672446601784074, 12.845426385492853 ], [ 77.672341384546428, 12.845334748460969 ], [ 77.672230473297347, 12.845249733528243 ], [ 77.672114305752814, 12.845171676216664 ], [ 77.671993340373092, 12.845100884589396 ], [ 77.671868054553258, 12.845037638034899 ], [ 77.671738942739196, 12.844982186164218 ], [ 77.671606514476267, 12.844934747825775 ], [ 77.671471292398309, 12.844895510241606 ], [ 77.671333810165109, 12.844864628268406 ], [ 77.671194610356181, 12.844842223786307 ], [ 77.671054242329646, 12.844828385217847 ], [ 77.670913260053922, 12.844823167178948 ], [ 77.670772219921659, 12.844826590263365 ], [ 77.670631678553846, 12.844838640961393 ], [ 77.670492190603042, 12.844859271713194 ], [ 77.67035430656442, 12.844888401096522 ], [ 77.670218570603353, 12.844925914148071 ], [ 77.670085518407646, 12.844971662817253 ], [ 77.669955675073496, 12.845025466550524 ], [ 77.669829553033267, 12.845087113004032 ], [ 77.669707650033004, 12.845156358881709 ], [ 77.669590447168162, 12.845232930895557 ], [ 77.669478406984936, 12.845316526844265 ], [ 77.669371971654712, 12.845406816805973 ], [ 77.669271561229081, 12.845503444440448 ], [ 77.669177571982175, 12.845606028395466 ], [ 77.669090374846618, 12.845714163811992 ], [ 77.669010313949627, 12.845827423922053 ], [ 77.66893770525499, 12.84594536173312 ], [ 77.668872835316051, 12.846067511792285 ], [ 77.668815960144855, 12.846193392023277 ], [ 77.668767304201694, 12.846322505629111 ], [ 77.668727059509379, 12.846454343052782 ], [ 77.668695384895273, 12.84658838398834 ], [ 77.668672405364632, 12.846724099434349 ], [ 77.668658211607152, 12.846860953781666 ], [ 77.668652859639153, 12.846998406927284 ], [ 77.668651159639154, 12.84725230694173 ], [ 77.668654481073361, 12.847386493244993 ], [ 77.668666229437889, 12.847520228922399 ], [ 77.668686360582754, 12.84765301140116 ], [ 77.668714798855873, 12.847784341691362 ], [ 77.668751437387215, 12.847913726261124 ], [ 77.668796138490492, 12.848040678891227 ], [ 77.668848734180543, 12.848164722502261 ], [ 77.668909026804656, 12.848285390947408 ], [ 77.669229126804652, 12.84887908853967 ], [ 77.669298662502143, 12.848998772276445 ], [ 77.669375769001363, 12.849113962938523 ], [ 77.669460141998144, 12.849224205927465 ], [ 77.669551448510816, 12.849329066171354 ], [ 77.669649328194296, 12.849428129841709 ], [ 77.669753394762225, 12.849521005986555 ], [ 77.669863237511336, 12.849607328073235 ], [ 77.669978422942535, 12.849686755434838 ], [ 77.67009849647151, 12.849758974614534 ], [ 77.670222984222931, 12.849823700602546 ], [ 77.670351394900493, 12.849880677960849 ], [ 77.670483221725931, 12.849929681831195 ], [ 77.670617944438987, 12.849970518822399 ], [ 77.670755031350652, 12.850003027773537 ], [ 77.67089394144152, 12.850027080389886 ], [ 77.67103412649692, 12.850042581749198 ], [ 77.671175033270515, 12.850049470676272 ], [ 77.671316105667614, 12.850047719984371 ], [ 77.671456786939913, 12.850037336582496 ], [ 77.671596521882691, 12.850018361448127 ], [ 77.671734759026009, 12.849990869465508 ], [ 77.671870952810991, 12.849954969130165 ], [ 77.672004565742967, 12.849910802120748 ], [ 77.67213507051278, 12.849858542739955 ], [ 77.672261952077719, 12.849798397226706 ], [ 77.672384709694171, 12.849730602942296 ], [ 77.672502858893964, 12.849655427433714 ], [ 77.672615933396131, 12.84957316737786 ], [ 77.672723486947319, 12.849484147410804 ], [ 77.672825095082743, 12.849388718846695 ], [ 77.672920356801583, 12.849287258291398 ], [ 77.67300889614927, 12.849180166156316 ], [ 77.673090363701533, 12.849067865078258 ], [ 77.673164437943115, 12.84895079825159 ], [ 77.673230826536823, 12.848829427679265 ], [ 77.673289267477244, 12.848704232349604 ], [ 77.673339530124636, 12.848575706346031 ], [ 77.673381416115333, 12.848444356897245 ], [ 77.673414760144439, 12.848310702375501 ], [ 77.67343943061833, 12.848175270250882 ], [ 77.673455330173908, 12.848038595009672 ], [ 77.67346239606286, 12.84790121604502 ], [ 77.67346060039938, 12.847763675528229 ], [ 77.673449950270154, 12.847626516269063 ], [ 77.673430487706327, 12.847490279573526 ], [ 77.673402289517767, 12.847355503107545 ], [ 77.673365466989864, 12.847222718775042 ], [ 77.673320165444267, 12.847092450618677 ], [ 77.673266563665507, 12.846965212751662 ], [ 77.673204873195331, 12.846841507328708 ], [ 77.673116951633844, 12.8466784357948 ] ] ] ] } },
{ "type": "Feature", "properties": { "fid": 374, "full_id": "w1150491902", "osm_id": "1150491902", "osm_type": "way", "material": null, "roof:colour": null, "ramp": null, "handrail": null, "embankment": null, "disused:crossing": null, "crossing:signals": null, "traffic_calming": null, "wheelchair": null, "crossing:island": null, "traffic_signals:vibration": null, "button_operated": null, "traffic_signals:sound": null, "crossing:markings": null, "smoothness": null, "check_date:surface": null, "incline": null, "covered": null, "tactile_paving": null, "kerb": null, "crossing": null, "footway": null, "trail_visibility": null, "name:kn": null, "name:ur": null, "name:pa": null, "brand:wikipedia": null, "brand:wikidata": null, "brand:ur": null, "brand:pa": null, "brand": null, "service": null, "oneway": null, "maxspeed": null, "lanes": null, "cycleway": null, "bridge": "yes", "tunnel": null, "layer": "1", "width": null, "sidewalk": null, "name:etymology:wikidata": null, "name": null, "lit": null, "horse": null, "surface": "metal", "motor_vehicle": null, "highway": "footway", "foot": null, "bicycle": null, "access": null, "b_fid": 1 }, "geometry": { "type": "MultiPolygon", "coordinates": [ [ [ [ 77.694586868674023, 12.812396817352868 ], [ 77.694701932571746, 12.812476423755083 ], [ 77.694821895579636, 12.81254882802007 ], [ 77.694946284258421, 12.812613744407592 ], [ 77.695074607702864, 12.81267091672821 ], [ 77.695206359478931, 12.81272011935423 ], [ 77.695341019622546, 12.812761158110094 ], [ 77.69547805669167, 12.812793871038597 ], [ 77.695616929863561, 12.812818129040025 ], [ 77.695757091069297, 12.812833836381579 ], [ 77.695897987156599, 12.812840931075163 ], [ 77.696039062072984, 12.812839385121986 ], [ 77.696179759060243, 12.812829204623068 ], [ 77.696319522851596, 12.812810429755134 ], [ 77.696457801863261, 12.812783134612108 ], [ 77.696594050371118, 12.812747426912701 ], [ 77.696727730664534, 12.812703447575339 ], [ 77.696858315168512, 12.812651370162104 ], [ 77.696985288525639, 12.812591400193792 ], [ 77.697108149630097, 12.812523774338935 ], [ 77.69722641360525, 12.812448759479832 ], [ 77.69733961371719, 12.812366651659403 ], [ 77.697447303216791, 12.812277774912937 ], [ 77.697549057102819, 12.812182479989376 ], [ 77.697644473799159, 12.812081142967191 ], [ 77.697733176739703, 12.811974163770273 ], [ 77.6978148158545, 12.811861964589726 ], [ 77.697889068951213, 12.811744988217789 ], [ 77.697955642986813, 12.811623696300437 ], [ 77.698014275223983, 12.811498567515578 ], [ 77.698064734268101, 12.811370095684017 ], [ 77.698106820980357, 12.81123878782066 ], [ 77.698140369263712, 12.811105162133632 ], [ 77.698165246718403, 12.810969745979211 ], [ 77.69818135516455, 12.810833073780639 ], [ 77.698188631029424, 12.810695684919043 ], [ 77.698187045598502, 12.810558121604766 ], [ 77.698176605128793, 12.810420926737523 ], [ 77.698157350824033, 12.810284641763817 ], [ 77.698129358672162, 12.810149804540091 ], [ 77.698092739145451, 12.810016947210013 ], [ 77.698047636764386, 12.809886594104306 ], [ 77.697994229527509, 12.809759259671415 ], [ 77.69793272820877, 12.809635446447119 ], [ 77.697863375525785, 12.809515643071196 ], [ 77.697786445181876, 12.809400322358881 ], [ 77.697702240785986, 12.809289939434805 ], [ 77.69761109465442, 12.809184929936704 ], [ 77.697513366499294, 12.80908570829606 ], [ 77.697409442008976, 12.808992666102418 ], [ 77.69729973132597, 12.808906170557851 ], [ 77.696916631325962, 12.808623068597056 ], [ 77.696801567428224, 12.80854346097744 ], [ 77.696681604420348, 12.80847105556151 ], [ 77.696557215741564, 12.808406138106694 ], [ 77.696428892297121, 12.808348964818402 ], [ 77.696297140521054, 12.808299761338825 ], [ 77.696162480377438, 12.808258721856332 ], [ 77.696025443308315, 12.808226008339043 ], [ 77.695886570136423, 12.808201749895517 ], [ 77.695746408930688, 12.808186042265211 ], [ 77.695605512843372, 12.808178947440563 ], [ 77.695464437926987, 12.808180493422331 ], [ 77.695323740939742, 12.808190674109076 ], [ 77.695183977148375, 12.808209449321232 ], [ 77.69504569813671, 12.808236744959707 ], [ 77.694909449628867, 12.808272453298338 ], [ 77.69477576933545, 12.808316433409084 ], [ 77.694645184831472, 12.808368511718264 ], [ 77.694518211474346, 12.80842848269163 ], [ 77.694395350369874, 12.808496109645606 ], [ 77.694277086394735, 12.808571125681457 ], [ 77.694163886282794, 12.808653234738696 ], [ 77.694056196783194, 12.808742112763625 ], [ 77.693954442897166, 12.808837408988316 ], [ 77.693859026200812, 12.808938747315047 ], [ 77.693770323260281, 12.809045727800701 ], [ 77.693688684145485, 12.809157928235267 ], [ 77.693614431048772, 12.809274905808227 ], [ 77.693547857013186, 12.809396198856211 ], [ 77.693489224776002, 12.809521328685099 ], [ 77.693438765731884, 12.809649801459276 ], [ 77.693396679019628, 12.809781110150682 ], [ 77.693363130736287, 12.809914736539874 ], [ 77.693338253281567, 12.810050153261281 ], [ 77.693322144835435, 12.810186825884511 ], [ 77.69331486897056, 12.810324215023565 ], [ 77.693316454401483, 12.810461778465539 ], [ 77.693326894871191, 12.810598973310542 ], [ 77.693346149175952, 12.810735258114235 ], [ 77.693374141327823, 12.810870095024672 ], [ 77.693410760854547, 12.811002951904918 ], [ 77.693455863235599, 12.811133304433101 ], [ 77.693509270472475, 12.811260638171625 ], [ 77.693570771791215, 12.81138445059735 ], [ 77.6936401244742, 12.811504253084737 ], [ 77.693717054818094, 12.811619572834154 ], [ 77.693801259213998, 12.811729954737686 ], [ 77.693892405345579, 12.811834963175164 ], [ 77.693990133500691, 12.81193418373322 ], [ 77.694094057991009, 12.812027224840703 ], [ 77.694203768674015, 12.812113719313912 ], [ 77.694586868674023, 12.812396817352868 ] ] ] ] } },
{ "type": "Feature", "properties": { "fid": 619, "full_id": "w1240080119", "osm_id": "1240080119", "osm_type": "way", "material": null, "roof:colour": null, "ramp": null, "handrail": null, "embankment": null, "disused:crossing": null, "crossing:signals": null, "traffic_calming": null, "wheelchair": null, "crossing:island": null, "traffic_signals:vibration": null, "button_operated": null, "traffic_signals:sound": null, "crossing:markings": null, "smoothness": null, "check_date:surface": null, "incline": null, "covered": null, "tactile_paving": null, "kerb": null, "crossing": null, "footway": null, "trail_visibility": null, "name:kn": null, "name:ur": null, "name:pa": null, "brand:wikipedia": null, "brand:wikidata": null, "brand:ur": null, "brand:pa": null, "brand": null, "service": null, "oneway": null, "maxspeed": null, "lanes": null, "cycleway": null, "bridge": "yes", "tunnel": null, "layer": "1", "width": null, "sidewalk": null, "name:etymology:wikidata": null, "name": null, "lit": null, "horse": null, "surface": null, "motor_vehicle": null, "highway": "footway", "foot": null, "bicycle": null, "access": null, "b_fid": 1 }, "geometry": { "type": "MultiPolygon", "coordinates": [ [ [ [ 77.676189865575779, 12.840014015713377 ], [ 77.676240259270685, 12.840098928966013 ], [ 77.676318446769898, 12.840213428950859 ], [ 77.676403853890548, 12.840322916279742 ], [ 77.67649614356975, 12.840426958863024 ], [ 77.676594951582331, 12.840525146099164 ], [ 77.676699887978174, 12.840617090495074 ], [ 77.676810538621282, 12.840702429195275 ], [ 77.676926466824114, 12.840780825413791 ], [ 77.677047215071013, 12.840851969763193 ], [ 77.677172306823834, 12.840915581475516 ], [ 77.677301248402543, 12.840971409510184 ], [ 77.677433530933655, 12.841019233544712 ], [ 77.677568632358472, 12.841058864844101 ], [ 77.677706019493357, 12.84109014700562 ], [ 77.677845150134075, 12.84111295657601 ], [ 77.677985475195555, 12.84112720353863 ], [ 77.67812644087887, 12.841132831668688 ], [ 77.678267490856868, 12.841129818755105 ], [ 77.67840806846975, 12.841118176688164 ], [ 77.678547618921897, 12.841097951412586 ], [ 77.678685591471407, 12.84106922274624 ], [ 77.67882144160366, 12.841032104065153 ], [ 77.678954633180282, 12.840986741856122 ], [ 77.679084640554933, 12.840933315138654 ], [ 77.679210950647928, 12.840872034758522 ], [ 77.679333064971019, 12.840803142555746 ], [ 77.679450501594758, 12.840726910410233 ], [ 77.679562797050451, 12.84064363916891 ], [ 77.679669508159265, 12.840553657458489 ], [ 77.67977021378114, 12.840457320388676 ], [ 77.679864516477039, 12.840355008150791 ], [ 77.679952044077311, 12.840247124517452 ], [ 77.679985644077291, 12.8402029247467 ], [ 77.680066822036764, 12.840088734839663 ], [ 77.680140408826006, 12.839969755129074 ], [ 77.680206108166644, 12.839846464649888 ], [ 77.680263655537033, 12.839719359793758 ], [ 77.680312819237429, 12.839588952310532 ], [ 77.680353401322733, 12.8394557672479 ], [ 77.680385238399523, 12.839320340837515 ], [ 77.680408202283971, 12.839183218336052 ], [ 77.680422200517839, 12.839044951829907 ], [ 77.680427176740821, 12.83890609801243 ], [ 77.680423110917445, 12.838767215942532 ], [ 77.680410019417664, 12.838628864793813 ], [ 77.680387954951129, 12.838491601603168 ], [ 77.680357006354711, 12.838355979027998 ], [ 77.680317298235067, 12.838222543121057 ], [ 77.6802689904668, 12.838091831131836 ], [ 77.680212277548748, 12.837964369343434 ], [ 77.680147387821066, 12.837840670953501 ], [ 77.6800745825456, 12.837721234007923 ], [ 77.679994154854228, 12.837606539395464 ], [ 77.679729754854222, 12.837254037583206 ], [ 77.679643122479462, 12.837145827396219 ], [ 77.679549705946243, 12.837043122620052 ], [ 77.679449872408469, 12.836946326921039 ], [ 77.679344014240641, 12.836855820741183 ], [ 77.679232547495914, 12.836771959802814 ], [ 77.679115910270639, 12.836695073710374 ], [ 77.678994560982758, 12.836625464654878 ], [ 77.678868976569873, 12.836563406226116 ], [ 77.678739650614887, 12.836509142337247 ], [ 77.678607091406079, 12.8364628862661 ], [ 77.678471819939318, 12.836424819816818 ], [ 77.678334367870406, 12.836395092605253 ], [ 77.678195275425551, 12.83637382147089 ], [ 77.67805508927816, 12.83636109001756 ], [ 77.677914360400109, 12.836356948284843 ], [ 77.677773641896451, 12.836361412551366 ], [ 77.677633486831439, 12.836374465270818 ], [ 77.677494446054823, 12.83639605514092 ], [ 77.677357066036919, 12.836426097305084 ], [ 77.677221886720716, 12.836464473685941 ], [ 77.677089439399907, 12.836511033449492 ], [ 77.676960244630578, 12.836565593597966 ], [ 77.676834810185383, 12.836627939689135 ], [ 77.676713629057829, 12.836697826679213 ], [ 77.676597177524641, 12.836774979886037 ], [ 77.676485913273851, 12.836859096068739 ], [ 77.676450313273861, 12.836887796261367 ], [ 77.676344461418296, 12.836978738956844 ], [ 77.676244675157122, 12.837075982534117 ], [ 77.676151348301175, 12.837179143210129 ], [ 77.676064849168895, 12.837287813849796 ], [ 77.675985519132851, 12.837401565572899 ], [ 77.675913671272411, 12.837519949446763 ], [ 77.675849589138323, 12.837642498258127 ], [ 77.675793525633438, 12.83776872835708 ], [ 77.675745702014837, 12.837898141565933 ], [ 77.675706307020462, 12.83803022714536 ], [ 77.67567549612437, 12.838164463810122 ], [ 77.675653390923117, 12.838300321786411 ], [ 77.675640078655775, 12.838437264902675 ], [ 77.675635611859846, 12.838574752705664 ], [ 77.675640008163697, 12.838712242593385 ], [ 77.67565325021711, 12.838849191956502 ], [ 77.675675285759795, 12.838985060319766 ], [ 77.675706027827502, 12.839119311475008 ], [ 77.675745355095344, 12.839251415597259 ], [ 77.675793112356544, 12.83938085133569 ], [ 77.675849111135037, 12.839507107871093 ], [ 77.675913130429208, 12.839629686931749 ], [ 77.675984917584159, 12.839748104759842 ], [ 77.676064189288795, 12.839861894020501 ], [ 77.67615063269389, 12.839970605646082 ], [ 77.676189865575779, 12.840014015713377 ] ] ] ] } },
{ "type": "Feature", "properties": { "fid": 621, "full_id": "w1240101156", "osm_id": "1240101156", "osm_type": "way", "material": null, "roof:colour": null, "ramp": null, "handrail": null, "embankment": null, "disused:crossing": null, "crossing:signals": null, "traffic_calming": null, "wheelchair": null, "crossing:island": null, "traffic_signals:vibration": null, "button_operated": null, "traffic_signals:sound": null, "crossing:markings": null, "smoothness": null, "check_date:surface": null, "incline": null, "covered": null, "tactile_paving": null, "kerb": null, "crossing": null, "footway": null, "trail_visibility": null, "name:kn": null, "name:ur": null, "name:pa": null, "brand:wikipedia": null, "brand:wikidata": null, "brand:ur": null, "brand:pa": null, "brand": null, "service": null, "oneway": null, "maxspeed": null, "lanes": null, "cycleway": null, "bridge": "yes", "tunnel": null, "layer": "1", "width": null, "sidewalk": null, "name:etymology:wikidata": null, "name": null, "lit": null, "horse": null, "surface": null, "motor_vehicle": null, "highway": "footway", "foot": null, "bicycle": null, "access": null, "b_fid": 1 }, "geometry": { "type": "MultiPolygon", "coordinates": [ [ [ [ 77.633280649717136, 12.900765305126674 ], [ 77.633243069048405, 12.900719666885553 ], [ 77.633148021968438, 12.900618035981275 ], [ 77.63304661573676, 12.90052242299806 ], [ 77.632939250557513, 12.900433205283779 ], [ 77.632826350151973, 12.900350734947017 ], [ 77.632708360086468, 12.900275337467331 ], [ 77.632585746013888, 12.900207310410657 ], [ 77.632458991835946, 12.900146922254821 ], [ 77.632328597793489, 12.900094411329897 ], [ 77.632195078492217, 12.900049984877532 ], [ 77.632058960871817, 12.900013818232994 ], [ 77.631920782126357, 12.899986054133102 ], [ 77.63178108758423, 12.899966802152894 ], [ 77.63164042855594, 12.89995613827311 ], [ 77.631499360158443, 12.899954104580312 ], [ 77.631358439124227, 12.899960709100766 ], [ 77.631218221604257, 12.899975925768761 ], [ 77.63107926097301, 12.899999694529503 ], [ 77.630942105644621, 12.900031921576133 ], [ 77.630807296908515, 12.900072479719968 ], [ 77.630675366793184, 12.900121208892548 ], [ 77.630546835966499, 12.900177916777377 ], [ 77.630422211680937, 12.900242379568994 ], [ 77.630301985771595, 12.900314342856321 ], [ 77.630186632715251, 12.900393522626802 ], [ 77.630076607757672, 12.900479606387357 ], [ 77.62997234511711, 12.900572254397774 ], [ 77.629874256270625, 12.900671101011596 ], [ 77.629782728330014, 12.900775756119293 ], [ 77.62969812251427, 12.900885806687938 ], [ 77.629620772723911, 12.901000818391399 ], [ 77.629554772723907, 12.901106018871731 ], [ 77.629484976558331, 12.901225551897088 ], [ 77.629423018958121, 12.901349121340131 ], [ 77.629369144498483, 12.901476239409716 ], [ 77.629323565846718, 12.901606404307225 ], [ 77.629286462922764, 12.901739102207488 ], [ 77.629257982188975, 12.901873809287137 ], [ 77.629238236071927, 12.902009993792447 ], [ 77.629227302518672, 12.902147118138455 ], [ 77.629225224688909, 12.902284641031088 ], [ 77.629232010784833, 12.902422019603907 ], [ 77.629247634018597, 12.902558711561074 ], [ 77.629272032718092, 12.902694177318018 ], [ 77.629305110570428, 12.902827882131396 ], [ 77.629346737002038, 12.90295929820995 ], [ 77.629396747694258, 12.903087906797877 ], [ 77.629454945231814, 12.903213200222536 ], [ 77.62952109988224, 12.903334683898395 ], [ 77.629594950502621, 12.903451878279308 ], [ 77.629676205570561, 12.903564320751393 ], [ 77.629764544334833, 12.90367156745911 ], [ 77.629859618081653, 12.903773195057235 ], [ 77.629961051511131, 12.90386880238189 ], [ 77.630068444218765, 12.90395801203403 ], [ 77.630181372276112, 12.904040471869077 ], [ 77.630299389904025, 12.904115856386895 ], [ 77.630834589904026, 12.904434754005344 ], [ 77.630957216722393, 12.904502758079611 ], [ 77.631083982214591, 12.904563122614139 ], [ 77.631214386095081, 12.904615609383294 ], [ 77.631347913719367, 12.904660011250797 ], [ 77.631484038114891, 12.90469615298711 ], [ 77.631622222060855, 12.90472389196092 ], [ 77.631761920208362, 12.90474311870198 ], [ 77.631902581232637, 12.904753757333099 ], [ 77.632043650008896, 12.904755765869551 ], [ 77.632184569803101, 12.904749136384778 ], [ 77.632324784469233, 12.904733895041634 ], [ 77.632463740644056, 12.904710101989169 ], [ 77.632600889930984, 12.904677851125275 ], [ 77.632735691064525, 12.904637269726132 ], [ 77.632867612046127, 12.904588517943965 ], [ 77.632996132243946, 12.904531788175078 ], [ 77.633120744447524, 12.904467304300599 ], [ 77.633240956869372, 12.904395320803033 ], [ 77.633356295086003, 12.90431612176201 ], [ 77.633466303910183, 12.904230019733266 ], [ 77.633570549187297, 12.904137354515226 ], [ 77.633668619508896, 12.904038491808093 ], [ 77.633760127836211, 12.903933821770689 ], [ 77.633844713027699, 12.903823757480817 ], [ 77.633922041264242, 12.903708733305116 ], [ 77.633991807366627, 12.903589203184939 ], [ 77.634053735999885, 12.903465638844942 ], [ 77.634107582760038, 12.90333852793152 ], [ 77.63415313513849, 12.903208372088359 ], [ 77.634190213360839, 12.903075684976761 ], [ 77.634218671096278, 12.902940990248528 ], [ 77.634238396035101, 12.90280481947941 ], [ 77.634249310331995, 12.902667710071254 ], [ 77.634251370913248, 12.902530203131155 ], [ 77.634244569646668, 12.902392841335978 ], [ 77.634228933373734, 12.902256166790661 ], [ 77.634204523803675, 12.902120718888764 ], [ 77.634171437269927, 12.901987032183696 ], [ 77.634129804349911, 12.90185563427905 ], [ 77.634079789349755, 12.901727043746339 ], [ 77.634021589655788, 12.901601768078359 ], [ 77.633955434955638, 12.901480301686293 ], [ 77.633881586331682, 12.90136312394838 ], [ 77.633800335230688, 12.901250697317968 ], [ 77.633712002313644, 12.901143465498301 ], [ 77.633616936190208, 12.901041851691325 ], [ 77.633515512042948, 12.900946256927391 ], [ 77.63340813014662, 12.900857058482472 ], [ 77.633295214288523, 12.900774608389099 ], [ 77.633280649717136, 12.900765305126674 ] ] ] ] } },
{ "type": "Feature", "properties": { "fid": 622, "full_id": "w1240101158", "osm_id": "1240101158", "osm_type": "way", "material": null, "roof:colour": null, "ramp": null, "handrail": null, "embankment": null, "disused:crossing": null, "crossing:signals": null, "traffic_calming": null, "wheelchair": null, "crossing:island": null, "traffic_signals:vibration": null, "button_operated": null, "traffic_signals:sound": null, "crossing:markings": null, "smoothness": null, "check_date:surface": null, "incline": null, "covered": null, "tactile_paving": null, "kerb": null, "crossing": null, "footway": null, "trail_visibility": null, "name:kn": null, "name:ur": null, "name:pa": null, "brand:wikipedia": null, "brand:wikidata": null, "brand:ur": null, "brand:pa": null, "brand": null, "service": null, "oneway": null, "maxspeed": null, "lanes": null, "cycleway": null, "bridge": "yes", "tunnel": null, "layer": "1", "width": null, "sidewalk": null, "name:etymology:wikidata": null, "name": null, "lit": null, "horse": null, "surface": null, "motor_vehicle": null, "highway": "footway", "foot": null, "bicycle": null, "access": null, "b_fid": 1 }, "geometry": { "type": "MultiPolygon", "coordinates": [ [ [ [ 77.645461143998645, 12.879474503248439 ], [ 77.645337481246486, 12.87940829890008 ], [ 77.645209798224869, 12.879349794670793 ], [ 77.6450785988403, 12.879299221455513 ], [ 77.64494440087681, 12.879256778848465 ], [ 77.64480773395249, 12.879222634355404 ], [ 77.644669137429233, 12.879196922732454 ], [ 77.644529158284172, 12.879179745454262 ], [ 77.644388348951082, 12.879171170313448 ], [ 77.644247265140052, 12.879171231153062 ], [ 77.644106463644434, 12.879179927732993 ], [ 77.643966500143421, 12.879197225730914 ], [ 77.643827927008971, 12.879223056877761 ], [ 77.643691291125975, 12.879257319227174 ], [ 77.643557131733814, 12.879299877557893 ], [ 77.64342597829831, 12.879350563907446 ], [ 77.643298348422206, 12.879409178235107 ], [ 77.643174745802256, 12.879475489211423 ], [ 77.643055658241551, 12.879549235131272 ], [ 77.642941555724306, 12.879630124946766 ], [ 77.642832888561017, 12.879717839416008 ], [ 77.642730085611319, 12.879812032363086 ], [ 77.642633552591505, 12.879912332044375 ], [ 77.642543670473302, 12.880018342615775 ], [ 77.642460793980348, 12.880129645695016 ], [ 77.642385250188298, 12.880245802012949 ], [ 77.642317337234019, 12.880366353147219 ], [ 77.642257323138907, 12.88049082333159 ], [ 77.642205444751156, 12.880618721333637 ], [ 77.642161906811069, 12.880749542393522 ], [ 77.642126881143014, 12.880882770216118 ], [ 77.642100505977282, 12.881017879008658 ], [ 77.642082885404605, 12.881154335555857 ], [ 77.642074088965373, 12.8812916013243 ], [ 77.642074151375084, 12.881429134587828 ], [ 77.642083072387422, 12.881566392565485 ], [ 77.642100816795235, 12.88170283356364 ], [ 77.642127314569464, 12.881837919113778 ], [ 77.642162461135484, 12.881971116097562 ], [ 77.642206117785889, 12.882101898850784 ], [ 77.642258112227765, 12.882229751237833 ], [ 77.642318239262863, 12.882354168688625 ], [ 77.642386261597224, 12.882474660189789 ], [ 77.642461910777754, 12.882590750222422 ], [ 77.64254488825172, 12.882701980638629 ], [ 77.642634866544952, 12.882807912469529 ], [ 77.642731490554183, 12.882908127657556 ], [ 77.642834378948621, 12.883002230706239 ], [ 77.642943125674805, 12.883089850240927 ], [ 77.643057301559054, 12.883170640474312 ], [ 77.643176456001328, 12.883244282571011 ], [ 77.643712456001353, 12.883552980248393 ], [ 77.643836118753498, 12.883619183501533 ], [ 77.643963801775129, 12.883677686733865 ], [ 77.644095001159698, 12.883728259065322 ], [ 77.644229199123188, 12.883770700914882 ], [ 77.644365866047494, 12.883804844788115 ], [ 77.644504462570765, 12.883830555938177 ], [ 77.644644441715812, 12.883847732897507 ], [ 77.644785251048901, 12.883856307878258 ], [ 77.644926334859932, 12.88385624703978 ], [ 77.64506713635555, 12.883847550622171 ], [ 77.645207099856577, 12.883830252945323 ], [ 77.645345672991013, 12.883804422273487 ], [ 77.645482308874023, 12.883770160545907 ], [ 77.645616468266169, 12.883727602974538 ], [ 77.645747621701673, 12.883676917510495 ], [ 77.645875251577777, 12.883618304181283 ], [ 77.645998854197742, 12.883551994301452 ], [ 77.646117941758433, 12.883478249559809 ], [ 77.646232044275678, 12.883397360986729 ], [ 77.646340711438981, 12.883309647805696 ], [ 77.646443514388665, 12.883215456173582 ], [ 77.646540047408493, 12.883115157814647 ], [ 77.646629929526696, 12.883009148553601 ], [ 77.64671280601965, 12.88289784675359 ], [ 77.646788349811686, 12.882781691665214 ], [ 77.646856262765965, 12.882661141693124 ], [ 77.646916276861091, 12.882536672586989 ], [ 77.646968155248842, 12.88240877556404 ], [ 77.647011693188929, 12.882277955370537 ], [ 77.647046718856984, 12.882144728289854 ], [ 77.647073094022716, 12.882009620104993 ], [ 77.647090714595365, 12.881873164023627 ], [ 77.647099511034611, 12.881735898573812 ], [ 77.647099448624914, 12.881598365478686 ], [ 77.647090527612576, 12.881461107518541 ], [ 77.647072783204763, 12.881324666388746 ], [ 77.647046285430534, 12.881189580561871 ], [ 77.647011138864499, 12.881056383162587 ], [ 77.646967482214109, 12.880925599863598 ], [ 77.646915487772233, 12.880797746811023 ], [ 77.646855360737121, 12.880673328587308 ], [ 77.646787338402774, 12.880552836219824 ], [ 77.646711689222229, 12.880436745242893 ], [ 77.646628711748278, 12.880325513820994 ], [ 77.646538733455046, 12.880219580940485 ], [ 77.6464421094458, 12.880119364677032 ], [ 77.646339221051363, 12.880025260545526 ], [ 77.646230474325179, 12.879937639939069 ], [ 77.646116298440944, 12.87985684866314 ], [ 77.645997143998656, 12.879783205570744 ], [ 77.645461143998645, 12.879474503248439 ] ] ] ] } },
{ "type": "Feature", "properties": { "fid": 626, "full_id": "w1240101163", "osm_id": "1240101163", "osm_type": "way", "material": null, "roof:colour": null, "ramp": null, "handrail": null, "embankment": null, "disused:crossing": null, "crossing:signals": null, "traffic_calming": null, "wheelchair": null, "crossing:island": null, "traffic_signals:vibration": null, "button_operated": null, "traffic_signals:sound": null, "crossing:markings": null, "smoothness": null, "check_date:surface": null, "incline": null, "covered": null, "tactile_paving": null, "kerb": null, "crossing": null, "footway": null, "trail_visibility": null, "name:kn": null, "name:ur": null, "name:pa": null, "brand:wikipedia": null, "brand:wikidata": null, "brand:ur": null, "brand:pa": null, "brand": null, "service": null, "oneway": null, "maxspeed": null, "lanes": null, "cycleway": null, "bridge": "yes", "tunnel": null, "layer": "1", "width": null, "sidewalk": null, "name:etymology:wikidata": null, "name": null, "lit": null, "horse": null, "surface": null, "motor_vehicle": null, "highway": "footway", "foot": null, "bicycle": null, "access": null, "b_fid": 1 }, "geometry": { "type": "MultiPolygon", "coordinates": [ [ [ [ 77.652959304007268, 12.872408680257118 ], [ 77.653086217609641, 12.872432014023143 ], [ 77.653226225594011, 12.872448966925218 ], [ 77.653367049227853, 12.87245731613581 ], [ 77.653508132744591, 12.872457028705258 ], [ 77.653648919352065, 12.872448105767891 ], [ 77.653788853429845, 12.87243058253754 ], [ 77.65392738272206, 12.872404528168603 ], [ 77.654063960516879, 12.87237004548313 ], [ 77.65419804780413, 12.872327270565082 ], [ 77.654329115402575, 12.872276372223322 ], [ 77.65445664604826, 12.87221755132547 ], [ 77.65458013643601, 12.872151040005253 ], [ 77.654699099205658, 12.872077100746457 ], [ 77.654813064865507, 12.871996025347126 ], [ 77.654921583645176, 12.871908133768059 ], [ 77.655024227270616, 12.871813772870189 ], [ 77.655120590654334, 12.871713315045788 ], [ 77.655210293494065, 12.871607156748913 ], [ 77.65529298177367, 12.8714957169309 ], [ 77.655368329160325, 12.871379435387054 ], [ 77.655436038292294, 12.8712587710211 ], [ 77.655495841952572, 12.87113420003419 ], [ 77.655547504123433, 12.871006214045648 ], [ 77.65559082091788, 12.870875318152864 ], [ 77.655625621384331, 12.870742028937981 ], [ 77.655651768181244, 12.870606872429242 ], [ 77.655669158119125, 12.87047038202506 ], [ 77.655677722567901, 12.870333096388965 ], [ 77.655677427727511, 12.870195557323788 ], [ 77.655668274761652, 12.870058307633405 ], [ 77.655650299792825, 12.869921888980569 ], [ 77.655623573760082, 12.869786839749171 ], [ 77.655588202138802, 12.869653692919467 ], [ 77.655544324524655, 12.869522973964612 ], [ 77.655492114082534, 12.869395198776795 ], [ 77.655431776863182, 12.869270871631187 ], [ 77.65536355099006, 12.869150483195719 ], [ 77.655287705719488, 12.869034508594556 ], [ 77.655204540378151, 12.86892340553289 ], [ 77.655114383181612, 12.868817612490508 ], [ 77.655017589939163, 12.868717546991194 ], [ 77.654914542649479, 12.868623603954838 ], [ 77.654805647993186, 12.86853615413877 ], [ 77.654691335727691, 12.868455542674418 ], [ 77.654572056991313, 12.868382087705154 ], [ 77.654448282522708, 12.868316079130578 ], [ 77.654320500803166, 12.868257777462361 ], [ 77.654189216128771, 12.868207412795991 ], [ 77.653769644769127, 12.868061116408319 ], [ 77.653764384158421, 12.868058417914476 ], [ 77.653637477592625, 12.868002810962716 ], [ 77.653507282446796, 12.867954971966096 ], [ 77.653374298450572, 12.867915084550123 ], [ 77.653239036038045, 12.867883301818981 ], [ 77.653102014388622, 12.867859745767818 ], [ 77.652963759434215, 12.867844506814455 ], [ 77.652824801840524, 12.867837643452265 ], [ 77.652685674970172, 12.867839182025669 ], [ 77.652546912835575, 12.867849116628982 ], [ 77.652409048049151, 12.867867409129106 ], [ 77.652272609779004, 12.86789398931189 ], [ 77.652138121717854, 12.86792875515167 ], [ 77.652006100072882, 12.867971573202924 ], [ 77.651877051584393, 12.868022279112521 ], [ 77.651751471580809, 12.868080678250617 ], [ 77.651629842077412, 12.868146546457792 ], [ 77.651512629926245, 12.868219630905509 ], [ 77.651400285024138, 12.86829965106665 ], [ 77.651293238585922, 12.868386299792361 ], [ 77.651191901489284, 12.86847924449107 ], [ 77.65109666269764, 12.868578128405199 ], [ 77.651007887767221, 12.868682571980601 ], [ 77.650925917443956, 12.86879217432352 ], [ 77.650851066355557, 12.868906514739452 ], [ 77.650821566355575, 12.868954814955179 ], [ 77.650749662940655, 12.869081950755685 ], [ 77.650686560565276, 12.869213452635393 ], [ 77.650632536699419, 12.869348742355667 ], [ 77.650587828893592, 12.869487225022974 ], [ 77.650552633734307, 12.869628291704792 ], [ 77.650519033734327, 12.869785491984755 ], [ 77.650494606706744, 12.869920954384726 ], [ 77.650478952818119, 12.870057644661216 ], [ 77.650472133847174, 12.870195023358582 ], [ 77.650474176705259, 12.87033254830518 ], [ 77.650485073330202, 12.870469676753086 ], [ 77.650504780717952, 12.870605867520052 ], [ 77.650533221092459, 12.870740583125299 ], [ 77.650570282212556, 12.870873291910689 ], [ 77.650615817814966, 12.871003470138865 ], [ 77.650669648191453, 12.87113060406017 ], [ 77.65073156089808, 12.871254191940103 ], [ 77.65080131159371, 12.871373746039358 ], [ 77.650878625004239, 12.87148879453863 ], [ 77.650963196008902, 12.871598883400551 ], [ 77.651054690844617, 12.871703578161489 ], [ 77.651152748423058, 12.871802465646059 ], [ 77.651256981755765, 12.871895155597633 ], [ 77.651366979481381, 12.87198128221838 ], [ 77.651482307489147, 12.872060505612808 ], [ 77.651602510632088, 12.872132513129051 ], [ 77.651727114523368, 12.872197020592676 ], [ 77.651855627408281, 12.872253773428071 ], [ 77.651987542105218, 12.872302547663059 ], [ 77.652122338007132, 12.87234315081272 ], [ 77.652259483136191, 12.87237542263898 ], [ 77.652398436243217, 12.872399235782922 ], [ 77.652538648943789, 12.872414496267361 ], [ 77.652679567882416, 12.872421143867708 ], [ 77.652820636916431, 12.872419152349604 ], [ 77.652959304007268, 12.872408680257118 ] ] ] ] } },
{ "type": "Feature", "properties": { "fid": 627, "full_id": "w1240101170", "osm_id": "1240101170", "osm_type": "way", "material": null, "roof:colour": null, "ramp": null, "handrail": null, "embankment": null, "disused:crossing": null, "crossing:signals": null, "traffic_calming": null, "wheelchair": null, "crossing:island": null, "traffic_signals:vibration": null, "button_operated": null, "traffic_signals:sound": null, "crossing:markings": null, "smoothness": null, "check_date:surface": null, "incline": null, "covered": null, "tactile_paving": null, "kerb": null, "crossing": null, "footway": null, "trail_visibility": null, "name:kn": null, "name:ur": null, "name:pa": null, "brand:wikipedia": null, "brand:wikidata": null, "brand:ur": null, "brand:pa": null, "brand": null, "service": null, "oneway": null, "maxspeed": null, "lanes": null, "cycleway": null, "bridge": "yes", "tunnel": null, "layer": "1", "width": null, "sidewalk": null, "name:etymology:wikidata": null, "name": null, "lit": null, "horse": null, "surface": null, "motor_vehicle": null, "highway": "footway", "foot": null, "bicycle": null, "access": null, "b_fid": 1 }, "geometry": { "type": "MultiPolygon", "coordinates": [ [ [ [ 77.657740462321058, 12.864878343098123 ], [ 77.657854419867775, 12.864959431636064 ], [ 77.657973375238299, 12.865033384306203 ], [ 77.658096858970154, 12.86509990925757 ], [ 77.658224383729461, 12.865158743952579 ], [ 77.658355446234253, 12.865209656203051 ], [ 77.658489529240711, 12.865252445086469 ], [ 77.658626103584439, 12.86528694173886 ], [ 77.658764630268919, 12.865313010021135 ], [ 77.658904562592596, 12.865330547056335 ], [ 77.659045348306563, 12.865339483635591 ], [ 77.65918643179387, 12.865339784491223 ], [ 77.659327256262486, 12.865331448435924 ], [ 77.659467265942538, 12.865314508367437 ], [ 77.659605908279801, 12.865289031138742 ], [ 77.65974263611632, 12.865255117294238 ], [ 77.659876909849771, 12.865212900672979 ], [ 77.66000819956308, 12.865162547880548 ], [ 77.660135987115737, 12.865104257631574 ], [ 77.660259768188638, 12.865038259965594 ], [ 77.660379054274443, 12.864964815339276 ], [ 77.660493374605451, 12.864884213598598 ], [ 77.660602278011581, 12.864796772835069 ], [ 77.660705334700822, 12.864702838130478 ], [ 77.6608021379555, 12.864602780195113 ], [ 77.660892305737391, 12.864496993904849 ], [ 77.660975482195468, 12.864385896742871 ], [ 77.661051339070241, 12.864269927152172 ], [ 77.661119576989279, 12.864149542805311 ], [ 77.6611799266487, 12.8640252187983 ], [ 77.661232149875957, 12.863897445775718 ], [ 77.661276040569845, 12.863766727994429 ], [ 77.661311425513844, 12.863633581333609 ], [ 77.661338165059732, 12.863498531258848 ], [ 77.661356153678767, 12.863362110748461 ], [ 77.661365320378025, 12.86322485819008 ], [ 77.661365628980803, 12.863087315255934 ], [ 77.661357078269162, 12.862950024765111 ], [ 77.661339701988851, 12.862813528541317 ], [ 77.66131356871611, 12.862678365274522 ], [ 77.661278781587015, 12.862545068394974 ], [ 77.661235477890486, 12.86241416396795 ], [ 77.661183828526418, 12.86228616861756 ], [ 77.661124037331291, 12.86216158748781 ], [ 77.661056340273589, 12.862040912248951 ], [ 77.660981004522711, 12.861924619156985 ], [ 77.660898327394392, 12.861813167174027 ], [ 77.66080863517756, 12.861706996156867 ], [ 77.660712281846372, 12.861606525120969 ], [ 77.660609647663406, 12.861512150586682 ], [ 77.660501137678892, 12.861424245014259 ], [ 77.659974437678912, 12.861024142260503 ], [ 77.65986048013221, 12.860943052450763 ], [ 77.659741524761685, 12.860869098575046 ], [ 77.65961804102983, 12.860802572501946 ], [ 77.659490516270509, 12.860743736785478 ], [ 77.659359453765731, 12.860692823628824 ], [ 77.659225370759273, 12.860650033967829 ], [ 77.659088796415531, 12.860615536677926 ], [ 77.658950269731065, 12.860589467907609 ], [ 77.658810337407374, 12.860571930541035 ], [ 77.658669551693421, 12.860562993791975 ], [ 77.6585284682061, 12.860562692930616 ], [ 77.658387643737498, 12.860571029144348 ], [ 77.658247634057432, 12.860587969533089 ], [ 77.658108991720169, 12.860613447239126 ], [ 77.65797226388365, 12.860647361711015 ], [ 77.657837990150199, 12.860689579100447 ], [ 77.65770670043689, 12.860739932790516 ], [ 77.657578912884247, 12.86079822405339 ], [ 77.657455131811332, 12.860864222834641 ], [ 77.657335845725527, 12.860937668661258 ], [ 77.657221525394519, 12.861018271669717 ], [ 77.657112621988389, 12.861105713750028 ], [ 77.657009565299148, 12.861199649801295 ], [ 77.65691276204447, 12.861299709093762 ], [ 77.656822594262593, 12.861405496732031 ], [ 77.656739417804516, 12.861516595213658 ], [ 77.656663560929744, 12.861632566076933 ], [ 77.656595323010691, 12.861752951631413 ], [ 77.656534973351285, 12.861877276764309 ], [ 77.656482750124027, 12.862005050815638 ], [ 77.656438859430139, 12.86213576951471 ], [ 77.656403474486126, 12.862268916970351 ], [ 77.656376734940253, 12.862403967706934 ], [ 77.656358746321217, 12.862540388738266 ], [ 77.656349579621946, 12.862677641671059 ], [ 77.656349271019167, 12.862815184829783 ], [ 77.656357821730808, 12.862952475394382 ], [ 77.656375198011133, 12.863088971542588 ], [ 77.656401331283874, 12.863224134588194 ], [ 77.656436118412955, 12.863357431106989 ], [ 77.656479422109499, 12.863488335041898 ], [ 77.656531071473552, 12.86361632977904 ], [ 77.656590862668693, 12.863740910186493 ], [ 77.656658559726381, 12.863861584607749 ], [ 77.656733895477274, 12.863977876801968 ], [ 77.656816572605578, 12.864089327823393 ], [ 77.656906264822425, 12.864195497832497 ], [ 77.657002618153612, 12.864295967831715 ], [ 77.657105252336578, 12.864390341318941 ], [ 77.657213762321078, 12.864478245852219 ], [ 77.657740462321058, 12.864878343098123 ] ] ] ] } },
{ "type": "Feature", "properties": { "fid": 630, "full_id": "w1240101176", "osm_id": "1240101176", "osm_type": "way", "material": null, "roof:colour": null, "ramp": null, "handrail": null, "embankment": null, "disused:crossing": null, "crossing:signals": null, "traffic_calming": null, "wheelchair": null, "crossing:island": null, "traffic_signals:vibration": null, "button_operated": null, "traffic_signals:sound": null, "crossing:markings": null, "smoothness": null, "check_date:surface": null, "incline": null, "covered": null, "tactile_paving": null, "kerb": null, "crossing": null, "footway": null, "trail_visibility": null, "name:kn": null, "name:ur": null, "name:pa": null, "brand:wikipedia": null, "brand:wikidata": null, "brand:ur": null, "brand:pa": null, "brand": null, "service": null, "oneway": null, "maxspeed": null, "lanes": null, "cycleway": null, "bridge": "yes", "tunnel": null, "layer": "1", "width": null, "sidewalk": null, "name:etymology:wikidata": null, "name": null, "lit": null, "horse": null, "surface": null, "motor_vehicle": null, "highway": "footway", "foot": null, "bicycle": null, "access": null, "b_fid": 1 }, "geometry": { "type": "MultiPolygon", "coordinates": [ [ [ [ 77.665410848102781, 12.854278479740813 ], [ 77.66540279375495, 12.854271787201865 ], [ 77.665292588123194, 12.854185907482234 ], [ 77.665177068912612, 12.854106943652306 ], [ 77.665056692024763, 12.85403520735291 ], [ 77.664931932532212, 12.853970981700758 ], [ 77.664803282803717, 12.853914520171001 ], [ 77.664671250560957, 12.853866045596817 ], [ 77.664536356874862, 12.853825749289875 ], [ 77.664399134109232, 12.853793790285263 ], [ 77.664260123819574, 12.853770294713769 ], [ 77.664119874616006, 12.853755355304068 ], [ 77.663978939998103, 12.853749031016719 ], [ 77.663837876170362, 12.853751346811437 ], [ 77.663697239847295, 12.853762293548609 ], [ 77.663557586056214, 12.853781828025333 ], [ 77.663419465946831, 12.853809873145968 ], [ 77.663283424616125, 12.853846318226399 ], [ 77.663149998957024, 12.853891019430929 ], [ 77.663019715539733, 12.853943800339961 ], [ 77.662893088533323, 12.854004452646345 ], [ 77.662770617676742, 12.854072736977525 ], [ 77.662652786306523, 12.854148383840334 ], [ 77.662540059449242, 12.854231094684648 ], [ 77.662432881986319, 12.854320543081743 ], [ 77.662331676898233, 12.854416376012663 ], [ 77.66223684359521, 12.854518215261521 ], [ 77.662148756340997, 12.854625658908276 ], [ 77.662067762775735, 12.854738282915024 ], [ 77.661994182544021, 12.854855642799601 ], [ 77.661928306033403, 12.854977275389851 ], [ 77.661870393228398, 12.855102700651651 ], [ 77.661820672684343, 12.855231423583495 ], [ 77.661779340625571, 12.855362936170097 ], [ 77.661746560170798, 12.855496719387395 ], [ 77.661722460689504, 12.855632245250936 ], [ 77.661707137291344, 12.855768978899672 ], [ 77.661700650450769, 12.855906380706827 ], [ 77.661703025768375, 12.856043908409587 ], [ 77.66171425386986, 12.856181019249183 ], [ 77.661734290443022, 12.856317172112888 ], [ 77.66176305641271, 12.856451829669551 ], [ 77.661800438252754, 12.856584460490135 ], [ 77.661846288434091, 12.856714541145013 ], [ 77.661900426007023, 12.856841558269624 ], [ 77.661962637315256, 12.856965010590429 ], [ 77.662032676839246, 12.857084410903129 ], [ 77.662110268164923, 12.857199287995343 ], [ 77.662195105074801, 12.857309188506187 ], [ 77.662286852756353, 12.857413678715368 ], [ 77.662385149123381, 12.857512346254762 ], [ 77.66248960624506, 12.857604801735766 ], [ 77.66249532877039, 12.85760955580219 ], [ 77.66301095189722, 12.858038706362922 ], [ 77.66312107735304, 12.858124682465951 ], [ 77.663236522838389, 12.858203747448757 ], [ 77.663356832742707, 12.858275589284641 ], [ 77.66348153225772, 12.858339924453016 ], [ 77.663610129251452, 12.858396499058228 ], [ 77.663742116210273, 12.858445089831463 ], [ 77.663876972242008, 12.858485505011839 ], [ 77.664014165131491, 12.858517585103074 ], [ 77.664153153441035, 12.858541203502924 ], [ 77.664293388647323, 12.858556267002756 ], [ 77.664434317306046, 12.858562716155355 ], [ 77.664575383236183, 12.85856052550953 ], [ 77.664716029714924, 12.858549703710537 ], [ 77.664855701674895, 12.858530293465956 ], [ 77.664993847894678, 12.858502371377172 ], [ 77.665129923174263, 12.8584660476371 ], [ 77.665263390486672, 12.858421465595328 ], [ 77.665393723097395, 12.858368801192471 ], [ 77.665520406643182, 12.858308262265838 ], [ 77.665642941161948, 12.858240087729321 ], [ 77.665760843065939, 12.858164546630563 ], [ 77.665873647050162, 12.858081937089262 ], [ 77.665980907928869, 12.857992585120728 ], [ 77.66608220239236, 12.857896843349353 ], [ 77.666177130677667, 12.857795089617088 ], [ 77.666265318146216, 12.857687725492372 ], [ 77.666346416762352, 12.857575174685431 ], [ 77.666420106466887, 12.857457881376217 ], [ 77.666486096440238, 12.857336308461512 ], [ 77.666544126250116, 12.857210935728224 ], [ 77.666593966879347, 12.85708225795992 ], [ 77.666635421629792, 12.856950782984294 ], [ 77.666668326898446, 12.856817029669019 ], [ 77.666692552823278, 12.856681525874111 ], [ 77.666708003795605, 12.856544806368749 ], [ 77.666714618837517, 12.856407410720816 ], [ 77.666712371842465, 12.856269881167499 ], [ 77.666701271678292, 12.856132760475344 ], [ 77.666681362152289, 12.855996589798185 ], [ 77.666652721838261, 12.85586190654146 ], [ 77.666615463766433, 12.855729242241267 ], [ 77.666569734977401, 12.855599120466607 ], [ 77.666515715941799, 12.855472054753019 ], [ 77.666453619848085, 12.855348546575851 ], [ 77.666383691761183, 12.855229083371041 ], [ 77.666306207655282, 12.855114136611393 ], [ 77.666221473324768, 12.855004159945754 ], [ 77.666129823177315, 12.854899587408594 ], [ 77.666031618914175, 12.854800831706941 ], [ 77.665927248102776, 12.854708282591515 ], [ 77.665410848102781, 12.854278479740813 ] ] ] ] } },
{ "type": "Feature", "properties": { "fid": 632, "full_id": "w1240101181", "osm_id": "1240101181", "osm_type": "way", "material": null, "roof:colour": null, "ramp": null, "handrail": null, "embankment": null, "disused:crossing": null, "crossing:signals": null, "traffic_calming": null, "wheelchair": null, "crossing:island": null, "traffic_signals:vibration": null, "button_operated": null, "traffic_signals:sound": null, "crossing:markings": null, "smoothness": null, "check_date:surface": null, "incline": null, "covered": null, "tactile_paving": null, "kerb": null, "crossing": null, "footway": null, "trail_visibility": null, "name:kn": null, "name:ur": null, "name:pa": null, "brand:wikipedia": null, "brand:wikidata": null, "brand:ur": null, "brand:pa": null, "brand": null, "service": null, "oneway": null, "maxspeed": null, "lanes": null, "cycleway": null, "bridge": "yes", "tunnel": null, "layer": "1", "width": null, "sidewalk": null, "name:etymology:wikidata": null, "name": null, "lit": null, "horse": null, "surface": "metal", "motor_vehicle": null, "highway": "footway", "foot": null, "bicycle": null, "access": null, "b_fid": 1 }, "geometry": { "type": "MultiPolygon", "coordinates": [ [ [ [ 77.680686278822037, 12.831294368002208 ], [ 77.680550581574522, 12.831256720007188 ], [ 77.680412727613913, 12.83122745402706 ], [ 77.680273260986766, 12.831206685564215 ], [ 77.68013273210417, 12.831194496584402 ], [ 77.67999169556947, 12.831190935193208 ], [ 77.67985070798936, 12.831196015446176 ], [ 77.679710325777421, 12.831209717293355 ], [ 77.67957110295815, 12.831231986658404 ], [ 77.679433588980388, 12.831262735652054 ], [ 77.67929832654896, 12.831301842918995 ], [ 77.679165849482928, 12.831349154116849 ], [ 77.679036680608704, 12.831404482525368 ], [ 77.678911329696874, 12.831467609783385 ], [ 77.678790291450156, 12.83153828675068 ], [ 77.678674043551254, 12.831616234491321 ], [ 77.678563044777547, 12.831701145374575 ], [ 77.678457733190413, 12.831792684289109 ], [ 77.678358524406605, 12.831890489965611 ], [ 77.678265809957892, 12.831994176402688 ], [ 77.678179955745833, 12.832103334390331 ], [ 77.678101300597746, 12.832217533125 ], [ 77.678030154929615, 12.832336321909906 ], [ 77.677966799520846, 12.832459231933825 ], [ 77.677911484406337, 12.832585778121365 ], [ 77.677864427889546, 12.832715461047432 ], [ 77.677825815681047, 12.83284776890831 ], [ 77.677795800165569, 12.832982179541599 ], [ 77.677774499800705, 12.833118162486985 ], [ 77.677761998649189, 12.833255181079798 ], [ 77.677758346047412, 12.833392694568996 ], [ 77.677763556410468, 12.8335301602513 ], [ 77.677777609175493, 12.833667035612981 ], [ 77.677800448882593, 12.833802780470926 ], [ 77.677831985393908, 12.833936859104449 ], [ 77.677872094249238, 12.834068742369531 ], [ 77.677920617157227, 12.834197909787024 ], [ 77.677977362620155, 12.834323851596722 ], [ 77.678042106689603, 12.834446070769044 ], [ 77.678114593850282, 12.834564084966527 ], [ 77.678194538028507, 12.834677428447289 ], [ 77.678281623721119, 12.834785653903001 ], [ 77.678375507240673, 12.834888334224104 ], [ 77.678475818071831, 12.834985064185313 ], [ 77.678582160333548, 12.835075462044742 ], [ 77.678694114341511, 12.835159171050348 ], [ 77.678811238264387, 12.835235860847767 ], [ 77.678933069867554, 12.835305228783952 ], [ 77.679059128337357, 12.835367001101515 ], [ 77.679188916178603, 12.835420934019025 ], [ 77.679321921177973, 12.835466814692996 ], [ 77.679763921177951, 12.8356042135532 ], [ 77.679899618425466, 12.835641860897455 ], [ 77.680037472386076, 12.835671126363922 ], [ 77.680176939013222, 12.835691894458115 ], [ 77.680317467895804, 12.835704083219969 ], [ 77.680458504430518, 12.835707644547259 ], [ 77.680599492010629, 12.83570256438542 ], [ 77.680739874222567, 12.835688862783002 ], [ 77.680879097041839, 12.835666593812578 ], [ 77.681016611019601, 12.835635845357329 ], [ 77.681151873451029, 12.835596738764281 ], [ 77.68128435051706, 12.835549428365429 ], [ 77.68141351939127, 12.835494100868734 ], [ 77.681538870303115, 12.835430974621339 ], [ 77.681659908549832, 12.835360298747926 ], [ 77.68177615644872, 12.83528235216764 ], [ 77.681887155222441, 12.835197442493415 ], [ 77.681992466809575, 12.835105904818068 ], [ 77.682091675593369, 12.835008100391956 ], [ 77.682184390042096, 12.834904415197387 ], [ 77.682270244254156, 12.834795258425443 ], [ 77.682348899402243, 12.834681060861197 ], [ 77.682420045070373, 12.834562273183716 ], [ 77.682483400479128, 12.834439364187533 ], [ 77.682538715593651, 12.834312818932617 ], [ 77.682585772110457, 12.834183136830179 ], [ 77.682624384318942, 12.834050829671778 ], [ 77.682654399834419, 12.833916419609594 ], [ 77.682675700199283, 12.8337804370958 ], [ 77.6826882013508, 12.833643418789141 ], [ 77.682691853952576, 12.833505905437027 ], [ 77.682686643589534, 12.833368439741466 ], [ 77.682672590824495, 12.833231564217284 ], [ 77.682649751117395, 12.83309581905104 ], [ 77.68261821460608, 12.832961739969159 ], [ 77.68257810575075, 12.832829856123599 ], [ 77.682529582842761, 12.832700688003511 ], [ 77.682472837379834, 12.832574745381018 ], [ 77.682408093310386, 12.832452525299335 ], [ 77.682335606149707, 12.83233451011105 ], [ 77.682255661971482, 12.832221165574435 ], [ 77.682168576278869, 12.832112939015206 ], [ 77.682074692759315, 12.832010257561018 ], [ 77.681974381928157, 12.831913526455695 ], [ 77.68186803966644, 12.831823127459787 ], [ 77.681756085658478, 12.831739417343844 ], [ 77.681638961735601, 12.831662726480289 ], [ 77.681517130132434, 12.831593357539465 ], [ 77.681391071662617, 12.83153158429506 ], [ 77.681261283821385, 12.831477650543519 ], [ 77.681128278822015, 12.831431769141833 ], [ 77.680686278822037, 12.831294368002208 ] ] ] ] } },
{ "type": "Feature", "properties": { "fid": 694, "full_id": "w1261916604", "osm_id": "1261916604", "osm_type": "way", "material": null, "roof:colour": null, "ramp": null, "handrail": null, "embankment": null, "disused:crossing": null, "crossing:signals": null, "traffic_calming": null, "wheelchair": null, "crossing:island": null, "traffic_signals:vibration": null, "button_operated": null, "traffic_signals:sound": null, "crossing:markings": "ladder", "smoothness": null, "check_date:surface": null, "incline": null, "covered": null, "tactile_paving": null, "kerb": null, "crossing": "uncontrolled", "footway": "crossing", "trail_visibility": null, "name:kn": null, "name:ur": null, "name:pa": null, "brand:wikipedia": null, "brand:wikidata": null, "brand:ur": null, "brand:pa": null, "brand": null, "service": null, "oneway": null, "maxspeed": null, "lanes": null, "cycleway": null, "bridge": null, "tunnel": null, "layer": null, "width": null, "sidewalk": null, "name:etymology:wikidata": null, "name": null, "lit": null, "horse": null, "surface": "asphalt", "motor_vehicle": null, "highway": "footway", "foot": null, "bicycle": null, "access": null, "b_fid": 1 }, "geometry": { "type": "MultiPolygon", "coordinates": [ [ [ [ 77.651009508118022, 12.875184638133982 ], [ 77.651021815852246, 12.875124404930823 ], [ 77.651022567456621, 12.8751207100429 ], [ 77.651030667456638, 12.875080710110558 ], [ 77.651053630237499, 12.874945007304271 ], [ 77.651067807104724, 12.874808166607346 ], [ 77.651073142108601, 12.874670728066071 ], [ 77.651069614194384, 12.874533234087046 ], [ 77.651057237285102, 12.874396227296545 ], [ 77.651036060226772, 12.874260248399022 ], [ 77.651006166595565, 12.874125834043168 ], [ 77.65096767436799, 12.873993514703976 ], [ 77.650920735455301, 12.873863812589157 ], [ 77.650865535103904, 12.873737239578155 ], [ 77.650802291164396, 12.873614295201932 ], [ 77.650731253231697, 12.873495464671462 ], [ 77.650652701660078, 12.873381216962734 ], [ 77.650566946456735, 12.873272002965827 ], [ 77.650474326058216, 12.873168253705341 ], [ 77.650375205994976, 12.873070378639241 ], [ 77.650269977448588, 12.872978764042793 ], [ 77.650159055708073, 12.872893771484007 ], [ 77.650042878530854, 12.872815736396582 ], [ 77.649921904415152, 12.872744966755985 ], [ 77.64979661079056, 12.872681741863921 ], [ 77.649667492133773, 12.87262631124595 ], [ 77.649535058017136, 12.872578893666628 ], [ 77.649399831097611, 12.872539676266078 ], [ 77.649262345054055, 12.872508813821335 ], [ 77.649123142481088, 12.872486428135479 ], [ 77.648982772747644, 12.87247260755686 ], [ 77.648841789828964, 12.87246740663041 ], [ 77.648700750120199, 12.872470845882345 ], [ 77.648560210240632, 12.872482911739151 ], [ 77.64842072483701, 12.872503556581167 ], [ 77.648282844394444, 12.872532698930527 ], [ 77.648147113064056, 12.872570223772749 ], [ 77.648014066515444, 12.872615983010702 ], [ 77.647884229822495, 12.872669796049122 ], [ 77.647758115391341, 12.872731450507427 ], [ 77.64763622093804, 12.872800703057946 ], [ 77.647519027524297, 12.872877280386323 ], [ 77.647406997658976, 12.872960880270266 ], [ 77.647300573472762, 12.873051172772371 ], [ 77.647200174973335, 12.873147801542359 ], [ 77.647106198387661, 12.873250385223521 ], [ 77.647019014598413, 12.873358518957881 ], [ 77.646938967680157, 12.873471775984093 ], [ 77.646866373541542, 12.873589709321788 ], [ 77.646801518678458, 12.873711853535692 ], [ 77.646744659043407, 12.873837726572605 ], [ 77.646696019035403, 12.873966831663916 ], [ 77.646655790614332, 12.874098659286219 ], [ 77.646624132543351, 12.874232689172235 ], [ 77.646616406714216, 12.874270841479602 ], [ 77.646603584147741, 12.874333594449636 ], [ 77.646601817843006, 12.87434233135347 ], [ 77.646596317843006, 12.874369831399431 ], [ 77.646573681818452, 12.87450558667968 ], [ 77.646559834422561, 12.874642459600024 ], [ 77.646554830304709, 12.874779909984188 ], [ 77.646558689213848, 12.874917395377793 ], [ 77.646571395920631, 12.875054373189199 ], [ 77.646592900277497, 12.875190302830825 ], [ 77.646623117416539, 12.875324647852622 ], [ 77.646661928084569, 12.875456878059131 ], [ 77.646709179113572, 12.87558647160189 ], [ 77.646764684025328, 12.875712917038877 ], [ 77.646828223767315, 12.875835715352846 ], [ 77.646899547577206, 12.875954381920664 ], [ 77.646978373972516, 12.876068448425798 ], [ 77.647064391861434, 12.876177464706441 ], [ 77.647157261770687, 12.876281000531995 ], [ 77.64725661718515, 12.876378647300893 ], [ 77.647362065994429, 12.876470019653054 ], [ 77.647473192040195, 12.876554756990586 ], [ 77.647589556758788, 12.876632524900831 ], [ 77.647710700911745, 12.876703016476 ], [ 77.647836146398475, 12.876765953524284 ], [ 77.647965398142958, 12.876821087667697 ], [ 77.648097946047614, 12.876868201322171 ], [ 77.648233267006404, 12.876907108556207 ], [ 77.648370826969327, 12.876937655824582 ], [ 77.648510083050056, 12.876959722574258 ], [ 77.648650485668455, 12.876973221720096 ], [ 77.648791480719566, 12.876978099988534 ], [ 77.648932511760293, 12.876974338127768 ], [ 77.64907302220557, 12.876961950983764 ], [ 77.64921245752484, 12.876940987441637 ], [ 77.649350267430648, 12.876911530232778 ], [ 77.649485908050195, 12.876873695608365 ], [ 77.649618844071981, 12.876827632880614 ], [ 77.649748550858234, 12.87677352383359 ], [ 77.649874516515524, 12.876711582005845 ], [ 77.649996243914927, 12.876642051847766 ], [ 77.650113252654066, 12.876565207756929 ], [ 77.650225080952865, 12.876481352995274 ], [ 77.650331287476135, 12.876390818492377 ], [ 77.650431453075228, 12.876293961539517 ], [ 77.650525182442308, 12.876191164379749 ], [ 77.650612105670376, 12.876082832699444 ], [ 77.65069187971315, 12.875969394027361 ], [ 77.65076418973895, 12.875851296047495 ], [ 77.650828750373122, 12.875729004832369 ], [ 77.65088530682435, 12.87560300300377 ], [ 77.650933635890141, 12.875473787828128 ], [ 77.65097354683779, 12.875341869254147 ], [ 77.651004882156982, 12.875207767900315 ], [ 77.651009508118022, 12.875184638133982 ] ] ] ] } },
{ "type": "Feature", "properties": { "fid": 873, "full_id": "w1319177316", "osm_id": "1319177316", "osm_type": "way", "material": null, "roof:colour": null, "ramp": null, "handrail": null, "embankment": null, "disused:crossing": null, "crossing:signals": null, "traffic_calming": null, "wheelchair": null, "crossing:island": null, "traffic_signals:vibration": null, "button_operated": null, "traffic_signals:sound": null, "crossing:markings": null, "smoothness": null, "check_date:surface": null, "incline": null, "covered": "yes", "tactile_paving": null, "kerb": null, "crossing": null, "footway": null, "trail_visibility": null, "name:kn": null, "name:ur": null, "name:pa": null, "brand:wikipedia": null, "brand:wikidata": null, "brand:ur": null, "brand:pa": null, "brand": null, "service": null, "oneway": null, "maxspeed": null, "lanes": null, "cycleway": null, "bridge": "yes", "tunnel": null, "layer": "1", "width": null, "sidewalk": null, "name:etymology:wikidata": null, "name": null, "lit": null, "horse": null, "surface": null, "motor_vehicle": null, "highway": "footway", "foot": null, "bicycle": null, "access": null, "b_fid": 1 }, "geometry": { "type": "MultiPolygon", "coordinates": [ [ [ [ 77.724358668666, 12.793127480328407 ], [ 77.724318810671832, 12.792995503334019 ], [ 77.724270533475064, 12.792866227276633 ], [ 77.724214027603722, 12.792740162354326 ], [ 77.724149516060677, 12.792617806092935 ], [ 77.724077253443525, 12.792499641382456 ], [ 77.723997524939776, 12.792386134571231 ], [ 77.723910645201428, 12.792277733625369 ], [ 77.723816957103139, 12.792174866360719 ], [ 77.723716830388966, 12.792077938754394 ], [ 77.723610660213382, 12.791987333342426 ], [ 77.723498865581504, 12.791903407709977 ], [ 77.723381887695695, 12.791826493079995 ], [ 77.723260188214255, 12.791756893005928 ], [ 77.723134247429371, 12.79169488217363 ], [ 77.723004562371869, 12.791640705317201 ], [ 77.722871644849349, 12.791594576253052 ], [ 77.722736019426577, 12.791556677035981 ], [ 77.722598221355156, 12.791527157240623 ], [ 77.72245879446109, 12.791506133371074 ], [ 77.72231828899865, 12.791493688401077 ], [ 77.722177259478684, 12.791489871446519 ], [ 77.722036262480316, 12.791494697571558 ], [ 77.721895854454232, 12.791508147729196 ], [ 77.721756589526805, 12.791530168836431 ], [ 77.721619017313046, 12.791560673983783 ], [ 77.721483680747667, 12.791599542778318 ], [ 77.721351113942234, 12.791646621818844 ], [ 77.721221840077391, 12.791701725301355 ], [ 77.721096369338014, 12.791764635752401 ], [ 77.720975196899772, 12.791835104887438 ], [ 77.720858800974938, 12.79191285459077 ], [ 77.720747640925026, 12.791997578013266 ], [ 77.720642155448019, 12.792088940783435 ], [ 77.72054276084684, 12.792186582327156 ], [ 77.720449849386611, 12.792290117290806 ], [ 77.720363787746408, 12.792399137062194 ], [ 77.720284915572236, 12.79251321138327 ], [ 77.72021354413647, 12.792631890048254 ], [ 77.720149955109605, 12.792754704680521 ], [ 77.72009439944847, 12.792881170581152 ], [ 77.720047096405906, 12.793010788641901 ], [ 77.72000823266535, 12.793143047315038 ], [ 77.719977961604286, 12.793277424632269 ], [ 77.719956402688737, 12.793413390264755 ], [ 77.719943641001876, 12.793550407616131 ], [ 77.719939726908308, 12.793687935940232 ], [ 77.719944675855118, 12.793825432475211 ], [ 77.719958468311091, 12.793962354585542 ], [ 77.71998104984371, 12.794098161903589 ], [ 77.720012331333976, 12.794232318462143 ], [ 77.720095731333998, 12.794544317779028 ], [ 77.720135589328152, 12.794676293963287 ], [ 77.720183866524934, 12.794805569093265 ], [ 77.720240372396276, 12.794931632983628 ], [ 77.720304883939306, 12.795053988122966 ], [ 77.720377146556473, 12.795172151637189 ], [ 77.720456875060222, 12.795285657195093 ], [ 77.720543754798555, 12.795394056848679 ], [ 77.720637442896859, 12.795496922800885 ], [ 77.720737569611032, 12.7955938490938 ], [ 77.720843739786616, 12.795684453210686 ], [ 77.720955534418493, 12.795768377585478 ], [ 77.721072512304303, 12.795845291013839 ], [ 77.721194211785743, 12.795914889960141 ], [ 77.721320152570613, 12.795976899755305 ], [ 77.721449837628128, 12.796031075680673 ], [ 77.721582755150649, 12.796077203933732 ], [ 77.721718380573421, 12.796115102471795 ], [ 77.721856178644828, 12.796144621730386 ], [ 77.721995605538908, 12.796165645213438 ], [ 77.722136111001348, 12.796178089953001 ], [ 77.722277140521314, 12.796181906836638 ], [ 77.722418137519682, 12.796177080801252 ], [ 77.722558545545766, 12.796163630892499 ], [ 77.722697810473193, 12.796141610189654 ], [ 77.722835382686952, 12.79611110559614 ], [ 77.722970719252331, 12.796072237496599 ], [ 77.723103286057764, 12.796025159281839 ], [ 77.723232559922593, 12.795970056743526 ], [ 77.723358030661984, 12.795907147341028 ], [ 77.723479203100226, 12.795836679343271 ], [ 77.72359559902506, 12.79575893084904 ], [ 77.723706759074972, 12.795674208689542 ], [ 77.723812244551979, 12.795582847217588 ], [ 77.723911639153158, 12.795485206988159 ], [ 77.724004550613387, 12.79538167333558 ], [ 77.72409061225359, 12.795272654852878 ], [ 77.724169484427762, 12.795158581779377 ], [ 77.724240855863528, 12.795039904302843 ], [ 77.724304444890393, 12.794917090782899 ], [ 77.724360000551528, 12.794790625902717 ], [ 77.724407303594091, 12.7946610087563 ], [ 77.724446167334634, 12.79452875087885 ], [ 77.724476438395712, 12.79439437422805 ], [ 77.724497997311261, 12.794258409124188 ], [ 77.724510758998107, 12.794121392157288 ], [ 77.72451467309169, 12.793983864069448 ], [ 77.72450972414488, 12.793846367620809 ], [ 77.724495931688892, 12.793709445447535 ], [ 77.724473350156288, 12.793573637920259 ], [ 77.724442068666022, 12.793439481011482 ], [ 77.724358668666, 12.793127480328407 ] ] ] ] } },
{ "type": "Feature", "properties": { "fid": 874, "full_id": "w1319177318", "osm_id": "1319177318", "osm_type": "way", "material": null, "roof:colour": null, "ramp": null, "handrail": null, "embankment": null, "disused:crossing": null, "crossing:signals": null, "traffic_calming": null, "wheelchair": null, "crossing:island": null, "traffic_signals:vibration": null, "button_operated": null, "traffic_signals:sound": null, "crossing:markings": "no", "smoothness": null, "check_date:surface": null, "incline": null, "covered": null, "tactile_paving": null, "kerb": null, "crossing": "unmarked", "footway": "crossing", "trail_visibility": null, "name:kn": null, "name:ur": null, "name:pa": null, "brand:wikipedia": null, "brand:wikidata": null, "brand:ur": null, "brand:pa": null, "brand": null, "service": null, "oneway": null, "maxspeed": null, "lanes": null, "cycleway": null, "bridge": null, "tunnel": null, "layer": null, "width": null, "sidewalk": null, "name:etymology:wikidata": null, "name": null, "lit": null, "horse": null, "surface": null, "motor_vehicle": null, "highway": "footway", "foot": null, "bicycle": null, "access": null, "b_fid": 1 }, "geometry": { "type": "MultiPolygon", "coordinates": [ [ [ [ 77.724262265000874, 12.793521174284264 ], [ 77.724257638749407, 12.79350427063523 ], [ 77.724216994662243, 12.793372522026576 ], [ 77.724167947616465, 12.79324352203472 ], [ 77.724110691178382, 12.793117779768288 ], [ 77.724045451312961, 12.792995791479797 ], [ 77.723972485492197, 12.792878038607082 ], [ 77.723892081678841, 12.792764985873175 ], [ 77.723804557189979, 12.792657079452177 ], [ 77.723710257444793, 12.79255474520831 ], [ 77.723609554601325, 12.792458387015088 ], [ 77.723502846087669, 12.792368385161339 ], [ 77.723390553033553, 12.792285094850238 ], [ 77.72327311860839, 12.792208844797401 ], [ 77.723151006272204, 12.79213993593345 ], [ 77.723024697946599, 12.792078640216312 ], [ 77.722894692112831, 12.792025199557811 ], [ 77.722761501844516, 12.791979824868857 ], [ 77.72262565278281, 12.791942695227011 ], [ 77.722487681061892, 12.791913957169678 ], [ 77.722348131193115, 12.79189372411572 ], [ 77.72220755391605, 12.791882075917814 ], [ 77.72206650402498, 12.791879058547257 ], [ 77.72192553817942, 12.791884683912551 ], [ 77.721785212707104, 12.791898929812367 ], [ 77.721646081408622, 12.791921740023199 ], [ 77.721508693371604, 12.791953024521254 ], [ 77.721373590803879, 12.791992659837785 ], [ 77.721241306893575, 12.792040489546418 ], [ 77.721112363704805, 12.792096324880537 ], [ 77.72098727011749, 12.79215994547836 ], [ 77.720866519818799, 12.792231100252666 ], [ 77.720750589355077, 12.79230950838182 ], [ 77.720639936250819, 12.792394860418147 ], [ 77.720534997203345, 12.792486819509291 ], [ 77.72043618635908, 12.792585022727712 ], [ 77.720343893679328, 12.792689082503122 ], [ 77.720258483401068, 12.792798588152138 ], [ 77.720180292599721, 12.792913107499198 ], [ 77.720109629858612, 12.793032188582243 ], [ 77.720046774051326, 12.793155361436527 ], [ 77.71999197324098, 12.793282139949435 ], [ 77.719945443701391, 12.793412023779045 ], [ 77.71990736906335, 12.793544500328823 ], [ 77.71987789959006, 12.793679046770684 ], [ 77.71985715158408, 12.793815132108406 ], [ 77.719845206928326, 12.793952219273281 ], [ 77.719842112762876, 12.794089767243703 ], [ 77.719847881298989, 12.794227233180365 ], [ 77.719862489770904, 12.794364074568593 ], [ 77.719885880525638, 12.7944997513594 ], [ 77.719917961250587, 12.794633728100777 ], [ 77.719923161250591, 12.794652728058248 ], [ 77.719924313006729, 12.794656919715287 ], [ 77.719931513006728, 12.794683019656432 ], [ 77.719972424719046, 12.794814688785873 ], [ 77.720021733788329, 12.794943592947996 ], [ 77.720079245614187, 12.795069223421583 ], [ 77.720144733223719, 12.795191084405808 ], [ 77.720217938167238, 12.795308694976834 ], [ 77.720298571538294, 12.795421590985734 ], [ 77.720386315113814, 12.795529326890154 ], [ 77.720480822609957, 12.795631477512574 ], [ 77.720581721048859, 12.795727639718177 ], [ 77.720688612230447, 12.795817434005725 ], [ 77.720801074304077, 12.795900506005164 ], [ 77.720918663433295, 12.795976527876059 ], [ 77.721040915547547, 12.796045199601322 ], [ 77.721167348173623, 12.796106250171128 ], [ 77.721297462339649, 12.796159438652383 ], [ 77.721430744544492, 12.796204555139481 ], [ 77.721566668784192, 12.796241421582636 ], [ 77.721704698627832, 12.796269892490482 ], [ 77.721844289334697, 12.796289855504208 ], [ 77.721984890004052, 12.79630123184095 ], [ 77.722125945749283, 12.796303976604666 ], [ 77.722266899887799, 12.796298078963307 ], [ 77.722407196138022, 12.796283562191567 ], [ 77.722546280814726, 12.796260483579031 ], [ 77.722683605014268, 12.796228934204104 ], [ 77.722818626780736, 12.796189038574605 ], [ 77.722950813244935, 12.796140954136439 ], [ 77.723079642727257, 12.796084870652294 ], [ 77.723204606796585, 12.796021009452804 ], [ 77.723325212276862, 12.795949622563146 ], [ 77.723440983193328, 12.795870991708503 ], [ 77.723551462651088, 12.795785427202306 ], [ 77.723656214638154, 12.795693266721706 ], [ 77.72375482574634, 12.795594873974991 ], [ 77.723846906802649, 12.795490637266326 ], [ 77.723932094405171, 12.7953809679634 ], [ 77.7240100523574, 12.795266298874054 ], [ 77.724080472994899, 12.7951470825383 ], [ 77.724143078399592, 12.795023789442441 ], [ 77.724197621496543, 12.794896906162391 ], [ 77.724243887029075, 12.794766933443455 ], [ 77.724281692408255, 12.794634384224207 ], [ 77.724310888433521, 12.794499781612213 ], [ 77.724331359881518, 12.794363656819634 ], [ 77.724343025960778, 12.794226547066808 ], [ 77.724345840630605, 12.794088993462131 ], [ 77.724339792782828, 12.793951538866557 ], [ 77.724324906285489, 12.793814725751179 ], [ 77.724301239888831, 12.793679094056348 ], [ 77.724268886993272, 12.793545179060727 ], [ 77.724262265000874, 12.793521174284264 ] ] ] ] } },
{ "type": "Feature", "properties": { "fid": 876, "full_id": "w1319177320", "osm_id": "1319177320", "osm_type": "way", "material": null, "roof:colour": null, "ramp": null, "handrail": null, "embankment": null, "disused:crossing": null, "crossing:signals": null, "traffic_calming": null, "wheelchair": null, "crossing:island": null, "traffic_signals:vibration": null, "button_operated": null, "traffic_signals:sound": null, "crossing:markings": null, "smoothness": null, "check_date:surface": null, "incline": null, "covered": null, "tactile_paving": null, "kerb": null, "crossing": null, "footway": null, "trail_visibility": null, "name:kn": null, "name:ur": null, "name:pa": null, "brand:wikipedia": null, "brand:wikidata": null, "brand:ur": null, "brand:pa": null, "brand": null, "service": null, "oneway": null, "maxspeed": null, "lanes": null, "cycleway": null, "bridge": null, "tunnel": null, "layer": null, "width": null, "sidewalk": null, "name:etymology:wikidata": null, "name": null, "lit": null, "horse": null, "surface": null, "motor_vehicle": null, "highway": "footway", "foot": null, "bicycle": null, "access": null, "b_fid": 1 }, "geometry": { "type": "MultiPolygon", "coordinates": [ [ [ [ 77.724216845919159, 12.793421556080498 ], [ 77.724194367691695, 12.793285732101715 ], [ 77.724163188253414, 12.793151552449899 ], [ 77.724123430655311, 12.79301954667387 ], [ 77.724075251802489, 12.792890235743934 ], [ 77.724018841834834, 12.792764129995792 ], [ 77.723954423376739, 12.792641727116388 ], [ 77.723882250658406, 12.792523510179699 ], [ 77.723802608512599, 12.792409945740166 ], [ 77.723715811250472, 12.792301481991331 ], [ 77.723622201421179, 12.792198546996902 ], [ 77.723522148459935, 12.792101547001277 ], [ 77.72341604723006, 12.792010864826183 ], [ 77.723304316464677, 12.791926858359732 ], [ 77.723187397114032, 12.791849859143888 ], [ 77.723065750605386, 12.791780171065925 ], [ 77.722939857021984, 12.791718069159018 ], [ 77.722810213208206, 12.791663798516693 ], [ 77.722677330809034, 12.791617573325503 ], [ 77.722541734250541, 12.791579576019632 ], [ 77.722403958670384, 12.79154995656082 ], [ 77.722264547805878, 12.791528831846511 ], [ 77.722124051847999, 12.791516285248445 ], [ 77.721983025270092, 12.791512366283589 ], [ 77.721842024639642, 12.791517090418715 ], [ 77.721701606421718, 12.791530439009327 ], [ 77.721562324782866, 12.791552359373281 ], [ 77.72142472940412, 12.791582764998692 ], [ 77.721289363311527, 12.791621535885408 ], [ 77.721156760733237, 12.791668519018632 ], [ 77.721027444991051, 12.791723528972879 ], [ 77.720901926435104, 12.79178634864382 ], [ 77.720780700429842, 12.791856730105176 ], [ 77.720664245398851, 12.791934395587271 ], [ 77.720553020937004, 12.792019038573358 ], [ 77.720447465996386, 12.792110325009393 ], [ 77.72034799715415, 12.792207894622516 ], [ 77.720255006968387, 12.792311362342977 ], [ 77.720168862428835, 12.792420319823965 ], [ 77.720089903508679, 12.792534337053253 ], [ 77.720018441822688, 12.792652964050379 ], [ 77.719954759397481, 12.792775732642626 ], [ 77.71989910755849, 12.792902158312751 ], [ 77.719851705938112, 12.793031742111287 ], [ 77.719812741608905, 12.793163972625713 ], [ 77.719782368345236, 12.793298327998849 ], [ 77.71976070601653, 12.793434277988457 ], [ 77.719747840114067, 12.793571286059887 ], [ 77.719743821413758, 12.793708811503599 ], [ 77.719748665775484, 12.793846311569089 ], [ 77.719762354080842, 12.793983243606906 ], [ 77.719764754080842, 12.794001343586759 ], [ 77.719787232308292, 12.794137167180322 ], [ 77.719818411746573, 12.794271346308001 ], [ 77.719858169344661, 12.794403351429121 ], [ 77.719906348197512, 12.794532661583593 ], [ 77.719962758165153, 12.794658766447842 ], [ 77.720027176623262, 12.794781168348752 ], [ 77.720099349341595, 12.794899384227675 ], [ 77.720178991487387, 12.795012947546747 ], [ 77.720265788749515, 12.795121410130006 ], [ 77.720359398578807, 12.795224343932031 ], [ 77.720459451540052, 12.795321342727142 ], [ 77.720565552769926, 12.795412023712464 ], [ 77.720677283535309, 12.795496029018571 ], [ 77.720794202885969, 12.795573027121723 ], [ 77.720915849394586, 12.795642714152132 ], [ 77.721041742978016, 12.795704815093091 ], [ 77.721171386791767, 12.795759084866237 ], [ 77.721304269190952, 12.795805309298695 ], [ 77.72143986574946, 12.795843305968205 ], [ 77.721577641329603, 12.795872924923023 ], [ 77.721717052194109, 12.795894049273635 ], [ 77.721857548152002, 12.795906595654015 ], [ 77.721998574729895, 12.79591051455062 ], [ 77.722139575360345, 12.795905790497754 ], [ 77.722279993578283, 12.79589244213861 ], [ 77.722419275217121, 12.795870522151704 ], [ 77.722556870595866, 12.795840117042991 ], [ 77.722692236688459, 12.795801346804494 ], [ 77.72282483926675, 12.795754364440826 ], [ 77.722954155008935, 12.795699355365374 ], [ 77.723079673564882, 12.795636536668653 ], [ 77.723200899570159, 12.795566156261637 ], [ 77.723317354601136, 12.795488491897423 ], [ 77.723428579062983, 12.795403850075203 ], [ 77.7235341340036, 12.795312564830738 ], [ 77.723633602845837, 12.795214996418169 ], [ 77.723726593031614, 12.795111529888397 ], [ 77.723812737571151, 12.795002573569546 ], [ 77.723891696491322, 12.794888557455604 ], [ 77.723963158177298, 12.794769931509538 ], [ 77.724026840602519, 12.794647163887598 ], [ 77.724082492441497, 12.794520739091821 ], [ 77.724129894061875, 12.794391156057996 ], [ 77.724168858391096, 12.794258926186696 ], [ 77.724199231654765, 12.794124571325064 ], [ 77.724220893983457, 12.793988621707392 ], [ 77.724233759885919, 12.793851613862575 ], [ 77.724237778586229, 12.793714088496696 ], [ 77.724232934224503, 12.793576588359151 ], [ 77.724219245919159, 12.793439656100643 ], [ 77.724216845919159, 12.793421556080498 ] ] ] ] } },
{ "type": "Feature", "properties": { "fid": 887, "full_id": "w1347472884", "osm_id": "1347472884", "osm_type": "way", "material": null, "roof:colour": null, "ramp": null, "handrail": null, "embankment": null, "disused:crossing": null, "crossing:signals": null, "traffic_calming": null, "wheelchair": null, "crossing:island": null, "traffic_signals:vibration": null, "button_operated": null, "traffic_signals:sound": null, "crossing:markings": "zebra", "smoothness": null, "check_date:surface": null, "incline": null, "covered": null, "tactile_paving": null, "kerb": null, "crossing": "uncontrolled", "footway": "crossing", "trail_visibility": null, "name:kn": null, "name:ur": null, "name:pa": null, "brand:wikipedia": null, "brand:wikidata": null, "brand:ur": null, "brand:pa": null, "brand": null, "service": null, "oneway": null, "maxspeed": null, "lanes": null, "cycleway": null, "bridge": null, "tunnel": null, "layer": null, "width": null, "sidewalk": null, "name:etymology:wikidata": null, "name": null, "lit": null, "horse": "yes", "surface": "asphalt", "motor_vehicle": null, "highway": "footway", "foot": "yes", "bicycle": "no", "access": "no", "b_fid": 1 }, "geometry": { "type": "MultiPolygon", "coordinates": [ [ [ [ 77.630075975333867, 12.905358124741394 ], [ 77.63000866238356, 12.90532193888947 ], [ 77.629826119610698, 12.90522400954575 ], [ 77.629779077092579, 12.905198762214539 ], [ 77.629679061362779, 12.905145022007364 ], [ 77.629553427913478, 12.905082449372408 ], [ 77.629424011592405, 12.905027689531165 ], [ 77.629291323146646, 12.904980958600905 ], [ 77.629155886236916, 12.904942441011812 ], [ 77.629018235370793, 12.904912288779038 ], [ 77.628878913793372, 12.904890620902711 ], [ 77.62873847134324, 12.904877522898259 ], [ 77.628597462282627, 12.90487304645886 ], [ 77.628456443109854, 12.904877209251449 ], [ 77.628315970363175, 12.90488999484695 ], [ 77.628176598424318, 12.904911352785145 ], [ 77.628038877330695, 12.904941198773825 ], [ 77.627903350604541, 12.904979415021488 ], [ 77.627770553107894, 12.905025850702277 ], [ 77.627641008931803, 12.905080322551244 ], [ 77.627515229327983, 12.905142615587712 ], [ 77.627393710691067, 12.905212483963787 ], [ 77.627276932599557, 12.905289651934675 ], [ 77.627165355923267, 12.905373814947046 ], [ 77.627059421004361, 12.90546464084105 ], [ 77.626959545919547, 12.905561771161326 ], [ 77.626866124830144, 12.905664822571756 ], [ 77.626779526426574, 12.905773388368447 ], [ 77.626700092473115, 12.905887040084901 ], [ 77.626628136459303, 12.906005329183092 ], [ 77.626563942362651, 12.906127788823756 ], [ 77.626507763527968, 12.906253935708865 ], [ 77.626459821667396, 12.9063832719891 ], [ 77.626420305985576, 12.9065152872287 ], [ 77.626389372432868, 12.906649460420004 ], [ 77.626367143089851, 12.90678526203968 ], [ 77.626353705685588, 12.906922156138558 ], [ 77.626349113251379, 12.907059602456824 ], [ 77.626353383911479, 12.907197058556186 ], [ 77.626366500811514, 12.907333981960647 ], [ 77.626388412185094, 12.907469832297409 ], [ 77.626419031558015, 12.907604073429431 ], [ 77.626458238089626, 12.907736175571308 ], [ 77.626505877049652, 12.90786561738004 ], [ 77.626561760428885, 12.907991888012464 ], [ 77.626625667681139, 12.908114489141258 ], [ 77.626697346593716, 12.908232936921518 ], [ 77.626776514282668, 12.908346763900207 ], [ 77.626862858309309, 12.908455520860839 ], [ 77.626956037913203, 12.908558778596277 ], [ 77.62705568535705, 12.908656129602459 ], [ 77.627161407377855, 12.908747189686562 ], [ 77.627272786739155, 12.908831599483092 ], [ 77.627389383877485, 12.908909025872044 ], [ 77.627510738637199, 12.908979163293454 ], [ 77.627611238637201, 12.909033162879377 ], [ 77.627659907332315, 12.909059282868769 ], [ 77.627840395303323, 12.909156107479637 ], [ 77.627908737616451, 12.909192846129246 ], [ 77.627912513710598, 12.909194871433272 ], [ 77.62793101371058, 12.909204771357288 ], [ 77.628056757083598, 12.9092671328231 ], [ 77.62818626957467, 12.909321675285353 ], [ 77.628319040057193, 12.909368183495049 ], [ 77.628454544546713, 12.90940647391006 ], [ 77.62859224826893, 12.909436395419419 ], [ 77.628731607770149, 12.909457829939621 ], [ 77.628872073062098, 12.909470692880594 ], [ 77.629013089792409, 12.909474933479514 ], [ 77.629154101432533, 12.909470535001118 ], [ 77.62929455147389, 12.909457514803726 ], [ 77.629433885624366, 12.909435924270777 ], [ 77.629571553995717, 12.909405848608028 ], [ 77.629707013273787, 12.909367406507345 ], [ 77.629839728862663, 12.909320749678317 ], [ 77.629969176994564, 12.909266062249591 ], [ 77.630094846796851, 12.909203560042267 ], [ 77.630216242308222, 12.909133489718247 ], [ 77.630332884436072, 12.909056127806844 ], [ 77.630444312847189, 12.908971779613564 ], [ 77.630550087784556, 12.908880778015293 ], [ 77.630649791802824, 12.908783482146706 ], [ 77.630743031415761, 12.908680275983032 ], [ 77.630829438649215, 12.90857156682479 ], [ 77.630908672493334, 12.908457783690473 ], [ 77.630980420248321, 12.908339375623516 ], [ 77.631044398758561, 12.908216809920233 ], [ 77.631100355530108, 12.908090570285712 ], [ 77.631148069727132, 12.907961154924928 ], [ 77.631187353043529, 12.907829074576672 ], [ 77.631218050446009, 12.90769485049792 ], [ 77.631240040785869, 12.907559012406773 ], [ 77.631253237277349, 12.907422096391922 ], [ 77.631257587839912, 12.907284642797013 ], [ 77.63125307530386, 12.907147194088141 ], [ 77.631239717478138, 12.907010292713029 ], [ 77.63121756708, 12.906874478960194 ], [ 77.63118671152688, 12.906740288826684 ], [ 77.631147272591591, 12.906608251902684 ], [ 77.631099405921589, 12.906478889281436 ], [ 77.631043300424736, 12.90635271150264 ], [ 77.630979177523827, 12.906230216537544 ], [ 77.63090729028265, 12.906111887823572 ], [ 77.630827922407278, 12.905998192356334 ], [ 77.630741387126477, 12.905889578846514 ], [ 77.630648025955466, 12.90578647594891 ], [ 77.630548207348127, 12.905689290570615 ], [ 77.630442325242882, 12.90559840626503 ], [ 77.63033079750808, 12.905514181718049 ], [ 77.630214064292701, 12.905436949332367 ], [ 77.630092586289393, 12.905367013915534 ], [ 77.630075975333867, 12.905358124741394 ] ] ] ] } },
{ "type": "Feature", "properties": { "fid": 892, "full_id": "w1349555581", "osm_id": "1349555581", "osm_type": "way", "material": null, "roof:colour": null, "ramp": null, "handrail": null, "embankment": null, "disused:crossing": null, "crossing:signals": null, "traffic_calming": null, "wheelchair": null, "crossing:island": null, "traffic_signals:vibration": null, "button_operated": null, "traffic_signals:sound": null, "crossing:markings": null, "smoothness": null, "check_date:surface": null, "incline": null, "covered": null, "tactile_paving": null, "kerb": null, "crossing": null, "footway": null, "trail_visibility": null, "name:kn": null, "name:ur": null, "name:pa": null, "brand:wikipedia": null, "brand:wikidata": null, "brand:ur": null, "brand:pa": null, "brand": null, "service": null, "oneway": null, "maxspeed": null, "lanes": null, "cycleway": null, "bridge": "yes", "tunnel": null, "layer": "1", "width": null, "sidewalk": null, "name:etymology:wikidata": null, "name": null, "lit": null, "horse": null, "surface": "paving_stones", "motor_vehicle": null, "highway": "footway", "foot": null, "bicycle": null, "access": null, "b_fid": 1 }, "geometry": { "type": "MultiPolygon", "coordinates": [ [ [ [ 77.731505616063259, 12.791180129524683 ], [ 77.73146238466434, 12.791049165251843 ], [ 77.731410805992553, 12.790921106498971 ], [ 77.731351083605361, 12.790796458660257 ], [ 77.731283453199694, 12.790675713669188 ], [ 77.731208181681893, 12.790559348057014 ], [ 77.731125566114244, 12.790447821072018 ], [ 77.731035932542667, 12.790341572866954 ], [ 77.730939634709912, 12.790241022761863 ], [ 77.73083705265951, 12.790146567589121 ], [ 77.730728591235973, 12.790058580127175 ], [ 77.730614678486972, 12.789977407629289 ], [ 77.730495763974119, 12.78990337045294 ], [ 77.730372316998597, 12.78983676079544 ], [ 77.73024482474932, 12.789777841540658 ], [ 77.73011379037986, 12.789726845221427 ], [ 77.72997973102305, 12.789683973101784 ], [ 77.729843175749934, 12.789649394382572 ], [ 77.729704663481783, 12.789623245533637 ], [ 77.729564740863211, 12.789605629755167 ], [ 77.72942396010491, 12.789596616570382 ], [ 77.729282876804206, 12.789596241551131 ], [ 77.729142047752404, 12.789604506177479 ], [ 77.729002028737455, 12.789621377831878 ], [ 77.728863372350446, 12.789646789927898 ], [ 77.728726625804782, 12.789680642173042 ], [ 77.7285923287766, 12.789722800964602 ], [ 77.728461011274931, 12.789773099916975 ], [ 77.728333191549964, 12.78983134051837 ], [ 77.728209374047722, 12.789897292914334 ], [ 77.728090047419371, 12.789970696814951 ], [ 77.727975682592543, 12.790051262522198 ], [ 77.727866730913007, 12.790138672073333 ], [ 77.727763622363256, 12.790232580495873 ], [ 77.727666763865614, 12.790332617169136 ], [ 77.727576537676327, 12.790438387287033 ], [ 77.727493299876969, 12.790549473416295 ], [ 77.727417378969065, 12.790665437143993 ], [ 77.727349074577759, 12.790785820807875 ], [ 77.727288656269323, 12.790910149302645 ], [ 77.727236362487162, 12.791037931955065 ], [ 77.727192399610985, 12.791168664460535 ], [ 77.727156941142155, 12.791301830873396 ], [ 77.72713012701908, 12.791436905643222 ], [ 77.727112063064794, 12.791573355688977 ], [ 77.727102820569542, 12.791710642502874 ], [ 77.727102436009176, 12.791848224275656 ], [ 77.727110910901388, 12.791985558034879 ], [ 77.72712821179968, 12.792122101787788 ], [ 77.727154270425288, 12.79225731666028 ], [ 77.727188983936756, 12.792390669023597 ], [ 77.727298683936752, 12.792762668131324 ], [ 77.727341915335671, 12.7928936315149 ], [ 77.727393494007458, 12.7930216892668 ], [ 77.72745321639465, 12.793146336006377 ], [ 77.727520846800317, 12.793267079815312 ], [ 77.727596118318118, 12.793383444178891 ], [ 77.727678733885753, 12.793494969866497 ], [ 77.72776836745733, 12.793601216743891 ], [ 77.727864665290099, 12.793701765510116 ], [ 77.727967247340487, 12.79379621935216 ], [ 77.728075708764038, 12.793884205510912 ], [ 77.728189621513025, 12.793965376752134 ], [ 77.728308536025892, 12.794039412736748 ], [ 77.7284319830014, 12.794106021284943 ], [ 77.728559475250691, 12.794164939529191 ], [ 77.728690509620151, 12.794215934951559 ], [ 77.728824568976947, 12.794258806301274 ], [ 77.728961124250077, 12.794293384388881 ], [ 77.729099636518228, 12.794319532753901 ], [ 77.729239559136801, 12.794337148203315 ], [ 77.729380339895087, 12.794346161218785 ], [ 77.729521423195806, 12.794346536230977 ], [ 77.729662252247607, 12.79433827175993 ], [ 77.729802271262557, 12.794321400420889 ], [ 77.729940927649565, 12.794295988795602 ], [ 77.730077674195229, 12.794262137169587 ], [ 77.730211971223412, 12.794219979136377 ], [ 77.730343288725081, 12.794169681070352 ], [ 77.730471108450047, 12.794111441470198 ], [ 77.730594925952289, 12.794045490175595 ], [ 77.73071425258064, 12.793972087460242 ], [ 77.730828617407468, 12.793891523004744 ], [ 77.73093756908699, 12.793804114753511 ], [ 77.731040677636756, 12.793710207660046 ], [ 77.731137536134398, 12.793610172325709 ], [ 77.731227762323684, 12.793504403537218 ], [ 77.731311000123043, 12.79339331870872 ], [ 77.731386921030946, 12.793277356234563 ], [ 77.731455225422252, 12.793156973759253 ], [ 77.731515643730688, 12.793032646371442 ], [ 77.731567937512835, 12.792904864729074 ], [ 77.731611900389026, 12.792774133123054 ], [ 77.731647358857856, 12.792640967487124 ], [ 77.731674172980931, 12.792505893361785 ], [ 77.731692236935217, 12.792369443820265 ], [ 77.73170147943047, 12.792232157364777 ], [ 77.731701863990835, 12.792094575801313 ], [ 77.731693389098623, 12.791957242101418 ], [ 77.731676088200331, 12.791820698259309 ], [ 77.731650029574709, 12.791685483152866 ], [ 77.731615316063255, 12.791552130416905 ], [ 77.731505616063259, 12.791180129524683 ] ] ] ] } },
{ "type": "Feature", "properties": { "fid": 895, "full_id": "w1349555586", "osm_id": "1349555586", "osm_type": "way", "material": null, "roof:colour": null, "ramp": null, "handrail": null, "embankment": null, "disused:crossing": null, "crossing:signals": null, "traffic_calming": null, "wheelchair": null, "crossing:island": null, "traffic_signals:vibration": null, "button_operated": null, "traffic_signals:sound": null, "crossing:markings": null, "smoothness": null, "check_date:surface": null, "incline": null, "covered": null, "tactile_paving": null, "kerb": null, "crossing": null, "footway": null, "trail_visibility": null, "name:kn": null, "name:ur": null, "name:pa": null, "brand:wikipedia": null, "brand:wikidata": null, "brand:ur": null, "brand:pa": null, "brand": null, "service": null, "oneway": null, "maxspeed": null, "lanes": null, "cycleway": null, "bridge": "yes", "tunnel": null, "layer": "1", "width": null, "sidewalk": null, "name:etymology:wikidata": null, "name": null, "lit": null, "horse": null, "surface": null, "motor_vehicle": null, "highway": "footway", "foot": null, "bicycle": null, "access": null, "b_fid": 1 }, "geometry": { "type": "MultiPolygon", "coordinates": [ [ [ [ 77.735698415588615, 12.788788786449834 ], [ 77.735756675636637, 12.788914091706069 ], [ 77.735822888854557, 12.789035582213396 ], [ 77.735896793929072, 12.789152778510136 ], [ 77.735978099190575, 12.789265218082338 ], [ 77.736066483764361, 12.789372457189026 ], [ 77.736161598836901, 12.789474072613331 ], [ 77.736263069032475, 12.789569663332616 ], [ 77.736370493894526, 12.789658852101036 ], [ 77.736483449466263, 12.789741286938229 ], [ 77.736601489963604, 12.789816642518328 ], [ 77.736724149534652, 12.789884621453744 ], [ 77.736850944098109, 12.789944955468741 ], [ 77.736981373253784, 12.789997406458081 ], [ 77.737114922257362, 12.790041767426649 ], [ 77.737251064051932, 12.790077863306271 ], [ 77.737389261348042, 12.790105551646576 ], [ 77.737528968744115, 12.790124723177112 ], [ 77.737669634878856, 12.790135302238559 ], [ 77.737810704607313, 12.790137247081272 ], [ 77.737951621191712, 12.790130550030044 ], [ 77.738091828498696, 12.790115237514394 ], [ 77.738230773194033, 12.790091369964262 ], [ 77.738367906926527, 12.790059041571556 ], [ 77.738502688491948, 12.790018379918452 ], [ 77.738634585969095, 12.78996954547393 ], [ 77.73876307881882, 12.789912730960555 ], [ 77.73888765993857, 12.789848160593944 ], [ 77.739007837663578, 12.789776089197989 ], [ 77.739123137707296, 12.789696801199272 ], [ 77.739233105033108, 12.789610609504651 ], [ 77.73933730565021, 12.789517854266482 ], [ 77.73943532832638, 12.789418901540285 ], [ 77.739526786210874, 12.789314141840222 ], [ 77.739611318361227, 12.789203988597995 ], [ 77.739688591167663, 12.789088876531366 ], [ 77.739758299669717, 12.788969259928605 ], [ 77.739820168759778, 12.788845610855738 ], [ 77.739873954268816, 12.788718417293603 ], [ 77.739919443929963, 12.788588181212111 ], [ 77.739956458216369, 12.788455416589269 ], [ 77.739984851049513, 12.788320647382822 ], [ 77.740004510375869, 12.788184405462474 ], [ 77.740015358609043, 12.788047228510898 ], [ 77.740017352936022, 12.787909657901768 ], [ 77.740010485486138, 12.787772236563233 ], [ 77.739994783362036, 12.787635506835217 ], [ 77.739970308532847, 12.787500008329053 ], [ 77.739937157589523, 12.787366275797856 ], [ 77.739895461363702, 12.78723483702605 ], [ 77.739845384411382, 12.787106210746398 ], [ 77.739665684411378, 12.786685009342731 ], [ 77.739607424363356, 12.786559702980021 ], [ 77.739541211145422, 12.786438211281128 ], [ 77.739467306070907, 12.786321013724125 ], [ 77.739386000809432, 12.786208572840524 ], [ 77.739297616235618, 12.786101332389766 ], [ 77.739202501163078, 12.785999715607806 ], [ 77.739101030967518, 12.78590412353668 ], [ 77.738993606105453, 12.785814933441671 ], [ 77.73888065053373, 12.785732497322298 ], [ 77.738762610036389, 12.785657140523028 ], [ 77.738639950465327, 12.785589160449188 ], [ 77.738513155901884, 12.785528825393126 ], [ 77.73838272674621, 12.785476373475309 ], [ 77.738249177742631, 12.785432011704456 ], [ 77.738113035948061, 12.785395915160523 ], [ 77.737974838651951, 12.785368226303644 ], [ 77.737835131255864, 12.785349054411871 ], [ 77.737694465121123, 12.785338475149842 ], [ 77.737553395392666, 12.785336530270158 ], [ 77.737412478808267, 12.785343227448569 ], [ 77.737272271501297, 12.785358540253684 ], [ 77.73713332680596, 12.7853824082513 ], [ 77.736996193073466, 12.78541473724292 ], [ 77.736861411508031, 12.785455399637568 ], [ 77.736729514030912, 12.785504234955361 ], [ 77.736601021181173, 12.785561050460938 ], [ 77.736476440061409, 12.785625621924144 ], [ 77.7363562623364, 12.785697694505068 ], [ 77.736240962292698, 12.785776983759868 ], [ 77.736130994966899, 12.785863176763439 ], [ 77.736026794349769, 12.78595593334448 ], [ 77.735928771673628, 12.786054887428126 ], [ 77.735837313789119, 12.78615964848076 ], [ 77.735752781638766, 12.786269803051413 ], [ 77.735675508832315, 12.786384916403549 ], [ 77.735605800330262, 12.786504534230895 ], [ 77.735543931240215, 12.786628184450469 ], [ 77.735490145731177, 12.786755379065793 ], [ 77.73544465607003, 12.786885616092853 ], [ 77.73540764178361, 12.7870183815413 ], [ 77.73537924895048, 12.78715315144299 ], [ 77.735359589624139, 12.787289393919911 ], [ 77.735348741390951, 12.787426571283302 ], [ 77.735346747063957, 12.787564142155698 ], [ 77.735353614513841, 12.787701563607516 ], [ 77.735369316637957, 12.787838293299751 ], [ 77.735393791467146, 12.787973791624337 ], [ 77.735426942410456, 12.788107523833693 ], [ 77.735468638636277, 12.788238962151116 ], [ 77.735518715588626, 12.788367587853587 ], [ 77.735698415588615, 12.788788786449834 ] ] ] ] } },
{ "type": "Feature", "properties": { "fid": 977, "full_id": "w1422247272", "osm_id": "1422247272", "osm_type": "way", "material": null, "roof:colour": null, "ramp": null, "handrail": null, "embankment": null, "disused:crossing": null, "crossing:signals": null, "traffic_calming": null, "wheelchair": null, "crossing:island": null, "traffic_signals:vibration": null, "button_operated": null, "traffic_signals:sound": null, "crossing:markings": null, "smoothness": null, "check_date:surface": null, "incline": null, "covered": null, "tactile_paving": null, "kerb": null, "crossing": null, "footway": null, "trail_visibility": null, "name:kn": null, "name:ur": null, "name:pa": null, "brand:wikipedia": null, "brand:wikidata": null, "brand:ur": null, "brand:pa": null, "brand": null, "service": null, "oneway": null, "maxspeed": null, "lanes": null, "cycleway": null, "bridge": null, "tunnel": "yes", "layer": "-1", "width": null, "sidewalk": null, "name:etymology:wikidata": null, "name": null, "lit": null, "horse": null, "surface": null, "motor_vehicle": "no", "highway": "footway", "foot": null, "bicycle": "no", "access": "yes", "b_fid": 1 }, "geometry": { "type": "MultiPolygon", "coordinates": [ [ [ [ 77.641128775605452, 12.887028723521357 ], [ 77.641008493128595, 12.886956846290609 ], [ 77.640883818176349, 12.886892473238866 ], [ 77.640755242783811, 12.886835858423028 ], [ 77.640623274379251, 12.886787225281234 ], [ 77.640488433781726, 12.886746765750983 ], [ 77.64035125314544, 12.886714639511549 ], [ 77.640212273859689, 12.886690973353748 ], [ 77.640072044412264, 12.886675860679501 ], [ 77.639931118224681, 12.886669361133183 ], [ 77.639790051468239, 12.886671500366205 ], [ 77.63964940086899, 12.88668226993577 ], [ 77.639509721510564, 12.886701627338198 ], [ 77.639371564643596, 12.886729496176681 ], [ 77.639235475510105, 12.886765766462831 ], [ 77.639101991191751, 12.886810295050786 ], [ 77.638971638490148, 12.886862906202193 ], [ 77.638844931847856, 12.886923392279858 ], [ 77.638722371318082, 12.886991514567249 ], [ 77.638604440591266, 12.88706700421071 ], [ 77.638491605086116, 12.887149563280582 ], [ 77.638384310112812, 12.887238865947115 ], [ 77.638282979115601, 12.887334559766465 ], [ 77.638188012001621, 12.887436267071745 ], [ 77.638099783562694, 12.887543586463611 ], [ 77.638018641996169, 12.887656094394522 ], [ 77.637944907530709, 12.887773346840387 ], [ 77.637878871162599, 12.887894881053036 ], [ 77.637820793507203, 12.888020217386579 ], [ 77.637770903770488, 12.888148861190436 ], [ 77.637729398844456, 12.888280304761585 ], [ 77.6376964425301, 12.888414029348308 ], [ 77.637672164890901, 12.888549507197519 ], [ 77.637656661739641, 12.88868620363764 ], [ 77.637649994260173, 12.888823579188713 ], [ 77.637652188765969, 12.888961091691529 ], [ 77.637663236596353, 12.889098198447288 ], [ 77.63768309415056, 12.889234358359365 ], [ 77.637711683059905, 12.889369034068773 ], [ 77.637748890497008, 12.889501694074836 ], [ 77.63779456962115, 12.889631814832732 ], [ 77.637848540157648, 12.889758882819628 ], [ 77.637910589109495, 12.889882396561255 ], [ 77.6379804715978, 12.890001868610911 ], [ 77.638057911828312, 12.890116827473118 ], [ 77.638142604179833, 12.890226819464283 ], [ 77.638234214410332, 12.890331410503093 ], [ 77.638332380976081, 12.890430187823515 ], [ 77.6384367164585, 12.890522761603703 ], [ 77.6385468090931, 12.890608766504304 ], [ 77.638662224394537, 12.890687863110205 ], [ 77.63901052439455, 12.89091096147992 ], [ 77.639130806871378, 12.890982837575596 ], [ 77.639255481823625, 12.891047209575742 ], [ 77.639384057216162, 12.891103823439371 ], [ 77.639516025620722, 12.891152455742754 ], [ 77.639650866218261, 12.891192914561108 ], [ 77.639788046854534, 12.891225040225958 ], [ 77.639927026140285, 12.891248705955213 ], [ 77.640067255587724, 12.891263818353458 ], [ 77.640208181775307, 12.891270317780515 ], [ 77.640349248531749, 12.891268178586783 ], [ 77.640489899130998, 12.891257409214461 ], [ 77.640629578489424, 12.891238052164239 ], [ 77.640767735356391, 12.891210183827564 ], [ 77.640903824489868, 12.89117391418521 ], [ 77.641037308808237, 12.891129386373267 ], [ 77.641167661509826, 12.891076776118318 ], [ 77.641294368152131, 12.891016291043975 ], [ 77.641416928681906, 12.890948169851585 ], [ 77.641534859408708, 12.890872681378251 ], [ 77.641647694913857, 12.890790123535972 ], [ 77.641754989887175, 12.890700822136012 ], [ 77.641856320884401, 12.890605129603179 ], [ 77.641951287998367, 12.890503423585077 ], [ 77.642039516437308, 12.890396105461827 ], [ 77.642120658003819, 12.890283598762091 ], [ 77.642194392469264, 12.89016634749173 ], [ 77.642260428837375, 12.890044814381611 ], [ 77.642318506492771, 12.889919479061511 ], [ 77.6423683962295, 12.889790836167354 ], [ 77.642409901155531, 12.889659393389172 ], [ 77.642442857469888, 12.889525669467558 ], [ 77.642467135109072, 12.88939019214652 ], [ 77.642482638260333, 12.889253496090735 ], [ 77.642489305739815, 12.889116120775531 ], [ 77.642487111234018, 12.888978608357858 ], [ 77.642476063403649, 12.88884150153662 ], [ 77.642456205849427, 12.888705341410908 ], [ 77.642427616940083, 12.888570665344515 ], [ 77.64239040950298, 12.888438004845176 ], [ 77.642344730378838, 12.888307883466885 ], [ 77.642290759842325, 12.888180814743626 ], [ 77.642228710890492, 12.888057300162625 ], [ 77.642158828402188, 12.887937827185118 ], [ 77.642081388171675, 12.887822867322477 ], [ 77.641996695820154, 12.887712874275284 ], [ 77.641905085589656, 12.887608282142667 ], [ 77.641806919023907, 12.887509503709 ], [ 77.641702583541488, 12.887416928814744 ], [ 77.641592490906888, 12.887330922817783 ], [ 77.641477075605437, 12.887251825151427 ], [ 77.641128775605452, 12.887028723521357 ] ] ] ] } },
{ "type": "Feature", "properties": { "fid": 989, "full_id": "w1422247351", "osm_id": "1422247351", "osm_type": "way", "material": null, "roof:colour": null, "ramp": null, "handrail": null, "embankment": null, "disused:crossing": null, "crossing:signals": null, "traffic_calming": null, "wheelchair": null, "crossing:island": null, "traffic_signals:vibration": null, "button_operated": null, "traffic_signals:sound": null, "crossing:markings": null, "smoothness": null, "check_date:surface": null, "incline": null, "covered": null, "tactile_paving": null, "kerb": null, "crossing": null, "footway": null, "trail_visibility": null, "name:kn": null, "name:ur": null, "name:pa": null, "brand:wikipedia": null, "brand:wikidata": null, "brand:ur": null, "brand:pa": null, "brand": null, "service": null, "oneway": null, "maxspeed": null, "lanes": null, "cycleway": null, "bridge": "yes", "tunnel": null, "layer": "1", "width": null, "sidewalk": null, "name:etymology:wikidata": null, "name": null, "lit": null, "horse": null, "surface": null, "motor_vehicle": null, "highway": "footway", "foot": null, "bicycle": null, "access": null, "b_fid": 1 }, "geometry": { "type": "MultiPolygon", "coordinates": [ [ [ [ 77.662213930514355, 12.854556015893419 ], [ 77.662124321743178, 12.854662256885995 ], [ 77.662041732207811, 12.854773773754399 ], [ 77.661966487851444, 12.854890126385776 ], [ 77.661898885629171, 12.855010855583041 ], [ 77.661839192336075, 12.855135484877255 ], [ 77.661787643554291, 12.855263522408089 ], [ 77.661744442723347, 12.855394462865089 ], [ 77.66170976033716, 12.855527789481952 ], [ 77.661683733271289, 12.855662976076054 ], [ 77.661666464242614, 12.855799489125106 ], [ 77.661658021404193, 12.855936789872736 ], [ 77.661658438075975, 12.856074336454784 ], [ 77.661667712613578, 12.856211586037759 ], [ 77.661685808414632, 12.856347996961201 ], [ 77.66171265406328, 12.856483030875305 ], [ 77.661748143612016, 12.856616154865563 ], [ 77.661792136999793, 12.856746843555849 ], [ 77.66184446060484, 12.856874581181811 ], [ 77.661904907929738, 12.856998863626277 ], [ 77.661973240416572, 12.857119200408707 ], [ 77.662049188388181, 12.857235116620807 ], [ 77.662132452112644, 12.857346154800672 ], [ 77.662222702986085, 12.857451876738091 ], [ 77.662319584829532, 12.857551865203853 ], [ 77.662422715294596, 12.857645725596234 ], [ 77.662531687372464, 12.857733087498222 ], [ 77.662646071000125, 12.857813606139255 ], [ 77.662765414757672, 12.857886963755776 ], [ 77.662889247649801, 12.857952870845176 ], [ 77.66301708096465, 12.858011067308254 ], [ 77.663148410202538, 12.85806132347559 ], [ 77.663282717066977, 12.858103441013874 ], [ 77.66341947151011, 12.858137253708557 ], [ 77.663558133824637, 12.858162628119757 ], [ 77.663698156773748, 12.858179464108842 ], [ 77.663838987750836, 12.858187695233573 ], [ 77.663980070960349, 12.85818728901031 ], [ 77.664120849611379, 12.858178247042188 ], [ 77.664260768114843, 12.858160605012792 ], [ 77.664399274276363, 12.858134432545354 ], [ 77.664535821475368, 12.858099832927987 ], [ 77.664669870822479, 12.858056942706135 ], [ 77.664800893286142, 12.858005931143699 ], [ 77.664928371780576, 12.85794699955513 ], [ 77.665051803206353, 12.857880380510998 ], [ 77.665170700436079, 12.857806336920223 ], [ 77.665284594236681, 12.857725160992599 ], [ 77.665393035121355, 12.857637173085671 ], [ 77.665495595123517, 12.857542720440543 ], [ 77.665591869485624, 12.857442175811569 ], [ 77.665641669485638, 12.857386776130035 ], [ 77.665731278256814, 12.857280536290418 ], [ 77.665813867792167, 12.857169020535503 ], [ 77.665889112148534, 12.857052668960295 ], [ 77.665956714370822, 12.856931940744918 ], [ 77.666016407663903, 12.856807312342507 ], [ 77.666067956445687, 12.856679275599008 ], [ 77.666111157276646, 12.85654833581212 ], [ 77.666145839662818, 12.856415009737237 ], [ 77.666171866728703, 12.856279823548087 ], [ 77.666189135757364, 12.856143310760226 ], [ 77.666197578595799, 12.856006010125542 ], [ 77.666197161924018, 12.855868463506061 ], [ 77.666187887386414, 12.855731213735501 ], [ 77.666169791585347, 12.855594802476926 ], [ 77.666142945936713, 12.855459768085067 ], [ 77.666107456387977, 12.85532664348162 ], [ 77.666063463000199, 12.855195954052029 ], [ 77.666011139395138, 12.855068215571967 ], [ 77.66595069207024, 12.854943932171739 ], [ 77.665882359583421, 12.854823594346636 ], [ 77.665806411611797, 12.85470767702108 ], [ 77.665723147887348, 12.854596637674236 ], [ 77.665632897013907, 12.854490914534427 ], [ 77.66553601517046, 12.854390924849556 ], [ 77.665432884705382, 12.854297063240303 ], [ 77.665323912627514, 12.854209700142631 ], [ 77.665209528999853, 12.854129180345732 ], [ 77.66509018524232, 12.854055821631178 ], [ 77.664966352350191, 12.853989913518705 ], [ 77.664838519035342, 12.853931716123476 ], [ 77.66470718979744, 12.853881459129465 ], [ 77.664572882933015, 12.85383934088288 ], [ 77.664436128489882, 12.853805527609333 ], [ 77.664297466175341, 12.853780152757748 ], [ 77.664157443226244, 12.853763316473634 ], [ 77.664016612249142, 12.853755085203844 ], [ 77.663875529039629, 12.853755491434278 ], [ 77.663734750388613, 12.853764533561694 ], [ 77.663594831885149, 12.853782175900015 ], [ 77.663456325723629, 12.853808348821183 ], [ 77.663319778524624, 12.853842949029996 ], [ 77.663185729177499, 12.853885839971779 ], [ 77.663054706713851, 12.853936852371385 ], [ 77.662927228219417, 12.853995784901297 ], [ 77.662803796793639, 12.854062404976245 ], [ 77.662684899563914, 12.854136449671236 ], [ 77.662571005763311, 12.854217626759251 ], [ 77.662462564878624, 12.854305615864652 ], [ 77.662360004876476, 12.854400069727673 ], [ 77.662263730514368, 12.854500615574992 ], [ 77.662213930514355, 12.854556015893419 ] ] ] ] } },
{ "type": "Feature", "properties": { "fid": 1003, "full_id": "w1422507947", "osm_id": "1422507947", "osm_type": "way", "material": null, "roof:colour": null, "ramp": null, "handrail": null, "embankment": null, "disused:crossing": null, "crossing:signals": null, "traffic_calming": null, "wheelchair": null, "crossing:island": null, "traffic_signals:vibration": null, "button_operated": null, "traffic_signals:sound": null, "crossing:markings": null, "smoothness": null, "check_date:surface": null, "incline": null, "covered": null, "tactile_paving": null, "kerb": null, "crossing": null, "footway": null, "trail_visibility": null, "name:kn": null, "name:ur": null, "name:pa": null, "brand:wikipedia": null, "brand:wikidata": null, "brand:ur": null, "brand:pa": null, "brand": null, "service": null, "oneway": null, "maxspeed": null, "lanes": null, "cycleway": null, "bridge": null, "tunnel": null, "layer": null, "width": null, "sidewalk": null, "name:etymology:wikidata": null, "name": null, "lit": null, "horse": null, "surface": null, "motor_vehicle": null, "highway": "footway", "foot": null, "bicycle": null, "access": null, "b_fid": 1 }, "geometry": { "type": "MultiPolygon", "coordinates": [ [ [ [ 77.672819338490498, 12.848172592195494 ], [ 77.672889334729049, 12.848053163520726 ], [ 77.672951501283606, 12.847929685391536 ], [ 77.67300559281118, 12.84780264511409 ], [ 77.673051395837192, 12.847672544053305 ], [ 77.673088729598078, 12.847539895654279 ], [ 77.673117446754489, 12.847405223416033 ], [ 77.67313743397294, 12.847269058825534 ], [ 77.673148612373055, 12.847131939260233 ], [ 77.673150937838727, 12.84699440586729 ], [ 77.673144401192431, 12.846857001427942 ], [ 77.673129028231358, 12.846720268215391 ], [ 77.673104879625512, 12.846584745854695 ], [ 77.673072050678456, 12.846450969193095 ], [ 77.673030670950993, 12.846319466189149 ], [ 77.672980903750044, 12.846190755829126 ], [ 77.672922945484018, 12.846065346078678 ], [ 77.672857024887676, 12.845943731878108 ], [ 77.672783402119506, 12.845826393188961 ], [ 77.672702367734956, 12.845713793099739 ], [ 77.672614241539733, 12.845606375998212 ], [ 77.672519371327624, 12.845504565817521 ], [ 77.672418131508039, 12.845408764362981 ], [ 77.672310921628309, 12.845319349726253 ], [ 77.672198164796825, 12.84523667479305 ], [ 77.672080306013285, 12.845161065850371 ], [ 77.671957810412493, 12.845092821298675 ], [ 77.671831161428585, 12.845032210474127 ], [ 77.671700858887263, 12.844979472585573 ], [ 77.671567417033131, 12.844934815770376 ], [ 77.671431362500215, 12.844898416272935 ], [ 77.671293232233594, 12.84487041774905 ], [ 77.67115357137034, 12.844850930698929 ], [ 77.671012931088057, 12.844840032031042 ], [ 77.670871866429707, 12.844837764758573 ], [ 77.670730934113024, 12.844844137829636 ], [ 77.670590690333498, 12.844859126091984 ], [ 77.670451688569258, 12.844882670392259 ], [ 77.670314477396744, 12.84491467780947 ], [ 77.670179598325774, 12.844955022021759 ], [ 77.670047583662424, 12.845003543804983 ], [ 77.66991895440826, 12.845060051661154 ], [ 77.669794218204203, 12.845124322574272 ], [ 77.669673867327035, 12.845196102890553 ], [ 77.669558376746664, 12.84527510931958 ], [ 77.669448202251715, 12.845361030052409 ], [ 77.669343778650529, 12.845453525992253 ], [ 77.669245518055376, 12.845552232092837 ], [ 77.669153808255928, 12.845656758799208 ], [ 77.669069011188853, 12.845766693585205 ], [ 77.668991461509478, 12.845881602581642 ], [ 77.668988061509481, 12.845887002606265 ], [ 77.66891806527093, 12.846006432310764 ], [ 77.668855898716373, 12.84612991138521 ], [ 77.668801807188814, 12.846256952508504 ], [ 77.668756004162788, 12.846387054302353 ], [ 77.668718670401901, 12.846519703310065 ], [ 77.66868995324549, 12.846654376022993 ], [ 77.668669966027039, 12.846790540946639 ], [ 77.668658787626924, 12.84692766069827 ], [ 77.668656462161252, 12.847065194127753 ], [ 77.668662998807548, 12.847202598453237 ], [ 77.668678371768621, 12.84733933140328 ], [ 77.668702520374467, 12.847474853356932 ], [ 77.668735349321537, 12.847608629473338 ], [ 77.668776729048986, 12.8477401318025 ], [ 77.668826496249935, 12.847868841368761 ], [ 77.668884454515961, 12.847994250218948 ], [ 77.668950375112303, 12.848115863426932 ], [ 77.669023997880473, 12.848233201046787 ], [ 77.669105032265023, 12.848345800006843 ], [ 77.669193158460246, 12.848453215937113 ], [ 77.669288028672355, 12.848555024922897 ], [ 77.66938926849194, 12.8486508251777 ], [ 77.66949647837167, 12.848740238628757 ], [ 77.669609235203154, 12.84882291240903 ], [ 77.669727093986694, 12.84889852024968 ], [ 77.669849589587486, 12.848966763767615 ], [ 77.669976238571394, 12.849027373642945 ], [ 77.670106541112716, 12.84908011068179 ], [ 77.670239982966862, 12.849124766760166 ], [ 77.670376037499778, 12.849161165645286 ], [ 77.670514167766385, 12.849189163690996 ], [ 77.670653828629639, 12.849208650404623 ], [ 77.670794468911922, 12.849219548882997 ], [ 77.670935533570272, 12.849221816115923 ], [ 77.671076465886955, 12.849215443155908 ], [ 77.671216709666481, 12.849200455153449 ], [ 77.671355711430721, 12.849176911257812 ], [ 77.671492922603235, 12.849144904383609 ], [ 77.671627801674219, 12.849104560844145 ], [ 77.671759816337556, 12.849056039852961 ], [ 77.671888445591719, 12.848999532895567 ], [ 77.672013181795776, 12.848935262973802 ], [ 77.672133532672959, 12.848863483725834 ], [ 77.672249023253315, 12.84878447842525 ], [ 77.672359197748264, 12.848698558863216 ], [ 77.672463621349451, 12.84860606411808 ], [ 77.672561881944603, 12.848507359217292 ], [ 77.672653591744051, 12.848402833696918 ], [ 77.672738388811126, 12.84829290006444 ], [ 77.672815938490501, 12.848177992170873 ], [ 77.672819338490498, 12.848172592195494 ] ] ] ] } }
]
}
