{
"type": "FeatureCollection",
"name": "south-blackspots",
"crs": { "type": "name", "properties": { "name": "urn:ogc:def:crs:OGC:1.3:CRS84" } },
"features": [
{ "type": "Feature", "properties": { "fid": 1, "bid": 3, "ID_count": 6, "Name": "Hosa Road Junction" }, "geometry": { "type": "MultiPolygon", "coordinates": [ [ [ [ 77.65609170402989, 12.869156676539593 ], [ 77.65608566884795, 12.86901492536767 ], [ 77.656070573751663, 12.868873825704322 ], [ 77.65604647832879, 12.868733934401002 ], [ 77.656013477686471, 12.868595803539524 ], [ 77.655971702075504, 12.86845997825332 ], [ 77.655921316376251, 12.868326994576185 ], [ 77.655862519447638, 12.868197377326831 ], [ 77.655795543342265, 12.868071638037852 ], [ 77.655720652390485, 12.867950272936994 ], [ 77.655638142157073, 12.86783376098894 ], [ 77.655548338274713, 12.867722562005147 ], [ 77.655451595158823, 12.867617114829331 ], [ 77.655348294608885, 12.867517835605669 ], [ 77.655238844301593, 12.867425116136568 ], [ 77.655123676182072, 12.867339322336541 ], [ 77.6550032447592, 12.867260792788215 ], [ 77.654878025312087, 12.867189837406176 ], [ 77.654748512014365, 12.867126736214013 ], [ 77.654615215984165, 12.867071738239206 ], [ 77.654478663267142, 12.867025060530459 ], [ 77.654339392760562, 12.866986887301106 ], [ 77.65419795408684, 12.866957369202179 ], [ 77.65405490542453, 12.866936622727838 ], [ 77.653910811305863, 12.866924729755675 ], [ 77.653766240388833, 12.866921737223517 ], [ 77.653621763213408, 12.866927656944199 ], [ 77.653477949949945, 12.866942465558875 ], [ 77.653335368149342, 12.866966104629167 ], [ 77.653194580503381, 12.866998480867707 ], [ 77.653056142624195, 12.867039466506235 ], [ 77.652920600851758, 12.867088899799727 ], [ 77.652788490097947, 12.867146585664646 ], [ 77.65266033173549, 12.867212296448715 ], [ 77.652536631540713, 12.867285772829273 ], [ 77.652417877697332, 12.867366724836529 ], [ 77.652304538870013, 12.867454832997863 ], [ 77.652197062354787, 12.867549749598485 ], [ 77.652095872313794, 12.867651100053596 ], [ 77.652001368101239, 12.867758484386579 ], [ 77.651913922687328, 12.8678714788074 ], [ 77.651833881186192, 12.867989637385017 ], [ 77.651761559493806, 12.86811249380716 ], [ 77.651697243041141, 12.868239563220566 ], [ 77.651641185667529, 12.868370344144402 ], [ 77.651593608618711, 12.868504320449295 ], [ 77.651554699673454, 12.868640963394233 ], [ 77.651524612402284, 12.868779733713211 ], [ 77.65150346556112, 12.868920083743472 ], [ 77.651491342622435, 12.869061459586838 ], [ 77.651488291445574, 12.869203303295738 ], [ 77.651494324087537, 12.869345055075186 ], [ 77.651509416755289, 12.869486155492082 ], [ 77.651533509899309, 12.869626047683091 ], [ 77.65156650844844, 12.8697641795524 ], [ 77.651608282184867, 12.869900005950667 ], [ 77.651658666257816, 12.870032990826585 ], [ 77.651717461834011, 12.870162609342513 ], [ 77.651784436882139, 12.8702883499459 ], [ 77.651859327088545, 12.870409716388254 ], [ 77.651941836900221, 12.870526229683755 ], [ 77.652031640691135, 12.870637429999679 ], [ 77.652128384047273, 12.870742878471306 ], [ 77.652231685165432, 12.870842158934034 ], [ 77.65234113635988, 12.870934879565905 ], [ 77.652456305671549, 12.871020674434066 ], [ 77.652576738572748, 12.871099204939055 ], [ 77.65270195976106, 12.871170161151182 ], [ 77.652831475035384, 12.87123326303379 ], [ 77.65296477324641, 12.871288261548495 ], [ 77.653101328314122, 12.87133493963808 ], [ 77.653240601304134, 12.871373113083207 ], [ 77.65338204255491, 12.871402631229445 ], [ 77.653525093847207, 12.871423377581875 ], [ 77.653669190607374, 12.871435270264845 ], [ 77.65381376413572, 12.871438262345077 ], [ 77.653958243851122, 12.871432342016869 ], [ 77.654102059543135, 12.871417532648643 ], [ 77.654244643622576, 12.871393892690662 ], [ 77.654385433361739, 12.871361515444297 ], [ 77.654523873115451, 12.871320528693699 ], [ 77.654659416514193, 12.871271094201427 ], [ 77.65479152862045, 12.871213407069931 ], [ 77.654919688040124, 12.871147694971459 ], [ 77.655043388980275, 12.871074217249401 ], [ 77.655162143245391, 12.870993263894702 ], [ 77.655275482164171, 12.870905154401235 ], [ 77.65538295843912, 12.870810236504797 ], [ 77.65548414791192, 12.870708884810623 ], [ 77.655578651237292, 12.870601499314871 ], [ 77.655666095459068, 12.870488503825914 ], [ 77.655746135481877, 12.870370344291636 ], [ 77.655818455433078, 12.8702474870394 ], [ 77.655882769909127, 12.870120416935547 ], [ 77.655938825101913, 12.86998963547182 ], [ 77.655986399800042, 12.869855658786088 ], [ 77.656025306261853, 12.869719015625376 ], [ 77.656055390955999, 12.869580245259089 ], [ 77.656076535167145, 12.869439895350734 ], [ 77.656088655464345, 12.869298519796567 ], [ 77.65609170402989, 12.869156676539593 ] ] ] ] } },
{ "type": "Feature", "properties": { "fid": 2, "bid": 6, "ID_count": 7, "Name": "Singasandra Bus Stop" }, "geometry": { "type": "MultiPolygon", "coordinates": [ [ [ [ 77.648771804403125, 12.878656723936764 ], [ 77.648765771998725, 12.878514971929434 ], [ 77.648750679272837, 12.878373871246955 ], [ 77.648726585803885, 12.878233978744817 ], [ 77.648693586691294, 12.878095846509565 ], [ 77.64865181217985, 12.877960019680069 ], [ 77.648601427145607, 12.877827034296201 ], [ 77.648542630444837, 12.877697415183432 ], [ 77.6484756541293, 12.877571673881697 ], [ 77.648400762530187, 12.877450306626686 ], [ 77.648318251214818, 12.877333792391596 ], [ 77.64822844582018, 12.877222590996892 ], [ 77.648131700767678, 12.877117141295813 ], [ 77.648028397864408, 12.877017859442486 ], [ 77.647918944796388, 12.876925137249694 ], [ 77.647803773519655, 12.876839340642704 ], [ 77.647683338555552, 12.876760808215192 ], [ 77.647558115197157, 12.876689849893118 ], [ 77.647428597633521, 12.876626745711652 ], [ 77.647295296999616, 12.876571744710072 ], [ 77.647158739359284, 12.876525063949007 ], [ 77.647019463629235, 12.876486887653833 ], [ 77.646878019452444, 12.876457366487662 ], [ 77.646734965029225, 12.876436616956765 ], [ 77.646590864914486, 12.876424720950771 ], [ 77.6464462877899, 12.876421725419478 ], [ 77.646301804219917, 12.876427642187549 ], [ 77.646157984400105, 12.876442447907781 ], [ 77.64601539590727, 12.876466084153218 ], [ 77.645874601459539, 12.876498457647623 ], [ 77.645736156695889, 12.876539440633563 ], [ 77.645600607983454, 12.876588871376484 ], [ 77.645468490261479, 12.876646554802909 ], [ 77.645340324930203, 12.876712263270186 ], [ 77.64521661779338, 12.87678573746479 ], [ 77.645097857062154, 12.87686668742557 ], [ 77.644984511428362, 12.876954793687968 ], [ 77.644877028214893, 12.87704970854471 ], [ 77.644775831610275, 12.877151057417867 ], [ 77.644681320994636, 12.877258440337085 ], [ 77.644593869363433, 12.877371433517908 ], [ 77.644513821855327, 12.877489591034198 ], [ 77.644441494390023, 12.877612446577883 ], [ 77.644377172421244, 12.877739515299179 ], [ 77.644321109810093, 12.877870295719983 ], [ 77.644273527823003, 12.878004271712928 ], [ 77.64423461425821, 12.878140914538241 ], [ 77.644204522704499, 12.878279684930401 ], [ 77.644183371934687, 12.878420035226362 ], [ 77.644171245436766, 12.878561411526924 ], [ 77.644168191084106, 12.878703255882709 ], [ 77.644174220946326, 12.878845008496192 ], [ 77.644189311241306, 12.878986109930988 ], [ 77.644213402428917, 12.879126003319753 ], [ 77.644246399445763, 12.879264136561952 ], [ 77.644288172080067, 12.879399964502829 ], [ 77.644338555485433, 12.879532951084991 ], [ 77.644397350831227, 12.879662571464076 ], [ 77.644464326087061, 12.879788314080171 ], [ 77.644539216938497, 12.879909682676852 ], [ 77.644621727829971, 12.880026198259783 ], [ 77.644711533131201, 12.880137400987214 ], [ 77.644808278422232, 12.880242851984914 ], [ 77.644911581892202, 12.880342135078296 ], [ 77.645021035846185, 12.880434858435018 ], [ 77.64513620831417, 12.880520656111466 ], [ 77.645256644756003, 12.880599189497088 ], [ 77.645381869855342, 12.880670148650816 ], [ 77.645511389395637, 12.880733253524372 ], [ 77.645644692210723, 12.880788255067561 ], [ 77.645781252202426, 12.88083493621121 ], [ 77.645920530416916, 12.880873112723908 ], [ 77.646061977172053, 12.88090263393911 ], [ 77.646205034226853, 12.880923383349776 ], [ 77.646349136984895, 12.880935279068179 ], [ 77.64649371672283, 12.880938274149045 ], [ 77.646638202835007, 12.880932356774821 ], [ 77.646782025085727, 12.880917550302266 ], [ 77.646924615859888, 12.880893913170212 ], [ 77.647065412403364, 12.880861538668862 ], [ 77.64720385904414, 12.880820554571537 ], [ 77.647339409385467, 12.880771122630319 ], [ 77.647471528462418, 12.880713437937578 ], [ 77.647599694853398, 12.880647728155944 ], [ 77.647723402737896, 12.880574252619665 ], [ 77.647842163893017, 12.880493301311056 ], [ 77.647955509620218, 12.880405193715918 ], [ 77.648062992595158, 12.880310277562563 ], [ 77.648164188633075, 12.880208927449349 ], [ 77.648258698362739, 12.880101543366202 ], [ 77.648346148802702, 12.879988549115923 ], [ 77.648426194833064, 12.879870390641521 ], [ 77.648498520557467, 12.879747534266178 ], [ 77.648562840549587, 12.879620464852794 ], [ 77.648618900979514, 12.87948968389038 ], [ 77.648666480615248, 12.879355707514854 ], [ 77.648705391695586, 12.879219064472021 ], [ 77.648735480670979, 12.879080294030826 ], [ 77.64875662880921, 12.878939943855089 ], [ 77.648768752663813, 12.878798567842129 ], [ 77.648771804403125, 12.878656723936764 ] ] ] ] } },
{ "type": "Feature", "properties": { "fid": 3, "bid": 7, "ID_count": 11, "Name": "Electronic City Toll Plaza" }, "geometry": { "type": "MultiPolygon", "coordinates": [ [ [ [ 77.678281411678611, 12.841646531121627 ], [ 77.678275367935342, 12.841504782514157 ], [ 77.678260265465454, 12.841363685978923 ], [ 77.678236163885785, 12.841223798355008 ], [ 77.678203158327719, 12.84108567170969 ], [ 77.678161379061422, 12.840949851159758 ], [ 77.678110990981608, 12.840816872720277 ], [ 77.678052192956599, 12.840687261189306 ], [ 77.677985217043258, 12.840561528076837 ], [ 77.677910327571112, 12.840440169586264 ], [ 77.677827820099083, 12.840323664656168 ], [ 77.677738020248896, 12.840212473070331 ], [ 77.677641282420055, 12.840107033643271 ], [ 77.677537988391109, 12.840007762488597 ], [ 77.677428545813015, 12.839915051376893 ], [ 77.67731338660036, 12.83982926618971 ], [ 77.677192965226894, 12.839750745475703 ], [ 77.67706775693199, 12.839679799114631 ], [ 77.676938255845286, 12.839616707094489 ], [ 77.676804973036738, 12.839561718406602 ], [ 77.676668434499788, 12.839515050063044 ], [ 77.676529179075814, 12.839476886240229 ], [ 77.676387756327671, 12.839447377552085 ], [ 77.676244724371131, 12.839426640455679 ], [ 77.67610064767247, 12.839414756791603 ], [ 77.67595609482099, 12.839411773460991 ], [ 77.675811636285374, 12.839417702240389 ], [ 77.675667842162497, 12.839432519735222 ], [ 77.675525279927726, 12.83945616747209 ], [ 77.675384512195663, 12.839488552129438 ], [ 77.675246094499926, 12.839529545905801 ], [ 77.675110573100866, 12.839578987024055 ], [ 77.674978482829971, 12.839636680369782 ], [ 77.674850344979234, 12.839702398261196 ], [ 77.674726665244023, 12.839775881347574 ], [ 77.674607931727365, 12.839856839632676 ], [ 77.674494613013763, 12.839944953619087 ], [ 77.674387156319881, 12.840039875569028 ], [ 77.674285985729668, 12.840141230876561 ], [ 77.674191500520607, 12.840248619545914 ], [ 77.674104073587898, 12.840361617769913 ], [ 77.674024049972786, 12.840479779602491 ], [ 77.673951745500631, 12.840602638718497 ], [ 77.67388744553449, 12.840729710254019 ], [ 77.673831403848624, 12.840860492719809 ], [ 77.673783841626829, 12.840994469980386 ], [ 77.673744946589366, 12.841131113290928 ], [ 77.673714872251836, 12.841269883383976 ], [ 77.673693737319127, 12.841410232597612 ], [ 77.673681625216659, 12.841551607036857 ], [ 77.673678583760989, 12.84169344875966 ], [ 77.673684624970747, 12.84183519797884 ], [ 77.673699725018977, 12.84197629527138 ], [ 77.673723824327055, 12.842116183786249 ], [ 77.673756827799437, 12.842254311442126 ], [ 77.673798605198812, 12.842390133106278 ], [ 77.673848991659938, 12.842523112746072 ], [ 77.673907788340031, 12.842652725544523 ], [ 77.673974763203418, 12.842778459971631 ], [ 77.674049651937111, 12.842899819803295 ], [ 77.674132158993856, 12.84301632607977 ], [ 77.67422195875848, 12.84312751899604 ], [ 77.674318696832827, 12.843232959716611 ], [ 77.674421991434471, 12.843332232107468 ], [ 77.674531434903429, 12.843424944378542 ], [ 77.674646595311046, 12.843510730629987 ], [ 77.674767018164772, 12.843589252296372 ], [ 77.674892228201841, 12.843660199482917 ], [ 77.675021731265147, 12.843723292188605 ], [ 77.675155016253598, 12.8437782814113 ], [ 77.675291557139317, 12.843824950130495 ], [ 77.675430815043939, 12.843863114163851 ], [ 77.675572240365454, 12.843892622894122 ], [ 77.675715274947535, 12.843913359863581 ], [ 77.675859354282466, 12.843925243233626 ], [ 77.676003909739393, 12.843928226107767 ], [ 77.676148370808548, 12.843922296716661 ], [ 77.676292167353068, 12.843907478464519 ], [ 77.676434731859416, 12.843883829836694 ], [ 77.676575501677164, 12.843851444168784 ], [ 77.676713921239823, 12.843810449278202 ], [ 77.676849444257556, 12.843761006959639 ], [ 77.676981535873395, 12.843703312346438 ], [ 77.677109674774087, 12.843637593140377 ], [ 77.677233355247765, 12.843564108712908 ], [ 77.677352089179692, 12.843483149081433 ], [ 77.677465407978858, 12.843395033764585 ], [ 77.677572864427233, 12.843300110521135 ], [ 77.677674034444735, 12.843198753977413 ], [ 77.677768518762946, 12.843091364148695 ], [ 77.677855944500664, 12.842978364860429 ], [ 77.677935966635545, 12.842860202075476 ], [ 77.678008269365534, 12.842737342133995 ], [ 77.678072567355059, 12.842610269912935 ], [ 77.678128606861037, 12.842479486912337 ], [ 77.678176166734048, 12.84234550927612 ], [ 77.678215059290864, 12.842208865755032 ], [ 77.678245131055007, 12.842070095619862 ], [ 77.67826626336219, 12.841929746533175 ], [ 77.678278372828373, 12.841788372387958 ], [ 77.678281411678611, 12.841646531121627 ] ] ] ] } },
{ "type": "Feature", "properties": { "fid": 4, "bid": 13, "ID_count": 7, "Name": "Silkboard Bus Stop" }, "geometry": { "type": "MultiPolygon", "coordinates": [ [ [ [ 77.626511173983971, 12.914554856323983 ], [ 77.626505149105895, 12.914413101889812 ], [ 77.626490062417872, 12.914271998267742 ], [ 77.626465973474609, 12.914132102324876 ], [ 77.626432977357666, 12.913993966161362 ], [ 77.626391204300106, 12.913858134931592 ], [ 77.626340819172256, 12.913725144692801 ], [ 77.626282020830857, 12.91359552028964 ], [ 77.626215041334177, 12.913469773282911 ], [ 77.626140145025971, 12.913348399930832 ], [ 77.626057627492258, 12.913231879230633 ], [ 77.625967814394556, 12.91312067102831 ], [ 77.625871060184721, 12.913015214203934 ], [ 77.625767746706032, 12.912915924939728 ], [ 77.625658281686285, 12.912823195077715 ], [ 77.625543097128656, 12.912737390573385 ], [ 77.625422647606968, 12.912658850051569 ], [ 77.625297408471695, 12.912587883470129 ], [ 77.62516787397422, 12.912524770896807 ], [ 77.625034555316319, 12.912469761403958 ], [ 77.62489797863293, 12.912423072085701 ], [ 77.62475868291591, 12.912384887201144 ], [ 77.624617217887078, 12.912355357447264 ], [ 77.62447414182904, 12.912334599364186 ], [ 77.624330019382015, 12.91232269487527 ], [ 77.624185419315808, 12.912319690963752 ], [ 77.624040912285309, 12.91232559948735 ], [ 77.623897068578685, 12.912340397131361 ], [ 77.623754455866916, 12.912364025500692 ], [ 77.623613636963668, 12.912396391350169 ], [ 77.623475167604397, 12.912437366952519 ], [ 77.623339594253252, 12.912486790602307 ], [ 77.623207451946627, 12.912544467254055 ], [ 77.623079262181747, 12.912610169291844 ], [ 77.622955530858775, 12.912683637427516 ], [ 77.622836746284236, 12.912764581723845 ], [ 77.622723377244029, 12.912852682738643 ], [ 77.622615871153371, 12.912947592785356 ], [ 77.622514652291045, 12.913048937305064 ], [ 77.622420120125028, 12.913156316344603 ], [ 77.622332647735746, 12.913269306134863 ], [ 77.622252580343826, 12.913387460763111 ], [ 77.62218023394739, 12.913510313932701 ], [ 77.622115894074909, 12.913637380803253 ], [ 77.622059814658144, 12.913768159904006 ], [ 77.622012217029848, 12.91390213511283 ], [ 77.621973289050047, 12.914038777693076 ], [ 77.621943184364355, 12.914177548380232 ], [ 77.621922021797531, 12.91431789951012 ], [ 77.621909884884147, 12.914459277180272 ], [ 77.621906821538715, 12.914601123435945 ], [ 77.621912843866326, 12.914742878472138 ], [ 77.621927928114744, 12.91488398284293 ], [ 77.6219520147677, 12.915023879669411 ], [ 77.621985008779745, 12.915162016837492 ], [ 77.622026779951057, 12.915297849176948 ], [ 77.622077163441006, 12.915430840613036 ], [ 77.622135960418717, 12.915560466282226 ], [ 77.622202938847408, 12.915686214603747 ], [ 77.622277834400151, 12.915807589298648 ], [ 77.622360351502905, 12.915924111348522 ], [ 77.622450164500876, 12.916035320886088 ], [ 77.622546918943826, 12.91614077901022 ], [ 77.622650232984782, 12.916240069518189 ], [ 77.62275969888708, 12.916332800548366 ], [ 77.622874884633617, 12.916418606126834 ], [ 77.62299533563187, 12.916497147611826 ], [ 77.623120576508001, 12.916568115030278 ], [ 77.623250112983243, 12.916631228301267 ], [ 77.623383433824586, 12.916686238341414 ], [ 77.623520012862684, 12.916732928047992 ], [ 77.623659311068522, 12.916771113155752 ], [ 77.62380077868103, 12.916800642964201 ], [ 77.623943857376887, 12.916821400932353 ], [ 77.624087982474222, 12.916833305138667 ], [ 77.624232585161508, 12.916836308604353 ], [ 77.624377094742457, 12.916830399478735 ], [ 77.624520940888686, 12.916815601085997 ], [ 77.624663555890763, 12.916791971833057 ], [ 77.624804376898894, 12.91675960497901 ], [ 77.624942848144428, 12.916718628266977 ], [ 77.625078423133473, 12.91666920341989 ], [ 77.625210566803801, 12.916611525502116 ], [ 77.625338757636655, 12.916545822149537 ], [ 77.625462489715062, 12.916472352671043 ], [ 77.625581274720588, 12.916391407025035 ], [ 77.625694643860513, 12.916303304674992 ], [ 77.625802149718069, 12.916208393328528 ], [ 77.625903368018115, 12.916107047565054 ], [ 77.625997899301581, 12.915999667357353 ], [ 77.62608537050194, 12.915886676492956 ], [ 77.626165436417324, 12.915768520901537 ], [ 77.626237781072888, 12.915645666894925 ], [ 77.626302118967601, 12.91551859932671 ], [ 77.626358196200925, 12.915387819678655 ], [ 77.626405791474525, 12.915253844081516 ], [ 77.626444716965523, 12.915117201278065 ], [ 77.626474819067511, 12.91497843053634 ], [ 77.62649597899653, 12.914838079521372 ], [ 77.62650811325959, 12.914696702133828 ], [ 77.626511173983971, 12.914554856323983 ] ] ] ] } },
{ "type": "Feature", "properties": { "fid": 5, "bid": 14, "ID_count": 5, "Name": "Electronic City Toll Plaza" }, "geometry": { "type": "MultiPolygon", "coordinates": [ [ [ [ 77.67731142987148, 12.843444536392552 ], [ 77.677305386418624, 12.843302787681072 ], [ 77.67729028416619, 12.843161691021445 ], [ 77.677266182730193, 12.843021803253245 ], [ 77.677233177241405, 12.84288367644432 ], [ 77.67719139796975, 12.842747855712098 ], [ 77.677141009809958, 12.842614877072375 ], [ 77.677082211630648, 12.84248526532399 ], [ 77.67701523548935, 12.842359531977806 ], [ 77.676940345716432, 12.84223817323813 ], [ 77.676857837872049, 12.842121668044527 ], [ 77.676768037579393, 12.842010476181818 ], [ 77.676671299239686, 12.841905036465615 ], [ 77.676568004633523, 12.841805765010665 ], [ 77.676458561414123, 12.841713053588737 ], [ 77.676343401498627, 12.841627268082609 ], [ 77.676222979363516, 12.841548747042186 ], [ 77.676097770251218, 12.841477800348514 ], [ 77.675968268294568, 12.841414707990905 ], [ 77.675834984566961, 12.841359718962012 ], [ 77.675698445065493, 12.841313050275254 ], [ 77.67555918863529, 12.841274886108394 ], [ 77.675417764843218, 12.841245377076721 ], [ 77.675274731809154, 12.841224639638654 ], [ 77.675130654003624, 12.841212755636136 ], [ 77.674986100020305, 12.841209771971624 ], [ 77.674841640332346, 12.841215700422994 ], [ 77.674697845041138, 12.841230517596957 ], [ 77.674555281626709, 12.841254165021383 ], [ 77.674414512708296, 12.841286549375942 ], [ 77.674276093824133, 12.84132754286037 ], [ 77.674140571239349, 12.841376983698689 ], [ 77.674008479790061, 12.841434676777594 ], [ 77.673880340772925, 12.841500394416345 ], [ 77.6737566598879, 12.841573877265219 ], [ 77.673637925242531, 12.841654835328915 ], [ 77.673524605425811, 12.841742949110891 ], [ 77.673417147658768, 12.841837870874167 ], [ 77.673315976029528, 12.841939226013565 ], [ 77.67322148981971, 12.842046614533954 ], [ 77.673134061928451, 12.842159612628764 ], [ 77.673054037400789, 12.842277774352429 ], [ 77.672981732065679, 12.842400633380237 ], [ 77.672917431289591, 12.842527704848621 ], [ 77.672861388849952, 12.842658487268604 ], [ 77.672813825933588, 12.842792464504882 ], [ 77.672774930263444, 12.842929107812742 ], [ 77.672744855357664, 12.843067877924716 ], [ 77.672723719923354, 12.843208227178824 ], [ 77.672711607387939, 12.843349601679941 ], [ 77.67270856556965, 12.843491443485753 ], [ 77.672714606488583, 12.843633192808769 ], [ 77.672729706318933, 12.843774290225554 ], [ 77.672753805482913, 12.843914178884583 ], [ 77.672786808885576, 12.844052306703976 ], [ 77.672828586289882, 12.844188128550359 ], [ 77.672878972830546, 12.844321108390366 ], [ 77.672937769664514, 12.844450721406229 ], [ 77.67300474475546, 12.844576456067093 ], [ 77.673079633789555, 12.844697816147933 ], [ 77.673162141218342, 12.844814322688007 ], [ 77.673251941425164, 12.844925515881291 ], [ 77.673348680010136, 12.845030956891163 ], [ 77.673451975188797, 12.845130229582482 ], [ 77.67356141929892, 12.845222942163982 ], [ 77.673676580409307, 12.845308728734603 ], [ 77.673797004024621, 12.845387250727647 ], [ 77.673922214879127, 12.845458198247043 ], [ 77.674051718812464, 12.845521291290458 ], [ 77.674185004720101, 12.845576280854425 ], [ 77.674321546570539, 12.845622949917084 ], [ 77.67446080548163, 12.845661114294744 ], [ 77.674602231847345, 12.845690623368794 ], [ 77.674745267507262, 12.84571136068015 ], [ 77.674889347949417, 12.845723244388862 ], [ 77.67503390453858, 12.845726227597101 ], [ 77.675178366760463, 12.845720298534204 ], [ 77.675322164473741, 12.845705480603085 ], [ 77.675464730160201, 12.845681832287827 ], [ 77.675605501164767, 12.845649446922799 ], [ 77.675743921916236, 12.845608452324212 ], [ 77.675879446120149, 12.845559010285609 ], [ 77.676011538914793, 12.845501315939226 ], [ 77.676139678982281, 12.845435596985791 ], [ 77.676263360606129, 12.845362112795758 ], [ 77.67638209566708, 12.845281153385582 ], [ 77.676495415569647, 12.845193038273042 ], [ 77.67660287309144, 12.845098115216091 ], [ 77.676704044148153, 12.844996758840326 ], [ 77.676798529467263, 12.844889369160363 ], [ 77.676885956163616, 12.84477637000106 ], [ 77.67696597921109, 12.844658207324779 ], [ 77.677038282803991, 12.844535347471243 ], [ 77.677102581603393, 12.844408275317056 ], [ 77.677158621863001, 12.844277492361998 ], [ 77.67720618243041, 12.844143514749819 ], [ 77.677245075619652, 12.844006871231157 ], [ 77.677275147951789, 12.843868101076803 ], [ 77.67729628076026, 12.843727751949409 ], [ 77.677308390659022, 12.843586377742103 ], [ 77.67731142987148, 12.843444536392552 ] ] ] ] } },
{ "type": "Feature", "properties": { "fid": 6, "bid": 17, "ID_count": 8, "Name": "Garvebhavipalaya" }, "geometry": { "type": "MultiPolygon", "coordinates": [ [ [ [ 77.637952985460572, 12.896269787848503 ], [ 77.63794695668247, 12.896128034661535 ], [ 77.637931866853904, 12.895986932551917 ], [ 77.637907775541947, 12.895847038380769 ], [ 77.63787477783751, 12.895708904241244 ], [ 77.637833003979878, 12.895573075279728 ], [ 77.637782618842479, 12.895440087544511 ], [ 77.637723821282108, 12.895310465870351 ], [ 77.637656843353895, 12.895184721807285 ], [ 77.637581949395397, 12.895063351601912 ], [ 77.637499434983326, 12.89494683423905 ], [ 77.637409625766864, 12.894835629551523 ], [ 77.63731287618252, 12.894730176405547 ], [ 77.637209568055326, 12.894630890968834 ], [ 77.637100109091904, 12.894538165068305 ], [ 77.63698493127157, 12.894452364643838 ], [ 77.636864489141502, 12.894373828304172 ], [ 77.636739258023013, 12.89430286599069 ], [ 77.636609732135867, 12.89423975775429 ], [ 77.63647642264786, 12.894184752650242 ], [ 77.636339855657724, 12.894138067755351 ], [ 77.636200570119072, 12.894099887311288 ], [ 77.636059115713607, 12.89407036199753 ], [ 77.635916050681985, 12.894049608336688 ], [ 77.635771939620938, 12.894037708234684 ], [ 77.635627351255351, 12.894034708657468 ], [ 77.635482856193988, 12.894040621445653 ], [ 77.635339024677762, 12.894055423267723 ], [ 77.635196424329607, 12.894079055712105 ], [ 77.635055617914404, 12.894111425517561 ], [ 77.634917161118352, 12.894152404941199 ], [ 77.63478160035605, 12.894201832262521 ], [ 77.634649470614207, 12.894259512421554 ], [ 77.634521293340569, 12.894325217788538 ], [ 77.634397574385943, 12.894398689062184 ], [ 77.634278802008112, 12.89447963629287 ], [ 77.634165444944827, 12.894567740026826 ], [ 77.63405795056407, 12.894662652566753 ], [ 77.633956743098466, 12.894763999343889 ], [ 77.633862221970958, 12.894871380396143 ], [ 77.633774760218472, 12.894984371946459 ], [ 77.633694703019643, 12.895102528075135 ], [ 77.633622366332375, 12.895225382479596 ], [ 77.633558035646814, 12.895352450314563 ], [ 77.633501964858468, 12.895483230105457 ], [ 77.633454375266041, 12.895617205727403 ], [ 77.633415454697797, 12.895753848442112 ], [ 77.633385356770134, 12.895892618984522 ], [ 77.633364200281093, 12.896032969691007 ], [ 77.63335206874126, 12.896174346660752 ], [ 77.633349010043887, 12.896316191941766 ], [ 77.633355036275759, 12.89645794573288 ], [ 77.633370123669124, 12.896599048593073 ], [ 77.63339421269535, 12.896738943649387 ], [ 77.633427208299565, 12.896877078794709 ], [ 77.633468980275623, 12.897012908866792 ], [ 77.633519363779726, 12.897145897799829 ], [ 77.633578159980857, 12.897275520740177 ], [ 77.633645136845331, 12.897401266117827 ], [ 77.633720030052345, 12.897522637665444 ], [ 77.633802544037067, 12.897639156377053 ], [ 77.633892353157066, 12.897750362398545 ], [ 77.633989102977296, 12.897855816842686 ], [ 77.634092411669045, 12.897955103521269 ], [ 77.634201871516765, 12.898047830587805 ], [ 77.63431705052723, 12.898133632084017 ], [ 77.634437494134474, 12.898212169384268 ], [ 77.634562726993863, 12.898283132532031 ], [ 77.634692254858223, 12.898346241463241 ], [ 77.634825566528562, 12.898401247111677 ], [ 77.634962135871717, 12.898447932391948 ], [ 77.635101423896955, 12.8984861130563 ], [ 77.635242880883396, 12.898515638421788 ], [ 77.635385948549668, 12.898536391964985 ], [ 77.635530062257459, 12.898548291781822 ], [ 77.635674653240187, 12.898551290910847 ], [ 77.635819150847794, 12.898545377518518 ], [ 77.635962984799178, 12.898530574945866 ], [ 77.636105587433079, 12.898506941616322 ], [ 77.63624639594849, 12.898474570805071 ], [ 77.636384854626144, 12.898433590270864 ], [ 77.636520417021742, 12.898384161751723 ], [ 77.636652548122797, 12.898326480326503 ], [ 77.636780726460202, 12.898260773644935 ], [ 77.636904446166298, 12.89818730102904 ], [ 77.637023218971478, 12.898106352449611 ], [ 77.637136576131255, 12.898018247381687 ], [ 77.637244070276097, 12.897923333543599 ], [ 77.637345277177147, 12.897821985524592 ], [ 77.637439797420356, 12.897714603306328 ], [ 77.637527257982697, 12.897601610684269 ], [ 77.637607313704365, 12.897483453595003 ], [ 77.637679648650717, 12.897360598356268 ], [ 77.637743977359065, 12.89723352982649 ], [ 77.637800045965093, 12.897102749491209 ], [ 77.637847633204515, 12.896968773483881 ], [ 77.637886551286158, 12.89683213054888 ], [ 77.637916646632846, 12.896693359954739 ], [ 77.637937800487236, 12.896553009365904 ], [ 77.637949929380326, 12.896411632681323 ], [ 77.637952985460572, 12.896269787848503 ] ] ] ] } },
{ "type": "Feature", "properties": { "fid": 7, "bid": 19, "ID_count": 11, "Name": "Veerasandra Junction" }, "geometry": { "type": "MultiPolygon", "coordinates": [ [ [ [ 77.67917139419373, 12.839909526444238 ], [ 77.679165350196271, 12.839767777930986 ], [ 77.679150247542196, 12.839626681508051 ], [ 77.679126145849082, 12.839486794014073 ], [ 77.679093140248753, 12.839348667515816 ], [ 77.679051361011545, 12.839212847129485 ], [ 77.679000973032061, 12.839079868869502 ], [ 77.678942175178193, 12.838950257533217 ], [ 77.678875199506138, 12.838824524629858 ], [ 77.678800310344513, 12.838703166361986 ], [ 77.678717803250947, 12.838586661667311 ], [ 77.678628003845716, 12.838475470328678 ], [ 77.678531266526548, 12.83837003115964 ], [ 77.678427973069986, 12.838270760272781 ], [ 77.678318531124731, 12.838178049437635 ], [ 77.678203372602837, 12.83809226453466 ], [ 77.678082951975369, 12.838013744111386 ], [ 77.677957744478732, 12.837942798046432 ], [ 77.677828244239436, 12.837879706326627 ], [ 77.677694962324082, 12.837824717942107 ], [ 77.677558424722591, 12.837778049903758 ], [ 77.677419170272628, 12.837739886386776 ], [ 77.677277748533228, 12.837710378003898 ], [ 77.67713471761617, 12.837689641210979 ], [ 77.676990641983636, 12.837677757847423 ], [ 77.676846090220735, 12.837674774813173 ], [ 77.676701632791833, 12.837680703883608 ], [ 77.676557839789453, 12.837695521663003 ], [ 77.676415278684559, 12.837719169676841 ], [ 77.676274512087275, 12.837751554602471 ], [ 77.676136095526729, 12.837792548637371 ], [ 77.676000575258826, 12.83784199000339 ], [ 77.675868486110559, 12.837899683585142 ], [ 77.675740349369534, 12.837965401699908 ], [ 77.675616670726697, 12.838038884996077 ], [ 77.675497938280799, 12.838119843476589 ], [ 77.675384620612107, 12.838207957643251 ], [ 77.675277164933178, 12.838302879757574 ], [ 77.67517599532394, 12.838404235212975 ], [ 77.675081511057996, 12.838511624013087 ], [ 77.674994085026839, 12.838624622350228 ], [ 77.674914062268158, 12.838742784277876 ], [ 77.674841758603947, 12.838865643470509 ], [ 77.674777459394022, 12.838992715063908 ], [ 77.674721418409703, 12.839123497568599 ], [ 77.67467385683203, 12.839257474848939 ], [ 77.674634962378676, 12.83939411816004 ], [ 77.674604888562982, 12.839532888234421 ], [ 77.67458375408772, 12.839673237410246 ], [ 77.674571642376563, 12.83981461179269 ], [ 77.674568601244459, 12.839956453439912 ], [ 77.674574642708805, 12.840098202565038 ], [ 77.674589742941635, 12.840239299745416 ], [ 77.674613842363584, 12.840379188130461 ], [ 77.674646845878641, 12.840517315639357 ], [ 77.674688623249367, 12.840653137139961 ], [ 77.674739009610576, 12.840786116600276 ], [ 77.674797806119912, 12.840915729204028 ], [ 77.674864780742354, 12.841041463421988 ], [ 77.67493966916588, 12.841162823030874 ], [ 77.675022175844475, 12.841279329071826 ], [ 77.675111975164398, 12.841390521740763 ], [ 77.675208712729301, 12.841495962203155 ], [ 77.67531200675873, 12.841595234326022 ], [ 77.675421449594992, 12.841687946320338 ], [ 77.675536609311905, 12.84177373228736 ], [ 77.675657031419647, 12.841852253662775 ], [ 77.675782240658421, 12.841923200552964 ], [ 77.675911742874248, 12.841986292958069 ], [ 77.676045026969362, 12.842041281877149 ], [ 77.676181566919468, 12.842087950290891 ], [ 77.676320823849821, 12.842126114018168 ], [ 77.676462248162323, 12.842155622442942 ], [ 77.67660528170461, 12.84217635910869 ], [ 77.676749359973073, 12.842188242178009 ], [ 77.676893914341051, 12.842191224755606 ], [ 77.677038374303066, 12.8421852950733 ], [ 77.677182169726692, 12.842170476536461 ], [ 77.677324733102751, 12.842146827631552 ], [ 77.677465501785306, 12.842114441695282 ], [ 77.677603920212334, 12.842073446546115 ], [ 77.677739442098513, 12.842024003979763 ], [ 77.677871532591311, 12.841966309130546 ], [ 77.677999670381936, 12.841900589701176 ], [ 77.678123349762885, 12.841827105063986 ], [ 77.678242082623754, 12.841746145237202 ], [ 77.67835540037774, 12.841658029740232 ], [ 77.678462855810949, 12.841563106332558 ], [ 77.678564024847304, 12.841461749641152 ], [ 77.67865850822227, 12.841354359681869 ], [ 77.67874593305838, 12.84124136028068 ], [ 77.678825954336787, 12.841123197400886 ], [ 77.678898256258876, 12.841000337383022 ], [ 77.678962553492255, 12.840873265104326 ], [ 77.679018592296828, 12.840742482065076 ], [ 77.679066151525902, 12.840608504409342 ], [ 77.679105043498851, 12.840471860887945 ], [ 77.679135114741442, 12.84033309077167 ], [ 77.679156246591475, 12.840192741723017 ], [ 77.679168355666704, 12.840051367634809 ], [ 77.67917139419373, 12.839909526444238 ] ] ] ] } },
{ "type": "Feature", "properties": { "fid": 8, "bid": 20, "ID_count": 7, "Name": "Bommanahalli Bus Stop" }, "geometry": { "type": "MultiPolygon", "coordinates": [ [ [ [ 77.630621109842636, 12.908379831001961 ], [ 77.630615083507735, 12.908238077020787 ], [ 77.630599995621793, 12.908096973949837 ], [ 77.630575905744237, 12.907957078654032 ], [ 77.630542908960336, 12.907818943230966 ], [ 77.630501135505753, 12.9076831128321 ], [ 77.630450750252365, 12.907550123511399 ], [ 77.630391952057408, 12.907420500109877 ], [ 77.630324972978556, 12.907294754184397 ], [ 77.630250077357942, 12.907173381988894 ], [ 77.630167560778787, 12.907056862516052 ], [ 77.630077748898913, 12.906945655607009 ], [ 77.62998099616533, 12.90684020013674 ], [ 77.62987768441549, 12.906740912282137 ], [ 77.629768221370327, 12.906648183879643 ], [ 77.629653039025271, 12.906562380879011 ], [ 77.629532591945392, 12.906483841899131 ], [ 77.629407355471514, 12.906412876891798 ], [ 77.629277823844532, 12.906349765918533 ], [ 77.629144508254896, 12.906294758045391 ], [ 77.62900793482541, 12.906248070360098 ], [ 77.628868642535124, 12.906209887115329 ], [ 77.62872718109233, 12.906180359001594 ], [ 77.628584108765466, 12.906159602552549 ], [ 77.628439990180055, 12.906147699685114 ], [ 77.628295394090671, 12.906144697376135 ], [ 77.628150891136499, 12.906150607476999 ], [ 77.628007051589634, 12.906165406666794 ], [ 77.627864443104656, 12.906189036544323 ], [ 77.627723628478563, 12.906221403858467 ], [ 77.627585163429927, 12.906262380876171 ], [ 77.627449594405888, 12.906311805886427 ], [ 77.627317456425772, 12.906369483838379 ], [ 77.627189270969779, 12.906435187110974 ], [ 77.627065543921034, 12.906508656411194 ], [ 77.626946763569194, 12.906589601797204 ], [ 77.626833398683544, 12.906677703822524 ], [ 77.62672589666289, 12.906772614796598 ], [ 77.626624681769954, 12.906873960156851 ], [ 77.626530153457026, 12.906981339946794 ], [ 77.626442684789382, 12.907094330394351 ], [ 77.626362620972941, 12.907212485584195 ], [ 77.6262902779917, 12.907335339217459 ], [ 77.626225941360673, 12.907462406451922 ], [ 77.626169864998843, 12.907593185815378 ], [ 77.626122270226858, 12.90772716118466 ], [ 77.626083344893502, 12.907863803822481 ], [ 77.626053242633944, 12.908002574464096 ], [ 77.626032082263336, 12.908142925445494 ], [ 77.626019947307583, 12.908284302864791 ], [ 77.626016885673465, 12.908426148768228 ], [ 77.626022909459365, 12.908567903352195 ], [ 77.626037994907179, 12.908709007172542 ], [ 77.626062082495991, 12.908848903352533 ], [ 77.626095077176615, 12.908987039780628 ], [ 77.62613684874654, 12.909122871289515 ], [ 77.626187232363634, 12.909255861807726 ], [ 77.626246029196437, 12.90938548647536 ], [ 77.626313007208779, 12.909511233715593 ], [ 77.626387902075351, 12.909632607253739 ], [ 77.626470418224784, 12.909749128075964 ], [ 77.626560230006092, 12.909860336319827 ], [ 77.626656982973785, 12.909965793089315 ], [ 77.626760295286715, 12.910065082187048 ], [ 77.626869759215055, 12.910157811756966 ], [ 77.626984942749502, 12.910243615830916 ], [ 77.627105391306202, 12.910322155773075 ], [ 77.627230629520994, 12.910393121616478 ], [ 77.627360163125587, 12.910456233286412 ], [ 77.627493480898337, 12.910511241705839 ], [ 77.62763005668198, 12.910557929778417 ], [ 77.627769351460358, 12.910596113245363 ], [ 77.627910815485933, 12.910625641412667 ], [ 77.62805389044955, 12.910646397745815 ], [ 77.628198011684091, 12.910658300329731 ], [ 77.628342610393233, 12.910661302192038 ], [ 77.628487115896419, 12.910655391488385 ], [ 77.62863095788137, 12.910640591549191 ], [ 77.628773568655106, 12.910616960787481 ], [ 77.628914385384476, 12.910584592468307 ], [ 77.62905285231777, 12.910543614340583 ], [ 77.629188422978132, 12.910494188132816 ], [ 77.629320562320373, 12.910436508914751 ], [ 77.62944874884289, 12.910370804327405 ], [ 77.629572476645691, 12.910297333684534 ], [ 77.629691257427226, 12.910216386949147 ], [ 77.629804622411456, 12.910128283589005 ], [ 77.629912124198015, 12.910033371315709 ], [ 77.630013338527846, 12.909932024712331 ], [ 77.630107865957569, 12.909824643754959 ], [ 77.630195333435836, 12.909711652234085 ], [ 77.63027539577547, 12.909593496081962 ], [ 77.630347737015782, 12.909470641612634 ], [ 77.630412071669184, 12.909343573681502 ], [ 77.630468145847928, 12.90921279377176 ], [ 77.630515738265743, 12.909078818015191 ], [ 77.63055466111102, 12.908942175155193 ], [ 77.630584760787784, 12.908803404460013 ], [ 77.630605918521638, 12.908663053594504 ], [ 77.630618050828261, 12.908521676458728 ], [ 77.630621109842636, 12.908379831001961 ] ] ] ] } },
{ "type": "Feature", "properties": { "fid": 9, "bid": 27, "ID_count": 5, "Name": "Silkboard Bus Stop" }, "geometry": { "type": "MultiPolygon", "coordinates": [ [ [ [ 77.62564818945404, 12.916069861261132 ], [ 77.62564216485228, 12.915928106735057 ], [ 77.625627078378429, 12.915787003001959 ], [ 77.625602989586326, 12.91564710692939 ], [ 77.625569993556979, 12.915508970618015 ], [ 77.625528220523094, 12.915373139222796 ], [ 77.625477835354857, 12.915240148801635 ], [ 77.625419036909236, 12.915110524199889 ], [ 77.625352057244882, 12.914984776979153 ], [ 77.625277160706247, 12.914863403398488 ], [ 77.625194642880203, 12.914746882456033 ], [ 77.625104829429446, 12.914635673998726 ], [ 77.625008074807241, 12.914530216907648 ], [ 77.624904760858513, 12.914430927366082 ], [ 77.624795295312865, 12.914338197217132 ], [ 77.624680110175589, 12.914252392417426 ], [ 77.624559660022754, 12.91417385159296 ], [ 77.624434420207379, 12.914102884702793 ], [ 77.624304884983502, 12.914039771815872 ], [ 77.624171565555756, 12.913984762005803 ], [ 77.624034988062135, 12.913938072367944 ], [ 77.62389569149768, 12.913899887162671 ], [ 77.623754225587575, 12.913870357088221 ], [ 77.623611148617883, 12.913849598685982 ], [ 77.623467025232415, 12.913837693880573 ], [ 77.623322424204673, 12.913834689656479 ], [ 77.623177916193384, 12.913840597872651 ], [ 77.623034071490537, 12.913855395215599 ], [ 77.622891457771047, 12.913879023291415 ], [ 77.622750637852604, 12.913911388856084 ], [ 77.622612167474585, 12.913952364183451 ], [ 77.622476593105219, 12.914001787569179 ], [ 77.622344449784876, 12.914059463968821 ], [ 77.622216259014849, 12.914125165767455 ], [ 77.622092526699191, 12.91419863367787 ], [ 77.621973741148366, 12.914279577763727 ], [ 77.621860371152138, 12.914367678583671 ], [ 77.621752864129476, 12.914462588451913 ], [ 77.621651644362885, 12.914563932810241 ], [ 77.621557111323838, 12.914671311706131 ], [ 77.621469638096258, 12.914784301371036 ], [ 77.621389569904068, 12.914902455892724 ], [ 77.621317222748544, 12.915025308974974 ], [ 77.621252882161144, 12.915152375777737 ], [ 77.621196802076483, 12.915283154830531 ], [ 77.621149203829916, 12.915417130011422 ], [ 77.621110275283897, 12.915553772583866 ], [ 77.62108017008633, 12.915692543283383 ], [ 77.621059007063963, 12.915832894445748 ], [ 77.621046869753172, 12.915974272168366 ], [ 77.62104380607002, 12.916116118496289 ], [ 77.621049828120974, 12.916257873624232 ], [ 77.62106491215485, 12.916398978105908 ], [ 77.621088998656262, 12.916538875061981 ], [ 77.621121992580356, 12.916677012377841 ], [ 77.621163763727608, 12.916812844882685 ], [ 77.621214147257575, 12.91694583650111 ], [ 77.621272944339154, 12.917075462368883 ], [ 77.621339922935178, 12.917201210904434 ], [ 77.621414818718065, 12.917322585827975 ], [ 77.621497336112853, 12.917439108120194 ], [ 77.621587149463622, 12.917550317912852 ], [ 77.621683904318729, 12.917655776303816 ], [ 77.621787218829553, 12.917755067089304 ], [ 77.621896685257624, 12.917847798406598 ], [ 77.622011871583751, 12.917933604280631 ], [ 77.62213232321308, 12.918012146068479 ], [ 77.622257564769356, 12.91808311379588 ], [ 77.622387101971043, 12.91814622738069 ], [ 77.622520423582344, 12.918201237738293 ], [ 77.622657003430803, 12.918247927764698 ], [ 77.622796302484261, 12.918286113193403 ], [ 77.622937770978297, 12.918315643322643 ], [ 77.623080850586064, 12.918336401610164 ], [ 77.623224976622168, 12.918348306133165 ], [ 77.623369580271287, 12.918351309911607 ], [ 77.623514090833382, 12.918345401093569 ], [ 77.623657937976205, 12.918330603002035 ], [ 77.623800553986356, 12.918306974042723 ], [ 77.623941376010094, 12.918274607473569 ], [ 77.624079848274718, 12.918233631036577 ], [ 77.624215424282369, 12.91818420645358 ], [ 77.624347568966755, 12.918126528787917 ], [ 77.624475760805112, 12.918060825674463 ], [ 77.624599493876531, 12.91798735642117 ], [ 77.624718279858612, 12.917906410985557 ], [ 77.624831649954814, 12.917818308830258 ], [ 77.62493915674456, 12.917723397662133 ], [ 77.625040375949069, 12.91762205205988 ], [ 77.625134908105693, 12.917514671995651 ], [ 77.625222380144422, 12.917401681256417 ], [ 77.625302446860118, 12.917283525771346 ], [ 77.625374792274741, 12.917160671851862 ], [ 77.625439130884331, 12.917033604351206 ], [ 77.625495208785452, 12.916902824750876 ], [ 77.625542804677167, 12.916768849181443 ], [ 77.625581730734169, 12.916632206385572 ], [ 77.625611833347804, 12.916493435631264 ], [ 77.625632993732097, 12.916353084583612 ], [ 77.625645128392279, 12.916211707143406 ], [ 77.62564818945404, 12.916069861261132 ] ] ] ] } },
{ "type": "Feature", "properties": { "fid": 10, "bid": 30, "ID_count": 6, "Name": "Electronic City Bus Stop" }, "geometry": { "type": "MultiPolygon", "coordinates": [ [ [ [ 77.671585499268033, 12.849881575034258 ], [ 77.671579458111708, 12.84973982564985 ], [ 77.671564357872811, 12.849598728167475 ], [ 77.671540258159425, 12.849458839429966 ], [ 77.671507254095559, 12.849320711508991 ], [ 77.671465475945482, 12.849184889526384 ], [ 77.671415088599559, 12.849051909502869 ], [ 77.671356290923157, 12.848922296242753 ], [ 77.671289314971844, 12.848796561262875 ], [ 77.671214425075291, 12.84867520077397 ], [ 77.671131916794081, 12.848558693722522 ], [ 77.671042115753181, 12.848447499900676 ], [ 77.670945376356784, 12.848342058131781 ], [ 77.670842080389647, 12.848242784538673 ], [ 77.670732635510376, 12.848150070901561 ], [ 77.67061747364265, 12.84806428311196 ], [ 77.670497049270693, 12.847985759728774 ], [ 77.670371837645703, 12.847914810642299 ], [ 77.670242332910505, 12.847851715851279 ], [ 77.670109046149435, 12.847796724357966 ], [ 77.669972503371525, 12.847750053185496 ], [ 77.66983324343488, 12.847711886521431 ], [ 77.66969181592016, 12.847682374990915 ], [ 77.669548778961953, 12.847661635062204 ], [ 77.669404697046261, 12.847649748587077 ], [ 77.669260138782974, 12.847646762477753 ], [ 77.669115674662123, 12.847652688521725 ], [ 77.668971874802594, 12.847667503335213 ], [ 77.668829306702406, 12.847691148455391 ], [ 77.668688532999312, 12.847723530571029 ], [ 77.668550109250404, 12.847764521890678 ], [ 77.668414581739995, 12.847813960646912 ], [ 77.66828248532363, 12.847871651734632 ], [ 77.66815434131756, 12.847937367480961 ], [ 77.668030655441413, 12.848010848543648 ], [ 77.667911915822472, 12.84809180493443 ], [ 77.6677985910693, 12.848179917163373 ], [ 77.667691128422376, 12.848274837499638 ], [ 77.667589951989129, 12.848376191343664 ], [ 77.667495461070089, 12.848483578705448 ], [ 77.667408028583012, 12.848596575782995 ], [ 77.667327999591038, 12.84871473663476 ], [ 77.667255689940774, 12.848837594939479 ], [ 77.667191385015656, 12.848964665836437 ], [ 77.66713533860954, 12.849095447838934 ], [ 77.667087771924884, 12.849229424813311 ], [ 77.667048872699525, 12.849366068015893 ], [ 77.667018794465605, 12.849504838179646 ], [ 77.666997655943405, 12.849645187642388 ], [ 77.66698554057254, 12.849786562508175 ], [ 77.666982496182413, 12.849928404833268 ], [ 77.666988534803281, 12.850070154828124 ], [ 77.66700363261846, 12.850211253066668 ], [ 77.667027730058081, 12.850351142694151 ], [ 77.667060732034017, 12.850489271624856 ], [ 77.667102508314883, 12.85062509472103 ], [ 77.667152894039845, 12.850758075944388 ], [ 77.667211690369058, 12.8508876904717 ], [ 77.667278665268213, 12.851013426766153 ], [ 77.667353554424253, 12.851134788596262 ], [ 77.667436062288232, 12.851251296994405 ], [ 77.667525863241792, 12.851362492147189 ], [ 77.667622602882105, 12.851467935210286 ], [ 77.667725899420589, 12.851567210040439 ], [ 77.667835345189602, 12.851659924837936 ], [ 77.667950508251451, 12.851745713692967 ], [ 77.668070934103071, 12.851824238029813 ], [ 77.668196147469928, 12.851895187943148 ], [ 77.668325654181729, 12.851958283421183 ], [ 77.668458943122971, 12.852013275450837 ], [ 77.668595488250233, 12.852059947000512 ], [ 77.668734750668349, 12.852098113876696 ], [ 77.668876180757522, 12.852127625450903 ], [ 77.669019220342605, 12.85214836525418 ], [ 77.669163304896131, 12.852160251436732 ], [ 77.669307865766612, 12.852163237090961 ], [ 77.669452332422921, 12.852157310436539 ], [ 77.669596134706168, 12.852142494866879 ], [ 77.669738705080121, 12.852118848856733 ], [ 77.66987948087116, 12.852086465731368 ], [ 77.67001790648925, 12.852045473298146 ], [ 77.670153435620648, 12.85199603334207 ], [ 77.670285533384202, 12.851938340987148 ], [ 77.670413678442415, 12.851872623926251 ], [ 77.670537365059076, 12.85179914152236 ], [ 77.670656105095247, 12.851718183784886 ], [ 77.670769429935774, 12.851630070224997 ], [ 77.670876892338768, 12.851535148594538 ], [ 77.670978068200668, 12.851433793513465 ], [ 77.671072558229952, 12.851326404991292 ], [ 77.671159989522906, 12.85121340684832 ], [ 77.671240017035231, 12.851095245042893 ], [ 77.671312324943628, 12.850972385911314 ], [ 77.671376627892158, 12.850845314327335 ], [ 77.671432672118087, 12.850714531788503 ], [ 77.671480236453419, 12.850580554436924 ], [ 77.671519133197293, 12.850443911022225 ], [ 77.671549208856746, 12.850305140814783 ], [ 77.67157034475207, 12.85016479147747 ], [ 77.671582457485101, 12.85002341690425 ], [ 77.671585499268033, 12.849881575034258 ] ] ] ] } },
{ "type": "Feature", "properties": { "fid": 11, "bid": 32, "ID_count": 8, "Name": "Bommasandra Metro Station" }, "geometry": { "type": "MultiPolygon", "coordinates": [ [ [ [ 77.688581213271078, 12.82196647635741 ], [ 77.688575166535287, 12.821824728848362 ], [ 77.688560061867776, 12.821683633623271 ], [ 77.688535958894036, 12.821543747516042 ], [ 77.688502952750923, 12.821405622587953 ], [ 77.688461173710891, 12.82126980394901 ], [ 77.688410786667703, 12.821136827606743 ], [ 77.688351990485586, 12.821007218350923 ], [ 77.688285017214099, 12.820881487682572 ], [ 77.688210131172326, 12.820760131795431 ], [ 77.688127627905615, 12.820643629617823 ], [ 77.688037833019095, 12.820532440922657 ], [ 77.68794110089263, 12.820427004513066 ], [ 77.687837813282286, 12.820327736490759 ], [ 77.687728377813642, 12.820235028613965 ], [ 77.687613226373244, 12.820149246751487 ], [ 77.687492813404134, 12.820070729438866 ], [ 77.687367614112532, 12.819999786542454 ], [ 77.687238122592575, 12.819936698036594 ], [ 77.687104849876434, 12.819881712898761 ], [ 77.68696832191776, 12.819835048127029 ], [ 77.686829077516137, 12.819796887883733 ], [ 77.686687666190991, 12.819767382768694 ], [ 77.68654464601299, 12.819746649224887 ], [ 77.686400581401983, 12.819734769078911 ], [ 77.686256040899579, 12.819731789218018 ], [ 77.686111594925734, 12.819737721405071 ], [ 77.685967813527782, 12.81975254223207 ], [ 77.685825264130926, 12.819776193212464 ], [ 77.685684509299108, 12.819808581011914 ], [ 77.685546104515055, 12.81984957781655 ], [ 77.685410595988202, 12.819899021837299 ], [ 77.685278518499231, 12.819956717948303 ], [ 77.685150393289788, 12.820022438456853 ], [ 77.685026726005304, 12.820095924001905 ], [ 77.684908004699722, 12.82017688457749 ], [ 77.684794697909382, 12.820265000677166 ], [ 77.684687252803911, 12.820359924554795 ], [ 77.68458609342153, 12.820461281596829 ], [ 77.68449161899548, 12.820568671800633 ], [ 77.684404202378445, 12.820681671352967 ], [ 77.684324188570955, 12.820799834302498 ], [ 77.684251893359672, 12.820922694319666 ], [ 77.684187602071091, 12.821049766536975 ], [ 77.684131568445224, 12.821180549462472 ], [ 77.684084013634049, 12.821314526958851 ], [ 77.684045125328581, 12.821451170280341 ], [ 77.684015057017803, 12.821589940159415 ], [ 77.683993927382843, 12.821730288934985 ], [ 77.683981819828176, 12.8218716627138 ], [ 77.683978782152366, 12.822013503556382 ], [ 77.683984826359122, 12.822155251679028 ], [ 77.683999928609651, 12.822296347663025 ], [ 77.684024029316589, 12.822436234662504 ], [ 77.684057033378835, 12.822574360602111 ], [ 77.684098810556719, 12.822710180355889 ], [ 77.684149195985881, 12.822843157898735 ], [ 77.684207990827531, 12.822972768421936 ], [ 77.684274963053269, 12.82309850040448 ], [ 77.684349848360469, 12.823219857631907 ], [ 77.684432351215392, 12.823336361154754 ], [ 77.684522146019418, 12.823447551178894 ], [ 77.684618878393934, 12.823552988880238 ], [ 77.684722166579022, 12.823652258136709 ], [ 77.68483160293998, 12.823744967170613 ], [ 77.684946755576235, 12.823830750094896 ], [ 77.68506717002586, 12.823909268357269 ], [ 77.685192371059301, 12.823980212076405 ], [ 77.68532186455495, 12.824043301264988 ], [ 77.685455139449473, 12.824098286934774 ], [ 77.685591669754885, 12.824144952079301 ], [ 77.68573091663454, 12.824183112530354 ], [ 77.685872330529975, 12.824212617684836 ], [ 77.686015353329978, 12.824233351099149 ], [ 77.686159420573347, 12.82424523094874 ], [ 77.686303963676977, 12.824248210351026 ], [ 77.686448412179857, 12.824242277550377 ], [ 77.686592195994777, 12.824227455964472 ], [ 77.686734747658434, 12.824203804091828 ], [ 77.686875504571134, 12.82417141528086 ], [ 77.687013911217321, 12.824130417361385 ], [ 77.687149421358214, 12.824080972140059 ], [ 77.687281500187638, 12.824023274761673 ], [ 77.687409626442843, 12.82395755293893 ], [ 77.6875332944619, 12.8238840660536 ], [ 77.687652016179257, 12.823803104132772 ], [ 77.687765323052119, 12.823714986704122 ], [ 77.687872767909525, 12.823620061534736 ], [ 77.687973926717191, 12.823518703258538 ], [ 77.688068400250899, 12.823411311897626 ], [ 77.688155815672076, 12.823298311283493 ], [ 77.688235827999051, 12.823180147384207 ], [ 77.688308121468495, 12.823057286544312 ], [ 77.688372410781369, 12.82293021364428 ], [ 77.688428442228869, 12.822799430186825 ], [ 77.688475994693334, 12.822665452317656 ], [ 77.688514880520756, 12.822528808788405 ], [ 77.688544946261231, 12.822390038869891 ], [ 77.688566073274202, 12.822249690223812 ], [ 77.688578178196479, 12.822108316741391 ], [ 77.688581213271078, 12.82196647635741 ] ] ] ] } },
{ "type": "Feature", "properties": { "fid": 12, "bid": 37, "ID_count": 6, "Name": "Electronic City Bus Stop" }, "geometry": { "type": "MultiPolygon", "coordinates": [ [ [ [ 77.672851480083992, 12.848036567242024 ], [ 77.672845438478149, 12.847894818000249 ], [ 77.672830337867211, 12.847753720690687 ], [ 77.672806237860755, 12.84761383215549 ], [ 77.672773233583911, 12.847475704465532 ], [ 77.672731455301829, 12.847339882741721 ], [ 77.672681067905344, 12.847206903003773 ], [ 77.672622270260064, 12.847077290054861 ], [ 77.6725552944214, 12.846951555410588 ], [ 77.672480404718613, 12.846830195280381 ], [ 77.672397896711487, 12.846713688609301 ], [ 77.672308096023912, 12.846602495187987 ], [ 77.672211357058686, 12.846497053838211 ], [ 77.672108061598848, 12.846397780681167 ], [ 77.671998617301028, 12.846305067495328 ], [ 77.671883456086604, 12.846219280170434 ], [ 77.671763032437184, 12.846140757263564 ], [ 77.671637821601166, 12.846069808663129 ], [ 77.671508317718235, 12.846006714365956 ], [ 77.671375031869346, 12.845951723372352 ], [ 77.671238490059977, 12.845905052703479 ], [ 77.671099231144368, 12.84586688654492 ], [ 77.670957804699199, 12.845837375519819 ], [ 77.670814768854783, 12.845816636094451 ], [ 77.670670688092756, 12.845804750118601 ], [ 77.670526131018462, 12.845801764502514 ], [ 77.670381668117216, 12.845807691031748 ], [ 77.67023786950314, 12.845822506320603 ], [ 77.67009530266931, 12.845846151904384 ], [ 77.669954530248461, 12.845878534470026 ], [ 77.669816107792684, 12.845919526224309 ], [ 77.669680581581133, 12.845968965398091 ], [ 77.669548486464279, 12.846026656884629 ], [ 77.669420343753217, 12.846092373009469 ], [ 77.669296659162498, 12.846165854428865 ], [ 77.669177920814278, 12.846246811153142 ], [ 77.669064597312143, 12.846334923691062 ], [ 77.668957135891645, 12.846429844310553 ], [ 77.668855960655364, 12.846531198410945 ], [ 77.668761470899128, 12.846638586001216 ], [ 77.668674039536072, 12.84675158327847 ], [ 77.66859401162489, 12.846869744300372 ], [ 77.668521703007968, 12.846992602744983 ], [ 77.66845739906465, 12.847119673751045 ], [ 77.668401353584912, 12.847250455831402 ], [ 77.668353787767529, 12.84738443285211 ], [ 77.668314889346973, 12.847521076069301 ], [ 77.66828481185216, 12.847659846215876 ], [ 77.668263674000485, 12.847800195629731 ], [ 77.668251559228878, 12.847941570415102 ], [ 77.668248515364411, 12.848083412628567 ], [ 77.668254554435237, 12.848225162481029 ], [ 77.668269652622911, 12.848366260546966 ], [ 77.668293750356071, 12.848506149972311 ], [ 77.668326752545454, 12.848644278672147 ], [ 77.668368528958823, 12.848780101509625 ], [ 77.668418914734815, 12.848913082447492 ], [ 77.668477711033361, 12.849042696663634 ], [ 77.668544685820336, 12.849168432622468 ], [ 77.668619574783023, 12.849289794093831 ], [ 77.668702082373315, 12.84940630211152 ], [ 77.668791882973892, 12.849517496863646 ], [ 77.668888622183346, 12.849622939507462 ], [ 77.668991918214772, 12.849722213901368 ], [ 77.669101363402547, 12.849814928247373 ], [ 77.669216525811237, 12.849900716637446 ], [ 77.669336950940405, 12.84997924049771 ], [ 77.66946216351829, 12.850050189924715 ], [ 77.669591669377795, 12.850113284908604 ], [ 77.669724957406757, 12.850168276438238 ], [ 77.669861501565322, 12.850214947484 ], [ 77.670000762962189, 12.850253113854361 ], [ 77.670142191981583, 12.850282624922842 ], [ 77.670285230452535, 12.850303364222485 ], [ 77.67042931385204, 12.850315249905485 ], [ 77.670573873533144, 12.850318235066212 ], [ 77.670718338969408, 12.850312307926295 ], [ 77.670862140006761, 12.850297491881056 ], [ 77.671004709113888, 12.850273845407131 ], [ 77.671145483622183, 12.850241461831617 ], [ 77.671283907946673, 12.850200468963656 ], [ 77.671419435778716, 12.850151028589961 ], [ 77.67155153224229, 12.85009333583619 ], [ 77.671679676005056, 12.850027618396791 ], [ 77.67180336133589, 12.849954135636242 ], [ 77.671922100100943, 12.849873177565357 ], [ 77.672035423690076, 12.84978506369662 ], [ 77.672142884866332, 12.849690141783087 ], [ 77.67224405953101, 12.849588786445839 ], [ 77.67233854839732, 12.849481397695399 ], [ 77.67242597856611, 12.84936839935297 ], [ 77.67250600499753, 12.849250237377678 ], [ 77.67257831187257, 12.849127378106489 ], [ 77.672642613839329, 12.849000306413714 ], [ 77.672698657138994, 12.848869523797324 ], [ 77.672746220607181, 12.848735546399729 ], [ 77.672785116546478, 12.848598902970732 ], [ 77.672815191467066, 12.848460132780772 ], [ 77.672836326692206, 12.848319783492647 ], [ 77.672848438826335, 12.848178409000131 ], [ 77.672851480083992, 12.848036567242024 ] ] ] ] } },
{ "type": "Feature", "properties": { "fid": 13, "bid": 38, "ID_count": 7, "Name": "Hosa Road Junction" }, "geometry": { "type": "MultiPolygon", "coordinates": [ [ [ [ 77.655511711500836, 12.869856680385514 ], [ 77.655505676546014, 12.869714929146564 ], [ 77.655490581646461, 12.869573829401279 ], [ 77.655466486389187, 12.86943393800143 ], [ 77.655433485880636, 12.869295807029216 ], [ 77.655391710371106, 12.869159981618521 ], [ 77.655341324740533, 12.869026997803605 ], [ 77.655282527847604, 12.86889738040375 ], [ 77.65521555174476, 12.868771640952122 ], [ 77.65514066076237, 12.868650275677123 ], [ 77.655058150465294, 12.86853376354412 ], [ 77.654968346486484, 12.8684225643653 ], [ 77.654871603241759, 12.868317116985148 ], [ 77.654768302531082, 12.868217837548642 ], [ 77.654658852031801, 12.868125117859034 ], [ 77.654543683689766, 12.868039323831706 ], [ 77.654423252014794, 12.867960794050177 ], [ 77.654298032286945, 12.867889838429969 ], [ 77.654168518680962, 12.867826736995587 ], [ 77.65403522231621, 12.867771738775483 ], [ 77.653898669239624, 12.867725060819318 ], [ 77.653759398349948, 12.867686887341412 ], [ 77.653617959271074, 12.867657368993767 ], [ 77.653474910183192, 12.867636622271531 ], [ 77.653330815620137, 12.867624729053267 ], [ 77.653186244241709, 12.867621736277776 ], [ 77.653041766589681, 12.867627655758854 ], [ 77.652897952836298, 12.8676424641386 ], [ 77.652755370534393, 12.867666102979562 ], [ 77.652614582377723, 12.867698478995276 ], [ 77.652476143980422, 12.867739464418356 ], [ 77.652340601684529, 12.867788897504639 ], [ 77.65220849040395, 12.867846583171394 ], [ 77.652080331513545, 12.867912293767139 ], [ 77.651956630791673, 12.867985769969936 ], [ 77.651837876424153, 12.868066721810717 ], [ 77.651724537077726, 12.868154829817513 ], [ 77.651617060050455, 12.868249746276133 ], [ 77.651515869506511, 12.868351096602352 ], [ 77.651421364802047, 12.868458480820058 ], [ 77.651333918909259, 12.868571475139667 ], [ 77.651253876944153, 12.868689633630545 ], [ 77.651181554804509, 12.868812489980764 ], [ 77.651117237923103, 12.868939559337338 ], [ 77.651061180140928, 12.869070340219668 ], [ 77.651013602705362, 12.869204316498537 ], [ 77.650974693396677, 12.869340959433044 ], [ 77.650944605786833, 12.869479729757225 ], [ 77.650923458633102, 12.8696200798083 ], [ 77.650911335409205, 12.86976145568801 ], [ 77.650908283975554, 12.869903299448644 ], [ 77.650914316390242, 12.870045051295014 ], [ 77.65092940886106, 12.870186151793753 ], [ 77.650953501839311, 12.8703260440812 ], [ 77.650986500254476, 12.870464176061168 ], [ 77.651028273889281, 12.870600002583876 ], [ 77.651078657893351, 12.870732987597528 ], [ 77.651137453433648, 12.870862606263938 ], [ 77.651204428479062, 12.870988347029957 ], [ 77.651279318715922, 12.871109713646467 ], [ 77.651361828591092, 12.871226227126941 ], [ 77.651451632478285, 12.871337427637936 ], [ 77.651548375963145, 12.871442876313962 ], [ 77.651651677241915, 12.871542156989605 ], [ 77.651761128628266, 12.871634877842068 ], [ 77.651876298162364, 12.871720672937631 ], [ 77.651996731315606, 12.871799203675929 ], [ 77.652121952784626, 12.871870160126354 ], [ 77.652251468367211, 12.871933262251302 ], [ 77.652384766912832, 12.871988261011435 ], [ 77.652521322340121, 12.87203493934857 ], [ 77.6526605957133, 12.872073113042386 ], [ 77.652802037369312, 12.872102631437478 ], [ 77.652945089087339, 12.872123378037941 ], [ 77.653089186292007, 12.872135270967133 ], [ 77.653233760281907, 12.872138263290816 ], [ 77.653378240474069, 12.872132343202319 ], [ 77.653522056656172, 12.872117534069123 ], [ 77.6536646412371, 12.872093894340557 ], [ 77.653805431487157, 12.872061517317091 ], [ 77.653943871759182, 12.872020530781992 ], [ 77.654079415681579, 12.87197109649698 ], [ 77.654211528314789, 12.871913409563668 ], [ 77.654339688262624, 12.87184769765353 ], [ 77.65446338973004, 12.87177422010922 ], [ 77.654582144519466, 12.871693266920969 ], [ 77.654695483957497, 12.871605157582005 ], [ 77.654802960744647, 12.871510239827506 ], [ 77.654904150720512, 12.871408888262152 ], [ 77.654998654537877, 12.871301502881593 ], [ 77.655086099238616, 12.871188507493745 ], [ 77.655166139725438, 12.871070348046098 ], [ 77.655238460123897, 12.870947490865664 ], [ 77.65530277502873, 12.870820420818522 ], [ 77.655358830630036, 12.870689639396167 ], [ 77.655406405714899, 12.87055566273632 ], [ 77.655445312540067, 12.870419019585906 ], [ 77.655475397572772, 12.870280249214279 ], [ 77.655496542096373, 12.870139899284981 ], [ 77.655508662678656, 12.86999852369434 ], [ 77.655511711500836, 12.869856680385514 ] ] ] ] } },
{ "type": "Feature", "properties": { "fid": 14, "bid": 75, "ID_count": 6, "Name": "Electronic City Toll Plaza" }, "geometry": { "type": "MultiPolygon", "coordinates": [ [ [ [ 77.677895417157472, 12.842168533566136 ], [ 77.677889373556624, 12.842026784914504 ], [ 77.677874271206974, 12.841885688325638 ], [ 77.677850169724891, 12.841745800638831 ], [ 77.677817164241347, 12.841607673921613 ], [ 77.677775385026251, 12.841471853291051 ], [ 77.677724996974092, 12.841338874762535 ], [ 77.677666198953077, 12.841209263134465 ], [ 77.677599223020081, 12.841083529917233 ], [ 77.677524333504692, 12.840962171314636 ], [ 77.677441825966, 12.840845666265698 ], [ 77.677352026026014, 12.840734474554667 ], [ 77.677255288084567, 12.840629034996562 ], [ 77.677151993920674, 12.840529763705502 ], [ 77.677042551185806, 12.840437052452613 ], [ 77.676927391795189, 12.840351267120004 ], [ 77.676806970223268, 12.840272746256899 ], [ 77.676681761710171, 12.840201799743644 ], [ 77.676552260386444, 12.840138707568842 ], [ 77.676418977322967, 12.84008371872442 ], [ 77.676282438514178, 12.840037050223074 ], [ 77.67614318280252, 12.839998886241839 ], [ 77.676001759751983, 12.839969377395271 ], [ 77.67585872747955, 12.839948640141051 ], [ 77.675714650452719, 12.839936756320407 ], [ 77.675570097262124, 12.83993377283508 ], [ 77.675425638377746, 12.83993970146223 ], [ 77.675281843897835, 12.839954518807883 ], [ 77.675139281299224, 12.839978166399224 ], [ 77.674998513197906, 12.840010550915279 ], [ 77.674860095128935, 12.840051544555136 ], [ 77.674724573354169, 12.840100985542202 ], [ 77.674592482706558, 12.84015867876259 ], [ 77.674464344479617, 12.840224396535001 ], [ 77.674340664370135, 12.840297879509185 ], [ 77.674221930482673, 12.840378837689341 ], [ 77.67410861140317, 12.84046695157847 ], [ 77.674001154349739, 12.840561873439176 ], [ 77.673899983407765, 12.84066322866588 ], [ 77.67380549785608, 12.840770617263122 ], [ 77.673718070591249, 12.840883615424019 ], [ 77.673638046655853, 12.841001777202742 ], [ 77.673565741876502, 12.841124636274365 ], [ 77.673501441617447, 12.841251707775143 ], [ 77.673445399654113, 12.841382490215976 ], [ 77.673397837171422, 12.841516467461471 ], [ 77.673358941890626, 12.841653110766881 ], [ 77.673328867328294, 12.841791880864747 ], [ 77.67330773219021, 12.841932230093144 ], [ 77.673295619902618, 12.84207360455704 ], [ 77.673292578282783, 12.842215446314277 ], [ 77.673298619349978, 12.842357195577549 ], [ 77.673313719277857, 12.842498292923658 ], [ 77.673337818488221, 12.842638181501364 ], [ 77.673370821885925, 12.842776309229095 ], [ 77.673412599233984, 12.842912130973845 ], [ 77.673462985667314, 12.843045110702649 ], [ 77.673521782343258, 12.843174723598178 ], [ 77.673588757226156, 12.843300458130054 ], [ 77.673663646002979, 12.843421818073752 ], [ 77.673746153126274, 12.843538324469087 ], [ 77.673835952980596, 12.843649517510592 ], [ 77.673932691167451, 12.843754958362252 ], [ 77.67403598590397, 12.84385423088955 ], [ 77.674145429529631, 12.843946943301869 ], [ 77.674260590115168, 12.844032729698814 ], [ 77.67438101316732, 12.844111251514374 ], [ 77.674506223422568, 12.844182198853185 ], [ 77.674635726722897, 12.844245291713619 ], [ 77.674769011966305, 12.84430028109294 ], [ 77.674905553123907, 12.844346949970015 ], [ 77.675044811316283, 12.844385114161886 ], [ 77.675186236940249, 12.844414623050678 ], [ 77.675329271838308, 12.844435360178032 ], [ 77.675473351501523, 12.844447243704733 ], [ 77.675617907297678, 12.84445022673367 ], [ 77.675762368715695, 12.844444297494883 ], [ 77.675906165617377, 12.844429479391989 ], [ 77.676048730487707, 12.844405830909743 ], [ 77.676189500674866, 12.844373445383177 ], [ 77.676327920610888, 12.844332450629139 ], [ 77.676463444004483, 12.844283008441781 ], [ 77.676595535997151, 12.844225313953933 ], [ 77.676723675274204, 12.844159594866875 ], [ 77.676847356122238, 12.844086110551592 ], [ 77.676966090425097, 12.844005151025039 ], [ 77.677079409590277, 12.84391703580544 ], [ 77.677186866398287, 12.84382211265118 ], [ 77.677288036767635, 12.843720756188233 ], [ 77.677382521428527, 12.843613366431558 ], [ 77.677469947498423, 12.84350036720633 ], [ 77.677549969953617, 12.843382204475153 ], [ 77.677622272990803, 12.843259344577971 ], [ 77.677686571273242, 12.843132272391559 ], [ 77.677742611056658, 12.84300148941583 ], [ 77.677790171190537, 12.842867511794603 ], [ 77.677829063990629, 12.842730868278558 ], [ 77.677859135979503, 12.842592098138471 ], [ 77.677880268491975, 12.842451749036938 ], [ 77.677892378143184, 12.842310374866983 ], [ 77.677895417157472, 12.842168533566136 ] ] ] ] } },
{ "type": "Feature", "properties": { "fid": 15, "bid": 92, "ID_count": 14, "Name": "Attibele Toll" }, "geometry": { "type": "MultiPolygon", "coordinates": [ [ [ [ 77.777130643295109, 12.777925783835659 ], [ 77.777124553649159, 12.777784047744525 ], [ 77.777109408491071, 12.777642966625091 ], [ 77.777085267606083, 12.777503097255503 ], [ 77.777052226280517, 12.777364991630893 ], [ 77.777010414925599, 12.777229194785001 ], [ 77.77695999856256, 12.777096242639272 ], [ 77.776901176171165, 12.776966659887933 ], [ 77.776834179904313, 12.776840957927352 ], [ 77.776759274171695, 12.77671963283793 ], [ 77.776676754596281, 12.776603163426429 ], [ 77.776586946847402, 12.776492009336435 ], [ 77.776490205355572, 12.776386609234503 ], [ 77.776386911913718, 12.776287379079072 ], [ 77.776277474170314, 12.776194710478965 ], [ 77.776162324020788, 12.776108969148007 ], [ 77.776041915902994, 12.776030493461844 ], [ 77.775916725003938, 12.775959593122611 ], [ 77.775787245384521, 12.775896547936769 ], [ 77.775653988029944, 12.775841606710911 ], [ 77.775517478833166, 12.775794986269908 ], [ 77.775378256519744, 12.775756870601242 ], [ 77.775236870521894, 12.775727410128916 ], [ 77.775093878810338, 12.77570672111983 ], [ 77.774949845692603, 12.775694885224929 ], [ 77.774805339586052, 12.775691949156942 ], [ 77.774660930774971, 12.775697924506002 ], [ 77.774517189160093, 12.775712787693866 ], [ 77.77437468200965, 12.775736480066907 ], [ 77.774233971721003, 12.775768908127516 ], [ 77.774095613601133, 12.775809943903008 ], [ 77.773960153675489, 12.775859425450591 ], [ 77.773828126533047, 12.775917157496359 ], [ 77.773700053216814, 12.775982912205833 ], [ 77.773576439167627, 12.776056430083035 ], [ 77.773457772229435, 12.776137420994425 ], [ 77.773344520724109, 12.776225565313846 ], [ 77.773237131603253, 12.776320515183784 ], [ 77.773136028684235, 12.776421895888102 ], [ 77.773041610977586, 12.776529307330746 ], [ 77.772954251112225, 12.776642325614617 ], [ 77.772874293864803, 12.776760504714403 ], [ 77.772802054798873, 12.776883378236738 ], [ 77.772737819019383, 12.777010461260753 ], [ 77.772681840047326, 12.777141252251768 ], [ 77.77263433881906, 12.777275235040548 ], [ 77.772595502814141, 12.777411880860335 ], [ 77.772565485315141, 12.777550650433636 ], [ 77.77254440480263, 12.777690996100473 ], [ 77.772532344487246, 12.77783236397975 ], [ 77.772529351981049, 12.777974196155167 ], [ 77.772535439109419, 12.778115932877119 ], [ 77.772550581864138, 12.778257014771784 ], [ 77.772574720497886, 12.778396885048801 ], [ 77.772607759759779, 12.778534991698727 ], [ 77.772649569271181, 12.77867078967164 ], [ 77.772699984039932, 12.778803743028337 ], [ 77.772758805111437, 12.778933327055487 ], [ 77.772825800353573, 12.779059030336599 ], [ 77.772900705372777, 12.779180356770445 ], [ 77.772983224557422, 12.779296827529068 ], [ 77.773073032244284, 12.77940798294763 ], [ 77.773169774003804, 12.779513384338625 ], [ 77.77327306803889, 12.779612615723289 ], [ 77.773382506691675, 12.779705285473414 ], [ 77.773497658052392, 12.77979102785703 ], [ 77.773618067664117, 12.7798695044819 ], [ 77.773743260316252, 12.779940405631075 ], [ 77.773872741920243, 12.780003451485328 ], [ 77.774006001459611, 12.780058393227526 ], [ 77.77414251300695, 12.780105014024647 ], [ 77.774281737799612, 12.7801431298836 ], [ 77.774423126366287, 12.780172590377379 ], [ 77.774566120695738, 12.780193279238741 ], [ 77.77471015643917, 12.780205114819076 ], [ 77.774854665137767, 12.780208050410621 ], [ 77.774999076466415, 12.780202074430743 ], [ 77.775142820484689, 12.78018721046765 ], [ 77.775285329886387, 12.780163517187177 ], [ 77.775426042238692, 12.780131088101255 ], [ 77.775564402202065, 12.780090051198737 ], [ 77.775699863721997, 12.780040568440191 ], [ 77.775831892184357, 12.779982835118615 ], [ 77.775959966525306, 12.779917079088609 ], [ 77.776083581287878, 12.779843559866979 ], [ 77.776202248616855, 12.779762567608469 ], [ 77.776315500184197, 12.779674421960483 ], [ 77.776422889037349, 12.779579470801474 ], [ 77.776523991363163, 12.779478088867922 ], [ 77.776618408160431, 12.779370676275263 ], [ 77.776705766814587, 12.779257656938734 ], [ 77.776785722568079, 12.779139476900243 ], [ 77.776857959880928, 12.779016602567964 ], [ 77.776922193675844, 12.778889518875536 ], [ 77.776978170463096, 12.778758727368183 ], [ 77.777025669340816, 12.778624744223285 ], [ 77.777064502866509, 12.778488098213215 ], [ 77.777094517796684, 12.778349328618457 ], [ 77.777115595691285, 12.778208983099342 ], [ 77.777127653380987, 12.778067615534633 ], [ 77.777130643295109, 12.777925783835659 ] ] ] ] } },
{ "type": "Feature", "properties": { "fid": 16, "bid": 94, "ID_count": 7, "Name": "Attibele Intersection" }, "geometry": { "type": "MultiPolygon", "coordinates": [ [ [ [ 77.770200670789407, 12.779465841382823 ], [ 77.770194584761114, 12.77932410435873 ], [ 77.770179443097817, 12.779183022082925 ], [ 77.770155305570995, 12.779043151338117 ], [ 77.770122267453687, 12.778905044124876 ], [ 77.770080459144509, 12.778769245483224 ], [ 77.770030045652646, 12.778636291341698 ], [ 77.769971225946534, 12.778506706402396 ], [ 77.7699042321685, 12.778381002070335 ], [ 77.769829328718444, 12.778259674435283 ], [ 77.769746811210268, 12.778143202314039 ], [ 77.769657005305206, 12.778032045360899 ], [ 77.769560265426506, 12.777926642253712 ], [ 77.769456973360718, 12.777827408962775 ], [ 77.7693475367509, 12.777734737109281 ], [ 77.769232387488003, 12.777648992419902 ], [ 77.7691119800064, 12.77757051328353 ], [ 77.768986789490597, 12.777499609415914 ], [ 77.76885731, 12.777436560637431 ], [ 77.768724052519275, 12.777381615768853 ], [ 77.76858754294193, 12.777334991649415 ], [ 77.768448319994974, 12.777296872281111 ], [ 77.768306933113152, 12.777267408102542 ], [ 77.768163940270696, 12.777246715395219 ], [ 77.768019905779553, 12.77723487582468 ], [ 77.767875398062557, 12.777231936118145 ], [ 77.767730987410303, 12.77723790788011 ], [ 77.767587243730787, 12.777252767546468 ], [ 77.767444734300426, 12.777276456477491 ], [ 77.767304021525533, 12.777308881189141 ], [ 77.767165660722938, 12.777349913721951 ], [ 77.767030197928619, 12.777399392145909 ], [ 77.766898167742895, 12.777457121199436 ], [ 77.766770091220806, 12.777522873059866 ], [ 77.766646473815754, 12.777596388242443 ], [ 77.766527803385003, 12.777677376624274 ], [ 77.766414548264166, 12.777765518589174 ], [ 77.766307155419071, 12.777860466288924 ], [ 77.766206048681838, 12.777961845015954 ], [ 77.766111627078018, 12.778069254682009 ], [ 77.766024263251936, 12.778182271397009 ], [ 77.765944301995816, 12.778300449141833 ], [ 77.765872058889059, 12.778423321528471 ], [ 77.765807819052554, 12.778550403640541 ], [ 77.765751836023298, 12.778681193946959 ], [ 77.76570433075365, 12.778815176281201 ], [ 77.765665490739082, 12.778951821878316 ], [ 77.765635469278052, 12.779090591461697 ], [ 77.765614384866723, 12.779230937371333 ], [ 77.765602320731134, 12.779372305725172 ], [ 77.76559932449841, 12.779514138605053 ], [ 77.765605408008653, 12.779655876258598 ], [ 77.765620547267915, 12.779796959308321 ], [ 77.765644682542657, 12.77993683095931 ], [ 77.765677718595299, 12.780074939196698 ], [ 77.765719525059851, 12.780210738964319 ], [ 77.765769936956204, 12.780343694315878 ], [ 77.765828755341062, 12.780473280530188 ], [ 77.765895748092959, 12.780598986182127 ], [ 77.765970650828166, 12.78072031516111 ], [ 77.766053167944051, 12.78083678862915 ], [ 77.766142973785563, 12.780947946910709 ], [ 77.766239713930474, 12.781053351306985 ], [ 77.766343006588031, 12.781152585827352 ], [ 77.766452444105823, 12.781245258831225 ], [ 77.766567594578603, 12.781331004573795 ], [ 77.7666880035529, 12.781409484649565 ], [ 77.766813195820689, 12.781480389327962 ], [ 77.766942677294907, 12.781543438775826 ], [ 77.767075936959642, 12.781598384161825 ], [ 77.767212448886909, 12.78164500863857 ], [ 77.76735167431265, 12.781683128198429 ], [ 77.767493063763027, 12.781712592399781 ], [ 77.767636059223321, 12.781733284960753 ], [ 77.76778009634026, 12.781745124218119 ], [ 77.767924606649629, 12.781748063449594 ], [ 77.768069019819933, 12.781742091058183 ], [ 77.768212765903485, 12.781727230617904 ], [ 77.76835527758594, 12.781703540780699 ], [ 77.768495992425471, 12.781671115044901 ], [ 77.768634355072692, 12.781630081386128 ], [ 77.76876981946252, 12.781580601752136 ], [ 77.768901850969499, 12.781522871423602 ], [ 77.769029928517739, 12.781457118243294 ], [ 77.769153546637625, 12.781383601716781 ], [ 77.769272217460681, 12.781302611988156 ], [ 77.76938547264507, 12.78121446869484 ], [ 77.769492865223938, 12.781119519705999 ], [ 77.769593971369417, 12.781018139749539 ], [ 77.769688392065262, 12.780910728933103 ], [ 77.769775754681461, 12.78079771116491 ], [ 77.769855714444873, 12.780679532480692 ], [ 77.769927955799645, 12.780556659283272 ], [ 77.769992193652527, 12.780429576501824 ], [ 77.770048174497788, 12.780298785677981 ], [ 77.770095677417501, 12.780164802986432 ], [ 77.770134514953284, 12.780028157197766 ], [ 77.770164533845758, 12.779889387591602 ], [ 77.770185615639264, 12.779749041828316 ], [ 77.770197677149056, 12.77960767378765 ], [ 77.770200670789407, 12.779465841382823 ] ] ] ] } },
{ "type": "Feature", "properties": { "fid": 17, "bid": 95, "ID_count": 9, "Name": "Neraluru Bus Stop" }, "geometry": { "type": "MultiPolygon", "coordinates": [ [ [ [ 77.732580854271049, 12.791666147003232 ], [ 77.732574787357251, 12.791524405005498 ], [ 77.732559664008576, 12.791383316569629 ], [ 77.732535543924186, 12.791243438502683 ], [ 77.732502522308366, 12.791105322834172 ], [ 77.732460729494619, 12.790969514637517 ], [ 77.732410330431023, 12.790836549878998 ], [ 77.732351524029099, 12.790706953302646 ], [ 77.732284542378721, 12.790581236359426 ], [ 77.732209649832001, 12.790459895188897 ], [ 77.732127141959836, 12.790343408661288 ], [ 77.732037344385489, 12.790232236487755 ], [ 77.731940611499382, 12.790126817406231 ], [ 77.731837325060482, 12.790027567450034 ], [ 77.731727892689747, 12.789934878306134 ], [ 77.731612746261405, 12.789849115769425 ], [ 77.731492340198685, 12.789770618299205 ], [ 77.731367149680537, 12.789699695683561 ], [ 77.731237668766411, 12.789636627816833 ], [ 77.731104408446612, 12.78958166359509 ], [ 77.730967894625863, 12.789535019933911 ], [ 77.730828666047969, 12.789496880912367 ], [ 77.730687272169888, 12.789467397046581 ], [ 77.730544270993477, 12.789446684695722 ], [ 77.730400226863566, 12.789434825602804 ], [ 77.730255708240989, 12.78943186657205 ], [ 77.730111285459401, 12.789437819284167 ], [ 77.729967528474646, 12.789452660250198 ], [ 77.729825004615634, 12.789476330904172 ], [ 77.729684276345552, 12.789508737834135 ], [ 77.729545899042392, 12.78954975315076 ], [ 77.729410418807163, 12.789599214991959 ], [ 77.729278370309018, 12.789656928161557 ], [ 77.729150274675177, 12.789722664899555 ], [ 77.729026637434487, 12.789796165780858 ], [ 77.728907946522355, 12.789877140739003 ], [ 77.728794670355228, 12.78996527021077 ], [ 77.728687255981967, 12.790060206397248 ], [ 77.728586127319559, 12.790161574636301 ], [ 77.728491683480044, 12.790268974881077 ], [ 77.728404297195468, 12.790381983278682 ], [ 77.728324313346675, 12.790500153842858 ], [ 77.728252047602155, 12.790623020213943 ], [ 77.728187785172096, 12.79075009749933 ], [ 77.728131779682656, 12.790880884187017 ], [ 77.728084252174781, 12.791014864124795 ], [ 77.728045390231756, 12.791151508557212 ], [ 77.728015347238525, 12.791290278212299 ], [ 77.72799424177623, 12.791430625429808 ], [ 77.727982157153974, 12.791571996322565 ], [ 77.727979141079786, 12.79171383296244 ], [ 77.727985205472052, 12.791855575582257 ], [ 77.728000326412285, 12.791996664784977 ], [ 77.72802444423931, 12.792136543751441 ], [ 77.728057463784424, 12.792274660437959 ], [ 77.728099254746795, 12.792410469755046 ], [ 77.728149652207549, 12.792543435718757 ], [ 77.728208457280417, 12.792673033566057 ], [ 77.7282754378965, 12.792798751825929 ], [ 77.728350329720016, 12.792920094338063 ], [ 77.728432837191434, 12.793036582211062 ], [ 77.728522634693832, 12.793147755712551 ], [ 77.728619367837922, 12.793253176083672 ], [ 77.728722654860675, 12.79335242727074 ], [ 77.728832088131909, 12.793445117567394 ], [ 77.728947235763215, 12.793530881160558 ], [ 77.729067643312376, 12.793609379574271 ], [ 77.72919283557701, 12.793680303005562 ], [ 77.729322318470111, 12.793743371547237 ], [ 77.729455580970168, 12.793798336292571 ], [ 77.729592097138081, 12.793844980317742 ], [ 77.729731328193026, 12.793883119537924 ], [ 77.729872724638994, 12.793912603433871 ], [ 77.730015728433614, 12.793933315645932 ], [ 77.730159775190785, 12.79394517443329 ], [ 77.730304296408192, 12.793948132996537 ], [ 77.730448721711298, 12.793942179662334 ], [ 77.73059248110448, 12.793927337929452 ], [ 77.730735007220872, 12.793903666375963 ], [ 77.730875737561647, 12.793871258427998 ], [ 77.731014116716196, 12.793830241990941 ], [ 77.731149598554254, 12.79378077894455 ], [ 77.731281648381469, 12.793723064504006 ], [ 77.731409745049589, 12.793657326449351 ], [ 77.731533383013513, 12.79358382422644 ], [ 77.731652074326377, 12.793502847922909 ], [ 77.731765350565453, 12.793414717123179 ], [ 77.731872764680716, 12.793319779647115 ], [ 77.731973892759299, 12.79321841017719 ], [ 77.732068335698287, 12.793111008779659 ], [ 77.7321557207799, 12.792997999325598 ], [ 77.732235703142265, 12.792879827817929 ], [ 77.732307967140315, 12.792756960631197 ], [ 77.732372227591398, 12.792629882670868 ], [ 77.732428230900567, 12.792499095459583 ], [ 77.732475756061262, 12.792365115157819 ], [ 77.732514615527236, 12.79222847052676 ], [ 77.73254465595258, 12.792089700841512 ], [ 77.732565758796682, 12.791949353762799 ], [ 77.732577840791691, 12.791807983175602 ], [ 77.732580854271049, 12.791666147003232 ] ] ] ] } },
{ "type": "Feature", "properties": { "fid": 18, "bid": 101, "ID_count": 11, "Name": "Attibele Checkpost" }, "geometry": { "type": "MultiPolygon", "coordinates": [ [ [ [ 77.768850676956248, 12.779855852427955 ], [ 77.768844591619938, 12.779714115223651 ], [ 77.768829450621581, 12.779573032724755 ], [ 77.768805313729956, 12.779433161714866 ], [ 77.768772276215671, 12.779295054195599 ], [ 77.768730468474899, 12.779159255208182 ], [ 77.768680055514622, 12.779026300682517 ], [ 77.768621236301172, 12.778896715322222 ], [ 77.768554242974915, 12.778771010533985 ], [ 77.76847933993399, 12.778649682409357 ], [ 77.768396822790692, 12.778533209767083 ], [ 77.768307017204805, 12.778422052263506 ], [ 77.768210277598328, 12.778316648578658 ], [ 77.768106985756688, 12.778217414685106 ], [ 77.767997549322132, 12.778124742206428 ], [ 77.767882400184902, 12.778038996871762 ], [ 77.767761992778858, 12.777960517072545 ], [ 77.767636802288209, 12.777889612527133 ], [ 77.767507322772275, 12.777826563058589 ], [ 77.767374065215819, 12.777771617490405 ], [ 77.767237555512622, 12.77772499266457 ], [ 77.767098332390248, 12.777686872585868 ], [ 77.766956945284093, 12.777657407695699 ], [ 77.766813952169286, 12.777636714278387 ], [ 77.766669917358868, 12.777624874002267 ], [ 77.766525409276881, 12.777621933597343 ], [ 77.766380998215396, 12.77762790467086 ], [ 77.766237254084032, 12.777642763661435 ], [ 77.766094744160981, 12.777666451932003 ], [ 77.765954030854488, 12.777698876001123 ], [ 77.765815669483473, 12.777739907911872 ], [ 77.765680206086174, 12.777789385736691 ], [ 77.765548175265295, 12.777847114216359 ], [ 77.765420098078337, 12.777912865530475 ], [ 77.765296479981401, 12.777986380196447 ], [ 77.765177808834409, 12.778067368093414 ], [ 77.765064552975815, 12.778155509607098 ], [ 77.76495715937439, 12.778250456891072 ], [ 77.764856051865195, 12.7783518352394 ], [ 77.764761629476837, 12.778459244565322 ], [ 77.764674264856751, 12.778572260980102 ], [ 77.764594302800305, 12.778690438465809 ], [ 77.764522058890037, 12.778813310635449 ], [ 77.76445781824998, 12.778940392573499 ], [ 77.76440183442034, 12.779071182749567 ], [ 77.764354328356617, 12.779205164997641 ], [ 77.764315487557425, 12.779341810553115 ], [ 77.764285465324321, 12.779480580139545 ], [ 77.764264380156504, 12.779620926096909 ], [ 77.764252315282988, 12.779762294542966 ], [ 77.764249318333825, 12.779904127559202 ], [ 77.764255401151956, 12.780045865392697 ], [ 77.764270539746136, 12.780186948665254 ], [ 77.764294674385496, 12.780326820581083 ], [ 77.76432770983493, 12.780464929124275 ], [ 77.764369515730834, 12.780600729237463 ], [ 77.764419927095346, 12.780733684972978 ], [ 77.764478744987272, 12.780863271608128 ], [ 77.764545737287094, 12.780988977716129 ], [ 77.764620639612872, 12.781110307184603 ], [ 77.764703156363581, 12.781226781173615 ], [ 77.764792961885618, 12.781337940005589 ], [ 77.764889701758023, 12.781443344979541 ], [ 77.764992994191132, 12.781542580102567 ], [ 77.765102431533393, 12.781635253731707 ], [ 77.765217581880265, 12.781721000119679 ], [ 77.765337990778775, 12.781799480858435 ], [ 77.765463183021211, 12.781870386214795 ], [ 77.765592664520597, 12.781933436352915 ], [ 77.76572592426092, 12.781988382438746 ], [ 77.765862436313924, 12.78203500762212 ], [ 77.766001661915013, 12.782073127892632 ], [ 77.766143051589694, 12.782102592805845 ], [ 77.766286047322325, 12.782123286077073 ], [ 77.766430084758596, 12.782135126040295 ], [ 77.766574595433028, 12.782138065970431 ], [ 77.766719009012675, 12.782132094267725 ], [ 77.766862755548232, 12.782117234503488 ], [ 77.767005267723562, 12.782093545326985 ], [ 77.767145983094906, 12.782061120233934 ], [ 77.76728434631076, 12.782020087197422 ], [ 77.767419811303839, 12.781970608162752 ], [ 77.767551843446242, 12.781912878408221 ], [ 77.767679921659621, 12.781847125774345 ], [ 77.767803540471704, 12.781773609764523 ], [ 77.767922212011314, 12.781692620520822 ], [ 77.768035467933743, 12.781604477678739 ], [ 77.76814286126924, 12.78150952910566 ], [ 77.768243968186979, 12.781408149527859 ], [ 77.768338389667591, 12.781300739051474 ], [ 77.768425753078049, 12.781187721583388 ], [ 77.768505713642028, 12.781069543158145 ], [ 77.768577955800524, 12.780946670177556 ], [ 77.768642194457129, 12.78081958756993 ], [ 77.768698176102902, 12.780688796876216 ], [ 77.768745679816817, 12.7805548142706 ], [ 77.768784518137295, 12.780418168523319 ], [ 77.768814537801873, 12.780279398913848 ], [ 77.768835620351865, 12.780139053102562 ], [ 77.768847682599542, 12.779997684969404 ], [ 77.768850676956248, 12.779855852427955 ] ] ] ] } },
{ "type": "Feature", "properties": { "fid": 19, "bid": 103, "ID_count": 6, "Name": "Yadavanahalli" }, "geometry": { "type": "MultiPolygon", "coordinates": [ [ [ [ 77.760670723231755, 12.78320591754216 ], [ 77.760664641948907, 12.783064179261746 ], [ 77.760649504805301, 12.78292309543404 ], [ 77.760625371554539, 12.782783222847883 ], [ 77.760592337452834, 12.782645113511123 ], [ 77.760550532882931, 12.782509312472166 ], [ 77.760500122839275, 12.782376355669028 ], [ 77.760441306276718, 12.782246767814309 ], [ 77.76037431532518, 12.782121060324544 ], [ 77.760299414373407, 12.781999729301964 ], [ 77.760216899025494, 12.781883253576742 ], [ 77.760127094934134, 12.781772092817397 ], [ 77.760030356515443, 12.7816666857168 ], [ 77.759927065550201, 12.78156744826101 ], [ 77.759817629677158, 12.781474772087654 ], [ 77.759702480784355, 12.781389022940441 ], [ 77.759582073304713, 12.78131053922586 ], [ 77.759456882422739, 12.781239630677714 ], [ 77.759327402199304, 12.781176577134852 ], [ 77.759194143621968, 12.781121627436837 ], [ 77.759057632588551, 12.781074998441955 ], [ 77.758918407831843, 12.781036874171425 ], [ 77.758777018793722, 12.781007405083189 ], [ 77.758634023456906, 12.780986707478124 ], [ 77.758489986143246, 12.780974863041083 ], [ 77.758345475286646, 12.780971918518484 ], [ 77.758201061190121, 12.780977885533813 ], [ 77.75805731377524, 12.780992740541693 ], [ 77.757914800333168, 12.781016424920763 ], [ 77.757774083286037, 12.781048845204936 ], [ 77.757635717967517, 12.78108987345222 ], [ 77.75750025043142, 12.781139347749503 ], [ 77.757368215296751, 12.781197072851487 ], [ 77.757240133638035, 12.78126282095109 ], [ 77.757116510929023, 12.7813363325784 ], [ 77.756997835047812, 12.781417317624548 ], [ 77.75688457435156, 12.78150545648651 ], [ 77.756777175828077, 12.781600401328319 ], [ 77.756676063331852, 12.781701777453678 ], [ 77.756581635911189, 12.781809184784608 ], [ 77.756494266233332, 12.781922199440244 ], [ 77.756414299113629, 12.782040375409602 ], [ 77.756342050154558, 12.782163246311683 ], [ 77.756277804500129, 12.782290327235968 ], [ 77.756221815710305, 12.782421116656074 ], [ 77.756174304760137, 12.782555098408986 ], [ 77.756135459167552, 12.782691743732052 ], [ 77.75610543225298, 12.782830513349762 ], [ 77.756084342534152, 12.782970859601976 ], [ 77.756072273257999, 12.783112228605304 ], [ 77.756069272071983, 12.783254062439042 ], [ 77.756075350835758, 12.783395801347041 ], [ 77.756090485574063, 12.783536885946891 ], [ 77.756114616571281, 12.783676759437563 ], [ 77.756147648606685, 12.783814869796942 ], [ 77.75618945133013, 12.783950671960499 ], [ 77.756239859776301, 12.784083629972487 ], [ 77.756298675015543, 12.784213219101231 ], [ 77.756365664938812, 12.784338927910111 ], [ 77.756440565173548, 12.784460260276092 ], [ 77.756523080126968, 12.784576737347813 ], [ 77.756612884152617, 12.784687899435525 ], [ 77.75670962283543, 12.784793307825401 ], [ 77.756812914390437, 12.784892546511054 ], [ 77.756922351169592, 12.784985223835459 ], [ 77.757037501270574, 12.785070974036751 ], [ 77.757157910241389, 12.785149458691823 ], [ 77.757283102874013, 12.785220368052039 ], [ 77.757412585080004, 12.785283422265742 ], [ 77.757545845840482, 12.785338372482792 ], [ 77.757682359223239, 12.785385001836712 ], [ 77.757821586458419, 12.785423126300628 ], [ 77.757962978065066, 12.785452595413542 ], [ 77.75810597601992, 12.785473292874189 ], [ 77.758250015959902, 12.785485137 ], [ 77.758394529409628, 12.785488081049447 ], [ 77.75853894602524, 12.78548211340653 ], [ 77.758682695845394, 12.785467257626509 ], [ 77.758825211541023, 12.785443572342926 ], [ 77.758965930654455, 12.785411151036131 ], [ 77.75910429781942, 12.785370121664245 ], [ 77.759239766953016, 12.785320646158116 ], [ 77.759371803411, 12.785262919782108 ], [ 77.759499886097998, 12.785197170363388 ], [ 77.759623509524047, 12.785123657392678 ], [ 77.759742185799723, 12.785042671000026 ], [ 77.759855446561687, 12.784954530809703 ], [ 77.759962844821061, 12.784859584678614 ], [ 77.760063956727535, 12.784758207323392 ], [ 77.760158383242086, 12.784650798841414 ], [ 77.760245751711764, 12.784537783131698 ], [ 77.760325717340308, 12.784419606221844 ], [ 77.760397964548687, 12.784296734507695 ], [ 77.760462208220574, 12.784169652912572 ], [ 77.76051819482727, 12.78403886297343 ], [ 77.760565703428085, 12.783904880861481 ], [ 77.760604546542211, 12.783768235345031 ], [ 77.760634570888257, 12.783629465702642 ], [ 77.76065565798902, 12.783489119594845 ], [ 77.760667724638864, 12.783347750902751 ], [ 77.760670723231755, 12.78320591754216 ] ] ] ] } },
{ "type": "Feature", "properties": { "fid": 20, "bid": 107, "ID_count": 8, "Name": "Hebbagodi  Bus Stop" }, "geometry": { "type": "MultiPolygon", "coordinates": [ [ [ [ 77.684611268766005, 12.827246501581397 ], [ 77.684605223502444, 12.827104753615489 ], [ 77.684590120082291, 12.826963657835808 ], [ 77.684566018126176, 12.826823771078464 ], [ 77.684533012766877, 12.826685645407302 ], [ 77.684491234273807, 12.826549825935256 ], [ 77.684440847538582, 12.826416848673151 ], [ 77.684382051424194, 12.826287238414389 ], [ 77.684315077979946, 12.826161506663951 ], [ 77.684240191525646, 12.82604014961985 ], [ 77.684157687608248, 12.825923646214966 ], [ 77.684067891835468, 12.825812456227066 ], [ 77.683971158590666, 12.825707018464373 ], [ 77.683867869634327, 12.825607749033928 ], [ 77.683758432597344, 12.825515039699527 ], [ 77.683643279372475, 12.825429256335704 ], [ 77.683522864409795, 12.825350737483941 ], [ 77.683397662923412, 12.82527979301665 ], [ 77.68326816901606, 12.825216702914364 ], [ 77.683134893729402, 12.825161716160862 ], [ 77.682998363027195, 12.825115049760583 ], [ 77.682859115719893, 12.82507688788229 ], [ 77.682717701338333, 12.825047381132237 ], [ 77.682574677965277, 12.825026645959859 ], [ 77.682430610033137, 12.825014764198173 ], [ 77.68228606609668, 12.8250117827408 ], [ 77.682141616589377, 12.82501771335691 ], [ 77.681997831572488, 12.825032532644677 ], [ 77.681855278485514, 12.825056182123644 ], [ 77.681714519906933, 12.825088568465375 ], [ 77.681576111334252, 12.825129563861765 ], [ 77.681440598991855, 12.825179006529288 ], [ 77.681308517675518, 12.825236701347423 ], [ 77.681180388641891, 12.825302420628571 ], [ 77.681056717551556, 12.825375905016521 ], [ 77.68093799247346, 12.825456864509885 ], [ 77.680824681958796, 12.825544979606486 ], [ 77.680717233191928, 12.825639902564141 ], [ 77.680616070225469, 12.825741258772945 ], [ 77.680521592306846, 12.825848648233547 ], [ 77.680434172302512, 12.825961647135649 ], [ 77.68035415522634, 12.826079809530487 ], [ 77.680281856877912, 12.826202669090698 ], [ 77.680217562596084, 12.826329740950589 ], [ 77.680161526132707, 12.826460523619629 ], [ 77.680113968650929, 12.826594500961518 ], [ 77.680075077852337, 12.826731144231115 ], [ 77.680045007235748, 12.826869914161088 ], [ 77.680023875491372, 12.827010263090175 ], [ 77.680011766032038, 12.827151637124501 ], [ 77.680008726663829, 12.827293478323606 ], [ 77.680014769397118, 12.827435226902363 ], [ 77.680029870398982, 12.827576323440281 ], [ 77.680053970086931, 12.827716211089303 ], [ 77.680086973363942, 12.827854337771514 ], [ 77.680128749993457, 12.827990158358029 ], [ 77.680179135113235, 12.828123136820459 ], [ 77.680237929885763, 12.828252748346468 ], [ 77.680304902282884, 12.828378481411088 ], [ 77.68037978800136, 12.82849983979558 ], [ 77.680462291505805, 12.828616344545923 ], [ 77.680552087195011, 12.828727535863139 ], [ 77.680648820686912, 12.828832974918035 ], [ 77.680752110217185, 12.828932245583195 ], [ 77.680861548145842, 12.829024956075351 ], [ 77.680976702566085, 12.829110740501699 ], [ 77.681097119008982, 12.829189260304018 ], [ 77.68122232223709, 12.82926020559489 ], [ 77.681351818120149, 12.829323296380801 ], [ 77.68148509558543, 12.829378283667198 ], [ 77.681621628634744, 12.829424950441222 ], [ 77.681760878420661, 12.829463112528229 ], [ 77.681902295373249, 12.829492619318664 ], [ 77.682045321369174, 12.829513354362462 ], [ 77.682189391934671, 12.829525235828633 ], [ 77.682333938473491, 12.82952821682821 ], [ 77.682478390511065, 12.829522285599253 ], [ 77.682622177946229, 12.82950746555324 ], [ 77.682764733301383, 12.829483815182599 ], [ 77.682905493962252, 12.82945142782982 ], [ 77.683043904398502, 12.82941043131896 ], [ 77.683179418356332, 12.829360987451112 ], [ 77.683311501014558, 12.829303291365727 ], [ 77.683439631095283, 12.829237570770402 ], [ 77.683563302921442, 12.829164085042063 ], [ 77.683682028412505, 12.829083124203235 ], [ 77.683795339010743, 12.828995007777326 ], [ 77.683902787530499, 12.828900083527461 ], [ 77.684003949923024, 12.828798726083944 ], [ 77.684098426949959, 12.82869133546559 ], [ 77.684185845758932, 12.828578335500959 ], [ 77.684265861354902, 12.828460172155564 ], [ 77.684338157961619, 12.828337311771772 ], [ 77.684402450267697, 12.828210239228255 ], [ 77.684458484552493, 12.828079456026323 ], [ 77.684506039687136, 12.827945478310687 ], [ 77.684544928007128, 12.82780883483238 ], [ 77.684574996052689, 12.827670064862019 ], [ 77.684596125174181, 12.827529716061512 ], [ 77.684608232000144, 12.827388342322704 ], [ 77.684611268766005, 12.827246501581397 ] ] ] ] } },
{ "type": "Feature", "properties": { "fid": 21, "bid": 108, "ID_count": 5, "Name": "Near BTL College Bus Stop" }, "geometry": { "type": "MultiPolygon", "coordinates": [ [ [ [ 77.694851133080661, 12.814446435098564 ], [ 77.694845083909158, 12.8143046883241 ], [ 77.694829977132088, 12.81416359399349 ], [ 77.694805872383228, 12.814023708937105 ], [ 77.694772864806438, 12.81388558521207 ], [ 77.694731084679802, 12.813749767923643 ], [ 77.694680696901415, 12.813616793074013 ], [ 77.694621900338319, 12.813487185447057 ], [ 77.694554927041608, 12.813361456537377 ], [ 77.694480041330465, 12.813240102531759 ], [ 77.694397538748888, 12.813123602351114 ], [ 77.694307744899305, 12.813012415760463 ], [ 77.694211014157474, 12.812906981554644 ], [ 77.694107728273991, 12.812807715826661 ], [ 77.693998294867626, 12.812715010325702 ], [ 77.69388314581677, 12.812629230911197 ], [ 77.693762735555012, 12.812550716109035 ], [ 77.69363753927793, 12.812479775775662 ], [ 77.69350805106771, 12.812416689875315 ], [ 77.693374781943476, 12.812361707375194 ], [ 77.693238257844698, 12.812315045262975 ], [ 77.693099017555781, 12.812276887690503 ], [ 77.692957610579867, 12.812247385247066 ], [ 77.692814594970486, 12.812226654365105 ], [ 77.692670535129452, 12.812214776860724 ], [ 77.692525999579587, 12.812211799610754 ], [ 77.692381558721294, 12.812217734367769 ], [ 77.692237782581714, 12.812232557713624 ], [ 77.692095238565329, 12.812256211151842 ], [ 77.691954489214851, 12.812288601338386 ], [ 77.691816089991377, 12.812329600449969 ], [ 77.691680587082416, 12.81237904668842 ], [ 77.69154851524651, 12.812436744919122 ], [ 77.691420395702977, 12.812502467441014 ], [ 77.691296734074939, 12.812575954885101 ], [ 77.691178018393984, 12.812656917237923 ], [ 77.691064717174285, 12.812745034986017 ], [ 77.690957277563484, 12.812839960376738 ], [ 77.690856123578143, 12.812941318790568 ], [ 77.690761654430204, 12.813048710219444 ], [ 77.69067424295153, 12.813161710845293 ], [ 77.690594234122358, 12.81327987471254 ], [ 77.69052194370974, 12.81340273548799 ], [ 77.690457657021184, 12.813529808301151 ], [ 77.690401627778598, 12.813660591657714 ], [ 77.690354077116638, 12.813794569418654 ], [ 77.690315192709932, 12.813931212837151 ], [ 77.690285128032102, 12.81406998264529 ], [ 77.69026400174991, 12.814210331182252 ], [ 77.690251897254598, 12.814351704555717 ], [ 77.690248862332638, 12.814493544827807 ], [ 77.690254908976868, 12.814635292217051 ], [ 77.690270013338861, 12.814776387307633 ], [ 77.690294115822923, 12.8149162732572 ], [ 77.690327121320905, 12.815054397994533 ], [ 77.690368899587511, 12.81519021639842 ], [ 77.69041928575399, 12.815323192449075 ], [ 77.690478080978693, 12.815452801343683 ], [ 77.690545053231659, 12.815578531567649 ], [ 77.690619938210176, 12.815699886913455 ], [ 77.69070244038177, 12.815816388439066 ], [ 77.690792234150507, 12.815927576358233 ], [ 77.690888965141852, 12.816033011855183 ], [ 77.690992251601344, 12.816132278816543 ], [ 77.691101685901089, 12.816224985473673 ], [ 77.691216836148612, 12.816310765948909 ], [ 77.691337247891454, 12.816389281699646 ], [ 77.691462445910688, 12.816460222854454 ], [ 77.691591936096629, 12.81652330943616 ], [ 77.691725207399017, 12.816578292466819 ], [ 77.691861733844007, 12.816624954950377 ], [ 77.692000976610245, 12.816663112729145 ], [ 77.692142386155467, 12.816692615210568 ], [ 77.692285404385629, 12.816713345961618 ], [ 77.692429466857604, 12.816725223168252 ], [ 77.692574005007089, 12.81672819995833 ], [ 77.692718448392668, 12.816722264586536 ], [ 77.692862226947312, 12.816707440480707 ], [ 77.693004773228509, 12.816683786149307 ], [ 77.693145524657808, 12.816651394950464 ], [ 77.693283925741312, 12.816610394723423 ], [ 77.693419430262182, 12.816560947283948 ], [ 77.693551503436453, 12.816503247785592 ], [ 77.69367962402373, 12.816437523949414 ], [ 77.693803286384423, 12.816364035165146 ], [ 77.693922002475333, 12.816283071467357 ], [ 77.694035303775905, 12.816194952390745 ], [ 77.694142743137149, 12.816100025708893 ], [ 77.69424389654651, 12.815998666061686 ], [ 77.694338364801069, 12.815891273476637 ], [ 77.694425775083076, 12.815778271790057 ], [ 77.694505782431165, 12.815660106974242 ], [ 77.694578071101645, 12.815537245377351 ], [ 77.694642355814466, 12.815410171882828 ], [ 77.694698382878897, 12.815279387995732 ], [ 77.694745931194632, 12.815145409863451 ], [ 77.694784813124031, 12.815008766238659 ], [ 77.694814875232552, 12.814869996392533 ], [ 77.694835998893964, 12.814729647986482 ], [ 77.694848100758335, 12.814588274910765 ], [ 77.694851133080661, 12.814446435098564 ] ] ] ] } },
{ "type": "Feature", "properties": { "fid": 22, "bid": 109, "ID_count": 17, "Name": "Kithiganahalli Bus Stop" }, "geometry": { "type": "MultiPolygon", "coordinates": [ [ [ [ 77.700581056384948, 12.807196398132659 ], [ 77.700575005043973, 12.807054652025531 ], [ 77.700559896408706, 12.806913558505487 ], [ 77.700535790120313, 12.806773674399681 ], [ 77.700502781328623, 12.806635551761493 ], [ 77.700461000316565, 12.806499735691881 ], [ 77.700410611985703, 12.806366762188219 ], [ 77.700351815205238, 12.806237156029077 ], [ 77.700284842027131, 12.806111428703254 ], [ 77.700209956770038, 12.805990076391293 ], [ 77.700127454976197, 12.805873578007414 ], [ 77.70003766224491, 12.805762393309561 ], [ 77.699940932947513, 12.805656961085088 ], [ 77.699837648828904, 12.805557697419196 ], [ 77.699728217500834, 12.805464994052937 ], [ 77.699613070833536, 12.805379216837313 ], [ 77.699492663251178, 12.805300704289548 ], [ 77.699367469938736, 12.805229766257204 ], [ 77.699237984966715, 12.805166682695436 ], [ 77.699104719341463, 12.805111702562222 ], [ 77.698968198988666, 12.805065042835906 ], [ 77.698828962677865, 12.805026887658924 ], [ 77.698687559896584, 12.804997387611122 ], [ 77.698544548681795, 12.804976659115491 ], [ 77.69840049341795, 12.80496478397872 ], [ 77.698255962609821, 12.804961809068313 ], [ 77.698111526639124, 12.804967746127618 ], [ 77.697967755513702, 12.804982571729404 ], [ 77.697825216618256, 12.805006227368301 ], [ 77.697684472475316, 12.805038619691583 ], [ 77.697546078525434, 12.80507962086754 ], [ 77.697410580935326, 12.805129069089864 ], [ 77.697278514442544, 12.805186769216107 ], [ 77.69715040024532, 12.805252493537726 ], [ 77.697026743945699, 12.805325982678616 ], [ 77.696908033554266, 12.805406946618634 ], [ 77.696794737564304, 12.805495065838045 ], [ 77.696687303102848, 12.805589992578396 ], [ 77.696586154166098, 12.805691352214835 ], [ 77.696491689946143, 12.805798744734473 ], [ 77.696404283255376, 12.805911746314926 ], [ 77.696324279055119, 12.806029910996847 ], [ 77.696251993094194, 12.806152772443822 ], [ 77.696187710662528, 12.806279845782694 ], [ 77.696131685465218, 12.806410629517075 ], [ 77.696084138620975, 12.806544607506442 ], [ 77.696045257789336, 12.806681251003068 ], [ 77.696015196429826, 12.806820020738718 ], [ 77.695994073196076, 12.806960369052852 ], [ 77.695981971467333, 12.807101742054019 ], [ 77.695978939019128, 12.807243581805807 ], [ 77.695984987834507, 12.80738532852879 ], [ 77.696000094056501, 12.807526422809778 ], [ 77.696024198082014, 12.807666307809599 ], [ 77.696057204796858, 12.80780443146079 ], [ 77.696098983950861, 12.807940248646409 ], [ 77.696149370671804, 12.808073223351483 ], [ 77.696208166115852, 12.808202830778496 ], [ 77.696275138252133, 12.808328559418655 ], [ 77.696350022778361, 12.808449913070683 ], [ 77.696432524163896, 12.808566412799239 ], [ 77.696522316815859, 12.808677598825158 ], [ 77.696619046364134, 12.80878303234015 ], [ 77.696722331059917, 12.808882297238661 ], [ 77.696831763282304, 12.808975001760201 ], [ 77.696946911146995, 12.809060780035541 ], [ 77.697067320210905, 12.809139293530754 ], [ 77.697192515265726, 12.809210232383332 ], [ 77.697322002213454, 12.809273316625188 ], [ 77.69745527001659, 12.809328297287612 ], [ 77.69759179271513, 12.80937495738392 ], [ 77.697731031502471, 12.809413112765835 ], [ 77.69787243685208, 12.809442612850283 ], [ 77.698015450686469, 12.809463341213696 ], [ 77.698159508579892, 12.809475216051469 ], [ 77.698304041986077, 12.809478190500807 ], [ 77.698448480482369, 12.80947225282565 ], [ 77.698592254021051, 12.809457426462924 ], [ 77.698734795179405, 12.80943376993001 ], [ 77.69887554139919, 12.809401376593726 ], [ 77.699013937207113, 12.809360374301761 ], [ 77.699149436407154, 12.809310924878025 ], [ 77.699281504236339, 12.80925322348391 ], [ 77.699409619475404, 12.80918749784796 ], [ 77.699533276505875, 12.809114007366997 ], [ 77.699651987305614, 12.809033042082309 ], [ 77.699765283374902, 12.808944921534827 ], [ 77.699872717585478, 12.808849993503959 ], [ 77.699973865945054, 12.808748632634899 ], [ 77.700068329270678, 12.80864123895998 ], [ 77.700155734764081, 12.808528236319805 ], [ 77.700235737482757, 12.80841007069044 ], [ 77.700308021701318, 12.808287208423231 ], [ 77.700372302157263, 12.808160134404273 ], [ 77.700428325176688, 12.808029350140682 ], [ 77.700475869675216, 12.807895371781324 ], [ 77.700514748030301, 12.807758728079763 ], [ 77.700544806821483, 12.807619958307471 ], [ 77.700565927435619, 12.807479610125551 ], [ 77.700578026534785, 12.807338237423382 ], [ 77.700581056384948, 12.807196398132659 ] ] ] ] } },
{ "type": "Feature", "properties": { "fid": 23, "bid": 111, "ID_count": 10, "Name": "Hebbagodi Metro Station" }, "geometry": { "type": "MultiPolygon", "coordinates": [ [ [ [ 77.683421303193299, 12.830786505627241 ], [ 77.68341525809906, 12.830644757552507 ], [ 77.683400154711705, 12.83050366164848 ], [ 77.683376052651695, 12.830363774751751 ], [ 77.683343047052261, 12.830225648926721 ], [ 77.683301268183754, 12.830089829286939 ], [ 77.683250880939283, 12.829956851843876 ], [ 77.683192084183844, 12.829827241391657 ], [ 77.683125109969296, 12.829701509436029 ], [ 77.683050222618462, 12.82958015217581 ], [ 77.682967717681834, 12.829463648544737 ], [ 77.682877920771176, 12.829352458321452 ], [ 77.68278118627434, 12.829247020315123 ], [ 77.682677895956743, 12.829147750633743 ], [ 77.682568457454678, 12.829055041042093 ], [ 77.682453302666644, 12.828969257415736 ], [ 77.682332886048911, 12.828890738297167 ], [ 77.68220768282211, 12.828819793559861 ], [ 77.682078187095868, 12.828756703185411 ], [ 77.681944909918968, 12.82870171615866 ], [ 77.681808377262684, 12.828655049485135 ], [ 77.681669127945128, 12.828616887334668 ], [ 77.681527711505097, 12.828587380314591 ], [ 77.681384686033496, 12.828566644875394 ], [ 77.681240615970978, 12.82855476285115 ], [ 77.681096069880709, 12.828551781136516 ], [ 77.680951618204688, 12.82855771150167 ], [ 77.6808078310127, 12.828572530545783 ], [ 77.680665275752844, 12.828596179789354 ], [ 77.680524515012166, 12.828628565904873 ], [ 77.680386104296687, 12.82866956108513 ], [ 77.680250589839275, 12.828719003547453 ], [ 77.680118506443989, 12.828776698172137 ], [ 77.679990375375738, 12.828842417272332 ], [ 77.679866702303102, 12.828915901492552 ], [ 77.679747975302874, 12.828996860832072 ], [ 77.679634662933807, 12.829084975789316 ], [ 77.679527212387555, 12.829179898622668 ], [ 77.679426047723808, 12.829281254722707 ], [ 77.679331568196673, 12.82938864409051 ], [ 77.679244146678911, 12.829501642916149 ], [ 77.679164128190422, 12.829619805251168 ], [ 77.679091828536329, 12.829742664768437 ], [ 77.679027533060662, 12.829869736602436 ], [ 77.678971495519946, 12.830000519262747 ], [ 77.678923937081635, 12.830134496613102 ], [ 77.678885045451054, 12.830271139908323 ], [ 77.678854974130331, 12.830409909880988 ], [ 77.678833841812448, 12.830550258869657 ], [ 77.678821731912493, 12.830691632980237 ], [ 77.678818692238323, 12.83083347427195 ], [ 77.678824734801495, 12.83097522295933 ], [ 77.678839835769764, 12.831116319621435 ], [ 77.678863935560784, 12.831256207409734 ], [ 77.678896939077134, 12.831394334245758 ], [ 77.678938716081291, 12.831530155000012 ], [ 77.678989101709575, 12.831663133643451 ], [ 77.679047897122459, 12.831792745363016 ], [ 77.679114870289268, 12.83191847863298 ], [ 77.679189756903696, 12.832039837233797 ], [ 77.679272261426846, 12.832156342210585 ], [ 77.679362058253531, 12.832267533763469 ], [ 77.679458792997167, 12.832372973062331 ], [ 77.679562083888456, 12.832472243978785 ], [ 77.679671523282082, 12.832564954728571 ], [ 77.679786679265462, 12.832650739417868 ], [ 77.679907097363483, 12.832729259487408 ], [ 77.680032302332179, 12.832800205048725 ], [ 77.68016180003444, 12.832863296107231 ], [ 77.680295079390305, 12.83291828366729 ], [ 77.68043161439418, 12.83296495071497 ], [ 77.680570866190877, 12.83300311307454 ], [ 77.680712285202517, 12.833032620135361 ], [ 77.680855313297684, 12.833053355446305 ], [ 77.680999385994298, 12.833065237175324 ], [ 77.681143934687682, 12.83306821843242 ], [ 77.681288388894757, 12.833062287454624 ], [ 77.68143217850583, 12.833047467652424 ], [ 77.681574736034676, 12.833023817517288 ], [ 77.681715498858452, 12.832991430390775 ], [ 77.681853911438267, 12.832950434096052 ], [ 77.68198942751188, 12.832900990433346 ], [ 77.682121512249722, 12.832843294541316 ], [ 77.682249644365712, 12.832777574126785 ], [ 77.682373318174754, 12.83270408856597 ], [ 77.682492045588432, 12.832623127880739 ], [ 77.682605358041499, 12.832535011593883 ], [ 77.682712808340952, 12.832440087468003 ], [ 77.682813972430992, 12.832338730132889 ], [ 77.682908451066581, 12.832231339606951 ], [ 77.682995871388982, 12.832118339718376 ], [ 77.683075888397184, 12.832000176432382 ], [ 77.683148186309396, 12.831877316091107 ], [ 77.683212479809058, 12.831750243573047 ], [ 77.683268515170795, 12.831619460379432 ], [ 77.683316071261515, 12.831485482654921 ], [ 77.683354960412956, 12.831348839150603 ], [ 77.683385029162054, 12.831210069137192 ], [ 77.683406158856386, 12.831069720276773 ], [ 77.683418266122217, 12.830928346461416 ], [ 77.683421303193299, 12.830786505627241 ] ] ] ] } },
{ "type": "Feature", "properties": { "fid": 24, "bid": 129, "ID_count": 7, "Name": "Attibele Intersection" }, "geometry": { "type": "MultiPolygon", "coordinates": [ [ [ [ 77.773140657349359, 12.778615817332712 ], [ 77.773134569814303, 12.778474080701342 ], [ 77.773119426703275, 12.778332998911615 ], [ 77.773095287793424, 12.77819312874432 ], [ 77.773062248363317, 12.778055022197751 ], [ 77.773020438816673, 12.777919224309288 ], [ 77.772970024167577, 12.777786271004496 ], [ 77.772911203389043, 12.777656686982173 ], [ 77.772844208627632, 12.777530983643709 ], [ 77.772769304287095, 12.777409657074951 ], [ 77.772686785984874, 12.777293186088491 ], [ 77.772596979385327, 12.777182030334137 ], [ 77.772500238914432, 12.777076628485014 ], [ 77.772396946361056, 12.776977396506458 ], [ 77.772287509370202, 12.776884726014481 ], [ 77.772172359834315, 12.77679898273038 ], [ 77.772051952188846, 12.776720505037497 ], [ 77.771926761618914, 12.776649602645891 ], [ 77.771797282184181, 12.776586555370127 ], [ 77.771664024869068, 12.77653161202503 ], [ 77.771527515566419, 12.776484989443839 ], [ 77.771388293002175, 12.776446871622472 ], [ 77.771246906609562, 12.776417408993428 ], [ 77.771103914360879, 12.776396717832119 ], [ 77.770959880565741, 12.776384879797975 ], [ 77.770815373644226, 12.776381941612152 ], [ 77.770670963883788, 12.776387914873158 ], [ 77.770527221188914, 12.776402776010967 ], [ 77.770384712832126, 12.776426466380045 ], [ 77.770244001215517, 12.776458892490689 ], [ 77.770105641651341, 12.776499926377905 ], [ 77.769970180170674, 12.77654940610635 ], [ 77.769838151368688, 12.776607136409291 ], [ 77.769710076294913, 12.776672889459126 ], [ 77.769586460397122, 12.776746405766426 ], [ 77.769467791526552, 12.776827395203844 ], [ 77.769354538012692, 12.776915538151036 ], [ 77.769247146815076, 12.777010486755904 ], [ 77.769146041759257, 12.777111866307306 ], [ 77.769051621864179, 12.77721927671374 ], [ 77.768964259767429, 12.777332294082196 ], [ 77.768884300254442, 12.777450472390971 ], [ 77.76881205889768, 12.777573345249831 ], [ 77.768747820811171, 12.777700427740527 ], [ 77.768691839525005, 12.777831218330482 ], [ 77.768644335984646, 12.777965200852044 ], [ 77.768605497678749, 12.77810184653953 ], [ 77.768575477899034, 12.778240616115957 ], [ 77.768554395135041, 12.77838096192135 ], [ 77.768542332606273, 12.778522330074061 ], [ 77.768539337933547, 12.778664162656726 ], [ 77.768545422950794, 12.77880589991813 ], [ 77.768560563658113, 12.778946982482326 ], [ 77.768584700316254, 12.77908685355632 ], [ 77.768617737682192, 12.779224961127525 ], [ 77.768659545384708, 12.779360760142394 ], [ 77.768709958438848, 12.779493714657599 ], [ 77.76876877789671, 12.779623299955258 ], [ 77.768835771632624, 12.779749004613858 ], [ 77.768910675258951, 12.779870332526743 ], [ 77.768993193169521, 12.779986804860119 ], [ 77.769082999706185, 12.780097961942937 ], [ 77.769179740443931, 12.780203365081116 ], [ 77.769283033589701, 12.780302598289003 ], [ 77.769392471489112, 12.780395269931185 ], [ 77.769507622235423, 12.780481014268238 ], [ 77.769628031374097, 12.780559492900201 ], [ 77.769753223696455, 12.780630396102216 ], [ 77.769882705115194, 12.780693444046936 ], [ 77.770015964614615, 12.78074838790898 ], [ 77.770152476267427, 12.780795010846965 ], [ 77.770291701310612, 12.780833128859335 ], [ 77.770433090271837, 12.780862591510587 ], [ 77.77057608513833, 12.780883282524957 ], [ 77.770720121559179, 12.780895120245338 ], [ 77.770864631072897, 12.780898057955509 ], [ 77.771009043351157, 12.780892084064481 ], [ 77.77115278844974, 12.780877222152196 ], [ 77.771295299058224, 12.780853530876417 ], [ 77.771436012739031, 12.780821103741138 ], [ 77.77157437414732, 12.780780068727516 ], [ 77.771709837222943, 12.780730587788659 ], [ 77.7718418673456, 12.780672856210385 ], [ 77.771969943444859, 12.780607101840408 ], [ 77.772093560056874, 12.780533584188985 ], [ 77.772212229319095, 12.78045259340465 ], [ 77.772325482895823, 12.780364449128999 ], [ 77.772432873826602, 12.780269499235068 ], [ 77.772533978290042, 12.780168118454338 ], [ 77.772628397276549, 12.780060706897697 ], [ 77.772715758162875, 12.779947688476296 ], [ 77.772795716182671, 12.779829509228433 ], [ 77.772867955786978, 12.779706635559165 ], [ 77.772932191889495, 12.779579552399515 ], [ 77.772988170991354, 12.779448761292613 ], [ 77.773035672181564, 12.779314778414255 ], [ 77.77307450800852, 12.779178132535769 ], [ 77.773104525219594, 12.779039362937128 ], [ 77.773125605365777, 12.778899017278674 ], [ 77.773137665268834, 12.778757649439731 ], [ 77.773140657349359, 12.778615817332712 ] ] ] ] } },
{ "type": "Feature", "properties": { "fid": 25, "bid": 131, "ID_count": 5, "Name": "Guddahatti Gate" }, "geometry": { "type": "MultiPolygon", "coordinates": [ [ [ [ 77.739020810320127, 12.788186097196148 ], [ 77.739014740328074, 12.788044356025585 ], [ 77.738999614086794, 12.787903268610169 ], [ 77.73897549130686, 12.787763391752927 ], [ 77.738942467203216, 12.787625277478581 ], [ 77.738900672119144, 12.787489470855055 ], [ 77.738850271011671, 12.787356507842409 ], [ 77.738791462800421, 12.787226913177779 ], [ 77.738724479582359, 12.787101198304585 ], [ 77.738649585715777, 12.786979859354213 ], [ 77.738567076776789, 12.786863375188126 ], [ 77.738477278392836, 12.786752205508165 ], [ 77.73838054495755, 12.786646789042408 ], [ 77.73827725823206, 12.786547541813876 ], [ 77.738167825838417, 12.786454855498757 ], [ 77.738052679650949, 12.786369095880787 ], [ 77.737932274091932, 12.786290601407751 ], [ 77.737807084338328, 12.786219681855917 ], [ 77.737677604446546, 12.786156617107535 ], [ 77.737544345402867, 12.78610165604637 ], [ 77.737407833106957, 12.786055015575538 ], [ 77.737268606296638, 12.786016879761533 ], [ 77.737127214421861, 12.785987399107816 ], [ 77.736984215476568, 12.785966689960894 ], [ 77.736840173796821, 12.785954834051141 ], [ 77.736695657833778, 12.785951878170225 ], [ 77.736551237910589, 12.785957833986437 ], [ 77.736407483971831, 12.785972677998569 ], [ 77.736264963334378, 12.785996351628631 ], [ 77.736124238448753, 12.786028761452943 ], [ 77.735985864679549, 12.786069779570756 ], [ 77.735850388113874, 12.786119244108926 ], [ 77.735718343406404, 12.786176959860651 ], [ 77.735590251669393, 12.786242699055732 ], [ 77.735466618416325, 12.786316202259391 ], [ 77.735347931566878, 12.786397179395991 ], [ 77.735234659521481, 12.78648531089372 ], [ 77.73512724931274, 12.786580248945674 ], [ 77.73502612484117, 12.786681618882346 ], [ 77.734931685202341, 12.786789020650192 ], [ 77.734844303111714, 12.786902030390301 ], [ 77.734764323433552, 12.787020202111105 ], [ 77.734692061819928, 12.787143069448378 ], [ 77.734627803464718, 12.787270147505694 ], [ 77.734571801978007, 12.787400934768002 ], [ 77.734524278384953, 12.787534915080817 ], [ 77.734485420253378, 12.787671559687189 ], [ 77.734455380953165, 12.787810329314469 ], [ 77.734434279050944, 12.787950676302501 ], [ 77.734422197841695, 12.788092046765017 ], [ 77.734419185020016, 12.788233882775572 ], [ 77.734425252491434, 12.788375624569465 ], [ 77.734440376325338, 12.78851671275291 ], [ 77.7344644968491, 12.788656590510767 ], [ 77.734497518883344, 12.788794705804106 ], [ 77.734539312117448, 12.788930513548937 ], [ 77.734589711623542, 12.789063477767517 ], [ 77.734648518507271, 12.789193073703682 ], [ 77.734715500692602, 12.78931878989397 ], [ 77.734790393837542, 12.789440130186223 ], [ 77.734872902377333, 12.789556615697812 ], [ 77.734962700690829, 12.789667786705675 ], [ 77.735059434385548, 12.789773204460795 ], [ 77.735162721696227, 12.78987245291982 ], [ 77.735272154991605, 12.789965140387149 ], [ 77.735387302383117, 12.790050901060884 ], [ 77.735507709429527, 12.790129396476578 ], [ 77.735632900930412, 12.790200316843109 ], [ 77.735762382801781, 12.790263382265374 ], [ 77.735895644026144, 12.790318343848977 ], [ 77.736032158669445, 12.790364984682567 ], [ 77.736171387956858, 12.790403120693929 ], [ 77.736312782399366, 12.790432601376484 ], [ 77.736455783962498, 12.790453310383281 ], [ 77.736599828268936, 12.790465165986147 ], [ 77.7367443468261, 12.790468121398252 ], [ 77.736888769269925, 12.790462164958708 ], [ 77.737032525616073, 12.790447320178545 ], [ 77.737175048509698, 12.790423645647868 ], [ 77.737315775464722, 12.790391234804563 ], [ 77.737454151083881, 12.790350215565448 ], [ 77.737589629250934, 12.790300749821343 ], [ 77.737721675285925, 12.790243032798083 ], [ 77.737849768055668, 12.790177292285911 ], [ 77.737973402030391, 12.790103787740369 ], [ 77.738092089279036, 12.790022809258268 ], [ 77.738205361394861, 12.789934676432633 ], [ 77.738312771344212, 12.789839737091318 ], [ 77.738413895230565, 12.789738365924155 ], [ 77.738508333967658, 12.789630963004099 ], [ 77.738595714854242, 12.789517952208223 ], [ 77.73867569304501, 12.789399779544761 ], [ 77.738747952911382, 12.78927691139279 ], [ 77.738812209286991, 12.789149832661591 ], [ 77.738868208593018, 12.789019044876849 ], [ 77.738915729838652, 12.788885064201276 ], [ 77.738954585493147, 12.788748419397546 ], [ 77.73898462222563, 12.788609649741424 ], [ 77.739005721510026, 12.788469302893519 ], [ 77.739017800092554, 12.788327932737895 ], [ 77.739020810320127, 12.788186097196148 ] ] ] ] } },
{ "type": "Feature", "properties": { "fid": 26, "bid": 146, "ID_count": 6, "Name": "Chandapura Rail Bridge" }, "geometry": { "type": "MultiPolygon", "coordinates": [ [ [ [ 77.715450969753277, 12.800776279901916 ], [ 77.715444911058142, 12.800634535710385 ], [ 77.715429795439789, 12.800493444564935 ], [ 77.715405682566882, 12.800353563283345 ], [ 77.71537266761527, 12.800215443907822 ], [ 77.715330880892154, 12.80007963152644 ], [ 77.715280487321621, 12.799946662121998 ], [ 77.715221685793551, 12.799817060456887 ], [ 77.715154708378577, 12.799691338002157 ], [ 77.715079819412111, 12.799569990919121 ], [ 77.714997314450983, 12.799453498101354 ], [ 77.714907519106973, 12.799342319284836 ], [ 77.714810787761706, 12.799236893233706 ], [ 77.714707502168139, 12.799137636008808 ], [ 77.714598069943847, 12.799044939325771 ], [ 77.71448292296256, 12.79895916900924 ], [ 77.714362515649682, 12.798880663549211 ], [ 77.71423732318911, 12.798809732765283 ], [ 77.714107839647966, 12.79874665658402 ], [ 77.71397457602697, 12.798691683934289 ], [ 77.713838058243823, 12.798645031764913 ], [ 77.713698825058017, 12.798606884188519 ], [ 77.713557425944671, 12.798577391754979 ], [ 77.713414418926305, 12.798556670857238 ], [ 77.7132703683708, 12.798544803272039 ], [ 77.71312584276437, 12.798541835837089 ], [ 77.712981412468181, 12.798547780266246 ], [ 77.712837647467737, 12.798562613103217 ], [ 77.712695115123537, 12.798586275814095 ], [ 77.712554377932307, 12.798618675018259 ], [ 77.71241599130714, 12.798659682856862 ], [ 77.712280501385877, 12.798709137497303 ], [ 77.712148442875844, 12.798766843771819 ], [ 77.712020336943766, 12.798832573947619 ], [ 77.711896689159076, 12.798906068625495 ], [ 77.71177798749882, 12.798987037763457 ], [ 77.711664700421821, 12.799075161821255 ], [ 77.711557275019928, 12.799170093021349 ], [ 77.71145613525367, 12.79927145672128 ], [ 77.711361680278912, 12.799378852892119 ], [ 77.711274282871557, 12.799491857697065 ], [ 77.711194287956374, 12.799610025164034 ], [ 77.711122011245507, 12.799732888945613 ], [ 77.711057737992434, 12.799859964159424 ], [ 77.711001721865969, 12.799990749301656 ], [ 77.710954183949099, 12.800124728226224 ], [ 77.710915311866088, 12.800261372181692 ], [ 77.710885259041959, 12.800400141897985 ], [ 77.710864144096647, 12.800540489714644 ], [ 77.710852050376687, 12.800681861742149 ], [ 77.710849025626004, 12.800823700047907 ], [ 77.710855081797263, 12.800965444858196 ], [ 77.710870195004432, 12.801106536767344 ], [ 77.710894305616847, 12.801246418945537 ], [ 77.710927318494313, 12.801384539336423 ], [ 77.710969103362331, 12.801520352835913 ], [ 77.711019495326113, 12.801653323443571 ], [ 77.711078295521077, 12.801782926378044 ], [ 77.711145271897621, 12.801908650148254 ], [ 77.711220160136705, 12.802029998572142 ], [ 77.711302664692994, 12.802146492734991 ], [ 77.711392459961061, 12.802257672879605 ], [ 77.711489191560489, 12.802363100220896 ], [ 77.711592477734342, 12.802462358677689 ], [ 77.711701910855865, 12.802555056514905 ], [ 77.711817059037173, 12.80264082788972 ], [ 77.711937467833948, 12.802719334295428 ], [ 77.712062662038889, 12.802790265897528 ], [ 77.712192147557374, 12.802853342756549 ], [ 77.712325413357505, 12.802908315932941 ], [ 77.712461933487162, 12.802954968469569 ], [ 77.712601169149906, 12.802993116248011 ], [ 77.712742570831537, 12.803022608715219 ], [ 77.71288558046902, 12.803043329477699 ], [ 77.713029633653193, 12.803055196760868 ], [ 77.713174161856358, 12.803058163731766 ], [ 77.713318594676409, 12.803052218683851 ], [ 77.713462362088052, 12.803037385083178 ], [ 77.713604896692729, 12.8030137214757 ], [ 77.713745635958119, 12.802981321256173 ], [ 77.713884024438372, 12.802940312299468 ], [ 77.714019515966385, 12.802890856455802 ], [ 77.714151575809524, 12.802833148911922 ], [ 77.714279682780045, 12.802767417420647 ], [ 77.714403331292104, 12.80269392140192 ], [ 77.714522033357198, 12.802612950918876 ], [ 77.714635320510169, 12.802524825532979 ], [ 77.714742745657858, 12.802429893042724 ], [ 77.714843884843859, 12.802328528110905 ], [ 77.714938338921399, 12.802221130785879 ], [ 77.715025735128719, 12.802108124922658 ], [ 77.71510572855999, 12.801989956510003 ], [ 77.715178003526489, 12.801867091910252 ], [ 77.715242274802236, 12.801740016018682 ], [ 77.715298288749565, 12.801609230349788 ], [ 77.715345824319925, 12.801475251057973 ], [ 77.715384693925998, 12.801338606900458 ], [ 77.715414744181842, 12.801199837150493 ], [ 77.715435856508023, 12.801059489469091 ], [ 77.715447947599316, 12.80091811774362 ], [ 77.715450969753277, 12.800776279901916 ] ] ] ] } },
{ "type": "Feature", "properties": { "fid": 27, "bid": 155, "ID_count": 5, "Name": "Attibele Toll" }, "geometry": { "type": "MultiPolygon", "coordinates": [ [ [ [ 77.78117061800333, 12.776005752199994 ], [ 77.781164526395472, 12.775864016638989 ], [ 77.781149379383066, 12.775722936172439 ], [ 77.781125236758655, 12.775583067575894 ], [ 77.781092193815454, 12.775444962841442 ], [ 77.781050380971053, 12.775309166999305 ], [ 77.78099996325254, 12.775176215966967 ], [ 77.780941139645037, 12.775046634434238 ], [ 77.780874142306246, 12.774920933792698 ], [ 77.780799235650079, 12.774799610117533 ], [ 77.780716715303143, 12.774683142209915 ], [ 77.780626906937798, 12.7745719897075 ], [ 77.780530164986999, 12.774466591270585 ], [ 77.780426871245467, 12.774367362851027 ], [ 77.780317433362868, 12.774274696050801 ], [ 77.780202283235155, 12.774188956576634 ], [ 77.780081875300112, 12.774110482796852 ], [ 77.779956684744008, 12.774039584406056 ], [ 77.77982720562639, 12.773976541203032 ], [ 77.779693948930472, 12.773921601986549 ], [ 77.77955744054664, 12.773874983573549 ], [ 77.779418219197211, 12.773836869943516 ], [ 77.779276834310579, 12.773807411512413 ], [ 77.779133843853145, 12.773786724539089 ], [ 77.778989812127421, 12.773774890666461 ], [ 77.778845307545325, 12.773771956599274 ], [ 77.77870090038509, 12.773777933919781 ], [ 77.778557160540956, 12.773792799041965 ], [ 77.778414655274176, 12.773816493304555 ], [ 77.778273946974679, 12.773848923202497 ], [ 77.778135590941602, 12.773889960755856 ], [ 77.778000133192137, 12.773939444014832 ], [ 77.77786810830672, 12.773997177698762 ], [ 77.777740037319418, 12.774062933966714 ], [ 77.777616425661918, 12.774136453316549 ], [ 77.777497761168704, 12.774217445608924 ], [ 77.777384512152025, 12.774305591212228 ], [ 77.777277125553638, 12.774400542263884 ], [ 77.777176025180992, 12.774501924043088 ], [ 77.777081610034571, 12.774609336449542 ], [ 77.776994252733189, 12.774722355582343 ], [ 77.77691429804338, 12.774840535412826 ], [ 77.776842061518593, 12.774963409544739 ], [ 77.776777828253785, 12.77509049305481 ], [ 77.776721851760001, 12.775221284406426 ], [ 77.776674352963838, 12.775355267428919 ], [ 77.776635519335215, 12.775491913354621 ], [ 77.776605504147369, 12.775630682905613 ], [ 77.776584425871761, 12.775771028421996 ], [ 77.776572367710145, 12.775912396023259 ], [ 77.7765693772661, 12.776054227794202 ], [ 77.776575466356903, 12.776195963986808 ], [ 77.776590610966537, 12.776337045229338 ], [ 77.776614751340361, 12.776476914734005 ], [ 77.776647792220686, 12.776615020494402 ], [ 77.776689603222408, 12.776750817464128 ], [ 77.776740019347528, 12.776883769707917 ], [ 77.776798841636037, 12.777013352516837 ], [ 77.77686583795105, 12.777139054479205 ], [ 77.776940743894784, 12.777260379498992 ], [ 77.777023263851902, 12.777376848753828 ], [ 77.777113072156155, 12.777488002584796 ], [ 77.777209814375539, 12.777593402310664 ], [ 77.777313108711141, 12.777692631959241 ], [ 77.777422547503903, 12.777785299909167 ], [ 77.777537698843531, 12.77787104043558 ], [ 77.777658108273101, 12.777949515153578 ], [ 77.777783300582811, 12.778020414353739 ], [ 77.777912781685416, 12.778083458224529 ], [ 77.778046040566423, 12.778138397956644 ], [ 77.778182551301015, 12.778185016725006 ], [ 77.778321775129768, 12.778223130544534 ], [ 77.778463162585155, 12.778252588996271 ], [ 77.778606155660327, 12.778273275821045 ], [ 77.778750190011451, 12.778285109378283 ], [ 77.778894697185223, 12.778288042968208 ], [ 77.779039106862513, 12.7782820650161 ], [ 77.779182849109418, 12.77826719911794 ], [ 77.779325356626771, 12.778243503947223 ], [ 77.779466066989173, 12.778211073023341 ], [ 77.779604424864914, 12.778170034342391 ], [ 77.779739884207771, 12.77812054987197 ], [ 77.779871910412183, 12.778062814911841 ], [ 77.779999982423249, 12.777997057323059 ], [ 77.780123594793196, 12.777923536628606 ], [ 77.780242259676228, 12.777842542989013 ], [ 77.780355508754013, 12.777754396057157 ], [ 77.780462895083787, 12.777659443716542 ], [ 77.780563994862376, 12.777558060708323 ], [ 77.780658409098635, 12.777450647152168 ], [ 77.780745765188101, 12.777337626967118 ], [ 77.780825718383383, 12.777219446198425 ], [ 77.780897953154565, 12.777096571257141 ], [ 77.780962184434372, 12.77696948707931 ], [ 77.781018158743052, 12.776838695212064 ], [ 77.781065655188485, 12.776704711834203 ], [ 77.781104486337796, 12.776568065719008 ], [ 77.78113449895686, 12.776429296147379 ], [ 77.781155574614758, 12.776288950779547 ], [ 77.781167630150961, 12.776147583493675 ], [ 77.78117061800333, 12.776005752199994 ] ] ] ] } },
{ "type": "Feature", "properties": { "fid": 28, "bid": 157, "ID_count": 10, "Name": "Attibele Checkpost" }, "geometry": { "type": "MultiPolygon", "coordinates": [ [ [ [ 77.767450686568296, 12.780615863223254 ], [ 77.767444601898916, 12.780474125837253 ], [ 77.767429461526874, 12.780333043114782 ], [ 77.767405325218533, 12.780193171840319 ], [ 77.767372288242186, 12.780055064016523 ], [ 77.767330480991887, 12.779919264685827 ], [ 77.767280068472658, 12.779786309779491 ], [ 77.767221249649111, 12.779656724002635 ], [ 77.767154256660092, 12.779531018763581 ], [ 77.767079353902389, 12.779409690155676 ], [ 77.76699683698719, 12.779293216999566 ], [ 77.766907031573368, 12.779182058953623 ], [ 77.766810292082255, 12.779076654700019 ], [ 77.766707000298865, 12.778977420213565 ], [ 77.766597563865147, 12.778884747120177 ], [ 77.766482414671358, 12.778799001151414 ], [ 77.766362007151599, 12.778720520701222 ], [ 77.766236816490547, 12.778649615490533 ], [ 77.766107336748163, 12.778586565345018 ], [ 77.765974078910119, 12.778531619090842 ], [ 77.765837568871305, 12.778484993572711 ], [ 77.765698345360605, 12.778446872798126 ], [ 77.765556957814951, 12.778417407211244 ], [ 77.765413964211206, 12.778396713099122 ], [ 77.765269928864328, 12.778384872132847 ], [ 77.765125420200519, 12.778381931045146 ], [ 77.764981008514113, 12.778387901445949 ], [ 77.764837263717183, 12.778402759776535 ], [ 77.764694753090552, 12.778426447402433 ], [ 77.764554039045251, 12.778458870844755 ], [ 77.764415676903127, 12.778499902149038 ], [ 77.76428021270543, 12.778549379390126 ], [ 77.764148181058033, 12.778607107311098 ], [ 77.764020103021721, 12.778672858093756 ], [ 77.763896484055891, 12.778746372257599 ], [ 77.763777812023932, 12.778827359683758 ], [ 77.763664555267781, 12.77891550075981 ], [ 77.76355716075976, 12.779010447641051 ], [ 77.763456052338469, 12.779111825623136 ], [ 77.763361629036183, 12.779219234620756 ], [ 77.76327426350386, 12.77933225074646 ], [ 77.763194300540505, 12.77945042798347 ], [ 77.763122055732239, 12.779573299945772 ], [ 77.763057814206633, 12.779700381718659 ], [ 77.763001829507388, 12.779831171772399 ], [ 77.76295432259343, 12.779965153941454 ], [ 77.76291548096674, 12.780101799461535 ], [ 77.762885457932114, 12.780240569056344 ], [ 77.762864371991952, 12.780380915065827 ], [ 77.762852306378278, 12.780522283607539 ], [ 77.762849308724114, 12.780664116762585 ], [ 77.762855390875131, 12.780805854777501 ], [ 77.762870528842754, 12.780946938273376 ], [ 77.76289466289856, 12.781086810453541 ], [ 77.762927697809786, 12.781224919301049 ], [ 77.762969503214933, 12.781360719757325 ], [ 77.763019914138056, 12.781493675873353 ], [ 77.763078731639737, 12.78162326292494 ], [ 77.763145723601994, 12.781748969483656 ], [ 77.763220625644209, 12.781870299435345 ], [ 77.763303142166492, 12.781986773938176 ], [ 77.763392947516138, 12.782097933312524 ], [ 77.763489687272852, 12.782203338855284 ], [ 77.763592979647427, 12.782302574571297 ], [ 77.763702416988579, 12.782395248815268 ], [ 77.763817567391769, 12.782480995837483 ], [ 77.763937976403795, 12.782559477227393 ], [ 77.764063168816463, 12.782630383249245 ], [ 77.764192650542171, 12.782693434064566 ], [ 77.764325910563983, 12.782748380836633 ], [ 77.764462422952562, 12.782795006712577 ], [ 77.764601648941962, 12.782833127679249 ], [ 77.764743039056185, 12.782862593289465 ], [ 77.764886035277826, 12.782883287255792 ], [ 77.765030073250657, 12.782895127909454 ], [ 77.765174584507079, 12.782898068522652 ], [ 77.765318998711862, 12.782892097492935 ], [ 77.765462745913212, 12.78287723838894 ], [ 77.765605258792363, 12.782853549857339 ], [ 77.765745974902799, 12.78282112539131 ], [ 77.765884338890075, 12.782780092961447 ], [ 77.766019804683879, 12.782730614510667 ], [ 77.766151837653126, 12.782672885314964 ], [ 77.766279916716215, 12.782607133212641 ], [ 77.766403536397533, 12.78253361770501 ], [ 77.766522208822423, 12.782452628932136 ], [ 77.766635465642736, 12.782364486527678 ], [ 77.766742859885156, 12.782269538357284 ], [ 77.766843967715261, 12.782168159145638 ], [ 77.766938390110113, 12.782060748997438 ], [ 77.76702575443305, 12.781947731818274 ], [ 77.767105715904123, 12.781829553641547 ], [ 77.767177958960787, 12.781706680868089 ], [ 77.767242198503055, 12.781579598425392 ], [ 77.767298181018532, 12.78144880785376 ], [ 77.767345685582725, 12.781314825326893 ], [ 77.767384524730716, 12.781178179614725 ], [ 77.767414545196772, 12.781039409996584 ], [ 77.767435628519038, 12.780899064132891 ], [ 77.767447691506732, 12.780757695903793 ], [ 77.767450686568296, 12.780615863223254 ] ] ] ] } },
{ "type": "Feature", "properties": { "fid": 29, "bid": 159, "ID_count": 5, "Name": "Attibele Intersection" }, "geometry": { "type": "MultiPolygon", "coordinates": [ [ [ [ 77.773530674505466, 12.780595810251372 ], [ 77.77352458647114, 12.780454073702215 ], [ 77.773509442795103, 12.780312992022333 ], [ 77.773485303256763, 12.780173121992076 ], [ 77.773452263137131, 12.780035015609197 ], [ 77.773410452842683, 12.779899217910431 ], [ 77.773360037390432, 12.779766264820591 ], [ 77.773301215756604, 12.779636681037621 ], [ 77.773234220091069, 12.779510977961976 ], [ 77.773159314801219, 12.779389651678455 ], [ 77.773076795508203, 12.779273180998528 ], [ 77.772986987880287, 12.779162025570793 ], [ 77.772890246347515, 12.779056624067083 ], [ 77.772786952702958, 12.778957392451368 ], [ 77.772677514595927, 12.778864722338223 ], [ 77.772562363923228, 12.778778979447452 ], [ 77.772441955124833, 12.778700502160856 ], [ 77.772316763390435, 12.778629600186875 ], [ 77.77218728278423, 12.778566553338429 ], [ 77.772054024295301, 12.778511610428655 ], [ 77.771917513821094, 12.778464988289075 ], [ 77.771778290092215, 12.778426870913865 ], [ 77.771636902546433, 12.778397408733762 ], [ 77.771493909160654, 12.778376718022402 ], [ 77.771349874248912, 12.778364880437442 ], [ 77.771205366235719, 12.778361942698272 ], [ 77.771060955412835, 12.778367916401628 ], [ 77.770917211688953, 12.778382777975745 ], [ 77.770774702340631, 12.778406468773371 ], [ 77.770633989773884, 12.778438895303097 ], [ 77.770495629304705, 12.778479929598291 ], [ 77.770360166967762, 12.778529409721996 ], [ 77.77022813736157, 12.778587140405921 ], [ 77.770100061538869, 12.778652893820961 ], [ 77.769976444950359, 12.778726410476246 ], [ 77.769857775450006, 12.778807400243057 ], [ 77.769744521369802, 12.778895543499754 ], [ 77.76963712967148, 12.778990492393023 ], [ 77.769536024182599, 12.779091872210573 ], [ 77.769441603923823, 12.779199282859855 ], [ 77.76935424153416, 12.779312300446907 ], [ 77.769274281800179, 12.779430478949166 ], [ 77.769202040295269, 12.779553351975636 ], [ 77.769137802133983, 12.779680434607394 ], [ 77.769081820846736, 12.779811225311322 ], [ 77.76903431737901, 12.779945207919313 ], [ 77.768995479219186, 12.780081853665337 ], [ 77.768965459658375, 12.780220623272191 ], [ 77.76894437718525, 12.780360969079776 ], [ 77.768932315018205, 12.780502337206434 ], [ 77.768929320776621, 12.780644169734906 ], [ 77.768935406292712, 12.780785906914181 ], [ 77.768950547564629, 12.780926989368652 ], [ 77.768974684850917, 12.781066860305746 ], [ 77.769007722906011, 12.781204967713418 ], [ 77.769049531356032, 12.781340766538765 ], [ 77.769099945213057, 12.781473720839205 ], [ 77.769158765526029, 12.781603305897706 ], [ 77.769225760165867, 12.781729010293693 ], [ 77.769300664741394, 12.781850337921549 ], [ 77.769383183642702, 12.781966809948603 ], [ 77.769472991207707, 12.782077966705016 ], [ 77.769569733007373, 12.782183369497986 ], [ 77.769673027244423, 12.782282602343223 ], [ 77.769782466260182, 12.782375273606759 ], [ 77.769897618143503, 12.782461017550643 ], [ 77.770018028435345, 12.782539495776474 ], [ 77.770143221922467, 12.782610398560996 ], [ 77.770272704513019, 12.782673446078508 ], [ 77.770405965186612, 12.782728389505314 ], [ 77.770542478011365, 12.782775012001744 ], [ 77.770681704219612, 12.782813129567996 ], [ 77.770823094334432, 12.782842591770317 ], [ 77.77096609033849, 12.782863282334725 ], [ 77.771110127876355, 12.782875119605876 ], [ 77.771254638482205, 12.782878056869322 ], [ 77.771399051823295, 12.78287208253585 ], [ 77.771542797951298, 12.782857220187141 ], [ 77.771685309551685, 12.782833528482675 ], [ 77.771826024182971, 12.782801100928156 ], [ 77.771964386496563, 12.782760065506382 ], [ 77.772099850428745, 12.782710584172079 ], [ 77.772231881355793, 12.782652852212626 ], [ 77.772359958204177, 12.782587097477238 ], [ 77.772483575507025, 12.782513579477618 ], [ 77.772602245399085, 12.782432588363678 ], [ 77.772715499542187, 12.782344443778312 ], [ 77.772822890973615, 12.782249493595781 ], [ 77.772923995870002, 12.782148112548708 ], [ 77.773018415220065, 12.782040700749032 ], [ 77.773105776399106, 12.781927682108869 ], [ 77.773185734639625, 12.781809502667372 ], [ 77.773257974391825, 12.781686628830366 ], [ 77.773322210568764, 12.781559545529541 ], [ 77.773378189671348, 12.781428754308582 ], [ 77.773425690788528, 12.78129477134374 ], [ 77.773464526468999, 12.781158125406673 ], [ 77.773494543460757, 12.781019355777596 ], [ 77.773515623315618, 12.780879010116969 ], [ 77.773527682856511, 12.780737642304119 ], [ 77.773530674505466, 12.780595810251372 ] ] ] ] } },
{ "type": "Feature", "properties": { "fid": 30, "bid": 165, "ID_count": 9, "Name": "Bommasandra Metro Station" }, "geometry": { "type": "MultiPolygon", "coordinates": [ [ [ [ 77.68998119553784, 12.820306467104922 ], [ 77.689975148255144, 12.820164719760028 ], [ 77.689960043112904, 12.820023624734947 ], [ 77.689935939738461, 12.819883738862801 ], [ 77.689902933270247, 12.819745614203939 ], [ 77.689861153981994, 12.819609795867297 ], [ 77.689810766768474, 12.819476819859219 ], [ 77.689751970494513, 12.819347210968147 ], [ 77.689684997210094, 12.819221480693669 ], [ 77.68961011123433, 12.819100125227969 ], [ 77.6895276081123, 12.81898362349771 ], [ 77.689437813448549, 12.818872435274034 ], [ 77.689341081622089, 12.818766999358218 ], [ 77.689237794387793, 12.818667731850011 ], [ 77.689128359369747, 12.818575024505627 ], [ 77.689013208452707, 12.818489243191761 ], [ 77.688892796077653, 12.818410726441799 ], [ 77.688767597448489, 12.818339784119866 ], [ 77.688638106656697, 12.818276696198044 ], [ 77.688504834731575, 12.8182217116515 ], [ 77.688368307623662, 12.818175047475979 ], [ 77.688229064129231, 12.818136887831468 ], [ 77.688087653764072, 12.818107383315422 ], [ 77.687944634595084, 12.818086650368453 ], [ 77.687800571038125, 12.818074770814809 ], [ 77.687656031630667, 12.818071791539412 ], [ 77.687511586788332, 12.81807772430281 ], [ 77.687367806553993, 12.818092545694727 ], [ 77.687225258348263, 12.818116197226393 ], [ 77.687084504730393, 12.818148585561284 ], [ 77.686946101178293, 12.81818958288342 ], [ 77.686810593896567, 12.818239027401699 ], [ 77.686678517661008, 12.818296723988283 ], [ 77.686550393708245, 12.818362444948596 ], [ 77.686426727678835, 12.818435930919803 ], [ 77.686308007621719, 12.818516891894268 ], [ 77.686194702068335, 12.818605008363964 ], [ 77.686087258183392, 12.818699932581293 ], [ 77.685986100000349, 12.818801289931368 ], [ 77.68589162674769, 12.818908680410329 ], [ 77.685804211273478, 12.819021680203862 ], [ 77.685724198573709, 12.81913984335967 ], [ 77.685651904430713, 12.819262703547384 ], [ 77.685587614166735, 12.819389775898832 ], [ 77.685531581517751, 12.81952055892153 ], [ 77.685484027631901, 12.819654536477778 ], [ 77.685445140196535, 12.819791179821578 ], [ 77.685415072697211, 12.819929949685305 ], [ 77.685393943811832, 12.820070298407943 ], [ 77.685381836941929, 12.820211672096429 ], [ 77.685378799883367, 12.820353512811655 ], [ 77.685384844637397, 12.820495260770413 ], [ 77.685399947363067, 12.820636356554633 ], [ 77.685424048471148, 12.820776243319237 ], [ 77.685457052858951, 12.820914368989797 ], [ 77.685498830285539, 12.82105018844141 ], [ 77.685549215885516, 12.82118316565017 ], [ 77.685608010819465, 12.821312775808684 ], [ 77.685674983058576, 12.821438507397376 ], [ 77.685749868300192, 12.821559864203342 ], [ 77.685832371010846, 12.821676367278783 ], [ 77.685922165592444, 12.821787556831332 ], [ 77.686018897667296, 12.821892994038766 ], [ 77.68612218547662, 12.821992262780963 ], [ 77.686231621387236, 12.822084971282246 ], [ 77.68634677350029, 12.822170753657678 ], [ 77.686467187356001, 12.822249271357132 ], [ 77.686592387727075, 12.822320214501502 ], [ 77.686721880494574, 12.822383303105747 ], [ 77.686855154598021, 12.822438288183928 ], [ 77.686991684052529, 12.822484952731923 ], [ 77.68713093002485, 12.822523112583864 ], [ 77.6872723429601, 12.822552617139031 ], [ 77.687415364750819, 12.822573349956187 ], [ 77.687559430939828, 12.822585229213139 ], [ 77.687703972948157, 12.822588208029645 ], [ 77.687848420319128, 12.822582274652387 ], [ 77.687992202970037, 12.822567452501323 ], [ 77.688134753442128, 12.822543800077202 ], [ 77.688275509140425, 12.822511410730616 ], [ 77.688413914554189, 12.8224704122935 ], [ 77.688549423449473, 12.822420966574544 ], [ 77.68868150102503, 12.822363268720522 ], [ 77.688809626023101, 12.822297546445993 ], [ 77.688933292786658, 12.82222405913452 ], [ 77.68905201325515, 12.822143096814875 ], [ 77.689165318890687, 12.822054979016304 ], [ 77.689272762527224, 12.821960053507359 ], [ 77.689373920135267, 12.821858694923293 ], [ 77.689468392495343, 12.82175130328743 ], [ 77.689555806773527, 12.821638302432333 ], [ 77.689635817992638, 12.821520138327033 ], [ 77.689708110393724, 12.821397277316876 ], [ 77.68977239868201, 12.821270204283012 ], [ 77.689828429152655, 12.821139420728679 ], [ 77.689875980691895, 12.821005442799954 ], [ 77.689914865649385, 12.820868799248721 ], [ 77.689944930578633, 12.820730029345874 ], [ 77.68996605684228, 12.820589680753047 ], [ 77.68997816108012, 12.820448307361254 ], [ 77.68998119553784, 12.820306467104922 ] ] ] ] } },
{ "type": "Feature", "properties": { "fid": 31, "bid": 169, "ID_count": 7, "Name": "Hebbagodi Metro Station" }, "geometry": { "type": "MultiPolygon", "coordinates": [ [ [ [ 77.683881288506385, 12.829266504335331 ], [ 77.683875243367751, 12.829124756300486 ], [ 77.683860139994138, 12.82898366044129 ], [ 77.683836038005936, 12.828843773594148 ], [ 77.683803032536133, 12.828705647823266 ], [ 77.683761253854527, 12.82856982824198 ], [ 77.683710866853502, 12.828436850861536 ], [ 77.683652070397102, 12.828307240475803 ], [ 77.683585096535978, 12.828181508590271 ], [ 77.683510209591589, 12.828060151403477 ], [ 77.683427705112791, 12.827943647848874 ], [ 77.683337908709561, 12.82783245770481 ], [ 77.683241174767744, 12.827727019780125 ], [ 77.683137885050556, 12.827627750182499 ], [ 77.683028447191916, 12.827535040676388 ], [ 77.682913293087807, 12.827449257137005 ], [ 77.682792877191773, 12.827370738106513 ], [ 77.682667674721614, 12.827299793458039 ], [ 77.682538179783975, 12.827236703172826 ], [ 77.682404903424512, 12.827181716235367 ], [ 77.682268371611272, 12.827135049650837 ], [ 77.682129123159086, 12.827096887588709 ], [ 77.681987707603284, 12.827067380655986 ], [ 77.681844683031301, 12.827046645302799 ], [ 77.681700613880238, 12.827034763362885 ], [ 77.681556068709668, 12.827031781730573 ], [ 77.681411617957963, 12.827037712175711 ], [ 77.681267831691287, 12.827052531297165 ], [ 77.681125277354042, 12.827076180615112 ], [ 77.680984517529637, 12.827108566801767 ], [ 77.680846107720541, 12.827149562049625 ], [ 77.680710594155968, 12.827199004575762 ], [ 77.680578511636512, 12.8272566992602 ], [ 77.680450381423626, 12.827322418415877 ], [ 77.680326709182481, 12.827395902687069 ], [ 77.680207982986602, 12.82747686207286 ], [ 77.680094671391572, 12.827564977071487 ], [ 77.679987221586003, 12.827659899941168 ], [ 77.679886057626646, 12.827761256072337 ], [ 77.679791578764835, 12.827868645465951 ], [ 77.679704157870717, 12.827981644311979 ], [ 77.679624139961703, 12.828099806661886 ], [ 77.679551840840659, 12.828222666188474 ], [ 77.679487545849483, 12.828349738026196 ], [ 77.679431508742809, 12.828480520684604 ], [ 77.679383950686358, 12.828614498027447 ], [ 77.679345059383962, 12.828751141309573 ], [ 77.679314988336458, 12.828889911263614 ], [ 77.679293856235731, 12.829030260228198 ], [ 77.679281746496045, 12.829171634309327 ], [ 77.679278706924563, 12.829313475566343 ], [ 77.679284749532471, 12.829455224213909 ], [ 77.67929985048734, 12.829596320831248 ], [ 77.679323950206893, 12.829736208569999 ], [ 77.679356953593938, 12.829874335351885 ], [ 77.679398730411535, 12.830010156047635 ], [ 77.679449115796686, 12.830143134628425 ], [ 77.679507910910829, 12.830272746281453 ], [ 77.67957488372447, 12.830398479481252 ], [ 77.679649769932695, 12.830519838008547 ], [ 77.679732273998226, 12.83063634290875 ], [ 77.679822070317627, 12.830747534382295 ], [ 77.679918804506386, 12.83085297359937 ], [ 77.680022094797351, 12.830952244431913 ], [ 77.680131533547595, 12.831044955096003 ], [ 77.680246688847049, 12.83113073969815 ], [ 77.680367106223329, 12.831209259679433 ], [ 77.680492310435298, 12.831280205151741 ], [ 77.680621807348828, 12.831343296120831 ], [ 77.680755085887071, 12.831398283591422 ], [ 77.680891620047674, 12.831444950549946 ], [ 77.681030870978802, 12.831483112821012 ], [ 77.681172289105945, 12.831512619794337 ], [ 77.681315316301195, 12.831533355019143 ], [ 77.681459388086054, 12.831545236663716 ], [ 77.681603935859386, 12.831548217838389 ], [ 77.681748389141831, 12.831542286780531 ], [ 77.681892177827251, 12.831527466900937 ], [ 77.682034734433159, 12.831503816691381 ], [ 77.682175496340292, 12.831471429493719 ], [ 77.682313908013413, 12.831430433131398 ], [ 77.682449423193859, 12.831380989404918 ], [ 77.682581507055573, 12.831323293453181 ], [ 77.682709638315956, 12.831257572983242 ], [ 77.682833311293265, 12.831184087371545 ], [ 77.682952037902396, 12.831103126640157 ], [ 77.683065349581256, 12.831015010312049 ], [ 77.683172799139882, 12.830920086149975 ], [ 77.683273962525462, 12.830818728783887 ], [ 77.683368440495684, 12.830711338232302 ], [ 77.683455860194442, 12.830598338323506 ], [ 77.683535876623225, 12.830480175022808 ], [ 77.683608174002472, 12.830357314672382 ], [ 77.683672467017757, 12.830230242150785 ], [ 77.683728501945623, 12.830099458959241 ], [ 77.683776057654683, 12.829965481242409 ], [ 77.683814946478165, 12.829828837751341 ], [ 77.683845014954315, 12.829690067756701 ], [ 77.683866144431775, 12.829549718920498 ], [ 77.683878251537678, 12.829408345134707 ], [ 77.683881288506385, 12.829266504335331 ] ] ] ] } },
{ "type": "Feature", "properties": { "fid": 32, "bid": 178, "ID_count": 7, "Name": "Attibele Intersection" }, "geometry": { "type": "MultiPolygon", "coordinates": [ [ [ [ 77.772420659662501, 12.778715823423262 ], [ 77.772414572511892, 12.778574086694125 ], [ 77.772399429774651, 12.778433004782983 ], [ 77.772375291226467, 12.778293134471106 ], [ 77.772342252144469, 12.778155027757354 ], [ 77.772300442931012, 12.778019229679769 ], [ 77.772250028598862, 12.777886276164663 ], [ 77.772191208119779, 12.777756691911669 ], [ 77.772124213639145, 12.777630988323086 ], [ 77.772049309559605, 12.777509661485745 ], [ 77.771966791497562, 12.777393190213303 ], [ 77.77187698511645, 12.777282034156697 ], [ 77.771780244841352, 12.777176631990244 ], [ 77.771676952460382, 12.777077399680525 ], [ 77.771567515617889, 12.776984728844862 ], [ 77.771452366205693, 12.776898985205912 ], [ 77.771331958658777, 12.776820507148424 ], [ 77.771206768161889, 12.776749604383888 ], [ 77.77107728877435, 12.776686556728329 ], [ 77.77094403148044, 12.776631612998093 ], [ 77.770807522172902, 12.776584990027921 ], [ 77.770668299577721, 12.776546871815274 ], [ 77.770526913128222, 12.776517408794192 ], [ 77.770383920796931, 12.776496717241629 ], [ 77.770239886893791, 12.776484878818565 ], [ 77.770095379839304, 12.776481940247686 ], [ 77.769950969921453, 12.776487913129021 ], [ 77.769807227045348, 12.776502773894036 ], [ 77.769664718484222, 12.77652646389868 ], [ 77.769524006640964, 12.776558889654671 ], [ 77.769385646828738, 12.776599923198431 ], [ 77.769250185079599, 12.776649402595954 ], [ 77.769118155989759, 12.776707132581828 ], [ 77.768990080609939, 12.776772885329699 ], [ 77.768866464389021, 12.776846401351316 ], [ 77.768747795179607, 12.776927390520475 ], [ 77.76863454131248, 12.777015533217883 ], [ 77.768527149748564, 12.777110481592432 ], [ 77.768426044314864, 12.777211860933885 ], [ 77.768331624031845, 12.777319271151566 ], [ 77.76824426153857, 12.777432288353211 ], [ 77.768164301622065, 12.777550466517784 ], [ 77.768092059856414, 12.777673339255616 ], [ 77.768027821357194, 12.777800421648932 ], [ 77.767971839656155, 12.777931212165544 ], [ 77.767924335700414, 12.778065194638089 ], [ 77.767885496980256, 12.778201840301074 ], [ 77.767855476789009, 12.778340609877626 ], [ 77.767834393617875, 12.778480955707753 ], [ 77.767822330687949, 12.778622323909724 ], [ 77.76781933562161, 12.778764156565973 ], [ 77.767825420254368, 12.778905893924998 ], [ 77.767840560587828, 12.779046976610474 ], [ 77.767864696884232, 12.779186847828923 ], [ 77.767897733901961, 12.779324955567189 ], [ 77.767939541271218, 12.77946075477106 ], [ 77.767989954008272, 12.77959370949648 ], [ 77.768048773166569, 12.779723295024722 ], [ 77.768115766621563, 12.779848999933369 ], [ 77.768190669986751, 12.779970328114775 ], [ 77.768273187656987, 12.780086800734098 ], [ 77.76836299397506, 12.780197958119144 ], [ 77.768459734516853, 12.780303361574655 ], [ 77.768563027490032, 12.780402595113715 ], [ 77.768672465240954, 12.780495267099614 ], [ 77.768787615863431, 12.780581011791561 ], [ 77.768908024903425, 12.780659490788198 ], [ 77.769033217152625, 12.780730394363228 ], [ 77.769162698524056, 12.780793442687834 ], [ 77.769295958002175, 12.780848386935132 ], [ 77.76943246965979, 12.780895010262212 ], [ 77.769571694733855, 12.780933128665994 ], [ 77.769713083751952, 12.780962591709423 ], [ 77.769856078701039, 12.780983283115189 ], [ 77.770000115229891, 12.780995121224633 ], [ 77.770144624876593, 12.780998059320003 ], [ 77.770289037312295, 12.780992085808785 ], [ 77.770432782592167, 12.780977224269435 ], [ 77.770575293405074, 12.780953533358218 ], [ 77.7707160073126, 12.780921106577713 ], [ 77.770854368969054, 12.780880071907665 ], [ 77.770989832313262, 12.780830591299829 ], [ 77.771121862723888, 12.780772860038709 ], [ 77.771249939129376, 12.780707105970771 ], [ 77.771373556064631, 12.780633588605085 ], [ 77.771492225665838, 12.780552598089047 ], [ 77.771605479596019, 12.780464454063202 ], [ 77.771712870893253, 12.780369504399596 ], [ 77.771813975734716, 12.780268123828803 ], [ 77.771908395109321, 12.780160712460884 ], [ 77.7719957563923, 12.780047694206235 ], [ 77.772075714815728, 12.779929515102515 ], [ 77.772147954829094, 12.779806641554194 ], [ 77.772212191344394, 12.779679558491827 ], [ 77.772268170861224, 12.779548767458161 ], [ 77.772315672466888, 12.779414784628701 ], [ 77.772354508708162, 12.779278138774583 ], [ 77.772384526330811, 12.779139369175688 ], [ 77.772405606884163, 12.778999023492355 ], [ 77.772417667188378, 12.778857655604007 ], [ 77.772420659662501, 12.778715823423262 ] ] ] ] } },
{ "type": "Feature", "properties": { "fid": 33, "bid": 181, "ID_count": 6, "Name": "Guddahatti Gate" }, "geometry": { "type": "MultiPolygon", "coordinates": [ [ [ [ 77.742730790739984, 12.786816067349568 ], [ 77.742724718885583, 12.786674326665432 ], [ 77.742709590866582, 12.786533239852302 ], [ 77.742685466400616, 12.786393363710825 ], [ 77.742652440709278, 12.786255250262901 ], [ 77.742610644142061, 12.786119444573181 ], [ 77.742560241661906, 12.785986482598037 ], [ 77.742501432193805, 12.785856889070518 ], [ 77.742434447839713, 12.785731175429541 ], [ 77.742359552962355, 12.78560983780163 ], [ 77.742277043141868, 12.785493355043036 ], [ 77.742187244009173, 12.785382186850031 ], [ 77.742090509960804, 12.78527677194484 ], [ 77.741987222760343, 12.785177526344313 ], [ 77.741877790031708, 12.785084841718218 ], [ 77.741762643650532, 12.784999083843624 ], [ 77.741642238039859, 12.784920591161454 ], [ 77.741517048376849, 12.784849673440885 ], [ 77.741387568717556, 12.784786610556958 ], [ 77.741254310047339, 12.784731651386084 ], [ 77.741117798264398, 12.784685012823918 ], [ 77.740978572104481, 12.784646878929424 ], [ 77.740837181015024, 12.784617400198497 ], [ 77.740694182986857, 12.784596692970053 ], [ 77.740550142352433, 12.784584838966907 ], [ 77.740405627558744, 12.784581884973202 ], [ 77.740261208924366, 12.78458784264979 ], [ 77.740117456388788, 12.784602688488114 ], [ 77.739974937263327, 12.784626363902996 ], [ 77.739834213992552, 12.784658775463706 ], [ 77.739695841934704, 12.784699795262647 ], [ 77.739560367170142, 12.784749261420046 ], [ 77.739428324346392, 12.784806978722711 ], [ 77.739300234568333, 12.784872719394331 ], [ 77.739176603341676, 12.784946223994291 ], [ 77.739057918578169, 12.785027202441459 ], [ 77.738944648669957, 12.78511533515884 ], [ 77.738837240641217, 12.785210274334721 ], [ 77.738736118383912, 12.785311645295158 ], [ 77.738641680984841, 12.785419047982561 ], [ 77.738554301150629, 12.785532058534404 ], [ 77.738474323736654, 12.785650230955895 ], [ 77.738402064386051, 12.785773098880055 ], [ 77.73833780828376, 12.785900177408125 ], [ 77.738281809030994, 12.786030965023203 ], [ 77.738234287644104, 12.786164945569402 ], [ 77.738195431682158, 12.786301590288856 ], [ 77.738165394506538, 12.786440359908458 ], [ 77.738144294675422, 12.786580706768078 ], [ 77.738132215475702, 12.786722076981954 ], [ 77.73812920459396, 12.786863912624614 ], [ 77.738135273928123, 12.787005653932811 ], [ 77.738150399540203, 12.787146741514661 ], [ 77.738174521750523, 12.787286618557403 ], [ 77.738207545373115, 12.787424733024919 ], [ 77.738249340091031, 12.78756053983648 ], [ 77.738299740970589, 12.787693503018023 ], [ 77.738358549111965, 12.787823097817471 ], [ 77.73842553243415, 12.787948812775845 ], [ 77.738500426590704, 12.788070151745849 ], [ 77.738582936012833, 12.788186635850067 ], [ 77.738672735075923, 12.788297805371004 ], [ 77.738769469384522, 12.788403221565497 ], [ 77.738872757170952, 12.788502468396359 ], [ 77.738982190802048, 12.788595154174411 ], [ 77.73909733838795, 12.788680913104427 ], [ 77.739217745486613, 12.788759406728843 ], [ 77.73934293689743, 12.788830325263611 ], [ 77.739472418536749, 12.788893388820858 ], [ 77.739605679387992, 12.78894834851355 ], [ 77.73974219351858, 12.788994987437805 ], [ 77.739881422155705, 12.789033121528947 ], [ 77.740022815812921, 12.789062600287981 ], [ 77.740165816458855, 12.789083307375543 ], [ 77.740309859719829, 12.789095161071051 ], [ 77.740454377107341, 12.789098114595198 ], [ 77.740598798261971, 12.78909215629456 ], [ 77.740742553204484, 12.789077309687507 ], [ 77.740885074585563, 12.789053633371363 ], [ 77.741025799925083, 12.789021220791062 ], [ 77.741164173832203, 12.788980199870275 ], [ 77.741299650197405, 12.788930732506477 ], [ 77.741431694347867, 12.788873013931887 ], [ 77.741559785157847, 12.788807271942872 ], [ 77.741683417105293, 12.788733766000814 ], [ 77.741802102267158, 12.788652786208024 ], [ 77.741915372244989, 12.788564652162709 ], [ 77.7420227800135, 12.788469711697532 ], [ 77.742123901684835, 12.788368339506762 ], [ 77.742218338181416, 12.788260935667395 ], [ 77.742305716810918, 12.788147924060135 ], [ 77.742385692736889, 12.788029750696399 ], [ 77.742457950339713, 12.787906881958037 ], [ 77.742522204461963, 12.787779802756644 ], [ 77.742578201533703, 12.787649014619751 ], [ 77.74262572057296, 12.787515033711466 ], [ 77.74266457405767, 12.787378388795361 ], [ 77.742694608665545, 12.78723961914765 ], [ 77.742715705878865, 12.787099272428909 ], [ 77.742727782452079, 12.786957902522676 ], [ 77.742730790739984, 12.786816067349568 ] ] ] ] } },
{ "type": "Feature", "properties": { "fid": 34, "bid": 192, "ID_count": 6, "Name": "Bommasandra Metro Station" }, "geometry": { "type": "MultiPolygon", "coordinates": [ [ [ [ 77.691221183012786, 12.819186458280587 ], [ 77.691215135197041, 12.819044711086162 ], [ 77.691200029573281, 12.818903616245784 ], [ 77.691175925770779, 12.818763730591831 ], [ 77.691142918929614, 12.818625606183797 ], [ 77.691101139324999, 12.818489788129629 ], [ 77.691050751852984, 12.818356812434548 ], [ 77.690991955379403, 12.818227203885765 ], [ 77.690924981955007, 12.818101473981519 ], [ 77.690850095899464, 12.817980118912532 ], [ 77.690767592758164, 12.817863617603894 ], [ 77.690677798135752, 12.817752429825095 ], [ 77.690581066411042, 12.817646994375643 ], [ 77.690477779338494, 12.817547727353457 ], [ 77.690368344541596, 12.817455020512831 ], [ 77.690253193904212, 12.817369239718474 ], [ 77.690132781866211, 12.817290723501717 ], [ 77.690007583630177, 12.817219781724589 ], [ 77.689878093286012, 12.817156694357015 ], [ 77.689744821861296, 12.817101710371986 ], [ 77.689608295304552, 12.817055046763027 ], [ 77.689469052409891, 12.817016887687892 ], [ 77.689327642690728, 12.816987383741788 ], [ 77.68918462421145, 12.816966651363083 ], [ 77.689040561385141, 12.816954772373784 ], [ 77.688896022746405, 12.81695179365658 ], [ 77.688751578707866, 12.816957726969825 ], [ 77.688607799309196, 12.816972548901074 ], [ 77.688465251967713, 12.816996200959425 ], [ 77.688324499239258, 12.817028589806283 ], [ 77.688186096598258, 12.817069587623646 ], [ 77.688050590245695, 12.817119032618454 ], [ 77.687918514953694, 12.817176729660995 ], [ 77.687790391955204, 12.817242451054891 ], [ 77.68766672688696, 12.8173159374356 ], [ 77.687548007794163, 12.817396898793863 ], [ 77.687434703204417, 12.817485015620143 ], [ 77.68732726027865, 12.81757994016543 ], [ 77.687226103046498, 12.81768129781355 ], [ 77.687131630732736, 12.817788688559464 ], [ 77.687044216181704, 12.817901688587794 ], [ 77.686964204385774, 12.818019851945328 ], [ 77.686891911123695, 12.818142712300894 ], [ 77.686827621714215, 12.818269784785654 ], [ 77.686771589889972, 12.818400567906597 ], [ 77.686724036795837, 12.818534545525642 ], [ 77.68668515011602, 12.818671188896532 ], [ 77.68665508333315, 12.81880995875154 ], [ 77.686633955122232, 12.818950307429674 ], [ 77.686621848882183, 12.819091681038055 ], [ 77.686618812406365, 12.81923352163788 ], [ 77.686624857693715, 12.819375269446404 ], [ 77.686639960901218, 12.819516365046146 ], [ 77.686664062437686, 12.81965625159275 ], [ 77.686697067198764, 12.819794377012652 ], [ 77.686738844942056, 12.819930196181939 ], [ 77.686789230800869, 12.820063173077811 ], [ 77.686848025934808, 12.820192782894114 ], [ 77.686914998314265, 12.820318514112628 ], [ 77.686989883636002, 12.820439870521893 ], [ 77.687072386366253, 12.820556373175689 ], [ 77.687162180906839, 12.820667562283312 ], [ 77.687258912880225, 12.820772999024292 ], [ 77.687362200528028, 12.820872267280349 ], [ 77.687471636217722, 12.820964975277723 ], [ 77.68758678805132, 12.821050757133476 ], [ 77.68770720157012, 12.821129274299521 ], [ 77.687832401548164, 12.821200216898866 ], [ 77.687961893868078, 12.821263304948619 ], [ 77.688095167471147, 12.821318289465033 ], [ 77.688231696374459, 12.821364953446201 ], [ 77.688370941746925, 12.821403112728493 ], [ 77.68851235403605, 12.821432616713444 ], [ 77.688655375136904, 12.821453348962068 ], [ 77.688799440595076, 12.821465227654418 ], [ 77.688943981834427, 12.821468205912474 ], [ 77.689088428401348, 12.821462271985132 ], [ 77.689232210216275, 12.821447449294519 ], [ 77.689374759823792, 12.821423796343515 ], [ 77.689515514632333, 12.821391406484793 ], [ 77.689653919134656, 12.821350407552309 ], [ 77.689789427100422, 12.821300961356709 ], [ 77.689921503732052, 12.821243263046647 ], [ 77.690049627775494, 12.821177540338484 ], [ 77.69017329357753, 12.821104052617502 ], [ 77.690292013081375, 12.821023089914078 ], [ 77.690405317752976, 12.820934971758977 ], [ 77.690512760430053, 12.820840045922157 ], [ 77.690613917086935, 12.820738687040169 ], [ 77.690708388507915, 12.820631295137501 ], [ 77.69079580186272, 12.820518294047782 ], [ 77.690875812177865, 12.820400129740957 ], [ 77.690948103697949, 12.820277268563176 ], [ 77.691012391131665, 12.820150195396236 ], [ 77.691068420777569, 12.820019411743905 ], [ 77.691115971525122, 12.819885433752654 ], [ 77.691154855727135, 12.819748790174605 ], [ 77.691184919940056, 12.81961002028075 ], [ 77.691206045529384, 12.819469671732696 ], [ 77.691218149137583, 12.819328298421269 ], [ 77.691221183012786, 12.819186458280587 ] ] ] ] } },
{ "type": "Feature", "properties": { "fid": 35, "bid": 215, "ID_count": 9, "Name": "Neraluru Bus Stop" }, "geometry": { "type": "MultiPolygon", "coordinates": [ [ [ [ 77.728838213248665, 12.792623907578564 ], [ 77.728832148275004, 12.792482165085659 ], [ 77.728817026796065, 12.792341076034598 ], [ 77.72879290850365, 12.792201197234883 ], [ 77.728759888594979, 12.792063080718913 ], [ 77.728718097396793, 12.791927271563459 ], [ 77.728667699850817, 12.791794305738595 ], [ 77.728608894862603, 12.791664707992553 ], [ 77.728541914516441, 12.791538989780921 ], [ 77.728467023159268, 12.791417647248268 ], [ 77.728384516357323, 12.791301159270196 ], [ 77.728294719729661, 12.791189985563593 ], [ 77.728197987662938, 12.791084564872429 ], [ 77.728094701912923, 12.790985313236392 ], [ 77.727985270097832, 12.790892622349073 ], [ 77.727870124089719, 12.790806858012242 ], [ 77.727749718310179, 12.790728358692302 ], [ 77.72762452793701, 12.790657434184642 ], [ 77.727495047029109, 12.790594364391058 ], [ 77.727361786576779, 12.790539398215223 ], [ 77.727225272485242, 12.790492752580429 ], [ 77.727086043499384, 12.790454611573525 ], [ 77.726944649077751, 12.790425125718478 ], [ 77.726801647224391, 12.790404411382291 ], [ 77.726657602286764, 12.790392550315808 ], [ 77.726513082728943, 12.790389589331046 ], [ 77.726368658888219, 12.79039554011641 ], [ 77.726224900724645, 12.790410379190551 ], [ 77.72608237557175, 12.790434047994948 ], [ 77.725941645897862, 12.790466453124953 ], [ 77.725803267086476, 12.79050746669834 ], [ 77.725667785244596, 12.790556926859891 ], [ 77.725535735047657, 12.790614638420061 ], [ 77.725407637629601, 12.790680373625197 ], [ 77.725283998526322, 12.790753873056255 ], [ 77.725165305680576, 12.790834846652491 ], [ 77.72505202751644, 12.790922974856063 ], [ 77.724944611090621, 12.791017909873053 ], [ 77.724843480328204, 12.791119277045954 ], [ 77.724749034349543, 12.791226676332116 ], [ 77.724661645895111, 12.791339683882438 ], [ 77.724581659854294, 12.791457853713993 ], [ 77.724509391904235, 12.791580719470023 ], [ 77.724445127263834, 12.791707796260347 ], [ 77.724389119567974, 12.791838582574922 ], [ 77.724341589866313, 12.791972562263011 ], [ 77.724302725750746, 12.79210920657016 ], [ 77.724272680614817, 12.792247976224889 ], [ 77.724251573048136, 12.792388323566959 ], [ 77.724239486368106, 12.792529694708708 ], [ 77.724236468290854, 12.792671531721036 ], [ 77.7242425307427, 12.792813274835291 ], [ 77.724257649812813, 12.792954364652489 ], [ 77.724281765847394, 12.793094244351051 ], [ 77.724314783684818, 12.793232361884401 ], [ 77.724356573030988, 12.793368172159724 ], [ 77.724406968973426, 12.793501139189285 ], [ 77.724465772631859, 12.793630738205851 ], [ 77.724532751942959, 12.793756457733794 ], [ 77.724607642576103, 12.793877801607797 ], [ 77.724690148976464, 12.79399429093109 ], [ 77.724779945531367, 12.794105465965588 ], [ 77.724876677855264, 12.794210887946361 ], [ 77.724979964188336, 12.794310140813391 ], [ 77.725089396903186, 12.794402832853676 ], [ 77.725204544113538, 12.794488598247264 ], [ 77.72532495137888, 12.794567098511076 ], [ 77.725450143497952, 12.794638023834851 ], [ 77.725579626384331, 12.79470109430391 ], [ 77.725712889016521, 12.794756061003934 ], [ 77.725849405454909, 12.794802707003367 ], [ 77.725988636917606, 12.794840848209597 ], [ 77.726130033906983, 12.794870334095535 ], [ 77.726273038378551, 12.794891048293671 ], [ 77.726417085943496, 12.794902909055345 ], [ 77.726561608096361, 12.794905869573352 ], [ 77.726706034458886, 12.794899918166633 ], [ 77.726849795031271, 12.794885078326359 ], [ 77.726992322442015, 12.794861408623113 ], [ 77.727133054187149, 12.794829002475728 ], [ 77.727271434850536, 12.794787987782469 ], [ 77.727406918295969, 12.794738526416227 ], [ 77.727538969822689, 12.794680813585531 ], [ 77.727667068275807, 12.794615077064083 ], [ 77.727790708103115, 12.794541576291676 ], [ 77.727909401350431, 12.794460601350211 ], [ 77.72802267958734, 12.794372471818756 ], [ 77.728130095755986, 12.794277535512151 ], [ 77.728231225935346, 12.794176167108255 ], [ 77.728325671014247, 12.794068766669128 ], [ 77.72841305826644, 12.793955758062047 ], [ 77.728493042821455, 12.793837587286621 ], [ 77.728565309025612, 12.793714720714483 ], [ 77.72862957168752, 12.793587643248681 ], [ 77.728685577203549, 12.793456856409916 ], [ 77.728733104558344, 12.793322876357189 ], [ 77.728771966197087, 12.793186231850708 ], [ 77.728802008765243, 12.793047462165093 ], [ 77.728823113713744, 12.792907114961077 ], [ 77.728835197766443, 12.79276574412413 ], [ 77.728838213248665, 12.792623907578564 ] ] ] ] } },
{ "type": "Feature", "properties": { "fid": 36, "bid": 219, "ID_count": 5, "Name": "Guddahatti Gate" }, "geometry": { "type": "MultiPolygon", "coordinates": [ [ [ [ 77.740650801101921, 12.787516084207203 ], [ 77.740644730301213, 12.787374343249304 ], [ 77.740629603290856, 12.78723325609697 ], [ 77.740605479784492, 12.787093379552186 ], [ 77.740572454999878, 12.786955265638444 ], [ 77.740530659283024, 12.786819459422237 ], [ 77.740480257593433, 12.78668649686202 ], [ 77.740421448853027, 12.786556902693144 ], [ 77.740354465160848, 12.786431188357069 ], [ 77.740279570877078, 12.786309849983056 ], [ 77.740197061579465, 12.786193366430306 ], [ 77.740107262896856, 12.786082197398221 ], [ 77.740010529224065, 12.785976781612339 ], [ 77.739907242323156, 12.785877535092984 ], [ 77.739797809816864, 12.78578484951356 ], [ 77.73968266357997, 12.785699090654884 ], [ 77.739562258034965, 12.785620596961767 ], [ 77.739437068358697, 12.785549678207378 ], [ 77.739307588607304, 12.785486614270829 ], [ 77.739174329766513, 12.785431654032687 ], [ 77.739037817735195, 12.785385014392817 ], [ 77.738898591250106, 12.785346879414439 ], [ 77.738757199759903, 12.785317399597716 ], [ 77.738614201257064, 12.785296691285851 ], [ 77.738470160075863, 12.78528483620593 ], [ 77.738325644665494, 12.785281881146341 ], [ 77.738181225346921, 12.785287837772144 ], [ 77.738037472062359, 12.785302682578928 ], [ 77.737894952126098, 12.785326356985577 ], [ 77.737754227985874, 12.785358767565345 ], [ 77.737615855003355, 12.785399786414498 ], [ 77.73748037926255, 12.78544925165702 ], [ 77.737348335414865, 12.785506968083313 ], [ 77.737220244569187, 12.785572707920529 ], [ 77.737096612235462, 12.785646211731358 ], [ 77.736977926329743, 12.785727189437761 ], [ 77.736864655248752, 12.785815321465686 ], [ 77.73675724602127, 12.785910260006116 ], [ 77.736656122543991, 12.786011630387641 ], [ 77.736561683908519, 12.786119032554943 ], [ 77.736474302826338, 12.786232042647546 ], [ 77.736394324157786, 12.786350214672481 ], [ 77.736322063550901, 12.786473082264331 ], [ 77.736257806195638, 12.786600160525651 ], [ 77.736201805698101, 12.78673094794059 ], [ 77.736154283079571, 12.786864928354056 ], [ 77.736115425904003, 12.787001573008711 ], [ 77.736085387537514, 12.7871403426317 ], [ 77.736064286543026, 12.787280689562888 ], [ 77.736052206211994, 12.78742205991623 ], [ 77.736049194235491, 12.787563895765711 ], [ 77.736055262515748, 12.787705637347258 ], [ 77.736070387118929, 12.787846725267924 ], [ 77.736094508369391, 12.787986602713609 ], [ 77.73612753108489, 12.788124717646605 ], [ 77.736169324952101, 12.788260524984347 ], [ 77.736219725040655, 12.788393488750696 ], [ 77.736278532453895, 12.788523084191272 ], [ 77.736345515113712, 12.788648799844571 ], [ 77.736420408676224, 12.788770139560553 ], [ 77.736502917575024, 12.788886624458854 ], [ 77.736592716187545, 12.788997794818847 ], [ 77.73668945012011, 12.789103211894057 ], [ 77.736792737606564, 12.789202459643827 ], [ 77.736902171014904, 12.78929514637535 ], [ 77.737017318456139, 12.789380906289628 ], [ 77.737137725488793, 12.789459400925221 ], [ 77.737262916912556, 12.789530320494078 ], [ 77.737392398643721, 12.789593385104256 ], [ 77.737525659665337, 12.78964834586456 ], [ 77.737662174044146, 12.789694985866884 ], [ 77.737801403006387, 12.789733121042312 ], [ 77.737942797064292, 12.789762600887549 ], [ 77.73808579818494, 12.789783309058953 ], [ 77.738229841992748, 12.789795163831657 ], [ 77.73837435999711, 12.789798118422107 ], [ 77.738518781836106, 12.789792161172658 ], [ 77.738662537527844, 12.789777315597538 ], [ 77.738805059720036, 12.789753640289989 ], [ 77.73894578592936, 12.78972122869097 ], [ 77.739084160761522, 12.789680208720279 ], [ 77.73921963810335, 12.789630742271628 ], [ 77.739351683278215, 12.789573024573629 ], [ 77.739479775156255, 12.789507283419185 ], [ 77.739603408211252, 12.789433778266394 ], [ 77.73972209451577, 12.789352799214443 ], [ 77.739835365666835, 12.789264665858612 ], [ 77.739942774634542, 12.789169726028849 ], [ 77.740043897526306, 12.78906835441691 ], [ 77.740138335259715, 12.788960951097511 ], [ 77.740225715137555, 12.788847939949303 ], [ 77.740305692318458, 12.788729766981895 ], [ 77.740377951177848, 12.788606898575573 ], [ 77.74044220655334, 12.788479819640624 ], [ 77.74049820487005, 12.788349031703525 ], [ 77.740545725141075, 12.788215050927597 ], [ 77.740584579839521, 12.788078406075904 ], [ 77.740614615638279, 12.787939636424396 ], [ 77.740635714014957, 12.787799289633668 ], [ 77.740647791719397, 12.787657919587547 ], [ 77.740650801101921, 12.787516084207203 ] ] ] ] } },
{ "type": "Feature", "properties": { "fid": 37, "bid": 230, "ID_count": 5, "Name": "Chandapura Rail Bridge" }, "geometry": { "type": "MultiPolygon", "coordinates": [ [ [ [ 77.71716095976744, 12.800036266317234 ], [ 77.717154900227442, 12.799894522346568 ], [ 77.717139783806942, 12.799753431474722 ], [ 77.717115670177819, 12.799613550518384 ], [ 77.717082654518919, 12.799475431518486 ], [ 77.717040867140213, 12.799339619561611 ], [ 77.716990472968348, 12.799206650628891 ], [ 77.71693167089559, 12.799077049480841 ], [ 77.716864692994747, 12.798951327586479 ], [ 77.716789803603149, 12.798829981104904 ], [ 77.716707298279246, 12.79871348892731 ], [ 77.716617502636282, 12.798602310787158 ], [ 77.716520771057077, 12.798496885445918 ], [ 77.71641748529548, 12.798397628961625 ], [ 77.716308052969737, 12.798304933046996 ], [ 77.716192905953974, 12.798219163523635 ], [ 77.716072498673739, 12.798140658878413 ], [ 77.715947306312785, 12.798069728927715 ], [ 77.715817822937865, 12.79800665359482 ], [ 77.715684559549004, 12.797951681805239 ], [ 77.71554804206302, 12.797905030504413 ], [ 77.715408809238198, 12.797866883801538 ], [ 77.715267410548265, 12.797837392243036 ], [ 77.715124404014034, 12.797816672218419 ], [ 77.714980354001526, 12.797804805500959 ], [ 77.714835828994765, 12.797801838924961 ], [ 77.714691399352589, 12.797807784200888 ], [ 77.714547635057883, 12.797822617869109 ], [ 77.714405103468408, 12.797846281392435 ], [ 77.71426436707786, 12.797878681387044 ], [ 77.71412598129622, 12.797919689990971 ], [ 77.713990492257977, 12.797969145368594 ], [ 77.713858434666989, 12.798026852349246 ], [ 77.713730329686328, 12.798092583197338 ], [ 77.713606682881718, 12.798166078511022 ], [ 77.713487982226297, 12.798247048245798 ], [ 77.713374696174938, 12.79833517285906 ], [ 77.713267271815482, 12.79843010457107 ], [ 77.713166133104295, 12.798531468737359 ], [ 77.713071679193078, 12.798638865327147 ], [ 77.712984282853597, 12.798751870501979 ], [ 77.712904289006374, 12.798870038288319 ], [ 77.712832013359332, 12.798992902337488 ], [ 77.712767741161727, 12.79911997776605 ], [ 77.712711726078282, 12.799250763069347 ], [ 77.712664189187791, 12.799384742100649 ], [ 77.712625318110511, 12.799521386108102 ], [ 77.712595266267499, 12.79966015582143 ], [ 77.712574152274811, 12.799800503580174 ], [ 77.712562059475204, 12.799941875495044 ], [ 77.712559035609004, 12.800083713633894 ], [ 77.71256509262534, 12.800225458223652 ], [ 77.712580206634868, 12.800366549859522 ], [ 77.712604318003784, 12.800506431712751 ], [ 77.712637331588851, 12.800644551728281 ], [ 77.712679117112813, 12.800780364803506 ], [ 77.712729509678283, 12.800913334939654 ], [ 77.71278831041829, 12.801042937357234 ], [ 77.712855287281087, 12.801168660567209 ], [ 77.712930175945743, 12.80129000838973 ], [ 77.713012680865191, 12.801406501912449 ], [ 77.713102476432596, 12.801517681380698 ], [ 77.713199208266346, 12.801623108012064 ], [ 77.713302494608598, 12.801722365728159 ], [ 77.713411927831885, 12.80181506279685 ], [ 77.713527076047967, 12.801900833378321 ], [ 77.71364748481237, 12.801979338969025 ], [ 77.71377267891792, 12.802050269737659 ], [ 77.71390216427038, 12.802113345748046 ], [ 77.714035429838503, 12.802168318063988 ], [ 77.714171949671112, 12.80221496973175 ], [ 77.714311184972914, 12.802253116636342 ], [ 77.714452586231118, 12.802282608228168 ], [ 77.714595595384409, 12.802303328117187 ], [ 77.714739648025471, 12.802315194532262 ], [ 77.714884175628825, 12.802318160643861 ], [ 77.715028607794665, 12.802312214748843 ], [ 77.715172374500327, 12.802297380316602 ], [ 77.715314908350024, 12.80227371589638 ], [ 77.715455646814405, 12.802241314886135 ], [ 77.715594034450788, 12.802200305163863 ], [ 77.715729525095441, 12.80215084858281 ], [ 77.715861584019152, 12.80209314033263 ], [ 77.715989690037844, 12.802027408168925 ], [ 77.716113337569439, 12.801953911514296 ], [ 77.7162320386293, 12.801872940434395 ], [ 77.716345324756205, 12.801784814493034 ], [ 77.716452748861116, 12.801689881490896 ], [ 77.716553886991676, 12.801588516092808 ], [ 77.716648340005321, 12.80148111834896 ], [ 77.716735735144468, 12.801368112116011 ], [ 77.716815727507537, 12.801249943384191 ], [ 77.71688800140997, 12.801127078517089 ], [ 77.716952271630049, 12.801000002411039 ], [ 77.717008284534245, 12.800869216581376 ], [ 77.717055819078112, 12.800735237183135 ], [ 77.717094687678397, 12.800598592973966 ], [ 77.717124736953139, 12.800459823227314 ], [ 77.717145848326766, 12.800319475604171 ], [ 77.71715793849782, 12.800178103991685 ], [ 77.71716095976744, 12.800036266317234 ] ] ] ] } },
{ "type": "Feature", "properties": { "fid": 38, "bid": 231, "ID_count": 7, "Name": "Attibele Checkpost" }, "geometry": { "type": "MultiPolygon", "coordinates": [ [ [ [ 77.765460700136444, 12.781685878589553 ], [ 77.765454616416662, 12.781544140945281 ], [ 77.765439476936919, 12.781403057904921 ], [ 77.765415341460042, 12.781263186254206 ], [ 77.765382305251023, 12.781125077997286 ], [ 77.765340498700922, 12.780989278178302 ], [ 77.765290086812016, 12.78085632273044 ], [ 77.765231268546401, 12.780726736360965 ], [ 77.765164276040721, 12.780601030480536 ], [ 77.765089373689875, 12.780479701185032 ], [ 77.765006857103444, 12.780363227297807 ], [ 77.764917051939022, 12.780252068480129 ], [ 77.764820312616919, 12.780146663417206 ], [ 77.764717020921495, 12.780047428087054 ], [ 77.764607584494399, 12.779954754118908 ], [ 77.764492435225819, 12.779869007247783 ], [ 77.764372027550181, 12.779790525871183 ], [ 77.764246836652745, 12.779719619713688 ], [ 77.764117356594426, 12.779656568604718 ], [ 77.763984098362158, 12.77960162137423 ], [ 77.763847587852368, 12.779554994870781 ], [ 77.763708363795814, 12.779516873105765 ], [ 77.763566975631562, 12.779487406527233 ], [ 77.763423981338931, 12.779466711426169 ], [ 77.76327994523561, 12.779454869477544 ], [ 77.76313543575074, 12.779451927417968 ], [ 77.762991023181939, 12.779457896861208 ], [ 77.762847277444749, 12.779472754252312 ], [ 77.762704765823685, 12.779496440960518 ], [ 77.762564050733729, 12.779528863510556 ], [ 77.762425687500809, 12.779569893951487 ], [ 77.76229022217052, 12.779619370361555 ], [ 77.762158189353173, 12.779677097487122 ], [ 77.762030110114168, 12.779742847513123 ], [ 77.761906489917678, 12.779816360962052 ], [ 77.761787816631909, 12.779897347717846 ], [ 77.761674558603758, 12.779985488170743 ], [ 77.761567162810564, 12.780080434478487 ], [ 77.761466053096001, 12.780181811939002 ], [ 77.761371628497429, 12.780289220469035 ], [ 77.761284261670951, 12.780402236182988 ], [ 77.761204297420633, 12.780520413065704 ], [ 77.761132051337711, 12.780643284732566 ], [ 77.76106780855477, 12.78077036627004 ], [ 77.761011822620489, 12.780901156149321 ], [ 77.760964314498636, 12.781035138205567 ], [ 77.76092547169597, 12.78117178367493 ], [ 77.760895447521946, 12.781310553281321 ], [ 77.760874360483442, 12.781450899364637 ], [ 77.760862293816828, 12.781592268042145 ], [ 77.760859295159264, 12.78173410139442 ], [ 77.7608653763604, 12.781875839667221 ], [ 77.760880513435424, 12.782016923480619 ], [ 77.760904646659412, 12.782156796036697 ], [ 77.760937680802868, 12.782294905317022 ], [ 77.760979485507377, 12.782430706261314 ], [ 77.761029895799737, 12.782563662918641 ], [ 77.761088712743032, 12.782693250562664 ], [ 77.761155704221437, 12.782818957762618 ], [ 77.761230605856312, 12.782940288401827 ], [ 77.761313122049344, 12.783056763635734 ], [ 77.761402927149149, 12.783167923781837 ], [ 77.761499666736398, 12.783273330133978 ], [ 77.761602959022582, 12.783372566693812 ], [ 77.761712396356756, 12.78346524181271 ], [ 77.761827546834382, 12.783550989737501 ], [ 77.76194795600199, 12.783629472054075 ], [ 77.762073148650813, 12.783700379023021 ], [ 77.762202630692258, 12.783763430802127 ], [ 77.762335891108165, 12.783818378550867 ], [ 77.762472403967635, 12.783865005412503 ], [ 77.762611630502903, 12.783903127370005 ], [ 77.762753021235753, 12.783932593972276 ], [ 77.762896018146392, 12.783953288927963 ], [ 77.763040056875838, 12.783965130564383 ], [ 77.763184568953548, 12.783968072149852 ], [ 77.763328984040996, 12.783962102078084 ], [ 77.763472732182919, 12.783947243913941 ], [ 77.763615246056887, 12.783923556300373 ], [ 77.76375596321239, 12.783891132726925 ], [ 77.763894328290888, 12.783850101160692 ], [ 77.764029795217724, 12.783800623541159 ], [ 77.764161829357406, 12.783742895141041 ], [ 77.764289909623656, 12.783677143795511 ], [ 77.764413530536117, 12.783603629002885 ], [ 77.7645322042153, 12.783522640900406 ], [ 77.764645462308067, 12.783434499119085 ], [ 77.764752857836115, 12.783339551522122 ], [ 77.76485396695989, 12.783238172831926 ], [ 77.764948390651412, 12.783130763151144 ], [ 77.765035756268844, 12.783017746383521 ], [ 77.765115719027179, 12.782899568560834 ], [ 77.765187963358741, 12.782776696082516 ], [ 77.765252204158529, 12.782649613874909 ], [ 77.765308187909199, 12.78251882347738 ], [ 77.765355693681357, 12.782384841062941 ], [ 77.76539453400531, 12.78224819540109 ], [ 77.765424555610736, 12.782109425770962 ], [ 77.765445640031231, 12.781969079833024 ], [ 77.765457704071721, 12.781827711467722 ], [ 77.765460700136444, 12.781685878589553 ] ] ] ] } },
{ "type": "Feature", "properties": { "fid": 39, "bid": 236, "ID_count": 7, "Name": "Attibele Intersection" }, "geometry": { "type": "MultiPolygon", "coordinates": [ [ [ [ 77.772270658055476, 12.778505825121162 ], [ 77.772264571017985, 12.778364088368336 ], [ 77.772249428399746, 12.778223006426902 ], [ 77.772225289975992, 12.778083136078246 ], [ 77.772192251023341, 12.777945029321371 ], [ 77.772150441943666, 12.777809231194492 ], [ 77.77210002774919, 12.777676277624117 ], [ 77.772041207411135, 12.777546693310089 ], [ 77.771974213074301, 12.77742098965496 ], [ 77.771899309140821, 12.777299662745811 ], [ 77.77181679122647, 12.777183191396595 ], [ 77.771726984994118, 12.77707203525854 ], [ 77.771630244868277, 12.776966633006296 ], [ 77.771526952636449, 12.776867400606776 ], [ 77.771417515942375, 12.776774729677664 ], [ 77.771302366677332, 12.776688985941977 ], [ 77.771181959275722, 12.776610507784845 ], [ 77.771056768921682, 12.776539604918154 ], [ 77.770927289674006, 12.776476557158341 ], [ 77.770794032516406, 12.776421613322151 ], [ 77.770657523341086, 12.776374990244753 ], [ 77.770518300873505, 12.776336871924018 ], [ 77.770376914546503, 12.77630740879443 ], [ 77.77023392233211, 12.776286717133356 ], [ 77.770089888539815, 12.776274878602209 ], [ 77.76994538158965, 12.77627193992411 ], [ 77.769800971769243, 12.776277912699491 ], [ 77.769657228983291, 12.776292773360259 ], [ 77.76951472050466, 12.776316463262757 ], [ 77.769374008735937, 12.776348888919117 ], [ 77.769235648989977, 12.776389922366144 ], [ 77.769100187298577, 12.776439401670228 ], [ 77.768968158257735, 12.776497131566307 ], [ 77.768840082917933, 12.776562884228394 ], [ 77.768716466727966, 12.776636400168575 ], [ 77.768597797540238, 12.776717389260963 ], [ 77.768484543685503, 12.77680553188657 ], [ 77.7683771521246, 12.776900480194573 ], [ 77.768276046684548, 12.777001859474991 ], [ 77.768181626385825, 12.777109269637398 ], [ 77.768094263867567, 12.777222286789744 ], [ 77.768014303916885, 12.777340464911187 ], [ 77.767942062107991, 12.777463337612224 ], [ 77.76787782355666, 12.777590419975231 ], [ 77.767821841794827, 12.77772121046814 ], [ 77.767774337769836, 12.777855192923678 ], [ 77.767735498972272, 12.777991838576421 ], [ 77.767705478695774, 12.778130608149532 ], [ 77.767684395431843, 12.778270953983045 ], [ 77.767672332401943, 12.778412322195203 ], [ 77.767669337228895, 12.778554154868406 ], [ 77.767675421748592, 12.778695892251084 ], [ 77.767690561963093, 12.778836974966817 ], [ 77.767714698135109, 12.77897684622201 ], [ 77.767747735023505, 12.77911495400336 ], [ 77.767789542258981, 12.779250753256495 ], [ 77.767839954858388, 12.779383708037148 ], [ 77.767898773875672, 12.779513293626385 ], [ 77.767965767186837, 12.779638998601548 ], [ 77.768040670405966, 12.779760326854728 ], [ 77.768123187928495, 12.779876799550795 ], [ 77.76821299409778, 12.779987957017262 ], [ 77.768309734490302, 12.78009336055854 ], [ 77.768413027314324, 12.78019259418738 ], [ 77.768522464916771, 12.78028526626672 ], [ 77.768637615392052, 12.78037101105539 ], [ 77.768758024286697, 12.780449490151666 ], [ 77.768883216392993, 12.780520393828837 ], [ 77.769012697624518, 12.780583442257704 ], [ 77.76914595696627, 12.780638386610958 ], [ 77.76928246849161, 12.780685010045282 ], [ 77.769421693438019, 12.780723128557163 ], [ 77.769563082333562, 12.780752591709113 ], [ 77.769706077165694, 12.780773283223418 ], [ 77.769850113583658, 12.780785121440971 ], [ 77.769994623125982, 12.780788059643596 ], [ 77.770139035464183, 12.780782086238355 ], [ 77.770282780653886, 12.780767224803288 ], [ 77.770425291384257, 12.780743533994249 ], [ 77.770566005217219, 12.780711107313417 ], [ 77.770704366807379, 12.780670072740131 ], [ 77.770839830093848, 12.780620592225775 ], [ 77.770971860455475, 12.780562861054486 ], [ 77.771099936820931, 12.780497107072364 ], [ 77.771223553725278, 12.780423589788148 ], [ 77.771342223304814, 12.780342599348915 ], [ 77.771455477222617, 12.780254455394893 ], [ 77.771562868516838, 12.780159505797856 ], [ 77.771663973364696, 12.780058125288113 ], [ 77.771758392755046, 12.779950713975486 ], [ 77.771845754063051, 12.779837695770155 ], [ 77.771925712520712, 12.779719516709569 ], [ 77.771997952577351, 12.779596643198046 ], [ 77.772062189144833, 12.779469560165982 ], [ 77.772118168722514, 12.779338769156015 ], [ 77.77216567039747, 12.779204786343554 ], [ 77.772204506716207, 12.779068140499664 ], [ 77.772234524424178, 12.778929370904185 ], [ 77.77225560507037, 12.778789025217444 ], [ 77.772267665474615, 12.778647657318889 ], [ 77.772270658055476, 12.778505825121162 ] ] ] ] } },
{ "type": "Feature", "properties": { "fid": 40, "bid": 241, "ID_count": 6, "Name": "Bommasandra Metro Station" }, "geometry": { "type": "MultiPolygon", "coordinates": [ [ [ [ 77.691751172653341, 12.818156455504166 ], [ 77.691745124686676, 12.818014708366189 ], [ 77.691730018953493, 12.817873613592988 ], [ 77.691705915083475, 12.817733728016686 ], [ 77.691672908216972, 12.81759560369645 ], [ 77.691631128629311, 12.817459785739901 ], [ 77.691580741216455, 12.817326810151854 ], [ 77.691521944843998, 12.817197201719116 ], [ 77.691454971562294, 12.817071471939459 ], [ 77.691380085690454, 12.816950117003115 ], [ 77.691297582773146, 12.81683361583465 ], [ 77.691207788414133, 12.816722428203001 ], [ 77.691111056991161, 12.816616992907099 ], [ 77.691007770257528, 12.816517726044255 ], [ 77.690898335835357, 12.816425019368134 ], [ 77.69078318560706, 12.816339238742795 ], [ 77.690662774010889, 12.816260722698908 ], [ 77.69053757624765, 12.816189781097819 ], [ 77.690408086405427, 12.816126693908762 ], [ 77.690274815509781, 12.81607171010401 ], [ 77.690138289507175, 12.816025046676392 ], [ 77.689999047189502, 12.815986887782941 ], [ 77.689857638067934, 12.815957384018155 ], [ 77.689714620204484, 12.81593665181968 ], [ 77.689570558009819, 12.815924773008808 ], [ 77.689426020016043, 12.815921794467535 ], [ 77.689281576633206, 12.81592772795352 ], [ 77.689137797898454, 12.815942550053631 ], [ 77.688995251226444, 12.815966202276304 ], [ 77.688854499170375, 12.815998591282293 ], [ 77.688716097202047, 12.816039589252972 ], [ 77.688580591519781, 12.816089034394672 ], [ 77.688448516893047, 12.81614673157711 ], [ 77.688320394552164, 12.816212453103345 ], [ 77.688196730131295, 12.816285939608319 ], [ 77.68807801167307, 12.816366901082279 ], [ 77.687964707702577, 12.81645501801523 ], [ 77.687857265378355, 12.816549942657751 ], [ 77.687756108727626, 12.816651300393268 ], [ 77.687661636972877, 12.816758691216409 ], [ 77.687574222956243, 12.81687169131148 ], [ 77.687494211667968, 12.816989854725021 ], [ 77.687421918884809, 12.817112715125615 ], [ 77.687357629923667, 12.817239787644265 ], [ 77.687301598515361, 12.817370570787824 ], [ 77.687254045803144, 12.817504548418107 ], [ 77.687215159469687, 12.817641191788823 ], [ 77.687185092996273, 12.81777996163224 ], [ 77.687163965056698, 12.817920310287414 ], [ 77.687151859048782, 12.81806168386156 ], [ 77.687148822764982, 12.818203524416001 ], [ 77.687154868203478, 12.818345272168171 ], [ 77.687169971520646, 12.818486367700816 ], [ 77.687194073124871, 12.818626254169846 ], [ 77.687227077911544, 12.818764379501991 ], [ 77.687268855638123, 12.818900198573694 ], [ 77.687319241438047, 12.819033175362541 ], [ 77.687378036471088, 12.819162785062794 ], [ 77.687445008708053, 12.819288516156691 ], [ 77.6875198938463, 12.819409872433273 ], [ 77.68760239635273, 12.819526374946836 ], [ 77.687692190630088, 12.819637563907227 ], [ 77.687788922301863, 12.819743000494569 ], [ 77.687892209610865, 12.819842268591177 ], [ 77.68800164492589, 12.819934976423928 ], [ 77.688116796350457, 12.820020758110529 ], [ 77.688237209427427, 12.820099275103573 ], [ 77.688362408932662, 12.820170217526737 ], [ 77.688491900750591, 12.82023330539783 ], [ 77.688625173824505, 12.820288289733815 ], [ 77.688761702173579, 12.820334953533493 ], [ 77.688900946968914, 12.820373112633961 ], [ 77.689042358660259, 12.820402616437457 ], [ 77.689185379145115, 12.82042334850572 ], [ 77.689329443971431, 12.820435227019512 ], [ 77.689473984565623, 12.820438205101532 ], [ 77.689618430476585, 12.820432271001353 ], [ 77.689762211627368, 12.820417448141797 ], [ 77.68990476056517, 12.820393795026405 ], [ 77.690045514701069, 12.820361405008498 ], [ 77.690183918530465, 12.820320405922669 ], [ 77.690319425825706, 12.820270959580167 ], [ 77.690451501791827, 12.820213261130212 ], [ 77.690579625177449, 12.820147538289739 ], [ 77.690703290331911, 12.820074050444532 ], [ 77.690822009201014, 12.819993087625472 ], [ 77.690935313253178, 12.819904969363773 ], [ 77.691042755328581, 12.819810043429818 ], [ 77.691143911403941, 12.819708684460533 ], [ 77.691238382265823, 12.819601292480762 ], [ 77.6913257950862, 12.819488291324424 ], [ 77.691405804893677, 12.819370126961735 ], [ 77.691478095934841, 12.81924726573906 ], [ 77.691542382920275, 12.819120192538378 ], [ 77.691598412150313, 12.818989408863589 ], [ 77.691645962516077, 12.818855430861241 ], [ 77.691684846371857, 12.81871878728351 ], [ 77.691714910275479, 12.818580017401384 ], [ 77.691736035593678, 12.818439668876421 ], [ 77.691748138969928, 12.818298295599353 ], [ 77.691751172653341, 12.818156455504166 ] ] ] ] } }
]
}
