{
"type": "FeatureCollection",
"name": "south-crashes",
"crs": { "type": "name", "properties": { "name": "urn:ogc:def:crs:OGC:1.3:CRS84" } },
"features": [
{ "type": "Feature", "properties": { "fid": 1, "FIR_No": "0003/2020", "PolSt": "Electronic City Traffic", "layer": "BC Pedestrian Fatality 2020", "ID": "0003/2020/Electronic City Traffic", "Sub Division": "HSR Layout Traffic Sub Divison", "Year": 2020, "Lat": 12.8533, "Long": 77.66674, "Count_Killed": 1, "Count_NonFatal": 0, "Total Victims": 1, "Victim Vehicle": "Pedestrian", "Victim Age": "35", "Victim Gender": "Male", "Victim02 Age": "-", "Victim02 Gender": "-", "Victim03 Age": "-", "Victim03 Gender": "-", "Accused Vehicle": "Unknown", "Accused Age": "Unknown", "Accused Gender": "Male", "Accused Vehicle 02": "-", "Accused Age 02": "-", "Accused Gender 02": "-", "Day": "Wednesday", "Time Stamp": "23:30:00", "Full Address": "Hosur road Service road, Near Konappana Agrahara,, Electronic city post,,Bengaluru City , Karnataka, 560100", "Road Name": "Hosur-Bangalore Service Road", "NH": "NH 44", "FIR Contents": "The brief summary of this case is that on 25-12-2019 at around 11-30 PM.. an unknown motorist driving the vehicle in a fast and careless manner near Agrahara Junction, Konappa, on the service road of Hosur Road within the limits of Electronic City Traffic Police Station and killed an unknown pedestrian. Male, aged about 35-40 years fell down due to collision and sustained injuries on right leg, first admitted to Nimmans Hospital for further treatment, then admitted to Victoria Hospital for further treatment, while undergoing treatment the injured did not recover Date: 04-01-2020 at 10-35 AM will be dead. Therefore, a complaint has been given that the unknown driver who caused this accident should be found and appropriate legal action should be taken against him etc.", "Hit and Run": "Maybe", "Type of Collision": "Hit Pedestrian", "Cause of Collision": "Overspeeding", "Road": "Service Road", "Context": "Merge Point", "Infrastructure No": "No Signages, No Crossing, No Speed Calming Elements, No Refuge,No Pedestrian Footpath", "Infrastructure Yes": "Streetlights", "Additional": "Two Way Service Road", "General Comment": "Capture 2024", "Blackspot_Name": null, "Added": null, "Type of Collision Cleaned": "Hit Pedestrian", "Context Mapping": "Access Point", "Combinations": "Hit Pedestrian,Access Point", "Time of Day": "Late Night (9-12)" }, "geometry": { "type": "Point", "coordinates": [ 77.66674, 12.8533 ] } },
{ "type": "Feature", "properties": { "fid": 2, "FIR_No": "0015/2020", "PolSt": "Electronic City Traffic", "layer": "BC Pedestrian Fatality 2020", "ID": "0015/2020/Electronic City Traffic", "Sub Division": "HSR Layout Traffic Sub Divison", "Year": 2020, "Lat": 12.86328, "Long": 77.65843, "Count_Killed": 1, "Count_NonFatal": 0, "Total Victims": 1, "Victim Vehicle": "Pedestrian", "Victim Age": "30", "Victim Gender": "Male", "Victim02 Age": "-", "Victim02 Gender": "-", "Victim03 Age": "-", "Victim03 Gender": "-", "Accused Vehicle": "Lorry", "Accused Age": "Unknown", "Accused Gender": "Male", "Accused Vehicle 02": "-", "Accused Age 02": "-", "Accused Gender 02": "-", "Day": "Wednesday", "Time Stamp": "10:30:00", "Full Address": "Service road, Infront of Income Tax Office,, Beratena agrahara, Hosur Main\nroad,Electronic city,Bengaluru City , Karnataka", "Road Name": "Hosur-Bangalore Service Road", "NH": "NH 44", "FIR Contents": "A brief summary of this case is Date:22-01-2020 morning, around 10-30 hours, Hosur.\nThe driver of Canter No. KA-51-AA-5429 in front of Income Tax Blind Gate on Road Service Road\nThe vehicle was driven fast and carelessly towards White Feather from the Hosa Road junction and hit a pedestrian, an unknown man, aged around 30-35 years, who fell on the pedestrian road. The wheels of the canter on the left side of the canter fell on the pedestrian's head and the pedestrian died on the spot due to severe blood injuries. Therefore, appropriate legal action should be taken against the canter driver who caused this accident", "Hit and Run": "Maybe", "Type of Collision": "Hit Pedestrian", "Cause of Collision": "Overspeeding", "Road": "Service Road", "Context": null, "Infrastructure No": null, "Infrastructure Yes": "Pedestrian Footpath, FOB, Speed Hump", "Additional": null, "General Comment": "Capture 2024 : they have now installed crash barriers at the highway median", "Blackspot_Name": null, "Added": null, "Type of Collision Cleaned": "Hit Pedestrian", "Context Mapping": "Along Service Road", "Combinations": "Hit Pedestrian,Along Service Road", "Time of Day": "Morning Rush Hour (7-12)" }, "geometry": { "type": "Point", "coordinates": [ 77.65843, 12.86328 ] } },
{ "type": "Feature", "properties": { "fid": 3, "FIR_No": "0088/2020", "PolSt": "Electronic City Traffic", "layer": "BC Pedestrian Fatality 2020", "ID": "0088/2020/Electronic City Traffic", "Sub Division": "HSR Layout Traffic Sub Divison", "Year": 2020, "Lat": 12.86918, "Long": 77.65379, "Count_Killed": 1, "Count_NonFatal": 0, "Total Victims": 1, "Victim Vehicle": "Pedestrian", "Victim Age": "60", "Victim Gender": "Female", "Victim02 Age": "-", "Victim02 Gender": "-", "Victim03 Age": "-", "Victim03 Gender": "-", "Accused Vehicle": "Unknown", "Accused Age": "Unknown", "Accused Gender": "Male", "Accused Vehicle 02": "-", "Accused Age 02": "-", "Accused Gender 02": "-", "Day": "Sunday", "Time Stamp": "22:28:00", "Full Address": "Hosur Main road, Towards Bangalore city,, Near Hosaroad Bus Stand, Naganathapura, Ecity post,Bengaluru City , Karnataka, 560100", "Road Name": "Hosur-Bangalore Main Road", "NH": "NH 44", "FIR Contents": "A brief summary of this case is as follows: On 14-06-2020 at around 10-28 hours at night on Hosur Main Road under the limits of Electronic City Traffic Police Station, near Hosur Junction Bus Stand on the way towards Bangalore City, an unknown motorist/rider drove his vehicle in a fast and reckless manner and hit an unknown woman pedestrian. , aged around 55-60 years, collided with the pedestrian and fell on the road. He died on the spot due to severe head injuries. The name, address and heirs of the deceased are not known. The driver/rider who caused the accident left without stopping the vehicle. Therefore, a complaint has been made that the driver/rider responsible for this accident should be found and appropriate legal action should be taken against him etc.", "Hit and Run": "Yes", "Type of Collision": "Hit Pedestrian", "Cause of Collision": "Overspeeding", "Road": "Main Road", "Context": "Near a Bus stop", "Infrastructure No": "No Crossing, No Signages", "Infrastructure Yes": "Streetlights", "Additional": null, "General Comment": "Capture 2024 : they have now installed crash barriers at the highway median", "Blackspot_Name": "Hosa Road Junction", "Added": null, "Type of Collision Cleaned": "Hit Pedestrian", "Context Mapping": "Bus Stop", "Combinations": "Hit Pedestrian,Bus Stop", "Time of Day": "Late Night (9-12)" }, "geometry": { "type": "Point", "coordinates": [ 77.65379, 12.86918 ] } },
{ "type": "Feature", "properties": { "fid": 4, "FIR_No": "0140/2020", "PolSt": "Electronic City Traffic", "layer": "BC Pedestrian Fatality 2020", "ID": "0140/2020/Electronic City Traffic", "Sub Division": "HSR Layout Traffic Sub Division", "Year": 2020, "Lat": 12.89801, "Long": 77.63457, "Count_Killed": 1, "Count_NonFatal": 0, "Total Victims": 1, "Victim Vehicle": "Pedestrian", "Victim Age": "35", "Victim Gender": "Male", "Victim02 Age": "-", "Victim02 Gender": "-", "Victim03 Age": "-", "Victim03 Gender": "-", "Accused Vehicle": "Unknown", "Accused Age": "Unknown", "Accused Gender": "Male", "Accused Vehicle 02": "-", "Accused Age 02": "-", "Accused Gender 02": "-", "Day": "Monday", "Time Stamp": "01:15:00", "Full Address": "Hosur Main road, Near Pillar No 39,, G.B Palya,,Bengaluru City , Karnataka, 560068", "Road Name": "Hosur-Bangalore Main Road", "NH": "NH 44", "FIR Contents": "A brief summary of this case is Date: 21-09-2020 Wednesday around 01-15 hrs to 01-20 hrs\nduring. On the Hosur main road within the limits of Electronic City Traffic Police Station, near Pillar No. 39, an unknown motorist drove his vehicle fast and recklessly and hit an unknown male pedestrian, aged around 30-35 years, who was crossing the road and fell on the road and suffered severe head injuries on the spot. will be dead. The details of the deceased unidentified person are not known. Deceased has wheatish complexion, black hair, red shirt and black pants. Yash Bank ATM Card No. 5088 8400 0424 5125 is found in the deceased's pocket. Therefore, a complaint has been given that the driver of the vehicle whose number is not known, who caused this accident, should be found and appropriate legal action should be taken against him, etc.", "Hit and Run": "Maybe", "Type of Collision": "Hit Pedestrian", "Cause of Collision": "Overspeeding", "Road": "Main Road", "Context": null, "Infrastructure No": "No signage, No Crossing, No Speed Calming Elements", "Infrastructure Yes": null, "Additional": "Nearest FOB 500m, Junction 1km", "General Comment": "Capture 2024 : they have now installed crash barriers at the highway median", "Blackspot_Name": "Garvebhavipalaya", "Added": null, "Type of Collision Cleaned": "Hit Pedestrian", "Context Mapping": "Along Main Road", "Combinations": "Hit Pedestrian,Along Main Road", "Time of Day": "Mid Night(12-4)" }, "geometry": { "type": "Point", "coordinates": [ 77.63457, 12.89801 ] } },
{ "type": "Feature", "properties": { "fid": 5, "FIR_No": "0143/2020", "PolSt": "Electronic City Traffic", "layer": "BC Pedestrian Fatality 2020", "ID": "0143/2020/Electronic City Traffic", "Sub Division": "HSR Layout Traffic Sub Divis", "Year": 2020, "Lat": 12.873982, "Long": 77.649984, "Count_Killed": 1, "Count_NonFatal": 0, "Total Victims": 1, "Victim Vehicle": "Pedestrian", "Victim Age": "70", "Victim Gender": "Male", "Victim02 Age": "-", "Victim02 Gender": "-", "Victim03 Age": "-", "Victim03 Gender": "-", "Accused Vehicle": "2W", "Accused Age": "Unknown", "Accused Gender": "Male", "Accused Vehicle 02": "-", "Accused Age 02": "-", "Accused Gender 02": "-", "Day": "Friday", "Time Stamp": "18:40:00", "Full Address": "Hosur Main road, Near Pillar No 135,, Naganathapura, Electronic city\npost,,Bengaluru City , Karnataka, 560100", "Road Name": "Hosur-Bangalore Main Road", "NH": "NH 44", "FIR Contents": "The brief summary of this case is Date: 25-09-2020 at around 6-40 PM.. the rider of Motorcycle No. KA-51-HK-1340 overturned his vehicle on Hosur Main Road within the limits of Electronic City Traffic Police Station near Pillar No. 135. He was speeding and recklessly driving towards New Road from the side and was crossing the road from east to west. Pedestrian Mr. Gopal, 70 years old, fell on the road due to collision with blood injuries on his hands and feet and head, the injured was admitted to the nearby Basam Hospital for treatment. Therefore, the complaint filed against the motorcyclist who caused this accident, etc.", "Hit and Run": "Maybe", "Type of Collision": "Hit Pedestrian", "Cause of Collision": "Overspeeding", "Road": "Main Road", "Context": null, "Infrastructure No": "No signage, No Crossing, No Speed Calming Elements", "Infrastructure Yes": "Pedestrian Footpath", "Additional": "Nearest Junction 500m", "General Comment": "Capture 2024 : they have now installed crash barriers at the highway median", "Blackspot_Name": null, "Added": null, "Type of Collision Cleaned": "Hit Pedestrian", "Context Mapping": "Along Main Road", "Combinations": "Hit Pedestrian,Along Main Road", "Time of Day": "Evening Rush Hour (6-9)" }, "geometry": { "type": "Point", "coordinates": [ 77.649984, 12.873982 ] } },
{ "type": "Feature", "properties": { "fid": 6, "FIR_No": "0180/2020", "PolSt": "Electronic City Traffic", "layer": "BC Pedestrian Fatality 2020", "ID": "0180/2020/Electronic City Traffic", "Sub Division": "HSR Layout Traffic Sub Division", "Year": 2020, "Lat": 12.87868, "Long": 77.64647, "Count_Killed": 1, "Count_NonFatal": 0, "Total Victims": 1, "Victim Vehicle": "Pedestrian", "Victim Age": "38", "Victim Gender": "Male", "Victim02 Age": "-", "Victim02 Gender": "-", "Victim03 Age": "-", "Victim03 Gender": "-", "Accused Vehicle": "2W", "Accused Age": "24", "Accused Gender": "Male", "Accused Vehicle 02": "-", "Accused Age 02": "-", "Accused Gender 02": "-", "Day": "Saturday", "Time Stamp": "19:45:00", "Full Address": "Near Singasandra Bus stop, Hosur Main road,, Naganathapura, Electronic city post,,Bengaluru City , Karnataka, 560100", "Road Name": "Hosur-Bangalore Main Road", "NH": "NH 44", "FIR Contents": "Brief summary of this case is Date: 28-11-2020 around 7-45 PM. Mr. Suraj, 24 years old, rider of motorcycle No. KL-29-Q-3224 on Hosur Main Road within the limits of Electronic City Traffic Police Station, near Singhasandra Bus Stand, drove the vehicle in a speedy and careless manner towards Hosur Road, Junction towards Koodu Gate Junction and crossed the road from west to east. , to Mr. Chandrasekhar KS, 38, a pedestrian who was crossing He collided and lost control and went to the left side of the road and hit the grill installed in the main road and the service bar. As a result, the pedestrian Mr. Chandrasekhar KS suffered severe blood injuries, and the public immediately took him to the nearby Basam Hospital in an ambulance, where he was examined and informed that he died on the way to the hospital. The motorcycle rider accused Mr. Suraj also sustained injuries on his left hand and is admitted to Pralaksha Hospital and undergoing treatment. Therefore, a complaint has been filed against Mr. Suraj, the motorcycle rider who caused the accident.", "Hit and Run": "No", "Type of Collision": "Hit Pedestrian", "Cause of Collision": "Overspeeding", "Road": "Main Road", "Context": "Near a Bus stop (Median opening)", "Infrastructure No": "No signage, No Crossing, No Speed Calming Elements, No Refuge, No Pedestrian Footpath", "Infrastructure Yes": null, "Additional": "Crossing West to East towards the Bus stop", "General Comment": "Capture 2024 : they have now installed crash barriers at the highway median", "Blackspot_Name": "Singasandra Bus Stop", "Added": null, "Type of Collision Cleaned": "Hit Pedestrian", "Context Mapping": "Bus Stop", "Combinations": "Hit Pedestrian,Bus Stop", "Time of Day": "Evening Rush Hour (6-9)" }, "geometry": { "type": "Point", "coordinates": [ 77.64647, 12.87868 ] } },
{ "type": "Feature", "properties": { "fid": 7, "FIR_No": "0182/2020", "PolSt": "Electronic City Traffic", "layer": "BC Pedestrian Fatality 2020", "ID": "0182/2020/Electronic City Traffic", "Sub Division": "HSR Layout Traffic Sub Division", "Year": 2020, "Lat": 12.84167, "Long": 77.67598, "Count_Killed": 1, "Count_NonFatal": 0, "Total Victims": 1, "Victim Vehicle": "Pedestrian", "Victim Age": "29", "Victim Gender": "Male", "Victim02 Age": "-", "Victim02 Gender": "-", "Victim03 Age": "-", "Victim03 Gender": "-", "Accused Vehicle": "Lorry", "Accused Age": "Unknown", "Accused Gender": "Male", "Accused Vehicle 02": "-", "Accused Age 02": "-", "Accused Gender 02": "-", "Day": "Wednesday", "Time Stamp": "03.00.00", "Full Address": "Hosur road Service road, Near Audi Car Service,, Electronic City,,Bengaluru City , Karnataka, 560100", "Road Name": "Hosur-Bangalore Service Road", "NH": "NH 44", "FIR Contents": "A brief summary of this case is Date: 09-12-2020 in the morning around 03-00 hrs to 3-30 hrs. On the service road of Hosur Road belonging to Electronic City Traffic Police Station.. Near Electronic City Audi Car Service Center, an unknown motorist with a number unknown drove his vehicle fast and recklessly and hit a pedestrian Mr. D. Moulali, 29 years old, who fell on the road and fell on his head. Died on the spot due to severe bleeding injuries. The unknown driver of the accident left the vehicle without stopping. Therefore, a complaint has been given that the unknown vehicle and driver responsible for the accident should be found and appropriate legal action should be taken against the driver, etc.", "Hit and Run": "Yes", "Type of Collision": "Hit Pedestrian", "Cause of Collision": "Overspeeding", "Road": "Service Road", "Context": "Near Toll Booth, Merge Point", "Infrastructure No": "No Signages, No Crossing, Speed Calming Elements, No Refuge, No Pedestrian Footpath, ", "Infrastructure Yes": "High Mast Light", "Additional": null, "General Comment": "Capture 2024", "Blackspot_Name": "Electronic City Toll Plaza", "Added": null, "Type of Collision Cleaned": "Hit Pedestrian", "Context Mapping": "Access Point", "Combinations": "Hit Pedestrian,Access Point", "Time of Day": "Mid Night(12-4)" }, "geometry": { "type": "Point", "coordinates": [ 77.67598, 12.84167 ] } },
{ "type": "Feature", "properties": { "fid": 8, "FIR_No": "0010/2020", "PolSt": "HSR Layout Traffic", "layer": "BC Pedestrian Fatality 2020", "ID": "0010/2020/HSR Layout Traffic", "Sub Division": "HSR Layout Traffic Sub Divis", "Year": 2020, "Lat": 12.90499, "Long": 77.630027, "Count_Killed": 1, "Count_NonFatal": 0, "Total Victims": 1, "Victim Vehicle": "Pedestrian", "Victim Age": "65", "Victim Gender": "Male", "Victim02 Age": "-", "Victim02 Gender": "-", "Victim03 Age": "-", "Victim03 Gender": "-", "Accused Vehicle": "Unknown", "Accused Age": "Unknown", "Accused Gender": "Male", "Accused Vehicle 02": "-", "Accused Age 02": "-", "Accused Gender 02": "-", "Day": "Thursday", "Time Stamp": "12:00:00", "Full Address": "Infront of Basaveshwara kanavali, Hosru road, Near Roopen agrahara bus stop, service road,Bengaluru City , Karnataka, 560068", "Road Name": "Hosur-Bangalore Service Road", "NH": "NH 44", "FIR Contents": "The brief summary of this case is that the complainant was appointed on 23/01/2020 in Cobra-4 vehicle for traffic control patrol duty on HSR Layout, Hosur Road Service Road and Horwarthula Road, accordingly he silk boarded on Hosur Road Service Road between 12-15 PM. While patrolling towards Mangammanapalya from the side After being told by a public that there will be a road accident on the service road near Rupena Agrahara Bus Stand, he went to the place and inquired with the public. An aged man fell near the iron barricade between the main road and the service road He was in a semi-conscious state and was sent in an auto-rickshaw to the nearby Ashwad Hospital for treatment and when he was crossing the Hosur Road service road from the main road towards Basaveshwar Khanavali, some unknown motorist/rider may have driven his car too fast and recklessly and hit him, I went to Ashwad Hospital and saw his head. And to the rest of the body He was shocked and spoke a little, and told me that my name is Ashwathappa and he is about 65 years old. Give first aid at the said hospital on the advice of the doctor in an autorickshaw accompanied by a security guard. Nimans was sent to the hospital and returned to the police station to trace the unknown motorist/driver responsible for the accident and take appropriate legal action.", "Hit and Run": "Maybe", "Type of Collision": "Hit Pedestrian", "Cause of Collision": "Overspeeding", "Road": "Service Road", "Context": "Towards Food Centre, Near a Bus stop (Median opening)", "Infrastructure No": "No signage, No Crossing, No Speed Calming Elements", "Infrastructure Yes": "Pedestrian Footpath", "Additional": "Crossing from Main Road median to Service Road side", "General Comment": "Capture 2024 : they have now installed crash barriers at the highway median", "Blackspot_Name": null, "Added": null, "Type of Collision Cleaned": "Hit Pedestrian", "Context Mapping": "Bus Stop", "Combinations": "Hit Pedestrian,Bus Stop", "Time of Day": "Midday 1 (12-3)" }, "geometry": { "type": "Point", "coordinates": [ 77.630027, 12.90499 ] } },
{ "type": "Feature", "properties": { "fid": 9, "FIR_No": "0024/2020", "PolSt": "Hulimavu Traffic", "layer": "BC Pedestrian Fatality 2020", "ID": "0024/2020/Hulimavu Traffic", "Sub Division": "South East Traffic Sub Division", "Year": 2020, "Lat": 12.87803, "Long": 77.64702, "Count_Killed": 2, "Count_NonFatal": 0, "Total Victims": 2, "Victim Vehicle": "Pedestrian", "Victim Age": "80", "Victim Gender": "Male", "Victim02 Age": "69", "Victim02 Gender": "Female", "Victim03 Age": "-", "Victim03 Gender": "-", "Accused Vehicle": "LMV", "Accused Age": "Unknown", "Accused Gender": "Male", "Accused Vehicle 02": "-", "Accused Age 02": "-", "Accused Gender 02": "-", "Day": "Tuesday", "Time Stamp": "09:00:00", "Full Address": "OPP SINGASANDRA BUSTOP, PILLAR NO 119,, HOSUR MAIN ROAD,Bengaluru City , Karnataka, 560068", "Road Name": "Hosur-Bangalore Main Road", "NH": "NH 44", "FIR Contents": "Brief summary of this case is that the complainant Mrs. Hansa P Kom Palani, 69 years Date: 11.02.2020 at about 9.00 am along with her master Palani S 80 years was crossing the road from West to East in front of Pillar No. 119 in front of Singasandra Bus Stand, Hosur Main Road. Let this be the road. A Tata Cab No. which came from Electronic City towards Kudu Gate Junction. KA-07-A-7140 The driver of the vehicle drove his vehicle at a high speed and carelessly and collided with the complainant and her owner fell on the road and the complainant got hit on the face and hands and legs and got bleeding. For treatment of both the injured in the crashed cab with help Basam was admitted to the hospital when Palani brought him to the hospital and the doctor on duty told him at 9.30 a.m. that he had died of road alcohol.\nTherefore, appropriate legal action should be taken against the driver of Tata Indica Cab No. KA-07-A-7140, who caused the accident, as he could not read and write in Kannada to the extent of the doctor, so the complaint was read and translated into Tamil language.", "Hit and Run": "Maybe", "Type of Collision": "Hit Pedestrian", "Cause of Collision": "Overspeeding", "Road": "Main Road", "Context": "Near a Bus stop (Median opening)", "Infrastructure No": "No signage, No Crossing, No Speed Calming Elements, No Refuge, No Pedestrian Footpath", "Infrastructure Yes": null, "Additional": "Crossing West to East away from Bus Stop", "General Comment": "Capture 2024 : they have now installed crash barriers at the highway median", "Blackspot_Name": "Singasandra Bus Stop", "Added": null, "Type of Collision Cleaned": "Hit Pedestrian", "Context Mapping": "Bus Stop", "Combinations": "Hit Pedestrian,Bus Stop", "Time of Day": "Morning Rush Hour (7-12)" }, "geometry": { "type": "Point", "coordinates": [ 77.64702, 12.87803 ] } },
{ "type": "Feature", "properties": { "fid": 10, "FIR_No": "0052/2020", "PolSt": "Hulimavu Traffic", "layer": "BC Pedestrian Fatality 2020", "ID": "0052/2020/Hulimavu Traffic", "Sub Division": "South East Traffic Sub Divisio", "Year": 2020, "Lat": 12.87876, "Long": 77.64633, "Count_Killed": 2, "Count_NonFatal": 0, "Total Victims": 2, "Victim Vehicle": "Pedestrian", "Victim Age": "54", "Victim Gender": "Male", "Victim02 Age": "23", "Victim02 Gender": "Male", "Victim03 Age": "-", "Victim03 Gender": "-", "Accused Vehicle": "2W", "Accused Age": "Unknown", "Accused Gender": "Male", "Accused Vehicle 02": "-", "Accused Age 02": "-", "Accused Gender 02": "-", "Day": "Sunday", "Time Stamp": "21:00:00", "Full Address": "HOSUR MAIN ROAD NEAR SINGSANDRA BUS STAND, NEAR PILLAR NO 115,Bengaluru City , Karnataka, 560068", "Road Name": "Hosur-Bangalore Main Road", "NH": "NH 44", "FIR Contents": "The brief summary of this case is that the complainant, Kumari Sarita Bin Narayanaswamy, 23 years, on date-26.07.2020 at around 9.00 pm, along with her colleague Basavaraja, 54 years, was on Hosur main road to go home after finishing work, and Basavaraja was on the right side of the roadside from the Kudu.Gate side towards Electronic City. Pushing the bicycle When the accused were walking with them and were going near Pillar No.-115 near Singasandra Bus Stand, the rider of Suzuki Scooter No. KA-03-JD-0210 coming from Electronic City side drove his vehicle at high speed and recklessly and hit him on the same road. As a result, both of them fell on the road along with the bicycle and the scooter rider who collided went a little further and fell on the road along with the vehicle. The injured were taken by the public in an ambulance to the nearby Basam Hospital The plaintiff received first aid and his company gave first aid to the injured Basavaraj in the said hospital and took him to ESI Hospital for further treatment and Narayan Hridayalaya Hospital as there were no beds available and brought him to St. John's Hospital. .Death memo on 2020 at 03.30 am by\ninformed.\nTherefore, a complaint etc. has been filed against the rider of Suzuki scooter number KA-03-JD-0210 which caused this accident causing injury to the complainant and death of Basavaraja aged 54 years.", "Hit and Run": "Maybe", "Type of Collision": "Hit Pedestrian", "Cause of Collision": "Overspeeding", "Road": "Main Road", "Context": "Near a Bus stop (Median opening)", "Infrastructure No": "No signage, No Crossing, No Speed Calming Elements, No Refuge, No Pedestrian Footpath", "Infrastructure Yes": null, "Additional": "Crossing West to East away from Bus Stop", "General Comment": "Capture 2024 : they have now installed crash barriers at the highway median", "Blackspot_Name": "Singasandra Bus Stop", "Added": null, "Type of Collision Cleaned": "Hit Pedestrian", "Context Mapping": "Bus Stop", "Combinations": "Hit Pedestrian,Bus Stop", "Time of Day": "Late Night (9-12)" }, "geometry": { "type": "Point", "coordinates": [ 77.64633, 12.87876 ] } },
{ "type": "Feature", "properties": { "fid": 11, "FIR_No": "0052/2020", "PolSt": "Hulimavu Traffic", "layer": "BC Pedestrian Fatality 2020", "ID": "0052/2020/Hulimavu Traffic", "Sub Division": "South East Traffic Sub Divisio", "Year": 2020, "Lat": 12.87876, "Long": 77.64633, "Count_Killed": 1, "Count_NonFatal": 0, "Total Victims": 1, "Victim Vehicle": "Pedestrian", "Victim Age": "54", "Victim Gender": "Male", "Victim02 Age": "23", "Victim02 Gender": "Female", "Victim03 Age": "-", "Victim03 Gender": "-", "Accused Vehicle": "2W", "Accused Age": "Unknown", "Accused Gender": "Male", "Accused Vehicle 02": "-", "Accused Age 02": "-", "Accused Gender 02": "-", "Day": "Sunday", "Time Stamp": "21:00:00", "Full Address": "HOSUR MAIN ROAD NEAR SINGSANDRA BUS STAND, NEAR PILLAR NO 115,Bengaluru City , Karnataka, 560068", "Road Name": "Hosur-Bangalore Main Road", "NH": "NH 44", "FIR Contents": "\nThe brief summary of this case is that the complainant, Kumari Sarita bin Narayanaswamy, 23 years of age, on 26.07.2020 at around 9.00 p.m., along with her colleague Basavaraja, 54 years of age, was pushed by Basavaraja on the right side of the road on the Hosur main road towards Electronic City from Kudugate towards Electronic City after finishing work. going While the accused were walking with them and were going near Pillar No.-115 near Singasandra Bus Stand, on the same road, the rider of Suzuki Scooter No. KA-03-JD-0210 from Electronic City drove his vehicle at high speed and recklessly and hit him. As a result, both of them fell on the road along with the cycle and the scooter rider who collided went a little further and fell on the road along with the vehicle. Public in an ambulance to nearby Bassam Hospital The plaintiff received first aid and his company gave first aid to the injured Basavaraj in the said hospital and took him to ESI Hospital for further treatment and Narayan Hridayalaya Hospital as there were no beds available and brought him to St. John's Hospital. .Death memo on 2020 at 03.30 am by\ninformed.\nTherefore, the complaint filed against the rider of Suzuki scooter number KA-03-JD-0210 which caused the injury to the complainant and the death of Basavaraja aged 54, etc.", "Hit and Run": "Maybe", "Type of Collision": "Hit Pedestrian", "Cause of Collision": "Overspeeding", "Road": "Main Road", "Context": "Near a Bus stop", "Infrastructure No": "No signage, No Crossing, No Speed Calming Elements", "Infrastructure Yes": null, "Additional": null, "General Comment": null, "Blackspot_Name": "Singasandra Bus Stop", "Added": null, "Type of Collision Cleaned": "Hit Pedestrian", "Context Mapping": "Bus Stop", "Combinations": "Hit Pedestrian,Bus Stop", "Time of Day": "Late Night (9-12)" }, "geometry": { "type": "Point", "coordinates": [ 77.64633, 12.87876 ] } },
{ "type": "Feature", "properties": { "fid": 12, "FIR_No": "0029/2020", "PolSt": "Madiwala Traffic", "layer": "BC Pedestrian Fatality 2020", "ID": "0029/2020/Madiwala Traffic", "Sub Division": "South East Traffic Sub Divisio", "Year": 2020, "Lat": 12.917252, "Long": 77.622898, "Count_Killed": 1, "Count_NonFatal": 0, "Total Victims": 1, "Victim Vehicle": "Pedestrian", "Victim Age": "40", "Victim Gender": "Male", "Victim02 Age": "-", "Victim02 Gender": "-", "Victim03 Age": "-", "Victim03 Gender": "-", "Accused Vehicle": "Lorry", "Accused Age": "37", "Accused Gender": "Male", "Accused Vehicle 02": "-", "Accused Age 02": "37", "Accused Gender 02": "Male", "Day": "Tuesday", "Time Stamp": "00:15:00", "Full Address": "Near Silk Board Junction, H.S.R Ring Road,Bengaluru City , Karnataka,", "Road Name": "Hosur-Bangalore Main Road", "NH": "NH 44", "FIR Contents": "Date:- On 23-06-2020 at around 00-15 hours in the morning a lorry with registration number TN-28-BB-0959 driver S. Vijay, aged about 37 years, was driving his lorry at high speed and recklessly towards HSR 5th Main Road near Silk Board Junction on HSR Ring Road from Bommanahalli Junction. A 40-year-old man was hit by a lorry As a result of which the wheel on the right side of the vehicle fell on the head of an unknown man, he suffered a severe blow to the head and blood injury. No. TN-28-BB-0959 driver S. Mr. Vijay, about 37 years old, wants legal action against him. On receipt of written complaint filed by Javaregowda C. Station Case No:- 29/2020 Clause:- 279, 304(a) IPC Act first present report is filed.", "Hit and Run": "No", "Type of Collision": "Hit Pedestrian", "Cause of Collision": "Overspeeding", "Road": "Main Road", "Context": "At intersection", "Infrastructure No": "No Crossing, No Speed Calming Elements", "Infrastructure Yes": null, "Additional": null, "General Comment": null, "Blackspot_Name": "Silkboard Bus Stop", "Added": null, "Type of Collision Cleaned": "Hit Pedestrian", "Context Mapping": "Intersection", "Combinations": "Hit Pedestrian,Intersection", "Time of Day": "Mid Night(12-4)" }, "geometry": { "type": "Point", "coordinates": [ 77.622898, 12.917252 ] } },
{ "type": "Feature", "properties": { "fid": 13, "FIR_No": "0051/2020", "PolSt": "Madiwala Traffic", "layer": "BC Pedestrian Fatality 2020", "ID": "0051/2020/Madiwala Traffic", "Sub Division": "South East Traffic Sub DivisioN", "Year": 2020, "Lat": 12.914578, "Long": 77.624209, "Count_Killed": 1, "Count_NonFatal": 0, "Total Victims": 1, "Victim Vehicle": "Pedestrian", "Victim Age": "60", "Victim Gender": "Male", "Victim02 Age": "-", "Victim02 Gender": "-", "Victim03 Age": "-", "Victim03 Gender": "-", "Accused Vehicle": "LMV", "Accused Age": "Unknown", "Accused Gender": "Male", "Accused Vehicle 02": "-", "Accused Age 02": "-", "Accused Gender 02": "-", "Day": "Thursday", "Time Stamp": "13:30:00", "Full Address": "Near Silk Board UP Ramp, Rupena Agrahara, Hosur Main Road,Bengaluru City\n, Karnataka,", "Road Name": "Hosur-Bangalore Main Road", "NH": "NH 44", "FIR Contents": "The brief summary of this case is as follows:- On 05-10-2020 at about 01-30 PM, the driver of Tata 407 Goods vehicle registration number KA-04-C-3372 loaded with vegetable bags overturned the silk board privy of Rupena Agrahara on Hosur Main Road. Near the ramp towards Bommanahalli Junction towards Madiwala Mr. Pedestrian who was driving fast and crossing the said road from the side of Accenture Company towards Aspad Hospital was pointing his hand to the vehicles coming on the road. Gnana Shekhar, about 60 years old, was hit by a man named Mr. When Gnana Shekhar fell on the road, he was the driver of the goods vehicle which had an accident and he drove forward at the same speed without slowing down to avoid the accident, the left rear wheel of the said goods vehicle fell on his head and died. He fled leaving the vehicle at the spot. Eyewitness Shri. Written complaint etc. filed by Sultan .N.", "Hit and Run": "Yes", "Type of Collision": "Hit Pedestrian", "Cause of Collision": "Overspeeding", "Road": "Main Road", "Context": "At  UP ramp near flyover, Merge Point", "Infrastructure No": "No Signages, No Crossing, No Speed Calming Elements, No Refuge", "Infrastructure Yes": "Pedestrian Footpath", "Additional": "Nearest FOB 500m, Junction without refuge or crossing 100m", "General Comment": "Capture 2021, they have now installed crash barriers at the highway median. There are no median openings", "Blackspot_Name": "Silkboard Bus Stop", "Added": null, "Type of Collision Cleaned": "Hit Pedestrian", "Context Mapping": "Access Point", "Combinations": "Hit Pedestrian,Access Point", "Time of Day": "Midday 1 (12-3)" }, "geometry": { "type": "Point", "coordinates": [ 77.624209, 12.914578 ] } },
{ "type": "Feature", "properties": { "fid": 14, "FIR_No": "0030/2021", "PolSt": "Electronic City Traffic", "layer": "BC Pedestrian Fatality 2021", "ID": "0030/2021/Electronic City Traffic", "Sub Division": "HSR Layout Traffic Sub Divis", "Year": 2021, "Lat": 12.843468, "Long": 77.67501, "Count_Killed": 1, "Count_NonFatal": 0, "Total Victims": 1, "Victim Vehicle": "Pedestrian", "Victim Age": "35", "Victim Gender": "Male", "Victim02 Age": "-", "Victim02 Gender": "-", "Victim03 Age": "-", "Victim03 Gender": "-", "Accused Vehicle": "Unknown", "Accused Age": "Unknown", "Accused Gender": "Male", "Accused Vehicle 02": "-", "Accused Age 02": "-", "Accused Gender 02": "-", "Day": "Wednesday", "Time Stamp": "19:20:00", "Full Address": "Service road, Near Bosch Car Service center,, Electronic city,,Bengaluru City , Karnataka, 56010", "Road Name": "Hosur-Bangalore Service Road", "NH": "NH 44", "FIR Contents": "The brief summary of this case is that on 03-03-2021 at about 7-20 PM, an unknown motorist/rider of an unknown number plate near Electronic City Bosch Car Service Center on service road of Hosur Road under the limits of Electronic City Traffic Police Station drove his vehicle from Agrahar side of Konappa. Pedestrian unknown male, age about 35-40, driving fast and recklessly towards Veerasandra He fell on the road and injured both his legs due to a collision. 108 Ambulance personnel rushed to the spot and administered first aid on the spot, after which the injured was sent to Victoria Hospital along with police personnel for treatment. Therefore, a complaint has been made that the unknown vehicle driver/rider who caused this accident should be found and appropriate legal action should be taken against him, etc.", "Hit and Run": "Maybe", "Type of Collision": "Hit Pedestrian", "Cause of Collision": "Overspeeding", "Road": "Service Road", "Context": "Near Merge Point with Turning  (Silk board intersection)", "Infrastructure No": "No Footpath,No Crossing, No Speed Calming Elements, No Signages", "Infrastructure Yes": "Crash Barriers, Service Road Barriers, Streetlights", "Additional": "Nearest FOB 700m away. No Continuous Footpath", "General Comment": null, "Blackspot_Name": "Electronic City Toll Plaza", "Added": null, "Type of Collision Cleaned": "Hit Pedestrian", "Context Mapping": "Access Point", "Combinations": "Hit Pedestrian,Access Point", "Time of Day": "Evening Rush Hour (6-9)" }, "geometry": { "type": "Point", "coordinates": [ 77.674683896770432, 12.843257479532177 ] } },
{ "type": "Feature", "properties": { "fid": 15, "FIR_No": "0036/2021", "PolSt": "Electronic City Traffic", "layer": "BC Pedestrian Fatality 2021", "ID": "0036/2021/Electronic City Traffic", "Sub Division": "HSR Layout Traffic Sub Divis", "Year": 2021, "Lat": 12.894369, "Long": 77.636801, "Count_Killed": 1, "Count_NonFatal": 0, "Total Victims": 1, "Victim Vehicle": "Pedestrian", "Victim Age": "52", "Victim Gender": "Male", "Victim02 Age": "-", "Victim02 Gender": "-", "Victim03 Age": "-", "Victim03 Gender": "-", "Accused Vehicle": "3W", "Accused Age": "Unknown", "Accused Gender": "Male", "Accused Vehicle 02": "-", "Accused Age 02": "-", "Accused Gender 02": "-", "Day": "Tuesday", "Time Stamp": "23:30:00", "Full Address": "Hosur Main road, Near G.B Palya Junction,, G.B Palya,,Bengaluru City , Karnataka, 560068", "Road Name": "Hosur-Bangalore Main Road", "NH": "NH 44", "FIR Contents": "The brief summary of this case is that on 16-03-2021 at around 11-30 pm, an unknown autorickshaw driver, with no known number, was driving his vehicle from Bommanahalli side towards Kudugate at high speed and carelessly crossing the road on Hosur main road under Electronic City traffic police station limits. Pedestrian Shri Murugan, A 52-year-old man fell on the pedestrian road due to a collision and suffered severe head injuries. The injured has been admitted to Nimmons Hospital for treatment, where he remains unconscious and undergoing treatment. The autorickshaw driver who caused the accident left without stopping the vehicle. Therefore, the cause of the accident was the autorickshaw vehicle and the driver, whose number is unknown, and the complaint was filed that appropriate legal action should be taken against the driver, etc.", "Hit and Run": "Yes", "Type of Collision": "Hit Pedestrian", "Cause of Collision": "Overspeeding", "Road": "Main Road", "Context": "At Intersection - Kudlu Main rd Junciton", "Infrastructure No": "No Footpath, No Speed Calming Elements", "Infrastructure Yes": "Faded Crossings, Signal", "Additional": null, "General Comment": null, "Blackspot_Name": "Garvebhavipalaya", "Added": null, "Type of Collision Cleaned": "Hit Pedestrian", "Context Mapping": "Intersection", "Combinations": "Hit Pedestrian,Intersection", "Time of Day": "Late Night (9-12)" }, "geometry": { "type": "Point", "coordinates": [ 77.636801, 12.894369 ] } },
{ "type": "Feature", "properties": { "fid": 16, "FIR_No": "0047/2021", "PolSt": "Electronic City Traffic", "layer": "BC Pedestrian Fatality 2021", "ID": "0047/2021/Electronic City Traffic", "Sub Division": "HSR Layout Traffic Sub Division", "Year": 2021, "Lat": 12.8681, "Long": 77.65485, "Count_Killed": 1, "Count_NonFatal": 0, "Total Victims": 1, "Victim Vehicle": "Pedestrian", "Victim Age": "33", "Victim Gender": "Male", "Victim02 Age": "-", "Victim02 Gender": "-", "Victim03 Age": "-", "Victim03 Gender": "-", "Accused Vehicle": "Lorry", "Accused Age": "Unknown", "Accused Gender": "Male", "Accused Vehicle 02": "-", "Accused Age 02": "-", "Accused Gender 02": "-", "Day": "Saturday", "Time Stamp": "16:50:00", "Full Address": "Hosur Main road, Opp SBI Bank, towards Hosur,, Biratena Agrahara, Electronic\ncity post,,Bengaluru City , Karnataka, 560100", "Road Name": "Hosur-Bangalore Main Road", "NH": "NH 44", "FIR Contents": "Brief summary of this case is Date: 17-04-2021 around 4-50 PM. Opposite SBI Bank (Pillar No. 161) on Hosur Main Road within Electronic City Traffic Police Station limits, Pedestrian Mr. Guddu, 33 years old, placed one foot on the road below the center median in order to cross Hosur Main Road and at the same time Konappa fell on Hosur Main Road from Naganathpur Junction side. A goods vehicle no. going towards Agrahara The driver of KA-51-AD-3424 drove his vehicle at high speed and collided with the goods vehicle on the right side of the pedestrian as a result of which the goods vehicle fell on the pedestrian road and the right rear wheel of the said goods vehicle tore onto the waist of the pedestrian Mr. Guddu and sustained severe blood injuries. The driver of the goods vehicle that caused the accident left without stopping the vehicle. The public and the traffic police immediately took the injured to the nearby Kaveri Hospital for treatment and the doctor confirmed that the injured died on the way to the hospital. Therefore, the goods vehicle and the driver responsible for this accident should be found and a complaint made against the driver to take appropriate legal action etc.", "Hit and Run": "Yes", "Type of Collision": "Hit Pedestrian", "Cause of Collision": "Overspeeding", "Road": "Main Road", "Context": null, "Infrastructure No": "No Crossing, No Speed Calming Elements, No Signages", "Infrastructure Yes": "Crash Barriers, Service Road Barriers", "Additional": "Nearest Intersection 260 m away. No continuous footpath till the intersection", "General Comment": "are they climbing over the crash barriers ?!?!?", "Blackspot_Name": "Hosa Road Junction", "Added": null, "Type of Collision Cleaned": "Hit Pedestrian", "Context Mapping": "Along Main Road", "Combinations": "Hit Pedestrian,Along Main Road", "Time of Day": "Midday 2 (3-6)" }, "geometry": { "type": "Point", "coordinates": [ 77.65485, 12.8681 ] } },
{ "type": "Feature", "properties": { "fid": 17, "FIR_No": "0077/2021", "PolSt": "Electronic City Traffic", "layer": "BC Pedestrian Fatality 2021", "ID": "0077/2021/Electronic City Traffic", "Sub Division": "HSR Layout Traffic Sub Divis", "Year": 2021, "Lat": 12.896293, "Long": 77.635651, "Count_Killed": 1, "Count_NonFatal": 0, "Total Victims": 1, "Victim Vehicle": "Pedestrian", "Victim Age": "58", "Victim Gender": "Male", "Victim02 Age": "-", "Victim02 Gender": "-", "Victim03 Age": "-", "Victim03 Gender": "-", "Accused Vehicle": "2W", "Accused Age": "22", "Accused Gender": "Male", "Accused Vehicle 02": "-", "Accused Age 02": "-", "Accused Gender 02": "-", "Day": "Monday", "Time Stamp": "16:15:00", "Full Address": "Near Garve bhavipallya Bus Stop,Hosur Main Road,, Hosur Main road,,Bengaluru City , Karnataka, 560068", "Road Name": "Hosur-Bangalore Main Road", "NH": "NH 44", "FIR Contents": "On 26-07-2021 at around 4-15 PM Mr. Anil Kumar, 22 years of age, rider of motorcycle No. KA-17-EN-8794 drove his vehicle at high speed from Bommanahalli side towards Garebavi Palya Junction on Hosur Main Road and at the same time Pedestrian Sri Venkatesh, who was crossing the road near the Garebavi Palya bus stop on the road, As a result of the collision, the 58-year-old fell on the pedestrian road and suffered severe blood injuries on his head, leg and face, and the motorcycle rider also sustained injuries. For treatment, the eyewitness Mr. Prabhu immediately admitted the injured to the nearby Prashant Hospital for treatment, but the treatment was ineffective. He is dead, so the cause of this accident is motorcycle no Complaint filed against KA-17-EN-8794 Mr. Anil Kumar, 22 years of age for prosecution etc.", "Hit and Run": "No", "Type of Collision": "Hit Pedestrian", "Cause of Collision": "Overspeeding", "Road": "Main Road", "Context": "At Bus Stop", "Infrastructure No": "No Footpath, No Speed Calming Elements", "Infrastructure Yes": "Crash Barriers, Service Road Barriers", "Additional": "Nearest FOB 1.7 km away. Nearest Intersection  260 m away. No continuous footpath to either", "General Comment": null, "Blackspot_Name": "Garvebhavipalaya", "Added": null, "Type of Collision Cleaned": "Hit Pedestrian", "Context Mapping": "Bus Stop", "Combinations": "Hit Pedestrian,Bus Stop", "Time of Day": "Midday 2 (3-6)" }, "geometry": { "type": "Point", "coordinates": [ 77.635651, 12.896293 ] } },
{ "type": "Feature", "properties": { "fid": 18, "FIR_No": "0110/2021", "PolSt": "Electronic City Traffic", "layer": "BC Pedestrian Fatality 2021", "ID": "0110/2021/Electronic City Traffic", "Sub Division": "HSR Layout Traffic Sub Divis", "Year": 2021, "Lat": 12.858195, "Long": 77.659118, "Count_Killed": 1, "Count_NonFatal": 0, "Total Victims": 1, "Victim Vehicle": "Pedestrian", "Victim Age": "60", "Victim Gender": "Male", "Victim02 Age": "-", "Victim02 Gender": "-", "Victim03 Age": "-", "Victim03 Gender": "-", "Accused Vehicle": "Unknown", "Accused Age": "Unknown", "Accused Gender": "Male", "Accused Vehicle 02": "-", "Accused Age 02": "-", "Accused Gender 02": "-", "Day": "Thursday", "Time Stamp": "20:30:00", "Full Address": "Nice road, Near Sri Balakrishnappa Hotel,, Biratena Agrahara, Electronic city", "Road Name": "Nice Road", "NH": "-", "FIR Contents": "A brief summary of this case is Date:04-11-2021 at about 8-30 pm Date:05-11-2021 at about 6-00 am Electronic City towards toll plaza near Shri Balakrishnappa's Hotel on Nice Road to the boundary of Electronic City Traffic Police Station. An unknown driver/rider who does not know a number on the road coming towards the city drives the vehicle at high speed and walks on the side of the road. Mr. Muniyallappa, 60-year-old, the uncle of the pedestrian who was passing by, fell down and died on the spot with injuries to his right knee, thigh, right shoulder and right side of his face. An unknown vehicle driver who did not know the accident number left without stopping the vehicle. Therefore, a complaint has been given that the cause of this accident should be found the unknown vehicle and driver of unknown number and appropriate legal action should be taken against him 16....", "Hit and Run": "Yes", "Type of Collision": "Hit Pedestrian walking along the road", "Cause of Collision": "Overspeeding", "Road": "Main Road", "Context": null, "Infrastructure No": "No Footpath, No Speed Calming Elements, No Signages", "Infrastructure Yes": "High Mast Light (2022)", "Additional": null, "General Comment": null, "Blackspot_Name": null, "Added": "added", "Type of Collision Cleaned": "Hit Pedestrian", "Context Mapping": "Along Main Road", "Combinations": "Hit Pedestrian,Along Main Road", "Time of Day": "Evening Rush Hour (6-9)" }, "geometry": { "type": "Point", "coordinates": [ 77.659118, 12.858195 ] } },
{ "type": "Feature", "properties": { "fid": 19, "FIR_No": "0113/2021", "PolSt": "Electronic City Traffic", "layer": "BC Pedestrian Fatality 2021", "ID": "0113/2021/Electronic City Traffic", "Sub Division": "HSR Layout Traffic Sub Divis", "Year": 2021, "Lat": 12.839933, "Long": 77.67687, "Count_Killed": 1, "Count_NonFatal": 0, "Total Victims": 1, "Victim Vehicle": "Pedestrian", "Victim Age": "38", "Victim Gender": "Male", "Victim02 Age": "-", "Victim02 Gender": "-", "Victim03 Age": "-", "Victim03 Gender": "-", "Accused Vehicle": "LMV", "Accused Age": "Unknown", "Accused Gender": "Male", "Accused Vehicle 02": "-", "Accused Age 02": "-", "Accused Gender 02": "-", "Day": "Tuesday", "Time Stamp": "15:40:00", "Full Address": "Hosur Main road, Near Veerasandra Junction,, Electronic city,,Bengaluru City , Karnataka, 560100", "Road Name": "Hosur-Bangalore Main Road", "NH": "NH 44", "FIR Contents": "The brief summary of this case is that on 09-11-2021 around 3-40 to 3-50 in the afternoon on the Hosur main road within the limits of Electronic City Traffic Police Station near Weerasandra Junction, an unknown Tata Ace (Container) driver speeding his vehicle from Agrahar side of Konappa towards Hebbagodi. He was driving and crossing the road from east to west Pedestrian Shri Chandrakumar, 38 years old, fell on the road and suffered severe bleeding injuries on his head. The Tata Ace driver who caused the accident left without stopping his vehicle. Then the injured will be admitted in an ambulance to the nearby Kaveri Hospital for treatment. The victim is receiving treatment in an unconscious state. Therefore, the driver of Tata Ace (Container) whose number is not known, who caused this accident, has been found and the complaint has been given to take appropriate legal action against him, etc.", "Hit and Run": "Yes", "Type of Collision": "Hit Pedestrian", "Cause of Collision": "Overspeeding", "Road": "Main Road", "Context": "At Intersection", "Infrastructure No": "Faded Crossings, No Speed Calming Elements, No Singages", "Infrastructure Yes": "Crash Barriers, Service Road Barriers", "Additional": null, "General Comment": null, "Blackspot_Name": "Veerasnadra Junction", "Added": null, "Type of Collision Cleaned": "Hit Pedestrian", "Context Mapping": "Intersection", "Combinations": "Hit Pedestrian,Intersection", "Time of Day": "Midday 2 (3-6)" }, "geometry": { "type": "Point", "coordinates": [ 77.676999399889766, 12.840092684415481 ] } },
{ "type": "Feature", "properties": { "fid": 20, "FIR_No": "0012/2021", "PolSt": "HSR Layout Traffic", "layer": "BC Pedestrian Fatality 2021", "ID": "0012/2021/HSR Layout Traffic", "Sub Division": "HSR Layout Traffic Sub Divis", "Year": 2021, "Lat": 12.908403, "Long": 77.628319, "Count_Killed": 1, "Count_NonFatal": 0, "Total Victims": 1, "Victim Vehicle": "Pedestrian", "Victim Age": "34", "Victim Gender": "Male", "Victim02 Age": "-", "Victim02 Gender": "-", "Victim03 Age": "-", "Victim03 Gender": "-", "Accused Vehicle": "Bus", "Accused Age": "25", "Accused Gender": "Male", "Accused Vehicle 02": "-", "Accused Age 02": "-", "Accused Gender 02": "-", "Day": "Friday", "Time Stamp": "08:30:00", "Full Address": "Near Vasundhara petrol pump, service road, Bommanahalli, Hosuru road,Bengaluru City , Karnataka, 560068", "Road Name": "Hosur-Bangalore Service Road", "NH": "NH 44", "FIR Contents": "Brief summary of this case is that on date-12.03.2021 at about 08-30 AM \nAppellant along with his friend working as Team Leader in G-7 Tele Service Company. \nMr. Raju S B 34 yrs both used his motorcycle to go to Cudugate to meet his friend. \nVasundhara was riding on the Hosur main road from Silk Board side towards Kudugate. \nAs Raju's car ran out of petrol near the petrol station, both the cars stopped on the side of the road \nRaju was standing on the side of the service road to cross the Bommanahalli service road in his petrol truck. \nA Dhayananda Sagar University school bus on service road from Bommanahalli side towards Silk Board on time. \nDriver number KA-05-AJ-5884 Amar 25 years drove his bus too fast and recklessly. \nAs a result of which Mr. Raju collided with S B, he fell on the road, his head and other parts of his body \nThe part is not in a state of speaking as severe bleeding from the head. Plaintiffs \nFor treatment with the help of the public and the traffic police who came to the spot in the school bus that collided there \nHe was taken to St. John's Hospital and is being treated as an inpatient. So to this accident \nThe above mentioned school bus driver Amar 25 years demanded that appropriate legal action be taken against him. \nWritten complaint filed at the station etc.", "Hit and Run": "No", "Type of Collision": "Hit Pedestrian", "Cause of Collision": "Overspeeding", "Road": "Service Road", "Context": "Two way Service Road. Infront of Petrol Station", "Infrastructure No": "No Bus Lane, No footpath, No Segregation of Heavy Vehicles,No Speed Calming Elements, No Crossing, No Signages", "Infrastructure Yes": null, "Additional": null, "General Comment": null, "Blackspot_Name": "Bommanahalli Bus Stop", "Added": null, "Type of Collision Cleaned": "Hit Pedestrian", "Context Mapping": "Petrol Pump", "Combinations": "Hit Pedestrian,Petrol Pump", "Time of Day": "Morning Rush Hour (7-12)" }, "geometry": { "type": "Point", "coordinates": [ 77.628319, 12.908403 ] } },
{ "type": "Feature", "properties": { "fid": 21, "FIR_No": "0031/2021", "PolSt": "HSR Layout Traffic", "layer": "BC Pedestrian Fatality 2021", "ID": "0031/2021/HSR Layout Traffic", "Sub Division": "HSR Layout Traffic Sub Division", "Year": 2021, "Lat": 12.907943, "Long": 77.628617, "Count_Killed": 1, "Count_NonFatal": 0, "Total Victims": 1, "Victim Vehicle": "Pedestrian", "Victim Age": "33", "Victim Gender": "Male", "Victim02 Age": "-", "Victim02 Gender": "-", "Victim03 Age": "-", "Victim03 Gender": "-", "Accused Vehicle": "Lorry", "Accused Age": "Unknown", "Accused Gender": "Male", "Accused Vehicle 02": "-", "Accused Age 02": "-", "Accused Gender 02": "-", "Day": "Friday", "Time Stamp": "23:30:00", "Full Address": "Infront of ESSAR Petrol bunk Bommanahalli Junction, Service road Hosuru\nroad,Bengaluru City , Karnataka, 560068", "Road Name": "Hosur-Bangalore Service Road", "NH": "NH 44", "FIR Contents": "The summary of this case is that on 23.07.2021 at around 11.30 pm, when the complainant stopped in front of Bommanahalli ESSAR petrol station to pick up a passenger in our auto rickshaw, two Eicher goods carts stopped opposite on the left side of the service road, facing towards Bommanahalli junction..ready. The driver of the goods container belonging to Lakshita Transport came and moved the carriage forward, at this time a noise was heard from under the carriage, a thump was heard and he went to the spot where the container was and saw that there was a person under the carriage. Noticing that the cart was loaded above, he ran forward, at that time the goods canter no Seen as KA-01-AD-8148 with white and brown back. Then called 100 and informed about the accident, the traffic police came to the accident spot and along with the police went to the man who was riding in the goods cart and saw that his head and legs and other parts of the body were badly injured and he was bleeding and died. informed. Later the dead body was sent by the police to St. John's Hospital. As a result of this accident, the driver of the said goods moved the vehicle carelessly without paying attention to the person under his vehicle, the rear left wheel of the goods vehicle fell on his head, legs and body and he died.", "Hit and Run": "Yes", "Type of Collision": "Unknown", "Cause of Collision": "Rough Driving", "Road": "Service Road", "Context": null, "Infrastructure No": null, "Infrastructure Yes": null, "Additional": null, "General Comment": "Night Time", "Blackspot_Name": "Bommanahalli Bus Stop", "Added": null, "Type of Collision Cleaned": "Unknown", "Context Mapping": "Along Service Road", "Combinations": "Unknown,Along Service Road", "Time of Day": "Late Night (9-12)" }, "geometry": { "type": "Point", "coordinates": [ 77.628617, 12.907943 ] } },
{ "type": "Feature", "properties": { "fid": 22, "FIR_No": "0014/2021", "PolSt": "Hulimavu Traffic", "layer": "BC Pedestrian Fatality 2021", "ID": "0014/2021/Hulimavu Traffic", "Sub Division": "South East Traffic Sub Divisio", "Year": 2021, "Lat": 12.875214, "Long": 77.648596, "Count_Killed": 1, "Count_NonFatal": 0, "Total Victims": 1, "Victim Vehicle": "Pedestrian", "Victim Age": "46", "Victim Gender": "Male", "Victim02 Age": "-", "Victim02 Gender": "-", "Victim03 Age": "-", "Victim03 Gender": "-", "Accused Vehicle": "2W", "Accused Age": "Unknown", "Accused Gender": "Male", "Accused Vehicle 02": "-", "Accused Age 02": "-", "Accused Gender 02": "-", "Day": "Tuesday", "Time Stamp": "10:00:00", "Full Address": "Opp Petrol Bunk, Near Manipal County Road, Hosur Main Road, Singasandra,Bengaluru City , Karnataka, ", "Road Name": "Hosur-Bangalore Main Road", "NH": "NH 44", "FIR Contents": "The brief summary of this case is that on Date : 02/02/2021 at 10-00 am Malatesh, 46 years old, husband of the complainant was crossing the road from east to west on the Hosur main road in front of a petrol station near Manipal County from Singasandra when Hero Cynder drove from Electronic City towards Koodugate. Motorcycle no. The rider of KA-16-EA-1142 is Umesh \n\nMalatesh, a 46-year-old pedestrian who was crossing the road at a high speed and recklessly, hit his head when he fell down and suffered a blood injury and was unconscious. The cause of the said accident was Hero Cynder motorcycle No. Complaint filed against KA-16-EA-1142 rider Umesh etc.", "Hit and Run": "Maybe", "Type of Collision": "Hit Pedestrian", "Cause of Collision": "Overspeeding", "Road": "Service Road", "Context": "Infront of Petrol Station", "Infrastructure No": "No Crossing, No Speed Calming Elements, No Signages", "Infrastructure Yes": "Footpath, Crash Barriers, Service Road Barriers", "Additional": "Nearest Pedestrian Subway 400m away. Continuous Footpath till the subway. No Crossing. Subway entrance on the other side of the service road", "General Comment": null, "Blackspot_Name": null, "Added": null, "Type of Collision Cleaned": "Hit Pedestrian", "Context Mapping": "Petrol Pump", "Combinations": "Hit Pedestrian,Petrol Pump", "Time of Day": "Morning Rush Hour (7-12)" }, "geometry": { "type": "Point", "coordinates": [ 77.648596, 12.875214 ] } },
{ "type": "Feature", "properties": { "fid": 23, "FIR_No": "0040/2021", "PolSt": "Hulimavu Traffic", "layer": "BC Pedestrian Fatality 2021", "ID": "0040/2021/Hulimavu Traffic", "Sub Division": "South East Traffic Sub Divisio", "Year": 2021, "Lat": 12.877438, "Long": 77.647005, "Count_Killed": 1, "Count_NonFatal": 0, "Total Victims": 1, "Victim Vehicle": "Pedestrian", "Victim Age": "69", "Victim Gender": "Female", "Victim02 Age": "-", "Victim02 Gender": "-", "Victim03 Age": "-", "Victim03 Gender": "-", "Accused Vehicle": "LMV", "Accused Age": "Unknown", "Accused Gender": "Male", "Accused Vehicle 02": "-", "Accused Age 02": "-", "Accused Gender 02": "-", "Day": "Thursday", "Time Stamp": "12:45:00", "Full Address": "Near Singasadra Bustop, Towards Kudlu gate, Hosur main road,Bengaluru City\n, Karnataka,", "Road Name": "Hosur-Bangalore Main Road", "NH": "NH 44", "FIR Contents": "The brief summary of this case is that the mother of the complainant, Smt. Chinnamma Kom Late Shivanna, aged 69 years Date: 08/07/2021 at about 12.45 PM on Hosur Main Road near Singasandra Bus Stand towards Singasandra P.F Office while crossing the road towards Singasandra P.F Office Innova car no. TN-29-AM-2022 The driver of the vehicle was speeding and recklessly driving towards Kudu Gate from the Hosroad side and collided with the pedestrian. Take it and take it to another hospital After informing about the accident to the police who were on duty near Chikkabegur, the police took the injured to Prashant Hospital in the same vehicle and then admitted him to Sanjay Gandhi Hospital for further treatment. Then the doctor told the injured Chinnamar that he was severely injured on the right side and bleeding internally and he died at 5-30 pm today.\nTherefore, a complaint has been given in the hospital that appropriate legal action should be taken against the driver of TN-29-AM-2022 vehicle, Ibrahim, who caused this accident.", "Hit and Run": "No", "Type of Collision": "Hit Pedestrian", "Cause of Collision": "Overspeeding", "Road": "Main Road", "Context": "Near Bus Stop", "Infrastructure No": "No Crossing, No Speed Calming Elements, No Signages", "Infrastructure Yes": "Crash Barriers, Service Road Barriers", "Additional": "Break in Service Road Barriers near Bus Stop.  Nearest Subway 113 m awway. Footpath on service road - towards the shops. Entrance to Subway on the other side - entry from the road.", "General Comment": null, "Blackspot_Name": "Singasandra Bus Stop", "Added": null, "Type of Collision Cleaned": "Hit Pedestrian", "Context Mapping": "Bus Stop", "Combinations": "Hit Pedestrian,Bus Stop", "Time of Day": "Midday 1 (12-3)" }, "geometry": { "type": "Point", "coordinates": [ 77.647005, 12.877438 ] } },
{ "type": "Feature", "properties": { "fid": 24, "FIR_No": "0015/2021", "PolSt": "Madiwala Traffic", "layer": "BC Pedestrian Fatality 2021", "ID": "0015/2021/Madiwala Traffic", "Sub Division": "HSR Layout Traffic Sub Divis", "Year": 2021, "Lat": 12.894375, "Long": 77.636791, "Count_Killed": 1, "Count_NonFatal": 0, "Total Victims": 1, "Victim Vehicle": "Pedestrian", "Victim Age": "50", "Victim Gender": "Male", "Victim02 Age": "-", "Victim02 Gender": "-", "Victim03 Age": "-", "Victim03 Gender": "-", "Accused Vehicle": "2W", "Accused Age": "Unknown", "Accused Gender": "Male", "Accused Vehicle 02": "-", "Accused Age 02": "-", "Accused Gender 02": "-", "Day": "Monday", "Time Stamp": "13:05:00", "Full Address": "Garvebavipalya Junction, Hosur Mai road,Bengaluru City , Karnataka, 560068", "Road Name": "Hosur-Bangalore Main Road", "NH": "NH 44", "FIR Contents": "The brief summary of this case is that, Date:- On 26-04-2021 at about 01-05 PM, a rider of a Pulsar motorcycle with registration number KA-03-GM-8184 was riding his motorcycle near Garvebavipalya Junction on Hosur Main Road from Kudu Gate towards Bommanahalli. towards i.e. from south direction to north direction very fast and Pedestrian man Shri. Ramshray's father, Pradehi, about 50 years old, fell down on the road after colliding with him. As a result, Ramshray, a pedestrian, sustained severe injuries on his head and left leg. Immediately the injured was sent to St. John's Hospital for treatment in a passenger autorickshaw joined by the plaintiffs and members of the public. A statement made by the complainant Mr. Laxman that a complaint should be filed and legal action taken against the rider of the Pulsar motorcycle registration number KA-03-JM-8184 which caused the accident.", "Hit and Run": "Maybe", "Type of Collision": "Hit Pedestrian", "Cause of Collision": "Overspeeding", "Road": "Main Road", "Context": "Near Merge Point with Turning  (Silk board intersection)", "Infrastructure No": "No Footpath, No Speed Calming Elements", "Infrastructure Yes": "Faded Crossings, Signal", "Additional": "There might be an informal bus stop at the intersection. Groups of people standing on the side", "General Comment": null, "Blackspot_Name": "Garvebhavipalaya", "Added": null, "Type of Collision Cleaned": "Hit Pedestrian", "Context Mapping": "Access Point", "Combinations": "Hit Pedestrian,Access Point", "Time of Day": "Midday 1 (12-3)" }, "geometry": { "type": "Point", "coordinates": [ 77.636791, 12.894375 ] } },
{ "type": "Feature", "properties": { "fid": 25, "FIR_No": "0028/2021", "PolSt": "Madiwala Traffic", "layer": "BC Pedestrian Fatality 2021", "ID": "0028/2021/Madiwala Traffic", "Sub Division": "South East Traffic Sub Division", "Year": 2021, "Lat": 12.909823, "Long": 77.627113, "Count_Killed": 1, "Count_NonFatal": 0, "Total Victims": 1, "Victim Vehicle": "Pedestrian", "Victim Age": "55", "Victim Gender": "Male", "Victim02 Age": "-", "Victim02 Gender": "-", "Victim03 Age": "-", "Victim03 Gender": "-", "Accused Vehicle": "Lorry", "Accused Age": "Unknown", "Accused Gender": "Male", "Accused Vehicle 02": "-", "Accused Age 02": "-", "Accused Gender 02": "-", "Day": "Wednesday", "Time Stamp": "21:30:00", "Full Address": "Near Vasundara petrol pump, Rupena agrahara, Elyvated Fly Over down\nramp,Bengaluru City , Karnataka", "Road Name": "Hosur-Bangalore Main Road", "NH": "NH 44", "FIR Contents": "The brief summary of this case is that on Date: 07-07-2021 at about 09-30 PM, the driver of an Ashok Ley Land Goods Vehicle Registration No. KA-53-AA-1032 with a full cylinder entered the Elevated Fire Over Down Ramp on Hosur Main Road. Near Rupana Agrahara Vasundara Petrol Station, Silk Board from Electronic City side It is said that an unidentified male pedestrian who was crossing the road from Vasundara petrol station towards Bommanahalli, who was driving at a high speed towards Tumbha, collided with a man aged around 55 to 60 years, received severe injuries on his head and right thigh and died on the way to St. John's Hospital. The driver of the goods vehicle left the place with his vehicle Mr. who is an eyewitness that went and found the vehicle and took legal action. Vinay Kumar. K.S., aged about 36 years dated: 08-07-2021 between 00-15 AM and received the written complaint of Police Station No. 28/2021 Section: 187 including 279, 304(A) IPC and 134(A&B) The first current report is filed as per IMV Act.", "Hit and Run": "Yes", "Type of Collision": "Hit Pedestrian", "Cause of Collision": "Overspeeding", "Road": "Main Road", "Context": "At Down Ramp", "Infrastructure No": "No Crossing, No Speed Calming Elements, No Signages, No Signal", "Infrastructure Yes": "Crash Barriers, Service Road Barriers", "Additional": "Break in Median near Down Ramp. Nearest Intersection with Crossing 350m away - No Continuous footpath till the intersection", "General Comment": "Speed Regulatory Signage, Rumbe Strips, Signal installed in 2023", "Blackspot_Name": "Bommanahalli Bus Stop", "Added": null, "Type of Collision Cleaned": "Hit Pedestrian", "Context Mapping": "Up/Down Ramps", "Combinations": "Hit Pedestrian,Up/Down Ramps", "Time of Day": "Late Night (9-12)" }, "geometry": { "type": "Point", "coordinates": [ 77.627113, 12.909823 ] } },
{ "type": "Feature", "properties": { "fid": 26, "FIR_No": "0051/2021", "PolSt": "Madiwala Traffic", "layer": "BC Pedestrian Fatality 2021", "ID": "0051/2021/Madiwala Traffic", "Sub Division": "South East Traffic Sub Division", "Year": 2021, "Lat": 12.914489, "Long": 77.624262, "Count_Killed": 1, "Count_NonFatal": 0, "Total Victims": 1, "Victim Vehicle": "Pedestrian", "Victim Age": "59", "Victim Gender": "Male", "Victim02 Age": "-", "Victim02 Gender": "-", "Victim03 Age": "-", "Victim03 Gender": "-", "Accused Vehicle": "LMV", "Accused Age": "Unknown", "Accused Gender": "Male", "Accused Vehicle 02": "-", "Accused Age 02": "-", "Accused Gender 02": "-", "Day": "Friday", "Time Stamp": "13:05:00", "Full Address": "Near Silk Board Fly Over Upramp, Rupena Agrahara, Hosur Main\nRoad,Bengaluru City , Karnataka,", "Road Name": "Hosur-Bangalore Main Road", "NH": "NH 44", "FIR Contents": "The brief summary of this case is that on Date: 19-11-2021 at about 01-05 PM the driver of a yellow colored mini goods vehicle recklessly drove his vehicle near Rupana Agrahara on Hosur Main Road, near Silk Board Fy over up ramp towards Bommanahalli towards Madiwala. Take the said road from the hospital side towards the metro station Mr. Pedestrian who was walking and crossing. Selvam, about 59 years old, got a bloody injury on his forehead due to the collision, got first aid at Prashant Hospital, Bommanahalli, and was admitted to Nimmans Hospital as an inpatient for further treatment. Goods vehicle should be found and legal action should be taken, Mr. L. Yaqoob, aged about 35 years Date: 20-11-2021 at 01-15 AM in the morning at the police station and received the statement complaint filed in Police Station Case No. 51/2021 Section: 279, 304(A) IPC and 134(A&B) 187 of the I.M.V. Act A current report is recorded.", "Hit and Run": "Maybe", "Type of Collision": "Hit Pedestrian", "Cause of Collision": "Rough Driving", "Road": "Main Road", "Context": "At Up ramp, At merge point", "Infrastructure No": "No Crossing, No Speed Calming Elements, No Signages, No Signal", "Infrastructure Yes": "Crash Barriers, Service Road Barriers", "Additional": "Break in Median near streetlighs. Nearest Intersection 250 m away. No Crossing at intersection, No continuous footpath till the intersection", "General Comment": null, "Blackspot_Name": "Silkboard Bus Stop", "Added": null, "Type of Collision Cleaned": "Hit Pedestrian", "Context Mapping": "Access Point", "Combinations": "Hit Pedestrian,Access Point", "Time of Day": "Midday 1 (12-3)" }, "geometry": { "type": "Point", "coordinates": [ 77.624262, 12.914489 ] } },
{ "type": "Feature", "properties": { "fid": 27, "FIR_No": "0056/2021", "PolSt": "Madiwala Traffic", "layer": "BC Pedestrian Fatality 2021", "ID": "0056/2021/Madiwala Traffic", "Sub Division": "South East Traffic Sub Divisio", "Year": 2021, "Lat": 12.916093, "Long": 77.623346, "Count_Killed": 1, "Count_NonFatal": 0, "Total Victims": 1, "Victim Vehicle": "Pedestrian", "Victim Age": "45", "Victim Gender": "Male", "Victim02 Age": "-", "Victim02 Gender": "-", "Victim03 Age": "-", "Victim03 Gender": "-", "Accused Vehicle": "Unknown", "Accused Age": "Unknown", "Accused Gender": "Male", "Accused Vehicle 02": "-", "Accused Age 02": "-", "Accused Gender 02": "-", "Day": "Monday", "Time Stamp": "00:20:00", "Full Address": "Opp Central Silk Board Building, B.T.M Ring Road, Beside Metro Pillor No\n192,Bengaluru City , Karnataka", "Road Name": "Hosur-Bangalore Main Road", "NH": "NH 44", "FIR Contents": "The brief summary of this case is that Mr. Mallinath Ilkeri, PC-15702 Dated: 20-12-2021 Morning \n\nJawa was performing traffic control duty near Silk Board Junction at around 00-20 hours when Thana S.O Shri. Tippeswamy made a phone call from Silk Board Junction to B.T.M. 29th Main road towards Junction B.T.M. On being informed by the control room that there has been an accident on the ring road, B.T.M. On the road from Silk Board Junction towards 29th Main Road Junction on Ring Road, in front of Central Silk Board Building, near Metro Rail Pillar No. 192, a male pedestrian, aged around 45 years, was lying on the road, bleeding from the nose, and was not in a condition to speak. Meanwhile, 108 Ambulance arrived at the spot in vehicle registration number KA-40-G-483 and took the injured to St. John's Hospital in Koramangala and admitted him as an in-patient. Called the phone number 9742988632 which was in a book in the pocket of the injured. Tell him to come to St. John's Hospital, he immediately went to St. John's Hospital The injured Mr. Mr. Kumar, about 45 years old, has been taken to Salem Government Hospital in Tamil Nadu for further treatment and Mr. Shri. Written complaint filed by Mallinath Yilkeri dated: 20-12-2021 at 12-15 noon, etc.", "Hit and Run": "Maybe", "Type of Collision": "Hit Pedestrian", "Cause of Collision": "Unknown", "Road": "Main Road", "Context": "Silk Board", "Infrastructure No": "Footpath only towards buildings - people walking on other side. No Crossing, No Signages, No Speed Calming", "Infrastructure Yes": null, "Additional": null, "General Comment": null, "Blackspot_Name": "Silkboard Bus Stop", "Added": null, "Type of Collision Cleaned": "Hit Pedestrian", "Context Mapping": "Along Main Road", "Combinations": "Hit Pedestrian,Along Main Road", "Time of Day": "Mid Night(12-4)" }, "geometry": { "type": "Point", "coordinates": [ 77.623346, 12.916093 ] } },
{ "type": "Feature", "properties": { "fid": 28, "FIR_No": "2022/0032", "PolSt": "Electronic City Traffic", "layer": "BC Pedestrian Fatality 2022", "ID": "2022/0032/Electronic City Traffic", "Sub Division": "HSR Layout Traffic Sub Divis", "Year": 2022, "Lat": 12.885926, "Long": 77.641876, "Count_Killed": 1, "Count_NonFatal": 0, "Total Victims": 1, "Victim Vehicle": "Pedestrian", "Victim Age": "30", "Victim Gender": "Male", "Victim02 Age": "-", "Victim02 Gender": "-", "Victim03 Age": "-", "Victim03 Gender": "-", "Accused Vehicle": "LMV", "Accused Age": "35", "Accused Gender": "Male", "Accused Vehicle 02": "-", "Accused Age 02": "-", "Accused Gender 02": "-", "Day": "Friday", "Time Stamp": "19:10:00", "Full Address": "Hosur Main road, Inbitween Pillar No 86 & 87,, Singasandra,,Bengaluru City , Karnataka, 560068", "Road Name": "Hosur-Bangalore Main Road", "NH": "NH 44", "FIR Contents": "The brief summary of this case is that on 18-03-2022 at around 7-10 PM, Mr. Rakesh, the driver of car No. KA-05-MM-3440, was on the Hosur Main Road within the limits of Electronic City Traffic Police Station between Py over Pillar No. 86 & 87. .R, 35 years old, drove his vehicle towards Hosaraste (Naganathpura) Junction from Kudugate Junction. Pedestrian Mr. Rakesh Kumar Ram, who was crossing the road from west to east side by driving his vehicle fast and recklessly, collided with the 30-year-old pedestrian and fell on the front glass of the car, then fell on the road and remained unconscious due to severe bleeding injuries on the head. The driver of the said car immediately took the injured to the nearby Kaveri Hospital for treatment in an autorickshaw, and the hospital doctor who examined the injured said that the injured died on the way to the hospital. Therefore, a complaint has been filed against Mr. Rakesh R, 35 years old, the driver of car no. KA-05-MM-3440, who caused this accident, etc.", "Hit and Run": "No", "Type of Collision": "Hit Pedestrian", "Cause of Collision": "Overspeeding", "Road": "Main Road", "Context": null, "Infrastructure No": "No Crossing, No Speed Calming Elements, No Signage", "Infrastructure Yes": null, "Additional": "Nearest FOB 1km away. Nearest Junction 400 m away but service road blocked", "General Comment": "Capture 2023, they have now installed crash barriers at the highway median. There are no median openings", "Blackspot_Name": null, "Added": null, "Type of Collision Cleaned": "Hit Pedestrian", "Context Mapping": "Along Main Road", "Combinations": "Hit Pedestrian,Along Main Road", "Time of Day": "Evening Rush Hour (6-9)" }, "geometry": { "type": "Point", "coordinates": [ 77.641876, 12.885926 ] } },
{ "type": "Feature", "properties": { "fid": 29, "FIR_No": "2022/0056", "PolSt": "Electronic City Traffic", "layer": "BC Pedestrian Fatality 2022", "ID": "2022/0056/Electronic City Traffic", "Sub Division": "HSR Layout Traffic Sub Divis", "Year": 2022, "Lat": 12.870452, "Long": 77.653173, "Count_Killed": 1, "Count_NonFatal": 0, "Total Victims": 1, "Victim Vehicle": "Pedestrian", "Victim Age": "57", "Victim Gender": "Male", "Victim02 Age": "-", "Victim02 Gender": "-", "Victim03 Age": "-", "Victim03 Gender": "-", "Accused Vehicle": "Bus", "Accused Age": "23", "Accused Gender": "Male", "Accused Vehicle 02": "-", "Accused Age 02": "-", "Accused Gender 02": "-", "Day": "Wednesday", "Time Stamp": "14:40:00", "Full Address": "Near Karnataka Bekary , Hosuru Main Road Service Road", "Road Name": "Hosur-Bangalore Service Road", "NH": "NH 44", "FIR Contents": "The brief summary of this case is that on Date: 11.05.2022 at about 14-40 hrs in the afternoon, Manu R, driver of Tata Ace Vehicle No. KA-66-1603, near Singasandra Karnataka Bakery on Service Road, Hosur Road, was speeding and recklessly driving his vehicle towards Koodoogate from Singasandra side. Go towards Karnataka Bakery on the said service road and water A pedestrian who was crossing the road to fetch a bottle collided with the driver of BMTC bus number KA-57 F-0938 Mr. Ravinath aged 57 years. As a result, the pedestrian fell on the road and suffered severe injuries on the head and other parts of the body. And the public who saw the accident should give first aid at Singasandra's asthmatic hospital for treatment Later, he was taken to Nimmans Hospital for further treatment and the doctors confirmed that he was dead in the hospital where he was brought for treatment at around 16-50 pm on the same day. The driver of the Tata Ace which caused the accident came near and saw the injured, gave his name to the complainant and left. Therefore, a complaint has been given that the driver of the Tata Ace vehicle number KA-66-1603 Mr. Manu R, who caused the above accident, should be found and prosecuted.", "Hit and Run": "No", "Type of Collision": "Hit Pedestrian", "Cause of Collision": "Overspeeding", "Road": "Service Road", "Context": "At intersection and merge point", "Infrastructure No": " No Bus Lane, No Crossing, No Signage, Discontinued Service Lane Barricade, No Footpath, No Speed Calming", "Infrastructure Yes": null, "Additional": null, "General Comment": null, "Blackspot_Name": "Hosa Road Junction", "Added": null, "Type of Collision Cleaned": "Hit Pedestrian", "Context Mapping": "Access Point", "Combinations": "Hit Pedestrian,Access Point", "Time of Day": "Midday 1 (12-3)" }, "geometry": { "type": "Point", "coordinates": [ 77.653173, 12.870452 ] } },
{ "type": "Feature", "properties": { "fid": 30, "FIR_No": "2022/0071", "PolSt": "Electronic City Traffic", "layer": "BC Pedestrian Fatality 2022", "ID": "2022/0071/Electronic City Traffic", "Sub Division": "HSR Layout Traffic Sub Divis", "Year": 2022, "Lat": 12.849905, "Long": 77.669284, "Count_Killed": 1, "Count_NonFatal": 0, "Total Victims": 1, "Victim Vehicle": "Pedestrian", "Victim Age": "49", "Victim Gender": "Male", "Victim02 Age": "-", "Victim02 Gender": "-", "Victim03 Age": "-", "Victim03 Gender": "-", "Accused Vehicle": "Lorry", "Accused Age": "Unknown", "Accused Gender": "Male", "Accused Vehicle 02": "-", "Accused Age 02": "-", "Accused Gender 02": "-", "Day": "Thursday", "Time Stamp": "19:00:00", "Full Address": "Near Eleveted Flyover No.243, Hosur Main Road, Electronic city,Bengaluru City", "Road Name": "Hosur-Bangalore Main Road", "NH": "NH 44", "FIR Contents": "The brief summary of this case is that on 09-06-2022 at about 7-00 PM to 7-10 PM, an unidentified driver of an unidentified vehicle with unknown number plate near Pillar No. 243 (Electronic City Bus Stand) on Hosur Main Road within the limits of Electronic City Traffic Police Station. The vehicle was being driven from Agrahara side of Konappa towards Weerasandra in a fast and reckless manner and was crossing the road. Pedestrian Mr. Marappa, 49 years old, fell on the road after colliding with him and died on the spot due to severe head injuries. The unknown driver of the accident had left without stopping his vehicle. Therefore, a complaint has been filed that the unknown vehicle and driver whose number is unknown should be found and appropriate legal action should be taken against the driver.", "Hit and Run": "Yes", "Type of Collision": "Hit Pedestrian", "Cause of Collision": "Overspeeding", "Road": "Main Road", "Context": null, "Infrastructure No": "No continuous footpath to FOB. Intersection isnt pedestrian friendly. FOB starts from between service rod and main road and no crossings to reach there.", "Infrastructure Yes": null, "Additional": "Nearest FOB Electronic City Junction 300m away", "General Comment": "Capture 2023, they have now installed crash barriers at the highway median. There are no median openings", "Blackspot_Name": "Electronic City Bus Stop", "Added": null, "Type of Collision Cleaned": "Hit Pedestrian", "Context Mapping": "Along Main Road", "Combinations": "Hit Pedestrian,Along Main Road", "Time of Day": "Evening Rush Hour (6-9)" }, "geometry": { "type": "Point", "coordinates": [ 77.669284, 12.849905 ] } },
{ "type": "Feature", "properties": { "fid": 31, "FIR_No": "2022/0121", "PolSt": "Electronic City Traffic", "layer": "BC Pedestrian Fatality 2022", "ID": "2022/0121/Electronic City Traffic", "Sub Division": "HSR Layout Traffic Sub Divis", "Year": 2022, "Lat": 12.859968, "Long": 77.661286, "Count_Killed": 1, "Count_NonFatal": 0, "Total Victims": 1, "Victim Vehicle": "Pedestrian", "Victim Age": "38", "Victim Gender": "Male", "Victim02 Age": "-", "Victim02 Gender": "-", "Victim03 Age": "-", "Victim03 Gender": "-", "Accused Vehicle": "Bus", "Accused Age": "Unknown", "Accused Gender": "Male", "Accused Vehicle 02": "-", "Accused Age 02": "-", "Accused Gender 02": "-", "Day": "Monday", "Time Stamp": "05:50:00", "Full Address": "Near Navaneet Motors Car Showroom, BETPL Elevated Fly Over , Hosur Main Road,Bengaluru City , Karnataka, 560100", "Road Name": "Hosur-Bangalore Main Road", "NH": "NH 44", "FIR Contents": "Brief summary of this case is that Date: 29/08/2022 at about 5-50 AM to 6-10 AM on Hosur Main Road at Elevated Pvt.. Over Road. The driver of an unknown vehicle from Silk Board towards Electronic City drove his vehicle fast and recklessly and at the same time Avanish Vishwakarma, 38 years of age, who was walking near Navneet Motors car showroom on Elevated Priover Road, collided with the pedestrian. , the driver of the accident vehicle along with his vehicle He is a fugitive. Complaints made to find the vehicle and the driver who ran away after the accident and take legal action etc.", "Hit and Run": "Yes", "Type of Collision": "Hit Pedestrian", "Cause of Collision": "Overspeeding", "Road": "Main Road", "Context": null, "Infrastructure No": "No Crossing, No Speed Calming Elements,. No continuous footpath to FOB", "Infrastructure Yes": null, "Additional": "Nearest FOB 400m away.", "General Comment": null, "Blackspot_Name": null, "Added": null, "Type of Collision Cleaned": "Hit Pedestrian", "Context Mapping": "Along Main Road", "Combinations": "Hit Pedestrian,Along Main Road", "Time of Day": "Early Morning (4-7)" }, "geometry": { "type": "Point", "coordinates": [ 77.661286, 12.859968 ] } },
{ "type": "Feature", "properties": { "fid": 32, "FIR_No": "0102/2022", "PolSt": "Hebbagodi PS", "layer": "BC Pedestrian Fatality 2022", "ID": "0102/2022/Hebbagodi PS", "Sub Division": "Anekal Sub Division", "Year": 2022, "Lat": 12.82199, "Long": 77.68628, "Count_Killed": 1, "Count_NonFatal": 0, "Total Victims": 1, "Victim Vehicle": "Pedestrian", "Victim Age": "25", "Victim Gender": "Male", "Victim02 Age": "-", "Victim02 Gender": "-", "Victim03 Age": "-", "Victim03 Gender": "-", "Accused Vehicle": "Bus", "Accused Age": "Unknown", "Accused Gender": "Male", "Accused Vehicle 02": "-", "Accused Age 02": "-", "Accused Gender 02": "-", "Day": "Monday", "Time Stamp": "14:30:00", "Full Address": "BOMMASANDRA BUS STOP, ANEKAL TQ,Bengaluru Dist , Karnataka,", "Road Name": "Hosur-Bangalore Main Road", "NH": "NH 44", "FIR Contents": "The gist of the complaint filed by the complainants on 18/04/2022 is that I, Nagaraja N.R. hereby appeal to them that on this day 18-04-2022 Bharat and I have been appointed as Route Patrolling Officers in the Route Patrolling Vehicle and accordingly we are Hosur- We were patrolling the Bangalore NH 7 road. Around 02:30 in the afternoon while patrolling Bangalore-Hosur NH 7 road, the driver of our National Authority Ambulance called and informed that there was an accident in front of Bommasandra Bus Stand on Bommasandra Service Road. The said person because he moved the bus carelessly The person was pronounced dead on the spot after falling from the bus and the rear wheels of the bus fell on the person's head. Later, the dead person was found to be a 25- to 30-year-old male. I do not know the name and address of the said person, so I request to take legal action against the above KA 57 F 3385 BM TC bus driver who caused this accident.", "Hit and Run": "Maybe", "Type of Collision": "Hit Pedestrian", "Cause of Collision": "While Getting off the Bus", "Road": "Main Road", "Context": "Near Bus Stop", "Infrastructure No": null, "Infrastructure Yes": null, "Additional": null, "General Comment": null, "Blackspot_Name": "Bommasandra Metro Station", "Added": null, "Type of Collision Cleaned": "Hit Pedestrian", "Context Mapping": "Bus Stop", "Combinations": "Hit Pedestrian,Bus Stop", "Time of Day": "Midday 1 (12-3)" }, "geometry": { "type": "Point", "coordinates": [ 77.68628, 12.82199 ] } },
{ "type": "Feature", "properties": { "fid": 33, "FIR_No": "2022/0078", "PolSt": "Hulimavu Traffic", "layer": "BC Pedestrian Fatality 2022", "ID": "2022/0078/Hulimavu Traffic", "Sub Division": "South East Traffic Sub Divisio", "Year": 2022, "Lat": 12.88977, "Long": 77.63953, "Count_Killed": 1, "Count_NonFatal": 0, "Total Victims": 1, "Victim Vehicle": "Pedestrian", "Victim Age": "65", "Victim Gender": "Male", "Victim02 Age": "-", "Victim02 Gender": "-", "Victim03 Age": "-", "Victim03 Gender": "-", "Accused Vehicle": "LMV", "Accused Age": "41", "Accused Gender": "Male", "Accused Vehicle 02": "-", "Accused Age 02": "-", "Accused Gender 02": "-", "Day": "Sunday", "Time Stamp": "10:30:00", "Full Address": "Near Kudlu gate,, Hosuru Main Road,Bengaluru City , Karnataka, 560068", "Road Name": "Hosur-Bangalore Main Road", "NH": "NH 44", "FIR Contents": "The brief summary of this case is that on date : 28/08/2022 at 10-50 am, Arun.M, the plaintiff's grandson, was called by St. John's Hospital and told that Annamalai had an accident and was brought to St. John's Hospital and was in the emergency ward. Immediately, the plaintiff Smt. Munimal Co Annamalai.P, 60 years old came to St. John's Hospital with his relatives and the injured Annamalai.P., 65 years old fell on the head and was bleeding and was not in a condition to speak. Then Sukesh, who had brought the injured to the hospital, was in the hospital. SUZUKI A STAR CAR NO. KL-45-G-7212 while going from Koodoo towards Madiwala near Koodoogate signal on Hosur main road when he was crossing the road from Kodoogate Metro Station towards Ika Hotel and then he was taken in his car and taken to Prashant Hospital and then to St. John's Hospital Emergency Ward for further treatment. He said that he had come and registered. Later the doctor of the hospital was inquired and he said that he would do a CT scan and perform an operation on the head.So Maruti Suzuki A Star car no. Sukesh, the driver of KL-45-G-7212, was driving his vehicle at high speed and recklessly and hit her husband, Annamalai.P., 65, who was crossing the road near Kudugate. With his grandson, Bharat, that appropriate legal action should be taken against him Written complaint etc.", "Hit and Run": "No", "Type of Collision": "Hit Pedestrian", "Cause of Collision": "Overspeeding", "Road": "Main Road", "Context": "From Metro to other side", "Infrastructure No": "No Crossing, No Speed Calming Elements,. No continuous footpath", "Infrastructure Yes": "Mandatory Speed Limit Signages", "Additional": "Nearest Intersection 100m away. No footpath to the intersection. No crossing and refuge at the intersection", "General Comment": "Capture 2023, they have now installed crash barriers at the highway median. There are no median openings", "Blackspot_Name": null, "Added": null, "Type of Collision Cleaned": "Hit Pedestrian", "Context Mapping": "Along Main Road", "Combinations": "Hit Pedestrian,Along Main Road", "Time of Day": "Morning Rush Hour (7-12)" }, "geometry": { "type": "Point", "coordinates": [ 77.63953, 12.88977 ] } },
{ "type": "Feature", "properties": { "fid": 34, "FIR_No": "0001/2020", "PolSt": "Electronic City Traffic", "layer": "BC Vehicular Crash 2020", "ID": "0001/2020/Electronic City Traffic", "Sub Division": "HSR Layout Traffic Sub Divis", "Year": 2020, "Lat": 12.85106, "Long": 77.6681, "Count_Killed": 1, "Count_NonFatal": 0, "Total Victims": 1, "Victim Vehicle": "Self", "Victim Age": "24", "Victim Gender": "Male", "Victim02 Age": "-", "Victim02 Gender": "-", "Victim03 Age": "-", "Victim03 Gender": "-", "Accused Vehicle": "2W", "Accused Age": "Self", "Accused Gender": "Self", "Accused Vehicle 02": "-", "Accused Age 02": "-", "Accused Gender 02": "-", "Day": "Tuesday", "Time Stamp": "23:55:00", "Full Address": "Hosur Main road, Near Surakshaa Car Show Room,, Konappana Agrahara, Electronic city post,,Bengaluru City , Karnataka, 560100", "Road Name": "Hosur-Bangalore Main Road", "NH": "NH 44", "FIR Contents": "The brief summary of this case is Date: 31-12-2019 at about 11-55 PM on Hosur Main Road within the limits of Electronic City Traffic Police Station... in front of Electronic City Suraksha Car Showroom Honda Dio Scooter No. KA-51-HF-2513 The rider, Mr. Abhishek Gowda, 24 years old, was under the influence of alcohol without wearing a helmet. As the vehicle was driven from Veerasandra side towards Agrahara in Konappa at high speed and hit the center median, it fell on the road along with the vehicle and the vehicle got injured and the rider Mr. Abhishek Gowda died on the spot due to severe blood injuries on the head, so further legal action should be taken in this regard. ....", "Hit and Run": "No", "Type of Collision": "Hit fixed object", "Cause of Collision": "Drinking and Driving", "Road": "Main Road", "Context": "Hit the median", "Infrastructure No": null, "Infrastructure Yes": null, "Additional": null, "General Comment": null, "Blackspot_Name": "Electronic City Bus Stop", "Added": null, "Type of Collision Cleaned": "Hit fixed object", "Context Mapping": "Along Main Road", "Combinations": "Hit fixed object,Along Main Road", "Time of Day": "Late Night (9-12)" }, "geometry": { "type": "Point", "coordinates": [ 77.6681, 12.85106 ] } },
{ "type": "Feature", "properties": { "fid": 35, "FIR_No": "0004/2020", "PolSt": "Electronic City Traffic", "layer": "BC Vehicular Crash 2020", "ID": "0004/2020/Electronic City Traffic", "Sub Division": "HSR Layout Traffic Sub Divis", "Year": 2020, "Lat": 12.85849, "Long": 77.66241, "Count_Killed": 1, "Count_NonFatal": 0, "Total Victims": 1, "Victim Vehicle": "Self", "Victim Age": "22", "Victim Gender": "Male", "Victim02 Age": "-", "Victim02 Gender": "-", "Victim03 Age": "-", "Victim03 Gender": "-", "Accused Vehicle": "2W", "Accused Age": "Self", "Accused Gender": "Self", "Accused Vehicle 02": "-", "Accused Age 02": "-", "Accused Gender 02": "-", "Day": "Saturday", "Time Stamp": "22:15:00", "Full Address": "Elevated Fly over road, Near PES college,, Konappana Agrahara, Electronic city,,Bengaluru City , Karnataka, 560100", "Road Name": "Elevated Fly over", "NH": "NH 44", "FIR Contents": "The brief summary of this case is that on 04-01-2020 at about 10-15 hrs at night on Elevated P. Over Road from Silk Board side towards Electronic City, Motorcycle No. KA-01-HG near P.E.S College. - The rider of 2943 Mr. Harish A, 22 years of age was driving the vehicle at high speed and lost control and skidded on the road. He fell down and got severe blood injuries on his head, he was immediately taken to the nearby Ramakrishna Hospital for treatment and after being examined by a doctor, he was told that he died on the way to the hospital. Hence the complaint filed that further legal action should be taken in this regard etc..", "Hit and Run": "No", "Type of Collision": "Skidding", "Cause of Collision": "Overspeeding", "Road": "Elevated Road", "Context": null, "Infrastructure No": null, "Infrastructure Yes": null, "Additional": null, "General Comment": null, "Blackspot_Name": null, "Added": null, "Type of Collision Cleaned": "Skidding", "Context Mapping": "Other", "Combinations": "Skidding,Other", "Time of Day": "Late Night (9-12)" }, "geometry": { "type": "Point", "coordinates": [ 77.66241, 12.85849 ] } },
{ "type": "Feature", "properties": { "fid": 36, "FIR_No": "0014/2020", "PolSt": "Electronic City Traffic", "layer": "BC Vehicular Crash 2020", "ID": "0014/2020/Electronic City Traffic", "Sub Division": "HSR Layout Traffic Sub Divis", "Year": 2020, "Lat": 12.83997, "Long": 77.67682, "Count_Killed": 2, "Count_NonFatal": 1, "Total Victims": 3, "Victim Vehicle": "2W", "Victim Age": "31", "Victim Gender": "Male", "Victim02 Age": "28", "Victim02 Gender": "Male", "Victim03 Age": "-", "Victim03 Gender": "-", "Accused Vehicle": "Lorry", "Accused Age": "Unknown", "Accused Gender": "Male", "Accused Vehicle 02": "-", "Accused Age 02": "Unknown", "Accused Gender 02": "male", "Day": "Sunday", "Time Stamp": "19:45:00", "Full Address": "Hosur Main road, Near Veerasandra Junction,, Electronic city,,Bengaluru City , Karnataka, 560100", "Road Name": "Hosur-Bangalore Main Road", "NH": "NH 44", "FIR Contents": "The brief summary of this case is that on 19-01-2020 at about 7-45 PM on the Hosur main road on the way from Hebbagodi towards Konappa Agrahara. Near Weerasandra Signal the driver of trailer lorry No. NL-02-N-7611 drove his vehicle fast and recklessly and collided with the scooter No. KA-51-AE-7981 in front of him, killing the rider Mr. Sunny Pathak, 26 years and rear passenger Mr. Paban Thakur. , 31-year-old fell on the road along with the vehicle and the trailer was on the right side of the lorry. The rear wheel rider, Mr. Paban Thakur, sustained severe bleeding injuries on his waist and both were admitted to Basam Hospital for treatment. The rear rider Mr. Paban Thakur died on: 19-01-2020 at 11-45 PM on 19-01-2020, the driver of the trailer lorry who caused the accident left the vehicle at the spot. Therefore, the trailer lorry driver responsible for this accident should be found and appropriate legal action should be taken against him, etc.", "Hit and Run": "Yes", "Type of Collision": "Hit from Back", "Cause of Collision": "Rough Driving", "Road": "Main Road", "Context": "Near intersection", "Infrastructure No": "No Speed Calming Elements,  No Segregated lanes for heavy vehicles", "Infrastructure Yes": "Barricades", "Additional": null, "General Comment": null, "Blackspot_Name": "Veerasnadra Junction", "Added": null, "Type of Collision Cleaned": "Hit from Back", "Context Mapping": "Intersection", "Combinations": "Hit from Back,Intersection", "Time of Day": "Evening Rush Hour (6-9)" }, "geometry": { "type": "Point", "coordinates": [ 77.67682, 12.83997 ] } },
{ "type": "Feature", "properties": { "fid": 37, "FIR_No": "0016/2020", "PolSt": "Electronic City Traffic", "layer": "BC Vehicular Crash 2020", "ID": "0016/2020/Electronic City Traffic", "Sub Division": "HSR Layout Traffic Sub Divis", "Year": 2020, "Lat": 12.84806, "Long": 77.67055, "Count_Killed": 1, "Count_NonFatal": 0, "Total Victims": 1, "Victim Vehicle": "2W", "Victim Age": "33", "Victim Gender": "Male", "Victim02 Age": "-", "Victim02 Gender": "-", "Victim03 Age": "-", "Victim03 Gender": "-", "Accused Vehicle": "Lorry", "Accused Age": "Unknown", "Accused Gender": "Male", "Accused Vehicle 02": "-", "Accused Age 02": "Unknown", "Accused Gender 02": "male", "Day": "Sunday", "Time Stamp": "00:50:00", "Full Address": "Near NTTF College, Bangalore Main Road, Hosur Road, Electronic city,Bengaluru City , Karnataka", "Road Name": "Hosur-Bangalore Main Road", "NH": "NH 44", "FIR Contents": "Brief summary of this case is Date: 26-01-2020 at around 00-50 hrs. Be on the main road on the Bangalore City side of the Hosur Road within the limits of the Electronic City Traffic Police Station. In front of Electronic City NTTF College the rider of Honda Activa scooter No. KA-01-HH-7874 Mr. Vishwanath.R, 33 years wearing Hemmet, was driving from Husmar Gate towards Kudugate while a No. The driver of the unknown lorry drove recklessly from the rear in the same direction and collided with the Honda Activa, when the scooter of Mr. Vishwanath, the rider of the Activa, fell on the Sametha road. The plea was given that the driver should be found and further legal action should be taken.", "Hit and Run": "Maybe", "Type of Collision": "Hit from Back", "Cause of Collision": "Rough Driving", "Road": "Main Road", "Context": null, "Infrastructure No": "No Speed Calming Elements,  No Segregated lanes for heavy vehicles", "Infrastructure Yes": "Barricades", "Additional": null, "General Comment": null, "Blackspot_Name": "Electronic City Bus Stop", "Added": null, "Type of Collision Cleaned": "Hit from Back", "Context Mapping": "Along Main Road", "Combinations": "Hit from Back,Along Main Road", "Time of Day": "Mid Night(12-4)" }, "geometry": { "type": "Point", "coordinates": [ 77.67055, 12.84806 ] } },
{ "type": "Feature", "properties": { "fid": 38, "FIR_No": "0044/2020", "PolSt": "Electronic City Traffic", "layer": "BC Vehicular Crash 2020", "ID": "0044/2020/Electronic City Traffic", "Sub Division": "HSR Layout Traffic Sub Divis", "Year": 2020, "Lat": 12.86988, "Long": 77.65321, "Count_Killed": 1, "Count_NonFatal": 0, "Total Victims": 1, "Victim Vehicle": "2W", "Victim Age": "19", "Victim Gender": "Male", "Victim02 Age": "-", "Victim02 Gender": "-", "Victim03 Age": "-", "Victim03 Gender": "-", "Accused Vehicle": "Bus", "Accused Age": "50", "Accused Gender": "Male", "Accused Vehicle 02": "-", "Accused Age 02": "50", "Accused Gender 02": "male", "Day": "Saturday", "Time Stamp": "04:30:00", "Full Address": "Hosur Main road, Hosaroad Junction,, Naganathapura, Electronic city post,,Bengaluru City , Karnataka, 560100", "Road Name": "Hosur-Bangalore Main Road", "NH": "NH 44", "FIR Contents": "The brief summary of this case is that on 15-02-2020 at around 4-30 am.. at Hosur Main Road, Hosur Street, Junction, within the limits of Electronic City Traffic Police Station.. Driver of TNRTC Bus No. TN-30-N-1750 Mr. Arul. G, 50 years old, sped his vehicle towards the Electronic City gate While going, the bus suddenly swerved to the left without paying attention to the vehicles coming from the left side, and the right front of the bus touched the bounce scooter no. Left rear wheel scooter of the bus The rider Mr. Yashwantra, NR, 19 years old, sustained severe bleeding injuries and died on the way to Bam Hospital for treatment. Therefore, the complaint filed against the bus driver who caused this accident should be taken according to law, etc.", "Hit and Run": "No", "Type of Collision": "Hit from Side", "Cause of Collision": "Rough Driving", "Road": "Main Road", "Context": "Near intersection", "Infrastructure No": "No Speed Calming Elements,  No Segregated lanes for buses", "Infrastructure Yes": "Barricades", "Additional": "Swerving left suddenly without signal", "General Comment": null, "Blackspot_Name": "Hosa Road Junction", "Added": null, "Type of Collision Cleaned": "Hit from Side", "Context Mapping": "Intersection", "Combinations": "Hit from Side,Intersection", "Time of Day": "Early Morning (4-7)" }, "geometry": { "type": "Point", "coordinates": [ 77.65321, 12.86988 ] } },
{ "type": "Feature", "properties": { "fid": 39, "FIR_No": "0085/2020", "PolSt": "Electronic City Traffic", "layer": "BC Vehicular Crash 2020", "ID": "0085/2020/Electronic City Traffic", "Sub Division": "HSR Layout Traffic Sub Divis", "Year": 2020, "Lat": 12.84802, "Long": 77.6705, "Count_Killed": 1, "Count_NonFatal": 0, "Total Victims": 1, "Victim Vehicle": "2W", "Victim Age": "52", "Victim Gender": "Male", "Victim02 Age": "-", "Victim02 Gender": "-", "Victim03 Age": "-", "Victim03 Gender": "-", "Accused Vehicle": "Lorry", "Accused Age": "27", "Accused Gender": "Male", "Accused Vehicle 02": "-", "Accused Age 02": "27", "Accused Gender 02": "Male", "Day": "Friday", "Time Stamp": "08:00:00", "Full Address": "Hosur Main road, Near NTTF college,, Electronic city,,Bengaluru City , Karnataka, 560100", "Road Name": "Hosur-Bangalore Main Road", "NH": "NH 44", "FIR Contents": "A brief summary of this case is Date: 12-06-2020 Morning, at around 8-00 hrs on Hosur Main Road within the limits of Electronic City Traffic Police Station.. Near Electronic City NTTF College Mr. Suresh, Driver of Lorry No. KA-50-B-9989. MA 27 years drove his vehicle from Weerasandra towards Agrahara in Konappa in a fast and reckless manner. When it collided with Honda Activa No. KA-04-HE-1372 which was traveling on the left side, the lorry fell on the road on the right side and the rear wheels of the lorry fell on the rider Mr. Raghu.S, 52 years of age and died on the spot due to severe blood injuries. The driver of the above lorry which caused the accident left without stopping the vehicle and was on duty at Agrahara Junction in Konappa. The traffic police in charge got the information and stopped the said vehicle. Therefore, the complaint filed against Mr. Suresh, MA, the lorry driver who caused this accident, etc.", "Hit and Run": "Yes", "Type of Collision": "Hit from Side", "Cause of Collision": "Rough Driving", "Road": "Main Road", "Context": null, "Infrastructure No": "No Segregated lanes for heavy vehicles", "Infrastructure Yes": "Barricades", "Additional": null, "General Comment": null, "Blackspot_Name": "Electronic City Bus Stop", "Added": null, "Type of Collision Cleaned": "Hit from Side", "Context Mapping": "Along Main Road", "Combinations": "Hit from Side,Along Main Road", "Time of Day": "Morning Rush Hour (7-12)" }, "geometry": { "type": "Point", "coordinates": [ 77.6705, 12.84802 ] } },
{ "type": "Feature", "properties": { "fid": 40, "FIR_No": "0095/2020", "PolSt": "Electronic City Traffic", "layer": "BC Vehicular Crash 2020", "ID": "0095/2020/Electronic City Traffic", "Sub Division": "HSR Layout Traffic Sub Divis", "Year": 2020, "Lat": 12.83998, "Long": 77.67686, "Count_Killed": 1, "Count_NonFatal": 1, "Total Victims": 2, "Victim Vehicle": "2W", "Victim Age": "30", "Victim Gender": "Male", "Victim02 Age": "37", "Victim02 Gender": "Male", "Victim03 Age": "-", "Victim03 Gender": "-", "Accused Vehicle": "Lorry", "Accused Age": "Unknown", "Accused Gender": "Male", "Accused Vehicle 02": "-", "Accused Age 02": "Unknown", "Accused Gender 02": "Male", "Day": "Friday", "Time Stamp": "06:00:00", "Full Address": "Hosur Main road, Near Veerasandra Junction,, Electronic City,,Bengaluru City ,Karnataka, 560100", "Road Name": "Hosur-Bangalore Main Road", "NH": "NH 44", "FIR Contents": "A brief summary of this case is Date:03-07-2020 in the morning, around 6-00 hrs. On the Hosur main road within the limits of Electronic City Traffic Police Station, on the way from Hebbagodi towards Bangalore city, near Weerasandra Junction, the driver of tipper lorry No. KA-51-AD-0474 drove his vehicle fast and recklessly and went to the left side of the road and the motorcycle No. KA-51- was in front of him. EZ-9093 collided with the back rider of the motorcycle, Mr Sivakumar.K, 37 years left side and rider Mr. Girish.R @ Manoj, 30 years old fell on the right side of the road when the said tipper lorry fell on the right side of the road and the left wheel of the tipper lorry ran over the rider Mr. Manoj and died on the spot due to severe bleeding injuries. Drive a little further and stop..C leave the vehicle at the spot and leave has gone Therefore, the tipper lorry driver who caused this accident should be found and the complaint given to take appropriate legal action against him, etc.", "Hit and Run": "Yes", "Type of Collision": "Hit from Back", "Cause of Collision": "Rough Driving", "Road": "Main Road", "Context": "Near Merge Point with Turning  (Silk board Junction)", "Infrastructure No": "No Speed Calming Elements,  No Segregated lanes for heavy vehicles", "Infrastructure Yes": "Barricades", "Additional": "Swerving left suddenly without signal", "General Comment": null, "Blackspot_Name": "Veerasnadra Junction", "Added": null, "Type of Collision Cleaned": "Hit from Back", "Context Mapping": "Access Point", "Combinations": "Hit from Back,Access Point", "Time of Day": "Early Morning (4-7)" }, "geometry": { "type": "Point", "coordinates": [ 77.67686, 12.83998 ] } },
{ "type": "Feature", "properties": { "fid": 41, "FIR_No": "0111/2020", "PolSt": "Electronic City Traffic", "layer": "BC Vehicular Crash 2020", "ID": "0111/2020/Electronic City Traffic", "Sub Division": "HSR Layout Traffic Sub Divis", "Year": 2020, "Lat": 12.85417, "Long": 77.6659, "Count_Killed": 1, "Count_NonFatal": 1, "Total Victims": 2, "Victim Vehicle": "2W", "Victim Age": "26", "Victim Gender": "Male", "Victim02 Age": "40", "Victim02 Gender": "Male", "Victim03 Age": "-", "Victim03 Gender": "-", "Accused Vehicle": "Bus", "Accused Age": "Unknown", "Accused Gender": "Male", "Accused Vehicle 02": "-", "Accused Age 02": "Unknown", "Accused Gender 02": "Male", "Day": "Monday", "Time Stamp": "08:30:00", "Full Address": "Near Konappana Agrahara Bus Stop, Hosur Main Road,, Konappana Agrahara,Electronic city,Bengaluru City , Karnataka, 560100", "Road Name": "Hosur-Bangalore Main Road", "NH": "NH 44", "FIR Contents": "The brief summary of this case is that on 27-07-2020 in the morning, at about 08.30 hrs...Electronic City was going from home to work by Mr. Haribabu, 26 years old, a relative of the complainant, working as a security guard at RDC Concrete Company, riding on the back of a motorcycle No. KA51ES4375. Main on Hosur side belonging to traffic police station boundary While going near Konappa's Agrahara bus stand on the road, the driver of BMTC bus no. KA57F3561, coming from behind, on the same road, collided with the motorcycle, causing both the rider and the rear rider of the motorcycle to fall on the road, the motorcycle overturned and the rear rider sustained severe injuries to the plaintiff's hand and leg, and the plaintiff's relative, the rider. A leg for Shri Haribabur, He suffered head injuries and with the help of the public present, the plaintiff took Mr. Haribabur in an ambulance to Sparsha Hospital for treatment and when examined, the doctor informed that the injured person had died on the way to the hospital, so the statement given to the police who consulted the plaintiff in the hospital that legal action should be taken against the driver of BMTC Bus No. KA57F3561 who caused the accident, etc. ...", "Hit and Run": "Maybe", "Type of Collision": "Hit from Back", "Cause of Collision": "Unknown", "Road": "Main Road", "Context": "Near Bus Stop", "Infrastructure No": "No Signage, No barricade", "Infrastructure Yes": null, "Additional": "Suddent Bulb out for bus stop. Unnoticable lane marking", "General Comment": "People waiting on the road for the bus", "Blackspot_Name": null, "Added": null, "Type of Collision Cleaned": "Hit from Back", "Context Mapping": "Bus Stop", "Combinations": "Hit from Back,Bus Stop", "Time of Day": "Morning Rush Hour (7-12)" }, "geometry": { "type": "Point", "coordinates": [ 77.6659, 12.85417 ] } },
{ "type": "Feature", "properties": { "fid": 42, "FIR_No": "0139/2020", "PolSt": "Electronic City Traffic", "layer": "BC Vehicular Crash 2020", "ID": "0139/2020/Electronic City Traffic", "Sub Division": "HSR Layout Traffic Sub Divis", "Year": 2020, "Lat": 12.84, "Long": 77.677, "Count_Killed": 1, "Count_NonFatal": 1, "Total Victims": 2, "Victim Vehicle": "2W", "Victim Age": "25", "Victim Gender": "Male", "Victim02 Age": "25", "Victim02 Gender": "Male", "Victim03 Age": "-", "Victim03 Gender": "-", "Accused Vehicle": "Lorry", "Accused Age": "37", "Accused Gender": "Male", "Accused Vehicle 02": "-", "Accused Age 02": "37", "Accused Gender 02": "Male", "Day": "Friday", "Time Stamp": "20:00:00", "Full Address": "Hosur Main road Veerasandra Junction,, Towards Attibele, Electronic city,,Bengaluru City , Karnataka, 560100", "Road Name": "Hosur-Bangalore Main Road", "NH": "NH 44", "FIR Contents": "The brief summary of this case is as follows: On 18-09-2020 at about 8-00 PM at Veerasandra Junction, Hosur Main Road within the limits of Electronic City Traffic Police Station..Lorry No. TN-48-AU-5594 en route from Electronic City towards Attibele. The driver Chandrasekhar U bin Uganathan, 37, was speeding and The motorcyclist Mr. Suraj Kumar, 25 years old was on the left side of the vehicle and the rear rider Mr. G. A. Muhammad Munnid due to careless driving and hit the back of the stopped motorcycle no. , the 25-year-old fell on the right side when the left rear wheels of the said lorry were rear-ended The rider Mr. G. A. Muhammad Munnid, 25 years old died on the spot due to severe bleeding injuries on the head, the rider Mr. Suraj Kumar sustained minor lacerations, the driver of the lorry that caused the accident was leaving the vehicle without stopping and the police on duty followed the vehicle and stopped it. , the driver of Lorry No. TN-48-AU-5594 which caused this accident Complaint filed against Chandrasekhar.U bin Uganathan, 37 years old to take appropriate legal action etc.", "Hit and Run": "Yes", "Type of Collision": "Hit from Back", "Cause of Collision": "Overspeeding", "Road": "Main Road", "Context": "intersection", "Infrastructure No": "No Speed Calming Elements,  No Segregated lanes for heavy vehicles", "Infrastructure Yes": null, "Additional": null, "General Comment": null, "Blackspot_Name": "Veerasnadra Junction", "Added": null, "Type of Collision Cleaned": "Hit from Back", "Context Mapping": "Intersection", "Combinations": "Hit from Back,Intersection", "Time of Day": "Evening Rush Hour (6-9)" }, "geometry": { "type": "Point", "coordinates": [ 77.677, 12.84 ] } },
{ "type": "Feature", "properties": { "fid": 43, "FIR_No": "0155/2020", "PolSt": "Electronic City Traffic", "layer": "BC Vehicular Crash 2020", "ID": "0155/2020/Electronic City Traffic", "Sub Division": "HSR Layout Traffic Sub Divis", "Year": 2020, "Lat": 12.871, "Long": 77.65232, "Count_Killed": 1, "Count_NonFatal": 0, "Total Victims": 1, "Victim Vehicle": "2W", "Victim Age": "30", "Victim Gender": "Male", "Victim02 Age": "-", "Victim02 Gender": "-", "Victim03 Age": "-", "Victim03 Gender": "-", "Accused Vehicle": "Lorry", "Accused Age": "Unknown", "Accused Gender": "Male", "Accused Vehicle 02": "-", "Accused Age 02": "Unknown", "Accused Gender 02": "Male", "Day": "thursday", "Time Stamp": "12:30:00", "Full Address": "Hosur Main road, Near Tata Motors Service centre,, Naganathapura, Electronic city post,,Bengaluru City , Karnataka, 560100", "Road Name": "Hosur-Bangalore Main Road", "NH": "NH 44", "FIR Contents": "The brief summary of this case is Date: 15-10-2020 at about 12-30 PM...of Lorry No. AP-39-U-1468 in front of Tata Motors Service Center near Naganathpur Junction on Hosur Main Road within the limits of Electronic City Traffic Police Station. The driver took his vehicle from the junction side of the new road and sped towards the gate He was driving carelessly, without paying attention to the vehicles coming from the left side, he suddenly went to the left without giving any traffic signal and collided with the motorcycle No. KA-01-HR-1955 which was traveling on the left side of the road. As a result, the motorcycle rider Mr. Vivek Shah, 30 years old, fell on the road along with the vehicle, the left rear wheel of the lorry fell on the lower abdomen of the rider Mr. Vivek Shah and died on the spot due to severe bleeding injuries. Of Lorry No. AP-39-U-1468 - Find the driver and take appropriate legal action against him Complaint to be made etc.", "Hit and Run": "Yes", "Type of Collision": "Hit from Side", "Cause of Collision": "Rough Driving", "Road": "Main Road", "Context": null, "Infrastructure No": "No Segregated lanes for heavy vehicles", "Infrastructure Yes": null, "Additional": "Swerving left suddenly without signal", "General Comment": null, "Blackspot_Name": "Hosa Road Junction", "Added": null, "Type of Collision Cleaned": "Hit from Side", "Context Mapping": "Along Main Road", "Combinations": "Hit from Side,Along Main Road", "Time of Day": "Midday 1 (12-3)" }, "geometry": { "type": "Point", "coordinates": [ 77.65232, 12.871 ] } },
{ "type": "Feature", "properties": { "fid": 44, "FIR_No": "0186/2020", "PolSt": "Electronic City Traffic", "layer": "BC Vehicular Crash 2020", "ID": "0186/2020/Electronic City Traffic", "Sub Division": "HSR Layout Traffic Sub Divis", "Year": 2020, "Lat": 12.84335, "Long": 77.6742, "Count_Killed": 1, "Count_NonFatal": 0, "Total Victims": 1, "Victim Vehicle": "2W", "Victim Age": "46", "Victim Gender": "Male", "Victim02 Age": "-", "Victim02 Gender": "-", "Victim03 Age": "-", "Victim03 Gender": "-", "Accused Vehicle": "Lorry", "Accused Age": "39", "Accused Gender": "Male", "Accused Vehicle 02": "-", "Accused Age 02": "39", "Accused Gender 02": "Male", "Day": "Tuesday", "Time Stamp": "16:50:00", "Full Address": "Opp D Mart, Bangalore Hosur Main Road, Electronic city,,Bengaluru City , Karnataka", "Road Name": "Hosur-Bangalore Main Road", "NH": "NH 44", "FIR Contents": "The brief summary of this case is that the complainant working as Highway Patrolling Officer in BETL along with his vehicle driver Mr.Ganapati was appointed for patrolling duty from Veerasandra to Silk Board on Hosur Road on 15-12-2020 on 2nd shift duty and accordingly at around 04-50 hrs in the evening the complainant Bangalore. Electronic City Traffic Police Station on Main Road towards City The driver of lorry No. KA 43 9886, who was going in front of the appellant's vehicle while going towards Silk Board near Electronic City de Mart belonging to the border, drove his vehicle at high speed and collided with the rear of the motorcycle which was going ahead. When the victim immediately stopped the vehicle and went closer, the motorcycle rider was hit hard on the head He died due to injuries. The lorry number KA 43 9886, the lorry driver did not stop the vehicle and proceeded forward. At the same time, the driver of the vehicle coming behind the lorry went ahead and informed the traffic police who was on duty and stopped the vehicle. The motorcycle number of the accident was TN24X7222. When the traffic police arrived at the spot and checked the ID card in the deceased's pocket, the name of the deceased was Mehboob Pasha Known to be 46 years old, the traffic police sent the dead body of the accident victim to St. John's Hospital by ambulance. Therefore, a written complaint has been filed against Anjinappa, 39, the driver of lorry No. KA 43 9886, who caused this accident, etc.", "Hit and Run": "No", "Type of Collision": "Hit from Back", "Cause of Collision": "Overspeeding", "Road": "Main Road", "Context": null, "Infrastructure No": "No Speed Calming Elements", "Infrastructure Yes": "Streetlights", "Additional": null, "General Comment": null, "Blackspot_Name": "Electronic City Toll Plaza", "Added": null, "Type of Collision Cleaned": "Hit from Back", "Context Mapping": "Along Main Road", "Combinations": "Hit from Back,Along Main Road", "Time of Day": "Midday 2 (3-6)" }, "geometry": { "type": "Point", "coordinates": [ 77.6742, 12.84335 ] } },
{ "type": "Feature", "properties": { "fid": 45, "FIR_No": "0196/2020", "PolSt": "Electronic City Traffic", "layer": "BC Vehicular Crash 2020", "ID": "0196/2020/Electronic City Traffic", "Sub Division": "HSR Layout Traffic Sub Divis", "Year": 2020, "Lat": 12.88588, "Long": 77.64201, "Count_Killed": 1, "Count_NonFatal": 1, "Total Victims": 2, "Victim Vehicle": "Self", "Victim Age": "23", "Victim Gender": "Male", "Victim02 Age": "-", "Victim02 Gender": "-", "Victim03 Age": "-", "Victim03 Gender": "-", "Accused Vehicle": "2W", "Accused Age": "Self", "Accused Gender": "Self", "Accused Vehicle 02": "-", "Accused Age 02": "23", "Accused Gender 02": "Male", "Day": "Wednesday", "Time Stamp": "19:30:00", "Full Address": "Hosur road Service road, Near Royal Enfield show, Room, Singasandra,,Bengaluru City , Karnataka, 560068", "Road Name": "Hosur-Bangalore Main Road", "NH": "NH 44", "FIR Contents": "The brief summary of this case is that on 30-12-2020 at about 7-30 PM Mr. Arun Kumar of Motorcycle No. KA-41-EC-7773 near Singasandra Royal N Field Motorcycle Room on Hosur Road Service Road within the limits of Electronic City Traffic Police Station. , aged 22 with Mr. Sanjay.P aged 23 sitting behind him. While the vehicle was being driven fast and carelessly towards Kudu Gate Junction from the Hosa Road Junction side, the vehicle skidded and fell on the road along with the vehicle due to which the rider, Mr. Arun Kumar, sustained injuries on his face and leg and the rear rider, Mr. Sanjay P, 23 years, was bleeding due to head injuries. Being unconscious, the injured were immediately treated by the complainant and the public present He was taken to the nearest BA hospital and was taken to the doctor. The doctor confirmed that the injured Mr. Sanjay P, 23 years old died on the way to the hospital, while the rider, Mr. Arun Kumar, was admitted to the B.S. Hospital for treatment, which was the cause of the accident. Appropriate legal action against Mr. Arun Kumar, 22 years, rider of motorcycle No. KA-41-EC-7773.", "Hit and Run": "No", "Type of Collision": "Skidding", "Cause of Collision": "Rough Driving", "Road": "Service Road", "Context": null, "Infrastructure No": "No Speed Calming Elements", "Infrastructure Yes": null, "Additional": null, "General Comment": null, "Blackspot_Name": null, "Added": null, "Type of Collision Cleaned": "Skidding", "Context Mapping": "Along Service Road", "Combinations": "Skidding,Along Service Road", "Time of Day": "Evening Rush Hour (6-9)" }, "geometry": { "type": "Point", "coordinates": [ 77.64201, 12.88588 ] } },
{ "type": "Feature", "properties": { "fid": 46, "FIR_No": "0071/2020", "PolSt": "HSR Layout Traffic", "layer": "BC Vehicular Crash 2020", "ID": "0071/2020/HSR Layout Traffic", "Sub Division": "HSR Layout Traffic Sub Divis", "Year": 2020, "Lat": 12.895183, "Long": 77.635909, "Count_Killed": 1, "Count_NonFatal": 0, "Total Victims": 1, "Victim Vehicle": "Self", "Victim Age": "Self", "Victim Gender": "Self", "Victim02 Age": "21", "Victim02 Gender": "Male", "Victim03 Age": null, "Victim03 Gender": null, "Accused Vehicle": "2W", "Accused Age": "23", "Accused Gender": "Male", "Accused Vehicle 02": null, "Accused Age 02": null, "Accused Gender 02": null, "Day": "Friday", "Time Stamp": "23:15:00", "Full Address": "Near Technic moters show room, ORR Service Road,", "Road Name": "Hosur-Bangalore Service Road", "NH": "NH 44", "FIR Contents": "The brief summary of this case is that on 11.09.2020 at about 11:15 PM, the accused, the rider of Bullet motorcycle number KA01EN8199, with Shri.Shubham Kempanya Hitti, 21 years as the rear passenger in his vehicle, drove his vehicle to the boundary of HSR Layout Traffic Police Station, Outer Warthula Road. Service On the road from Agra side towards Ibbalur, he was riding erratically at high speed and recklessly and near Technic Motors (Bullet Showroom) showroom he lost control and both the rider and the rear rider fell on the road and the car hit the rider's hands and face and the rear rider's face, head and legs. Severe bruises and bleeding, for treatment The public was admitted to the nearby Columbia Asia Hospital and was admitted to the Health India Hospital for further treatment. A written complaint was filed against the above-mentioned motorcycle rider Arif, 22 years old, who caused the accident, for further legal action etc.", "Hit and Run": "No", "Type of Collision": "Skidding", "Cause of Collision": "Overspeeding", "Road": "Service Road", "Context": "Local Road T intersection", "Infrastructure No": "No Speed Calming Elements, No Signages", "Infrastructure Yes": "Streetlights (2021)", "Additional": null, "General Comment": null, "Blackspot_Name": "Garvebhavipalaya", "Added": "added", "Type of Collision Cleaned": "Skidding", "Context Mapping": "Service Road Junction", "Combinations": "Skidding,Service Road Junction", "Time of Day": "Late Night (9-12)" }, "geometry": { "type": "Point", "coordinates": [ 77.635909, 12.895183 ] } },
{ "type": "Feature", "properties": { "fid": 47, "FIR_No": "0020/2020", "PolSt": "Madiwala Traffic", "layer": "BC Vehicular Crash 2020", "ID": "0020/2020/Madiwala Traffic", "Sub Division": "South East Traffic Sub Divisio", "Year": 2020, "Lat": 12.917062, "Long": 77.6281, "Count_Killed": 1, "Count_NonFatal": 0, "Total Victims": 1, "Victim Vehicle": "Self", "Victim Age": "Self", "Victim Gender": "Self", "Victim02 Age": "-", "Victim02 Gender": "-", "Victim03 Age": "-", "Victim03 Gender": "-", "Accused Vehicle": "2W", "Accused Age": "30", "Accused Gender": "Male", "Accused Vehicle 02": "-", "Accused Age 02": "-", "Accused Gender 02": "-", "Day": "Thursday", "Time Stamp": "00:30:00", "Full Address": "Near Mangalore Kitchen Hotel, H.S.R Layout Ring Road,Bengaluru City ,Karnataka,", "Road Name": "H.S.R Layout Ring Road", "NH": null, "FIR Contents": "Date:- On 27-02-2020 at about 12-30 AM Veeranagowda Patil, aged about 30 years, his motorcycle registration number KA-04-JT-6599 near Mangalore Kitchen Hotel, HSR Layout Ring Road, Self while riding towards HSR layout from Silk Board side The written complaint given by Mr. Somanagowda Patil, the relative of the deceased, said that when he lost control and fell on the road, he suffered a severe blow to the head and suffered a bloody injury.", "Hit and Run": "No", "Type of Collision": "Skidding", "Cause of Collision": "Unknown", "Road": "Main Road", "Context": null, "Infrastructure No": "No Speed Calming Elements, No Signages", "Infrastructure Yes": "Streetlights (2021)", "Additional": null, "General Comment": null, "Blackspot_Name": null, "Added": "added", "Type of Collision Cleaned": "Skidding", "Context Mapping": "Along Main Road", "Combinations": "Skidding,Along Main Road", "Time of Day": "Mid Night(12-4)" }, "geometry": { "type": "Point", "coordinates": [ 77.6281, 12.917062 ] } },
{ "type": "Feature", "properties": { "fid": 48, "FIR_No": "0033/2020", "PolSt": "Madiwala Traffic", "layer": "BC Vehicular Crash 2020", "ID": "0033/2020/Madiwala Traffic", "Sub Division": "South East Traffic Sub Divisio", "Year": 2020, "Lat": 12.907056, "Long": 77.62898, "Count_Killed": 1, "Count_NonFatal": 2, "Total Victims": 3, "Victim Vehicle": "2W", "Victim Age": "18", "Victim Gender": "Male", "Victim02 Age": "42", "Victim02 Gender": "Male", "Victim03 Age": "21", "Victim03 Gender": "Male", "Accused Vehicle": "2W", "Accused Age": "18", "Accused Gender": "Male", "Accused Vehicle 02": "-", "Accused Age 02": "18", "Accused Gender 02": "Male", "Day": "Tuesday", "Time Stamp": "23:05:00", "Full Address": "Near Bommanahalli Circle, Behind Traffic police Both, Hosur Main Road,Bengaluru City , Karnataka,", "Road Name": "Hosur-Bangalore Main Road", "NH": "NH 44", "FIR Contents": "The brief, summary of this case is that on 21-07-2020 at about 23-05 hrs Raju S., rider of Hero Honda Sender motorcycle registration number KA-05-KT-8254. Kada, aged about 39 years, was riding his vehicle from Silk Board towards Garvebhavipalya, when at the same time, a scooter bearing registration number KA-01-H U-9957 was speeding and recklessly riding in the opposite direction to the traffic behind the Traffic Police Chowki at Bommanahalli Circle on Hosur Main Road. Rider Mohammed Salman is about 18 years old and The rear rider Ishaq Ahmed, about 21 years of age, collided suddenly and both the occupants of the vehicle fell on the road along with the vehicle. There is a blow to the head, and Mohammad Salman received a severe blow to the head Blood, injury and rear rider Injured on the leg, Mohammad Salman, the rider of the scooter registration number KA-01-H U-9957, which caused the accident, was found dead at Nimans Hospital. Statement Complaint, etc. given by the injured Shri.Raju .S Kada.", "Hit and Run": "No", "Type of Collision": "Head On", "Cause of Collision": "Approaching from Wrong Side", "Road": "Main Road", "Context": "Near intersection", "Infrastructure No": "No Speed Calming Elements, No Signages", "Infrastructure Yes": "Barricades", "Additional": null, "General Comment": null, "Blackspot_Name": "Bommanahalli Bus Stop", "Added": null, "Type of Collision Cleaned": "Head On", "Context Mapping": "Intersection", "Combinations": "Head On,Intersection", "Time of Day": "Late Night (9-12)" }, "geometry": { "type": "Point", "coordinates": [ 77.62898, 12.907056 ] } },
{ "type": "Feature", "properties": { "fid": 49, "FIR_No": "0001/2021", "PolSt": "Electronic City Traffic", "layer": "BC Vehicular Crash 2021", "ID": "0001/2021/Electronic City Traffic", "Sub Division": "HSR Layout Traffic Sub Divis", "Year": 2021, "Lat": 12.84626, "Long": 77.671662, "Count_Killed": 1, "Count_NonFatal": 0, "Total Victims": 1, "Victim Vehicle": "2W", "Victim Age": "22", "Victim Gender": "Male", "Victim02 Age": "-", "Victim02 Gender": "-", "Victim03 Age": "-", "Victim03 Gender": "-", "Accused Vehicle": "Bus", "Accused Age": "Unknown", "Accused Gender": "Male", "Accused Vehicle 02": "-", "Accused Age 02": "-", "Accused Gender 02": "-", "Day": "Sunday", "Time Stamp": "23:30:00", "Full Address": "Hosur Main road, Near Electronic city toll Plaza,, Electronic city,,Bengaluru City , Karnataka, 560100", "Road Name": "Hosur-Bangalore Main Road", "NH": "NH 44", "FIR Contents": "The brief summary of this case is that on 03-01-2021 at around 11-30 PM, the driver of private bus No. KA-51-AB-2522 overturned his vehicle from the Bangalore City side, near Electronic City Toll on Hosur Main Road within the limits of Electronic City Traffic Police Station. Motorcycle No. KA-05-KH-1086, which was speeding and recklessly driving towards Mr. Prashant Ji, a 22-year-old motorcycle rider, fell on the road along with the vehicle due to a collision with the vehicle and suffered serious bleeding injuries on his head even though he was wearing a headlight. The private bus driver who caused the accident left without stopping the vehicle. Then the complainant took the injured to the nearby Basam hospital in 108 ambulance with the help of the public there for treatment. Presently, the injured Mr. Prashant is undergoing treatment in an unconscious condition at Basam Hospital. Therefore, a complaint has been made that the private bus driver who caused this accident should be found and appropriate legal action should be taken against him.", "Hit and Run": "Yes", "Type of Collision": "Hit from Back", "Cause of Collision": "Overspeeding", "Road": "Main Road", "Context": "At Toll Booth", "Infrastructure No": "No physical Segregation for Heavy Vehicles, No Speed Calming, No Signages", "Infrastructure Yes": "Mast Light", "Additional": null, "General Comment": "Late Night", "Blackspot_Name": "Electronic City Bus Stop", "Added": null, "Type of Collision Cleaned": "Hit from Back", "Context Mapping": "Toll Booth", "Combinations": "Hit from Back,Toll Booth", "Time of Day": "Late Night (9-12)" }, "geometry": { "type": "Point", "coordinates": [ 77.671662, 12.84626 ] } },
{ "type": "Feature", "properties": { "fid": 50, "FIR_No": "0027/2021", "PolSt": "Electronic City Traffic", "layer": "BC Vehicular Crash 2021", "ID": "0027/2021/Electronic City Traffic", "Sub Division": "HSR Layout Traffic Sub Divis", "Year": 2021, "Lat": 12.85616, "Long": 77.66422, "Count_Killed": 1, "Count_NonFatal": 1, "Total Victims": 2, "Victim Vehicle": "Lorry", "Victim Age": "22", "Victim Gender": "Male", "Victim02 Age": "35", "Victim02 Gender": "Male", "Victim03 Age": "-", "Victim03 Gender": "-", "Accused Vehicle": "2W", "Accused Age": "22", "Accused Gender": "Male", "Accused Vehicle 02": "-", "Accused Age 02": "-", "Accused Gender 02": "-", "Day": "Tuesday", "Time Stamp": "15:25:00", "Full Address": "Hosur Main road, Near Konappana Agrahara Junction,, Electronic\ncity,,Bengaluru City , Karnataka, 560100", "Road Name": "Hosur-Bangalore Main Road", "NH": "NH 44", "FIR Contents": "The brief summary of this case is that on 23-02-2021 at around 3-25 PM, a motorcycle ring KA-51-TC-5511 (Chasis No ME3UVS5F2MA099573, Engine No U3S5F1MA713531) was found near Agrahara Junction in Konappa on Hosur Main Road within the limits of Electronic City Traffic Police Station. Th Th. Praveen Kumar, 22 years, with Mr. Murugan, 35 years sitting on his back, was driving fast and recklessly towards Konappa Agrahara from Hosraste Junction and hit the rear right side of trailer lorry No. KA-53-D-0774 which was standing at Konappa Agrahara Junction signal. Motorcycle injured, rider Mr. Praveen Kumar There are severe bleeding injuries to the head. The injured person was immediately taken to Sparsh Hospital in an ambulance for treatment and after being examined by a doctor, they informed that the injured person died on the way to the hospital. The rear rider of the motorcycle sustained minor lacerations to the plaintiff. Therefore, a complaint has been filed against Mr. Praveen Kumar, 22 years old, the rider of motorcycle No. KA-51-TC-5511, who caused this accident, etc.", "Hit and Run": "No", "Type of Collision": "Hit from Back", "Cause of Collision": "Overspeeding", "Road": "Main Road", "Context": "At intersection", "Infrastructure No": "No Segregation for Heavy Vehicles, No Signages, No Speed Calming Elemetns", "Infrastructure Yes": null, "Additional": "Hit the lorry that was halted at the signal", "General Comment": null, "Blackspot_Name": null, "Added": null, "Type of Collision Cleaned": "Hit from Back", "Context Mapping": "Intersection", "Combinations": "Hit from Back,Intersection", "Time of Day": "Midday 2 (3-6)" }, "geometry": { "type": "Point", "coordinates": [ 77.66422, 12.85616 ] } },
{ "type": "Feature", "properties": { "fid": 51, "FIR_No": "0080/2021", "PolSt": "Electronic City Traffic", "layer": "BC Vehicular Crash 2021", "ID": "0080/2021/Electronic City Traffic", "Sub Division": "HSR Layout Traffic Sub Divis", "Year": 2021, "Lat": 12.88994, "Long": 77.63954, "Count_Killed": 1, "Count_NonFatal": 0, "Total Victims": 1, "Victim Vehicle": "2W", "Victim Age": "46", "Victim Gender": "Male", "Victim02 Age": "-", "Victim02 Gender": "-", "Victim03 Age": "-", "Victim03 Gender": "-", "Accused Vehicle": "Lorry", "Accused Age": "Unknown", "Accused Gender": "Male", "Accused Vehicle 02": "-", "Accused Age 02": "-", "Accused Gender 02": "-", "Day": "Thursday", "Time Stamp": "06:50:00", "Full Address": "Hosur Main road, Near Kudlugate bus stop,, Kudlu gate,,Bengaluru City , Karnataka, 560068", "Road Name": "Hosur-Bangalore Main Road", "NH": "NH 44", "FIR Contents": "The brief summary of this case is as follows: On 12-08-2021 at about 6-50 AM to 6-55 AM, the driver of tipper lorry No. KA-51-AF-8542, on Hosur Main Road under Electronic City Traffic Police Station limits, near Cudugate Bus Stand, overturned his vehicle. Bommanahalli, was driving fast and recklessly towards Electronic City from the side. As a result of the collision with the electric scooter KA-04-JX-4839 from behind, the said scooter rider Mr. Ganesh.T, 46 years old fell on the road along with the vehicle. He died on the spot due to blood injuries. The driver of the tipper lorry that caused the accident left the vehicle at the spot and went away. Therefore, the tipper lorry driver who caused this accident should be found and the complaint given to take appropriate legal action against him, etc.", "Hit and Run": "Yes", "Type of Collision": "Hit from Back", "Cause of Collision": "Rough Driving", "Road": "Main Road", "Context": "Near Bus Stop, Sudden bulge in carriageway", "Infrastructure No": "No Segregation for Heavy Vehicles, No Spped Regulatory Signages, No Speed Humps", "Infrastructure Yes": "Rumble Strips", "Additional": null, "General Comment": null, "Blackspot_Name": null, "Added": null, "Type of Collision Cleaned": "Hit from Back", "Context Mapping": "Bus Stop", "Combinations": "Hit from Back,Bus Stop", "Time of Day": "Early Morning (4-7)" }, "geometry": { "type": "Point", "coordinates": [ 77.63954, 12.88994 ] } },
{ "type": "Feature", "properties": { "fid": 52, "FIR_No": "0088/2021", "PolSt": "Electronic City Traffic", "layer": "BC Vehicular Crash 2021", "ID": "0088/2021/Electronic City Traffic", "Sub Division": "HSR Layout Traffic Sub Divis", "Year": 2021, "Lat": 12.881149, "Long": 77.645111, "Count_Killed": 1, "Count_NonFatal": 0, "Total Victims": 1, "Victim Vehicle": "2W", "Victim Age": "45", "Victim Gender": "Male", "Victim02 Age": "-", "Victim02 Gender": "-", "Victim03 Age": "-", "Victim03 Gender": "-", "Accused Vehicle": "Unknown", "Accused Age": "Unknown", "Accused Gender": "Male", "Accused Vehicle 02": "-", "Accused Age 02": "-", "Accused Gender 02": "-", "Day": "Sunday", "Time Stamp": "17:45:00", "Full Address": "Hosur road Service road, Near Singasandra IOC, Petrol Bunk, Singasandra,,Bengaluru City , Karnataka, 560068", "Road Name": "Hosur-Bangalore Service Road", "NH": "NH 44", "FIR Contents": "The brief summary of this case is Date: On 05-09-2021 at about 5-45 PM in Hosur Road service road under Electronic City Traffic Police Station limits near Singhasandra IOC Petrol Station an unknown motor cycle rider with no known number drove his vehicle from Hosur Road side. Driving fast and recklessly towards Kudugate, motorcycle no Collided with KA-01-EJ-0419. Due to this, the motorcycle rider Mr. Sanjay, 45 years old, fell on the road along with the vehicle and the vehicle got injured and the rider suffered severe bleeding injuries on the head. The injured was taken to the nearby Abhiram hospital by the public in 108 ambulance and admitted. The victim is currently undergoing treatment in an unconscious state. Therefore, a complaint has been given that the motorcycle rider whose number is not known, who caused this accident, should be found and appropriate legal action should be taken against him, etc.", "Hit and Run": "Maybe", "Type of Collision": "Unknown", "Cause of Collision": "Overspeeding", "Road": "Service Road", "Context": "Two way Service Road", "Infrastructure No": "No Signages, No Speed Calming Elements Near Gateway, F", "Infrastructure Yes": null, "Additional": null, "General Comment": null, "Blackspot_Name": null, "Added": null, "Type of Collision Cleaned": "Unknown", "Context Mapping": "Along Service Road", "Combinations": "Unknown,Along Service Road", "Time of Day": "Midday 2 (3-6)" }, "geometry": { "type": "Point", "coordinates": [ 77.645111, 12.881149 ] } },
{ "type": "Feature", "properties": { "fid": 53, "FIR_No": "0089/2021", "PolSt": "Electronic City Traffic", "layer": "BC Vehicular Crash 2021", "ID": "0089/2021/Electronic City Traffic", "Sub Division": "HSR Layout Traffic Sub Divis", "Year": 2021, "Lat": 12.839933, "Long": 77.67687, "Count_Killed": 1, "Count_NonFatal": 1, "Total Victims": 2, "Victim Vehicle": "2W", "Victim Age": "23", "Victim Gender": "Male", "Victim02 Age": "26", "Victim02 Gender": "Male", "Victim03 Age": "-", "Victim03 Gender": "-", "Accused Vehicle": "Lorry", "Accused Age": "Unknown", "Accused Gender": "Male", "Accused Vehicle 02": "-", "Accused Age 02": "-", "Accused Gender 02": "-", "Day": "Wednesday", "Time Stamp": "00:10:00", "Full Address": "Hosur main road, Near Veerasandra Junction,, Electronic city,,Bengaluru City , Karnataka, 560100", "Road Name": "Hosur-Bangalore Main Road", "NH": "NH 44", "FIR Contents": "The brief summary of this case is that on 08-09-2021 Wednesday night between 00-10 hrs to 00-15 hrs on Hosur main road within the limits of Electronic City Traffic Police Station near Weerasandra Junction the vehicle of Mr. Periyaswamy, driver of Lorry No. TN-29-BJ-4925. Honda Dio no Due to the collision with KA-04-JX-1164, the rider Mr. Arul, 26 years and the rear passenger Mr. Sriram, 23 years fell on the road along with the vehicle. There are severe bleeding injuries to the abdomen. The rear rider Srisreeram sustained minor lacerations. The injured were immediately admitted to the nearby Kaveri Hospital for treatment. Therefore, the complaint filed against the lorry driver who caused this accident should be taken according to law, etc.", "Hit and Run": "Maybe", "Type of Collision": "Unknown", "Cause of Collision": "Unknown", "Road": "Main Road", "Context": "At Intersection", "Infrastructure No": "No Speed Calming Elements, No signages, No Segregation of Heavy Vehicles", "Infrastructure Yes": "Signal, Crossing", "Additional": null, "General Comment": "Late Night", "Blackspot_Name": "Veerasnadra Junction", "Added": null, "Type of Collision Cleaned": "Unknown", "Context Mapping": "Intersection", "Combinations": "Unknown,Intersection", "Time of Day": "Mid Night(12-4)" }, "geometry": { "type": "Point", "coordinates": [ 77.67687, 12.839933 ] } },
{ "type": "Feature", "properties": { "fid": 54, "FIR_No": "0093/2021", "PolSt": "Electronic City Traffic", "layer": "BC Vehicular Crash 2021", "ID": "0093/2021/Electronic City Traffic", "Sub Division": "HSR Layout Traffic Sub Divis", "Year": 2021, "Lat": 12.88444, "Long": 77.64294, "Count_Killed": 2, "Count_NonFatal": 1, "Total Victims": 3, "Victim Vehicle": "LMV", "Victim Age": "23", "Victim Gender": "Male", "Victim02 Age": null, "Victim02 Gender": "Female", "Victim03 Age": "-", "Victim03 Gender": "-", "Accused Vehicle": "2W", "Accused Age": "30", "Accused Gender": "Male", "Accused Vehicle 02": "-", "Accused Age 02": "-", "Accused Gender 02": "-", "Day": "Tuesday", "Time Stamp": "21:15:00", "Full Address": "Hosur main road, Elevated flyover road,, Singsandra Laybye,,Bengaluru City , Karnataka, 560100", "Road Name": "Hosur-Bangalore Main Road", "NH": "NH 44", "FIR Contents": "The brief summary of this case is Date: On 14-09-2021 at about 9-15 hrs to 9-20 hrs Mr. Nitish the driver of Car No. KA-01-MR-2802 on Hosur Main Highway Elevated Priv Over Road within the limits of Electronic City Traffic Police Station. P, 23 years drives the vehicle from Silk Board towards Electronic City at high speed. Mr. Pritam Kumar, 30 years and Ms. Kritika Raman, 28 years, who were parked at Singasandra Lay Bay, Bullet Motorcycle No. TN-01-BD-9218 collided with each other and both of them jumped from the py over and fell down on the service road and died on the spot due to severe bleeding injuries. . Mr. Nitish P, 23 years old, the driver of the car that caused the accident, also sustained injuries and is admitted to Kaveri Hospital and undergoing treatment. Therefore, a complaint has been filed against Mr. Nitish P, 23 years old, the driver of car no. KA-01-MR-2802, who caused this accident, etc.", "Hit and Run": "No", "Type of Collision": "Hit from Back", "Cause of Collision": "Wrong Parking", "Road": null, "Context": null, "Infrastructure No": null, "Infrastructure Yes": null, "Additional": null, "General Comment": "Night", "Blackspot_Name": null, "Added": null, "Type of Collision Cleaned": "Hit from Back", "Context Mapping": "Other", "Combinations": "Hit from Back,Other", "Time of Day": "Late Night (9-12)" }, "geometry": { "type": "Point", "coordinates": [ 77.64294, 12.88444 ] } },
{ "type": "Feature", "properties": { "fid": 55, "FIR_No": "0099/2021", "PolSt": "Electronic City Traffic", "layer": "BC Vehicular Crash 2021", "ID": "0099/2021/Electronic City Traffic", "Sub Division": "HSR Layout Traffic Sub Divis", "Year": 2021, "Lat": 12.84482, "Long": 77.67407, "Count_Killed": 2, "Count_NonFatal": 0, "Total Victims": 2, "Victim Vehicle": "2W", "Victim Age": "25", "Victim Gender": "Male", "Victim02 Age": "24", "Victim02 Gender": "Female", "Victim03 Age": "-", "Victim03 Gender": "-", "Accused Vehicle": "Bus", "Accused Age": "41", "Accused Gender": "Male", "Accused Vehicle 02": "-", "Accused Age 02": "-", "Accused Gender 02": "-", "Day": "Sunday", "Time Stamp": "13:50:00", "Full Address": "On Connecting flyover, from Phase-2 to Phase-1,, Electronic city,,Bengaluru City", "Road Name": "Electronic City Flyover", "NH": null, "FIR Contents": "The brief summary of this case is Date: On 26-09-2021 between 1-50 hrs to 2-00 hrs in the afternoon, B on the connecting pri over road from Phase-2 towards Phase-1 on the connecting pri over road belonging to Electronic City traffic police station limits. Driver of MTC Bus No. KA-01-FA-2050 Mr. Rudragowda Mari Gowdar, 41 years of age, was speeding and without giving any warning suddenly veered to his right side and collided with the motorcycle number KA-51-HQ-7413 which was passing by. As a result, the motorcycle rider Mr. Prabhakar, 25 years old and the rear rider Ku/Sahana, 24 years old fell on the road along with the vehicle, both of them got hit by the right rear wheel of the said bus and both of them died on the spot due to severe head injuries. Therefore, a complaint has been filed against the driver of BMTC Bus No. KA-01-FA-2050 Mr. Rudragowda Marigowdar, 41 years old, who caused this accident, etc.", "Hit and Run": "No", "Type of Collision": "Hit from Side", "Cause of Collision": "Rough Driving", "Road": "Flyover", "Context": null, "Infrastructure No": "No Segregation for Heavy Vehicles, No Speed Calming Elements, No Signages", "Infrastructure Yes": null, "Additional": "Sudden right turn", "General Comment": null, "Blackspot_Name": "Electronic City Toll Plaza", "Added": "added", "Type of Collision Cleaned": "Hit from Side", "Context Mapping": "Other", "Combinations": "Hit from Side,Other", "Time of Day": "Midday 1 (12-3)" }, "geometry": { "type": "Point", "coordinates": [ 77.67407, 12.84482 ] } },
{ "type": "Feature", "properties": { "fid": 56, "FIR_No": "0116/2021", "PolSt": "Electronic City Traffic", "layer": "BC Vehicular Crash 2021", "ID": "0116/2021/Electronic City Traffic", "Sub Division": "HSR Layout Traffic Sub Divis", "Year": 2021, "Lat": 12.878762, "Long": 77.646484, "Count_Killed": 1, "Count_NonFatal": 1, "Total Victims": 2, "Victim Vehicle": "2W", "Victim Age": "42", "Victim Gender": "Male", "Victim02 Age": "-", "Victim02 Gender": "-", "Victim03 Age": "-", "Victim03 Gender": "-", "Accused Vehicle": "2W", "Accused Age": "25", "Accused Gender": "Male", "Accused Vehicle 02": "-", "Accused Age 02": "-", "Accused Gender 02": "-", "Day": "Friday", "Time Stamp": "21:50:00", "Full Address": "Infront Singasandra bus stop service road, Hosur main road,Bengaluru City , Karnataka, 560068", "Road Name": "Hosur-Bangalore Service Road", "NH": "NH 44", "FIR Contents": "Brief summary of this case is Date: On 26-11-2021 at about 09-50 hrs in the night Rizwan Khan in his two-wheeler no. While driving KA-01-JH-3474 on the service road of Hosur main road from Kudugate towards Naganathpur Junction, at the same time near Singhasandra bus stop, motorcycle no. Mr. Sanjay, the rider of KA-51-EV-8445 drove his vehicle at high speed and went to the right side of the road and collided with the motorcycle No. KA-01-GH-3474 resulting in injuries to both the vehicles, the rider Mr. Rizwan Khan fell on the road and fell on his head. The part is severely bruised and bruised. Accidental two-wheeler no. The rider of KA-51-EV-8445 was also injured, after seeing the accident Mr. Sheikh JB and others took him to the nearby Singhasandra Abhiram Hospital for treatment in an autorickshaw. The doctor who examined the injured Rizwan Khan said that the injured died on the way to the hospital due to alcohol. And accused Sanjay, 25 years old, is undergoing treatment in the said hospital. Therefore, a complaint has been filed against Sanjay, 25 years, rider of motorcycle No. KA-51-EV-8445 who caused this accident, etc.", "Hit and Run": "No", "Type of Collision": "Head On", "Cause of Collision": "Overspeeding", "Road": "Service Road", "Context": "Two Way Service Road", "Infrastructure No": "No Speed Calming Elements, No signages, Faded Lane Demarcation", "Infrastructure Yes": null, "Additional": null, "General Comment": null, "Blackspot_Name": "Singasandra Bus Stop", "Added": null, "Type of Collision Cleaned": "Head On", "Context Mapping": "Along Service Road", "Combinations": "Head On,Along Service Road", "Time of Day": "Late Night (9-12)" }, "geometry": { "type": "Point", "coordinates": [ 77.646484, 12.878762 ] } },
{ "type": "Feature", "properties": { "fid": 57, "FIR_No": "0119/2021", "PolSt": "Electronic City Traffic", "layer": "BC Vehicular Crash 2021", "ID": "0119/2021/Electronic City Traffic", "Sub Division": "HSR Layout Traffic Sub Divis", "Year": 2021, "Lat": 12.869081, "Long": 77.654129, "Count_Killed": 1, "Count_NonFatal": 1, "Total Victims": 2, "Victim Vehicle": "2W", "Victim Age": "33", "Victim Gender": "Male", "Victim02 Age": "42", "Victim02 Gender": "Male", "Victim03 Age": "-", "Victim03 Gender": "-", "Accused Vehicle": "Lorry", "Accused Age": "Unknown", "Accused Gender": "Male", "Accused Vehicle 02": "-", "Accused Age 02": "-", "Accused Gender 02": "-", "Day": "Sunday", "Time Stamp": "00:05:00", "Full Address": "NAGANATHA PURA JUNCTION HOSURU MAIN ROAD, ,Bengaluru City , Karnataka, 560100", "Road Name": "Hosur-Bangalore Main Road", "NH": "NH 44", "FIR Contents": "Brief summary of this case is that Date: 05.12.2021 Wednesday around 00-05 to 00-10 A.M. Honda Activa number during the hour. Manivannan, rider of TN-29-BP-9913, his relative Shri R. Tirupati R was riding a two-wheeler and was driving towards Naganathpura Junction from Konappa Agrahara Junction on Hosur Main Road and stopped to take a right turn as there was a red signal at the said junction. A parked Honda Activa No. As a result of TN-29-BP-9913 collision with the rear of the vehicle, when the scooter rider Manivannan fell forward on the road, Manivannan's body got stuck on the right side of the accident container lorry and was dragged for about 20 to 30 meters, while driving forward and left. In this accident, scooter rider Manivannan got severe injuries on his head and other parts of his body and died on the spot. The rear rider, Mr. R. Tirupathi, who is also injured in the left side and other parts of the body, is receiving treatment at the nearby Pralaksha Hospital due to blood injuries. But if you look further, you will recognize the competent statement of the doctor. 119/2021 Section: 279, 337, 304(a) IPC and\n\nA case under Section 134 (A&B) including Section 187 of the IMV Act has been registered and investigation is underway.", "Hit and Run": "Yes", "Type of Collision": "Hit from Back", "Cause of Collision": "Rough Driving", "Road": "Main Road", "Context": "At Intersection", "Infrastructure No": "No Segregation for Heavy Vehicles, No Speed Humps, No Speed Regulatoy Signages", "Infrastructure Yes": "Warning Signages, Rumble Strips,, Signal, Mast LIght", "Additional": "Hit the scooter that was halted at the intersection to take a turn", "General Comment": "Late Night", "Blackspot_Name": "Hosa Road Junction", "Added": null, "Type of Collision Cleaned": "Hit from Back", "Context Mapping": "Intersection", "Combinations": "Hit from Back,Intersection", "Time of Day": "Mid Night(12-4)" }, "geometry": { "type": "Point", "coordinates": [ 77.654129, 12.869081 ] } },
{ "type": "Feature", "properties": { "fid": 58, "FIR_No": "0120/2021", "PolSt": "Electronic City Traffic", "layer": "BC Vehicular Crash 2021", "ID": "0120/2021/Electronic City Traffic", "Sub Division": "HSR Layout Traffic Sub Divis", "Year": 2021, "Lat": 12.854048, "Long": 77.665897, "Count_Killed": 1, "Count_NonFatal": 0, "Total Victims": 1, "Victim Vehicle": "2W", "Victim Age": "53", "Victim Gender": "Male", "Victim02 Age": "-", "Victim02 Gender": "-", "Victim03 Age": "-", "Victim03 Gender": "-", "Accused Vehicle": "LMV", "Accused Age": "25", "Accused Gender": "Male", "Accused Vehicle 02": "-", "Accused Age 02": "-", "Accused Gender 02": "-", "Day": "Tuesday", "Time Stamp": "13:05:00", "Full Address": "Elevated Flyover road, Near Konappana Agrahara, Junction, Electronic\ncity,,Bengaluru City , Karnataka, 560100", "Road Name": "Hosur-Bangalore Main Road", "NH": "NH 44", "FIR Contents": "The brief summary of this case is Date: On 07-12-2021 at about 1-05 PM the driver of Collise Car No. KA-03-MC-9666 was coming towards Electronic City from Silk Board side on Elevated Pryover Road under Electronic City Traffic Police Station limits. Shri Chand Pasha, 25, sped his vehicle towards Electronic City from Silk Board side. Ahead near Agrahara Junction, Konappa, Mr. Vinayagam, 53, collided with Honda Activa No. KA-02-JD-4027. As a result, Honda Activa rider Mr. Vinayagam fell on the road along with the vehicle and the vehicle got injured and Mr. Vinayagam suffered severe bleeding injuries on his head. The injured will then be admitted to the nearby Kaveri Hospital for treatment. At present the injured is being treated in an unconscious state. Therefore, a complaint has been filed against Mr. Chand Pasha, 25 years old, the driver of Callie's Car No. KA-03-MC-9666, who caused this accident, etc.", "Hit and Run": "No", "Type of Collision": "Hit from Back", "Cause of Collision": "Overspeeding", "Road": "Main Road", "Context": "Street View Unavailable", "Infrastructure No": "Street View Unavailable", "Infrastructure Yes": "Street View Unavailable", "Additional": "Street View Unavailable", "General Comment": "Street View Unavailable", "Blackspot_Name": null, "Added": null, "Type of Collision Cleaned": "Hit from Back", "Context Mapping": "Along Main Road", "Combinations": "Hit from Back,Along Main Road", "Time of Day": "Midday 1 (12-3)" }, "geometry": { "type": "Point", "coordinates": [ 77.665897, 12.854048 ] } },
{ "type": "Feature", "properties": { "fid": 59, "FIR_No": "0122/2021", "PolSt": "Electronic City Traffic", "layer": "BC Vehicular Crash 2021", "ID": "0122/2021/Electronic City Traffic", "Sub Division": "HSR Layout Traffic Sub Divis", "Year": 2021, "Lat": 12.8559, "Long": 77.66447, "Count_Killed": 1, "Count_NonFatal": 0, "Total Victims": 1, "Victim Vehicle": "LMV", "Victim Age": "Unknown", "Victim Gender": "Male", "Victim02 Age": "-", "Victim02 Gender": "-", "Victim03 Age": "-", "Victim03 Gender": "-", "Accused Vehicle": "2W", "Accused Age": "44", "Accused Gender": "Male", "Accused Vehicle 02": "2W", "Accused Age 02": "Unknown", "Accused Gender 02": "Male", "Day": "Saturday", "Time Stamp": "12:20:00", "Full Address": "Elevated Flyover raod, Near Konappana Agrahara, Junction, Towards E city, Electronic city,,Bengaluru City , Karnataka, 560100", "Road Name": "Hosur-Bangalore Main Road", "NH": "NH 44", "FIR Contents": "The brief summary of this case is Date: On 11-12-2021 at about 12-20 PM to 12-30 PM on Elevated Priover Road belonging to the Electronic City Traffic Police Station limits Mr. Manjunath.H.J, 44 years of age was driving an Electric Scooter No. KA-51. -While driving HF-0079 from Silk Board towards Electronic City Near Agrahara Junction, Konappa, the rider of motorcycle No. TN-40-W-8671 stopped his vehicle on the non-stopping highway, Elevated Pryover Road, without giving any warning, negligently causing trouble to the vehicles coming on the said road, when the electric scooter of Mr. Manjunath.H.J. At the same time when the bike hit the scooter and fell on the right side of the road The driver of the car no. TN-22-CD-7546 coming on the said route drove his vehicle fast and collided with the electric scooter lying on the road and Mr. Manjunath.H.J. The wheel of the said car fell on Mr. Manjunath.H.J and seriously injured his head. Deceased on the spot due to blood injuries, rider of motorcycle No. TN-40-W-8671 and car no. The driver of TN-22-CD-7546 left without stopping the vehicle. Therefore, the vehicle and rider of Motorcycle No. TN-40-W-8671 and the vehicle and driver of Car No. TN-22-CD-7546 responsible for this accident have been identified and appropriate legal action has been taken against them.\n\nComplaints to be made etc...", "Hit and Run": "Yes", "Type of Collision": "Hit from Back", "Cause of Collision": "Wrong Parking", "Road": "Main Road", "Context": "At intersection", "Infrastructure No": null, "Infrastructure Yes": null, "Additional": null, "General Comment": null, "Blackspot_Name": null, "Added": null, "Type of Collision Cleaned": "Hit from Back", "Context Mapping": "Intersection", "Combinations": "Hit from Back,Intersection", "Time of Day": "Midday 1 (12-3)" }, "geometry": { "type": "Point", "coordinates": [ 77.66447, 12.8559 ] } },
{ "type": "Feature", "properties": { "fid": 60, "FIR_No": "0124/2021", "PolSt": "Electronic City Traffic", "layer": "BC Vehicular Crash 2021", "ID": "0124/2021/Electronic City Traffic", "Sub Division": "HSR Layout Traffic Sub Divis", "Year": 2021, "Lat": 12.87135, "Long": 77.652428, "Count_Killed": 1, "Count_NonFatal": 1, "Total Victims": 2, "Victim Vehicle": "2W", "Victim Age": "51", "Victim Gender": "Male", "Victim02 Age": "53", "Victim02 Gender": "Male", "Victim03 Age": "-", "Victim03 Gender": "-", "Accused Vehicle": "LMV", "Accused Age": "Unknown", "Accused Gender": "Male", "Accused Vehicle 02": "-", "Accused Age 02": "-", "Accused Gender 02": "-", "Day": "Sunday", "Time Stamp": "08:30:00", "Full Address": "Hosur road Service road, Near Singasandra, Govt Hospital, Naganathapura,,Bengaluru City , Karnataka, 560100", "Road Name": "Hosur-Bangalore Service Road", "NH": "NH 44", "FIR Contents": "The brief summary of this case is that on 12-12-2021 at about 8-30 AM.. Mr. Gopal, 51 years old, on his motorcycle No. TN-09-BT near Singhasandra Government Hospital on Service Road of Hosur Road within the limits of Electronic City Traffic Police Station. -3712 from Kudugate towards Hosroad Junction with Mr. Devaraj as the rear rider. While going, the driver of the car number KA-05-AE-2265, which was parked on the side of the road, suddenly moved forward and carelessly swerved to the right and collided with the motorcycle. Due to this the motorcycle rider Mr. Gopal and the rear rider Mr. Devaraj fell on the road along with the vehicle and the vehicle got injured, the rear rider Mr. Devaraj got a minor injury and the rider Mr. Gopal got severe blood injuries on his head. Immediately, the driver of the said car and the public there gave first aid to the injured Mr. Gopal at the nearby Abhiram Hospital, after which the injured was admitted to St. John's Hospital for further treatment, the driver of the accident car gave first aid to the injured, and then left with the vehicle. Therefore, a complaint has been made that the car driver who caused this accident should be found and appropriate legal action should be taken against him.", "Hit and Run": "Yes", "Type of Collision": "Hit from Side", "Cause of Collision": "Rough Driving", "Road": "Service Road", "Context": "Undefined Parking in the shoulder space", "Infrastructure No": "No Demarcated Parking, No Signages, No Speed calming Elements", "Infrastructure Yes": null, "Additional": "Accused from parked location took Sudden right turn.", "General Comment": null, "Blackspot_Name": "Hosa Road Junction", "Added": null, "Type of Collision Cleaned": "Hit from Side", "Context Mapping": "Along Service Road", "Combinations": "Hit from Side,Along Service Road", "Time of Day": "Morning Rush Hour (7-12)" }, "geometry": { "type": "Point", "coordinates": [ 77.652428, 12.87135 ] } },
{ "type": "Feature", "properties": { "fid": 61, "FIR_No": "0126/2021", "PolSt": "Electronic City Traffic", "layer": "BC Vehicular Crash 2021", "ID": "0126/2021/Electronic City Traffic", "Sub Division": "HSR Layout Traffic Sub Divis", "Year": 2021, "Lat": 12.839956, "Long": 77.67685, "Count_Killed": 1, "Count_NonFatal": 0, "Total Victims": 1, "Victim Vehicle": "2W", "Victim Age": "50", "Victim Gender": "Female", "Victim02 Age": "-", "Victim02 Gender": "-", "Victim03 Age": "-", "Victim03 Gender": "-", "Accused Vehicle": "Lorry", "Accused Age": "26", "Accused Gender": "Male", "Accused Vehicle 02": "-", "Accused Age 02": "-", "Accused Gender 02": "-", "Day": "Friday", "Time Stamp": "13:45:00", "Full Address": "Hosur Main road Veerasandra Junction,, Veerasandra,Bengaluru City , Karnataka, ", "Road Name": "Hosur-Bangalore Main Road", "NH": "NH 44", "FIR Contents": "The brief summary of this case is that on 17-12-2021 at about 1.45 PM on Hosur Main Road within the limits of Electronic City Traffic Police Station Mr. Jitin Manual, driver of Veerasandra Junction Cantor No. KL-32-M-3891, was driving his vehicle from Agrahara side of Konappa towards Hebbagodi. Scooter no Due to collision with KA-05-KM-7541, rider Priyadhar and child Mr. Bhuvan, 9 years left side of the vehicle and rear passenger Mrs. Malara, 50 years fell to the right side of the road when the left rear wheel of the said canter was torn on the waist of the rear passenger Mrs. Malara and seriously injured. . Then the injured is admitted to the nearby Kaveri Hospital for treatment in a BETL ambulance with the help of the mobile police and the public. At present, the injured is undergoing treatment at Kaveri Hospital in a conscious condition. Hence the complaint filed against the driver of Canter No. KL-32-M-3891 Mr. Jeetin Manual, 26 years of age to take appropriate legal action etc....", "Hit and Run": "No", "Type of Collision": "Hit from Side", "Cause of Collision": "Rough Driving", "Road": "Main Road", "Context": "At Intersection", "Infrastructure No": "No Speed Calming Elements, No signages, No Segregation of Heavy Vehicles", "Infrastructure Yes": "Signal, Crossing", "Additional": null, "General Comment": null, "Blackspot_Name": "Veerasnadra Junction", "Added": null, "Type of Collision Cleaned": "Hit from Side", "Context Mapping": "Intersection", "Combinations": "Hit from Side,Intersection", "Time of Day": "Midday 1 (12-3)" }, "geometry": { "type": "Point", "coordinates": [ 77.677005331400167, 12.840045625313403 ] } },
{ "type": "Feature", "properties": { "fid": 62, "FIR_No": "0127/2021", "PolSt": "Electronic City Traffic", "layer": "BC Vehicular Crash 2021", "ID": "0127/2021/Electronic City Traffic", "Sub Division": "HSR Layout Traffic Sub Divis", "Year": 2021, "Lat": 12.8412, "Long": 77.6763, "Count_Killed": 2, "Count_NonFatal": 2, "Total Victims": 4, "Victim Vehicle": "2W", "Victim Age": "28", "Victim Gender": "Male", "Victim02 Age": "24", "Victim02 Gender": "Male", "Victim03 Age": "25", "Victim03 Gender": "Male", "Accused Vehicle": "2W", "Accused Age": "24", "Accused Gender": "Male", "Accused Vehicle 02": "2W", "Accused Age 02": "25", "Accused Gender 02": "Male", "Day": "Monday", "Time Stamp": "00:10:00", "Full Address": "Hosur road Service road, Near Audi Car Service,, Electronic city,,Bengaluru City\n, Karnataka, 560100", "Road Name": "Hosur-Bangalore Service Road", "NH": "NH 44", "FIR Contents": "The brief summary of this case is the date: On 20-12-2021 Wednesday night at around 00-10 am hours, Electronic City Audi car KA-51-HD-0682 พลัวลับต้าว่ 6, 24, on the service road of Hosur Road belonging to the limits of Electronic City Traffic Police Station. After picking up the 23-year-old, he sped away from Hunnoor Gate towards Konappa's Agrahara. was going and at the same time the rider of motorcycle No. KL-12-F-7298 coming from the opposite side Shri.\n\nJitin Josh, 25 years old was driving his vehicle with Mr. Sonu Soni, 28 years old sitting behind him and went slightly to the right side of the road when both the vehicles collided head on leaving both the vehicles injured and four persons with severe head injuries. Immediately the injured Mr. Sonu Soni, 28 years and Mr. Santhosh, 23 years were sent to Kaveri Hospital in BETL Ambulance and the injured Mr. Jitin Josh, 25 years and Mr. Sarath Aditya in 108 Ambulance to Matru Hospital in Kudu for treatment.\n\nThe rider of motorcycle No. KL-12-F-7298, Mr. Jitin Josh, 25 years, died at Matru Hospital, while the rear rider of the said vehicle, Mr. Sonu Soni, 28 years, died at Kaveri Hospital.\n\nInjured rider of dry bike no KA-51-HD-0682 Mr. Sarath Aditya, 24 years old is undergoing treatment at Matru Hospital and the rear rider of the said vehicle Mr. Santhosh, 23 years old is undergoing treatment at Kaveri Hospital.\n\nComplaint to take appropriate legal action against Mr. Sarath Aditya, 24 years, rider of Duke Bike No. KA-51-HD-0682 and Mr. Jitin Josh, 25 years, rider of Motorcycle No. KL-12-F-7298, who caused this accident etc. ....", "Hit and Run": "No", "Type of Collision": "Head On", "Cause of Collision": "Rough Driving", "Road": "Service Road", "Context": "Two way Service Road At Merge Point", "Infrastructure No": "No Lane Demarcation, No signages, No Speed Calming", "Infrastructure Yes": null, "Additional": null, "General Comment": "Late Night", "Blackspot_Name": "Electronic City Toll Plaza", "Added": null, "Type of Collision Cleaned": "Head On", "Context Mapping": "Access Point", "Combinations": "Head On,Access Point", "Time of Day": "Mid Night(12-4)" }, "geometry": { "type": "Point", "coordinates": [ 77.6763, 12.8412 ] } },
{ "type": "Feature", "properties": { "fid": 63, "FIR_No": "0030/2021", "PolSt": "Madiwala Traffic", "layer": "BC Vehicular Crash 2021", "ID": "0030/2021/Madiwala Traffic", "Sub Division": "South East Traffic Sub Divisio", "Year": 2021, "Lat": 12.907572, "Long": 77.628459, "Count_Killed": 1, "Count_NonFatal": 1, "Total Victims": 2, "Victim Vehicle": "2W", "Victim Age": "65", "Victim Gender": "Female", "Victim02 Age": "-", "Victim02 Gender": "-", "Victim03 Age": "-", "Victim03 Gender": "-", "Accused Vehicle": "Lorry", "Accused Age": "27", "Accused Gender": "Male", "Accused Vehicle 02": "-", "Accused Age 02": "-", "Accused Gender 02": "-", "Day": "Friday", "Time Stamp": "09:40:00", "Full Address": "Near Bommanahalli Junction, Hosur Main Road,Bengaluru City , Karnataka, ", "Road Name": "Hosur-Bangalore Main Road", "NH": "NH 44", "FIR Contents": "Date: 06-08-2021 at about 09-40 AM at about 09-40 AM the driver of a Canter Registration No. KA-51-AF-8754 Kushal Subba, aged about 27 years, overturned his vehicle near Bommanahalli Junction on Hosur Main Road towards Roopana Agrahar from Bommanahalli side. Drive and go to overtake from the left side on the same road A scooter moving forward in the direction collided with the left side of registration number KA-05-HF-5176 as a result of which the rider Shri. Kumar Raj, aged about 42 years and the rear rider, Mrs. Shanta, aged about 65 years fell on the right side of the road when Mr. It is said that Kumar Raj got a minor injury near the knee of his right leg, which was not a hospital treatable injury and Mrs. Shantha got a severe injury on her right side shoulder and head and died at Nimans Hospital at around 11-35 am in the morning without being able to recover from the treatment and canter registration no. Legal action against Kushal Subba, driver of KA-51-AF-8754, aged about 27 years. Plaintiff Shri. On this day date: 06-08-2021 at 12-30 PM at the police station, a case has been registered under police station case No. 30/2021 Section: 279, 304(A) IPC.", "Hit and Run": "No", "Type of Collision": "Unknown", "Cause of Collision": "Overspeeding", "Road": "Main Road", "Context": null, "Infrastructure No": "No Speed Calming Elements, No signages", "Infrastructure Yes": null, "Additional": null, "General Comment": "Late Night", "Blackspot_Name": "Bommanahalli Bus Stop", "Added": null, "Type of Collision Cleaned": "Unknown", "Context Mapping": "Along Main Road", "Combinations": "Unknown,Along Main Road", "Time of Day": "Morning Rush Hour (7-12)" }, "geometry": { "type": "Point", "coordinates": [ 77.628459, 12.907572 ] } },
{ "type": "Feature", "properties": { "fid": 64, "FIR_No": "0035/2021", "PolSt": "Madiwala Traffic", "layer": "BC Vehicular Crash 2021", "ID": "0035/2021/Madiwala Traffic", "Sub Division": "South East Traffic Sub Divisio", "Year": 2021, "Lat": 12.914853, "Long": 77.624196, "Count_Killed": 1, "Count_NonFatal": 0, "Total Victims": 1, "Victim Vehicle": "2W", "Victim Age": "41", "Victim Gender": "Male", "Victim02 Age": "-", "Victim02 Gender": "-", "Victim03 Age": "-", "Victim03 Gender": "-", "Accused Vehicle": "Bus", "Accused Age": "37", "Accused Gender": "Male", "Accused Vehicle 02": "-", "Accused Age 02": "-", "Accused Gender 02": "-", "Day": "Saturday", "Time Stamp": "15:30:00", "Full Address": "In fron of Aswad Hospital, Silk Board Down Ramp Roopena agrahara Hosur\nMain,Bengaluru City , Karnataka, 560068", "Road Name": "Hosur-Bangalore Main Road", "NH": "NH 44", "FIR Contents": "HC-6955 of Madiwal Traffic Police Station, Jagadish father Malliah, 44 years, own address:\n\n#1656/A, 31st Main, D Group Layout, Srigandhakaval, Bangalore-91. The gist of the complaint given by mobile no.9449491876 is that the date On 11-09-2021 I was assigned to \"B\" shift duty near Rupena Agrahara from 2-00 PM to 10-00 PM, accordingly while I was performing traffic control and maintenance duty at around 3-30 PM one BMT. Santosh Kumar, Driver of C Bast Registration No. KA-57, F-3487, M.D. Bill, No. 22162, aged about 37 years, busted his bust on Hosur Main Road towards Bommanahalli towards Madiwala Police Station Silk Board down ramp in front of Ahmed Hospital driving very fast and recklessly, a Honda Activa scooter bearing registration number KA-51, which was traveling on the right side of the road in the same direction. H. E-2815 went to overtake the vehicle from the left side and collided with the left mirror of the scooter, the scooter rider fell on the road along with the two-wheeler, then the right rear wheel of the BMTC bus fell on his head, resulting in a severe blow to the head and serious injuries. And the left side of the scooter is also damaged. Immediately I along with ASI Mr. Lokesh of our station and Mr. Raj Kumar of HC-7188, who were there, sent the injured to St. John's Hospital for treatment. Later, ASI Mr. Lokesh and HC-7188 Mr. Raj Kumar, who were taken to the hospital for treatment, saw the ID card of Bio Incision Center in the pocket of the injured and told me that his name was Taramurthy, about 41 years of age and that he was dead. On receipt of a complaint filed against the driver of BMTC Bast Registration No. KA-57, F-3487, Santosh Kumar, MD Bill No. 22162, aged about 37 years, under Section-279, 304(A) IPC. Legal action\n\nundertaken.", "Hit and Run": "Yes", "Type of Collision": "Hit from Side", "Cause of Collision": "Rough Driving", "Road": "Main Road", "Context": "Down Ramp of Flyover", "Infrastructure No": "No Bus lane, No Speed humps, No Singages", "Infrastructure Yes": "Reumble Strips", "Additional": "While overtaking", "General Comment": null, "Blackspot_Name": "Silkboard Bus Stop", "Added": null, "Type of Collision Cleaned": "Hit from Side", "Context Mapping": "Up/Down Ramps", "Combinations": "Hit from Side,Up/Down Ramps", "Time of Day": "Midday 2 (3-6)" }, "geometry": { "type": "Point", "coordinates": [ 77.624196, 12.914853 ] } },
{ "type": "Feature", "properties": { "fid": 65, "FIR_No": "2022/0014", "PolSt": "Electronic City Traffic", "layer": "BC Vehicular Crash 2022", "ID": "2022/0014/Electronic City Traffic", "Sub Division": "HSR Layout Traffic Sub Divis", "Year": 2022, "Lat": 12.842626, "Long": 77.669496, "Count_Killed": 1, "Count_NonFatal": 1, "Total Victims": 2, "Victim Vehicle": "Self", "Victim Age": "Self", "Victim Gender": "Self", "Victim02 Age": "28", "Victim02 Gender": "Male", "Victim03 Age": "-", "Victim03 Gender": "-", "Accused Vehicle": "2W", "Accused Age": "21", "Accused Gender": "Male", "Accused Vehicle 02": "-", "Accused Age 02": "-", "Accused Gender 02": "-", "Day": "Thursday", "Time Stamp": "23:20:00", "Full Address": "Near to Yaskava Company , RS Junction", "Road Name": "2nd Main Road, Electronic City", "NH": null, "FIR Contents": "The brief summary of this case is that on 10-02-2022 at around 11-20 hrs at night Mr. Manoj Kumar, rider of motorcycle No. KA-53-S-4025 near Yasmawa Company on Phase-1 Petrol Station Road within the limits of Electronic City Traffic Police Station. T, 21 years old sitting on his back with Mr. Santosh Kumar.V, 28 years old. While speeding the vehicle from RS Junction towards D Mart, it lost control and skidded to the right side of the road and collided with the iron grill installed on the right side of the road. The rider Mr. Manoj Kumar.T, 21 years of age suffered severe head injuries and the rear passenger Mr. Santosh Kumar.V. , the 21-year-old received minor cuts on his forehead and limbs and was immediately rushed to the hospital for treatment. He was taken to the nearby Kaveri Hospital and admitted. The doctor informed that the rider Mr. Manoj Kumar.T died on 11-02-2022 at 00-15 AM on Wednesday night due to ineffective treatment. Therefore, the complaint filed against Mr. Manoj Kumar T, 21 years old, the rider of motorcycle No. KA-53-S-4025 who himself caused this accident, etc.", "Hit and Run": "No", "Type of Collision": "Skidding", "Cause of Collision": "Overspeeding", "Road": "Local Road", "Context": "Two Way Local Road 6m Wide", "Infrastructure No": "No Signages, No Lane Segregation", "Infrastructure Yes": "Speed Calming Elements (2022)", "Additional": "Hit Barrier on the Side", "General Comment": null, "Blackspot_Name": null, "Added": "added", "Type of Collision Cleaned": "Skidding", "Context Mapping": "Service Road Junction", "Combinations": "Skidding,Service Road Junction", "Time of Day": "Late Night (9-12)" }, "geometry": { "type": "Point", "coordinates": [ 77.669496, 12.842626 ] } },
{ "type": "Feature", "properties": { "fid": 66, "FIR_No": "2022/0021", "PolSt": "Electronic City Traffic", "layer": "BC Vehicular Crash 2022", "ID": "2022/0021/Electronic City Traffic", "Sub Division": "HSR Layout Traffic Sub Divis", "Year": 2022, "Lat": 12.847948, "Long": 77.670815, "Count_Killed": 1, "Count_NonFatal": 1, "Total Victims": 2, "Victim Vehicle": "2W", "Victim Age": "28", "Victim Gender": "Male", "Victim02 Age": "26", "Victim02 Gender": "Male", "Victim03 Age": "-", "Victim03 Gender": "-", "Accused Vehicle": "2W", "Accused Age": "28", "Accused Gender": "Male", "Accused Vehicle 02": "Lorry", "Accused Age 02": "-", "Accused Gender 02": "-", "Day": "Friday", "Time Stamp": "11:30:00", "Full Address": "Hosur Main road, Konappana Agrahara Junction,, Electronic city,,Bengaluru City , Karnataka, 560100", "Road Name": "Hosur-Bangalore Main Road", "NH": "NH 44", "FIR Contents": "The brief summary of this case is Date:04-02-2022 at around 2-00 am in the morning at Agrahara Junction, Hosur Main Road, Konappa within the limits of Electronic City Traffic Police Station. The rider of motorcycle No. KA-50-U-3942, Mr. Ashok B Bohra, 28 years old, with Mr. Khagendra Adhikari, 26 years old sitting behind him, was speeding his vehicle towards his home towards Veerasandra from Hosraste Junction and was in front of his motorcycle. Due to a collision with an unknown vehicle, both of them fell on the road along with the vehicle and the front of the motorcycle was injured. The rider, Mr. Ashok B Bohra, 28, sustained injuries on the chest, face and other parts of the body, and the rear rider, Mr. Khagendra Adhikari, 26, sustained injuries on his left leg and left hand. Later, the injured got first aid at the nearby Kaveri Hospital, at this time when the traffic police visited the hospital and inquired about filing a complaint, they were told that there is no need to file a complaint as they themselves had caused the accident. Later, the injured were admitted to St. John's Hospital for further treatment, but suddenly the motorcycle rider Mr. Ashok B. Bohra, who was fine, died on 22-02-2022 at 01-48 hours on Wednesday. Therefore, the late Mr. Ashok B Bohra, the motorcycle rider who caused this auto accident, came to the police station late today to take appropriate action against Mr. Ashok B. Bohra.", "Hit and Run": "No", "Type of Collision": "Unknown", "Cause of Collision": "Overspeeding", "Road": "Main Road", "Context": null, "Infrastructure No": "No Speed Calming Elements, No signages", "Infrastructure Yes": null, "Additional": null, "General Comment": "Late Night", "Blackspot_Name": "Electronic City Bus Stop", "Added": null, "Type of Collision Cleaned": "Unknown", "Context Mapping": "Along Main Road", "Combinations": "Unknown,Along Main Road", "Time of Day": "Morning Rush Hour (7-12)" }, "geometry": { "type": "Point", "coordinates": [ 77.670815, 12.847948 ] } },
{ "type": "Feature", "properties": { "fid": 67, "FIR_No": "2022/0024", "PolSt": "Electronic City Traffic", "layer": "BC Vehicular Crash 2022", "ID": "2022/0024/Electronic City Traffic", "Sub Division": "HSR Layout Traffic Sub Divis", "Year": 2022, "Lat": 12.848246, "Long": 77.67069, "Count_Killed": 1, "Count_NonFatal": 1, "Total Victims": 2, "Victim Vehicle": "Pedestrian", "Victim Age": "27", "Victim Gender": "Male", "Victim02 Age": "28", "Victim02 Gender": "Male", "Victim03 Age": "-", "Victim03 Gender": "-", "Accused Vehicle": "2W", "Accused Age": "28", "Accused Gender": "Male", "Accused Vehicle 02": "Lorry", "Accused Age 02": "Unknown", "Accused Gender 02": "Male", "Day": "Thursday", "Time Stamp": "23:00:00", "Full Address": "Near Electronic City bus stop, Hosur Main Road", "Road Name": "Hosur-Bangalore Main Road", "NH": "NH 44", "FIR Contents": "The brief summary of this case is Date: 24-02-2022 at about 10-56 PM.. Pedestrians were crossing the road from East to West on the road from Veerasandra towards Agrahara in Konappa near Electronic City Bus Stand on Hosur Main Road within the limits of Electronic City Traffic Police Station. While crossing the road from the median, the rider of scooter No. KA-04-KB-7980 drove his vehicle at high speed and collided with the pedestrian as a result of which the pedestrian fell on the right side of the road and the scooter rider Mr. Laxmanan Raj, 28, fell on the left side of the road when a container lorry was speeding alongside the scooter. The driver of No. TN-03-H-2658 was driving his vehicle carelessly and the scooter rider Mr. Laxmanan Raj, who was lying on the road wearing the rear wheel helmet of the said container lorry, fell on the road and died on the spot due to severe bleeding injuries, the pedestrian complainant sustained lacerations on his right leg and other parts. . The driver of the above container lorry, who was bent over in the accident, left without stopping his vehicle. Therefore the scooter rider deceased Mr. Laxmanan Raj and the container lorry which caused this accident and\nA complaint was made that the driver should be found and appropriate legal action should be taken against the duo etc....", "Hit and Run": "Yes", "Type of Collision": "Hit Pedestrian", "Cause of Collision": "Overspeeding", "Road": "Main Road", "Context": "Near Bus stop", "Infrastructure No": "No Signage, No barricade, No speed calming, No Pedestrian Crossing  No Segregation for Heavy Vehicles", "Infrastructure Yes": null, "Additional": "Suddent Bulb out for bus stop. Unnoticable lane marking", "General Comment": null, "Blackspot_Name": "Electronic City Bus Stop", "Added": null, "Type of Collision Cleaned": "Hit Pedestrian", "Context Mapping": "Bus Stop", "Combinations": "Hit Pedestrian,Bus Stop", "Time of Day": "Late Night (9-12)" }, "geometry": { "type": "Point", "coordinates": [ 77.67069, 12.848246 ] } },
{ "type": "Feature", "properties": { "fid": 68, "FIR_No": "2022/0025", "PolSt": "Electronic City Traffic", "layer": "BC Vehicular Crash 2022", "ID": "2022/0025/Electronic City Traffic", "Sub Division": "HSR Layout Traffic Sub Divis", "Year": 2022, "Lat": 12.838302, "Long": 77.678345, "Count_Killed": 1, "Count_NonFatal": 1, "Total Victims": 2, "Victim Vehicle": "Self", "Victim Age": "28", "Victim Gender": "Male", "Victim02 Age": "28", "Victim02 Gender": "Male", "Victim03 Age": "-", "Victim03 Gender": "-", "Accused Vehicle": "LMV", "Accused Age": "28", "Accused Gender": "Male", "Accused Vehicle 02": "-", "Accused Age 02": "-", "Accused Gender 02": "-", "Day": "Monday", "Time Stamp": "02:15:00", "Full Address": "Between Hosur main road and hebbagodi,", "Road Name": "Hosur-Bangalore Main Road", "NH": "NH 44", "FIR Contents": "The brief summary of this case is Date: 28-02-2022 at about 02-15 hrs on Wednesday night at about 02-15 hours on Hosur Main Road within the limits of Electronic City Traffic Police Station Mr. Marappa, 28 years old in Tata Ace No. KA-51-AG-3131. He took his friend Mr. Gajendra and Mr. Y.Naveen Kumar and drove his vehicle from Hebbagodi towards Electronic City at high speed and hit the center median at Veerasandra Junction, causing the vehicle to overturn and land on the opposite road. As a result, the front of the Tata Ace was injured, the driver Mr. Marappa, 28 years old, suffered severe head injuries and Mr. Gajendra, who was sitting in front of the Tata Ace, received minor cuts. The injured were immediately taken to the nearby Kaveri Hospital in the BETL ambulance for treatment, and the hospital doctors who examined the injured Tata Ace driver Mr. Marappa said that the injured died on the way to the hospital. Therefore, a complaint has been filed against Mr. Marappa, 28 years old, the driver of the Tata Ace who caused this accident, etc.", "Hit and Run": "No", "Type of Collision": "Hit fixed object", "Cause of Collision": "Overspeeding", "Road": "Main Road", "Context": "Hit Median", "Infrastructure No": "No Signages, No Speed Calming Elements", "Infrastructure Yes": "Streetlights", "Additional": "Overturning after hitting the median", "General Comment": "Late Night", "Blackspot_Name": "Veerasandra Junction", "Added": null, "Type of Collision Cleaned": "Hit fixed object", "Context Mapping": "Along Main Road", "Combinations": "Hit fixed object,Along Main Road", "Time of Day": "Mid Night(12-4)" }, "geometry": { "type": "Point", "coordinates": [ 77.678345, 12.838302 ] } },
{ "type": "Feature", "properties": { "fid": 69, "FIR_No": "2022/0027", "PolSt": "Electronic City Traffic", "layer": "BC Vehicular Crash 2022", "ID": "2022/0027/Electronic City Traffic", "Sub Division": "HSR Layout Traffic Sub Divis", "Year": 2022, "Lat": 12.890823, "Long": 77.638955, "Count_Killed": 1, "Count_NonFatal": 1, "Total Victims": 2, "Victim Vehicle": "2W", "Victim Age": "52", "Victim Gender": "Male", "Victim02 Age": "-", "Victim02 Gender": "-", "Victim03 Age": "-", "Victim03 Gender": "-", "Accused Vehicle": "2W", "Accused Age": "22", "Accused Gender": "Male", "Accused Vehicle 02": "-", "Accused Age 02": "-", "Accused Gender 02": "-", "Day": "Thursday", "Time Stamp": "06:50:00", "Full Address": "Hosur road Service road, Near G B Palya Junction,, G.B Palya,,Bengaluru City , Karnataka, 560068", "Road Name": "Hosur-Bangalore Service Road", "NH": "NH 44", "FIR Contents": "The brief summary of this case is that on 03-03-2022 at about 6-50 AM in the morning at about 6-50 AM on the service road of Hosur Road within the limits of Electronic City Traffic Police Station near Garvebavipallya Junction Mr. Siddarama Pradhan, the rider of Pulsar Motorcycle No. KA-51-HP-4961, The 22-year-old sped his vehicle towards Bommanahalli from Kudu Gate The rider of the scooter No. KA-04-JS-7768, who was driving and taking a right turn to the road leading to Bandepal, collided with the right side of the scooter No. KA-04-JS-7768 and the occupants of both the vehicles fell on the road along with their vehicles. He has severe head bleeding injuries. The complainant immediately reached the spot and took the injured Mr. Mani Mohan in a car to the nearby Prashant Hospital where he was given first aid and he died on the way to St. John's Hospital for further treatment. The rider of the Pulsar motorcycle No. KA-51-HP-4961, Mr. Sibarama Pradhan, 22 years of age, sustained injuries on his face and is undergoing treatment at Prashant Hospital. Therefore, a complaint has been filed against Mr. Siddarama Pradhan, 22 years, the rider of Pulsar Motorcycle No. KA-51-HP-4961, who caused this accident, etc.", "Hit and Run": "No", "Type of Collision": "Hit from Side", "Cause of Collision": "Overspeeding", "Road": "Service Road", "Context": "T intersection to Service Road", "Infrastructure No": "No Signages, No Speed Calming Elements", "Infrastructure Yes": "Streetlights", "Additional": "While vehicle was taking right turn to intersecting local road", "General Comment": null, "Blackspot_Name": null, "Added": null, "Type of Collision Cleaned": "Hit from Side", "Context Mapping": "Intersection", "Combinations": "Hit from Side,Intersection", "Time of Day": "Early Morning (4-7)" }, "geometry": { "type": "Point", "coordinates": [ 77.638955, 12.890823 ] } },
{ "type": "Feature", "properties": { "fid": 70, "FIR_No": "2022/0055", "PolSt": "Electronic City Traffic", "layer": "BC Vehicular Crash 2022", "ID": "2022/0055/Electronic City Traffic", "Sub Division": "HSR Layout Traffic Sub Divis", "Year": 2022, "Lat": 12.896915, "Long": 77.635248, "Count_Killed": 1, "Count_NonFatal": 0, "Total Victims": 1, "Victim Vehicle": "Lorry", "Victim Age": "24", "Victim Gender": "Male", "Victim02 Age": "-", "Victim02 Gender": "-", "Victim03 Age": "-", "Victim03 Gender": "-", "Accused Vehicle": "2W", "Accused Age": "Unknown", "Accused Gender": "Male", "Accused Vehicle 02": "2W", "Accused Age 02": "-", "Accused Gender 02": "-", "Day": "Wednesday", "Time Stamp": "09:05:00", "Full Address": "NO. 10B, 8th Main\nRoad, 3rd Cross,\n3rd Block,LIC\nColony\nJayanagara ,\nBengaluru City ,\nKarnataka", "Road Name": "Hosur-Bangalore Main Road", "NH": "NH 44", "FIR Contents": "The brief summary of this case is that on Date: 11.05.2022 at about 09-05 hrs in the morning the driver of an Etcher Container Truck No. KA-50-A-4939 was speeding his vehicle on the elevated fly-over road of Hosur Main Road towards Electronic City from Silobederr side. Garvebhavipalya, who was traveling on the right side of the road in front of his vehicle near Pai-showroom, collided with a vehicle bearing motorcycle number KA-59-J-0264. As a result of which the motorcycle rider fell on the road, the right rear wheel of the said vehicle fell on the rider's head and the headlight was also worn on the head. He suffered severe injuries and died on the spot due to bleeding. Hence the complaint etc. that legal action should be taken against the rider of each vehicle mentioned above.", "Hit and Run": "Maybe", "Type of Collision": "Hit from Back", "Cause of Collision": "Overspeeding", "Road": "Main Road", "Context": null, "Infrastructure No": "No Signage,No speed calming, No Segregation for Heavy Vehicles", "Infrastructure Yes": null, "Additional": null, "General Comment": null, "Blackspot_Name": "Garvebhavipalaya", "Added": null, "Type of Collision Cleaned": "Hit from Back", "Context Mapping": "Along Main Road", "Combinations": "Hit from Back,Along Main Road", "Time of Day": "Morning Rush Hour (7-12)" }, "geometry": { "type": "Point", "coordinates": [ 77.635248, 12.896915 ] } },
{ "type": "Feature", "properties": { "fid": 71, "FIR_No": "2022/0065", "PolSt": "Electronic City Traffic", "layer": "BC Vehicular Crash 2022", "ID": "2022/0065/Electronic City Traffic", "Sub Division": ": HSR Layout Traffic Sub Divis", "Year": 2022, "Lat": 12.850787, "Long": 77.668714, "Count_Killed": 1, "Count_NonFatal": 2, "Total Victims": 3, "Victim Vehicle": "Self", "Victim Age": "21", "Victim Gender": "Male", "Victim02 Age": "22", "Victim02 Gender": "Male", "Victim03 Age": "-", "Victim03 Gender": "-", "Accused Vehicle": "LMV", "Accused Age": "21", "Accused Gender": "Male", "Accused Vehicle 02": "-", "Accused Age 02": "-", "Accused Gender 02": "-", "Day": "Saturday", "Time Stamp": "00:40:00", "Full Address": "Hosur Main road, Near Nexa Car Show room,, Biratena Agrahara, Electronic city\npost,,Bengaluru City , Karnataka, 560100", "Road Name": "Hosur-Bangalore Main Road", "NH": "NH 44", "FIR Contents": "A brief summary of this case is that on 28-05-2022 at about 00-40 to 00-50 hrs Shri KV Nischal, 22 years of age was in the front seat of his Maruti Ritz car number AP-26-AD-6060 along with his friend Shri S. .Varun, 22 years old and Mr. S. in the back seat of the car. Jaswant, 22 years and Mr. Akil Raj, 22 years, were driving their vehicle on the Hosur main road from Hosraste (Naganathapura) junction towards Konappa Agrahara junction at a high speed and unable to control their speeding car in front of Nekka Car Showroom, the iron grill mounted on the center median hit the center median. It was swept up to a distance of about 15 meters and elevated A self collided with filler number 172 on Pry-over Road. As a result, the said car overturned on the road and the driver, Mr. KV Nischal, suffered severe injuries on his head and other parts of his body and was bleeding, after which he was taken to the nearby Kaveri Hospital for treatment.\nThe examining doctor confirmed that the victim died on the way to the hospital. The remaining three passengers of the car sustained injuries and are being treated at Kaveri Hospital. Therefore, a complaint has been filed against the car driver who caused this accident Mr. Shri KV Nischal, 22 years of age, etc.", "Hit and Run": "No", "Type of Collision": "Hit fixed object", "Cause of Collision": "Overspeeding", "Road": "Main Road", "Context": "Hit Median", "Infrastructure No": "No Signages, No Speed Calming Elements", "Infrastructure Yes": "Streetlights", "Additional": "Overturning after hitting the median", "General Comment": "Late Night, Loss of Control", "Blackspot_Name": "Electronic City Bus Stop", "Added": null, "Type of Collision Cleaned": "Hit fixed object", "Context Mapping": "Along Main Road", "Combinations": "Hit fixed object,Along Main Road", "Time of Day": "Mid Night(12-4)" }, "geometry": { "type": "Point", "coordinates": [ 77.668714, 12.850787 ] } },
{ "type": "Feature", "properties": { "fid": 72, "FIR_No": "2022/0099", "PolSt": "Electronic City Traffic", "layer": "BC Vehicular Crash 2022", "ID": "2022/0099/Electronic City Traffic", "Sub Division": "HSR Layout Traffic Sub Divis", "Year": 2022, "Lat": 12.868347, "Long": 77.654494, "Count_Killed": 1, "Count_NonFatal": 0, "Total Victims": 1, "Victim Vehicle": "2W", "Victim Age": "30", "Victim Gender": "Male", "Victim02 Age": "-", "Victim02 Gender": "-", "Victim03 Age": "-", "Victim03 Gender": "-", "Accused Vehicle": "Lorry", "Accused Age": "38", "Accused Gender": "Male", "Accused Vehicle 02": "-", "Accused Age 02": "-", "Accused Gender 02": "-", "Day": "Thursday", "Time Stamp": "15:35:00", "Full Address": "HOSUR MAIN ROAD NEAR PILLAR NO 160., Naganathapura, Electronic city\npost,,Bengaluru City , Karnataka, 560100", "Road Name": "Hosur-Bangalore Main Road", "NH": "NH 44", "FIR Contents": "The brief summary of this case is that on date: 04/08/2022 at about 03-35 PM, Kushalappa, the driver of container goods vehicle No. KA-52-B-1095, was driving his vehicle in a very fast and reckless manner from Konappa Agrahara Junction on Hosur Main Road towards Naganathpur Junction. Go Elevated Pvt. Honda Activa scooter No. KA51-HA-7501, which was stopped due to red signal at Naganathpur junction near Pillar No. 160 of Over Road, collided with the rear of the vehicle. , severe injury to Rava's head He fell and died on the spot with his brain coming out due to bleeding. A complaint has been filed against Kushalappa, the driver of container goods vehicle No. KA-52-B-1095, who caused this accident.", "Hit and Run": "No", "Type of Collision": "Hit from Back", "Cause of Collision": "Rough Driving", "Road": "Main Road", "Context": null, "Infrastructure No": "No Signage,No speed calming, No Segregation for Heavy Vehicles", "Infrastructure Yes": null, "Additional": null, "General Comment": null, "Blackspot_Name": "Hosa Road Junction", "Added": null, "Type of Collision Cleaned": "Hit from Back", "Context Mapping": "Along Main Road", "Combinations": "Hit from Back,Along Main Road", "Time of Day": "Midday 2 (3-6)" }, "geometry": { "type": "Point", "coordinates": [ 77.654494, 12.868347 ] } },
{ "type": "Feature", "properties": { "fid": 73, "FIR_No": "2022/0106", "PolSt": "Electronic City Traffic", "layer": "BC Vehicular Crash 2022", "ID": "2022/0106/Electronic City Traffic", "Sub Division": "HSR Layout Traffic Sub Divis", "Year": 2022, "Lat": 12.888812, "Long": 77.640148, "Count_Killed": 1, "Count_NonFatal": 0, "Total Victims": 1, "Victim Vehicle": "2W", "Victim Age": "26", "Victim Gender": "Male", "Victim02 Age": "-", "Victim02 Gender": "-", "Victim03 Age": "-", "Victim03 Gender": "-", "Accused Vehicle": "Lorry", "Accused Age": "Unknown", "Accused Gender": "Male", "Accused Vehicle 02": "-", "Accused Age 02": "-", "Accused Gender 02": "-", "Day": "Sunday", "Time Stamp": "05:00:00", "Full Address": "Near Kudlu Gate Junction, Elevated Flyove", "Road Name": "Hosur-Bangalore Main Road", "NH": "NH 44", "FIR Contents": "The brief summary of this case is Date: On 14-08-2022 at around 5-00 AM, an unknown driver of a vehicle with no known number drove his vehicle at high speed on Hosur Main Road from Kudu Gate towards Naganathpur Junction and hit Pillar No. 75 of the Elevated Flyover on the said road and Between 76, the motorcycle rider number TN-10-AW-1794, which was going in front of his vehicle, collided with the vehicle. When the motorcycle rider fell on the road along with his motorcycle, the wheel of the said vehicle fell on the thigh of the motorcycle rider, causing severe injury and bleeding. When Johns was taken to the hospital, paramedics confirmed that the victim was pronounced dead on the way to the hospital. Therefore, the unknown vehicle and its driver responsible for the above road accident should be found and legal action should be taken, the complaint etc.", "Hit and Run": "Maybe", "Type of Collision": "Hit from Back", "Cause of Collision": "Overspeeding", "Road": "Main Road", "Context": "Hit Flyover Pillar and Vehicle", "Infrastructure No": "No Signage,No speed calming, No Segregation for Heavy Vehicles", "Infrastructure Yes": null, "Additional": null, "General Comment": null, "Blackspot_Name": null, "Added": null, "Type of Collision Cleaned": "Hit from Back", "Context Mapping": "Along Main Road", "Combinations": "Hit from Back,Along Main Road", "Time of Day": "Early Morning (4-7)" }, "geometry": { "type": "Point", "coordinates": [ 77.640148, 12.888812 ] } },
{ "type": "Feature", "properties": { "fid": 74, "FIR_No": "2022/0107", "PolSt": "Electronic City Traffic", "layer": "BC Vehicular Crash 2022", "ID": "2022/0107/Electronic City Traffic", "Sub Division": "HSR Layout Traffic Sub Divis", "Year": 2022, "Lat": 12.895234, "Long": 77.635873, "Count_Killed": 1, "Count_NonFatal": 0, "Total Victims": 1, "Victim Vehicle": "Lorry", "Victim Age": "40", "Victim Gender": "Male", "Victim02 Age": "-", "Victim02 Gender": "-", "Victim03 Age": "-", "Victim03 Gender": "-", "Accused Vehicle": "Lorry", "Accused Age": "40", "Accused Gender": "Male", "Accused Vehicle 02": "-", "Accused Age 02": "-", "Accused Gender 02": "-", "Day": "Wednesday", "Time Stamp": "00:30:00", "Full Address": "Hosur Main Road,, Garvebhavi palya Junction,Bengaluru City , Karnataka, 560100", "Road Name": "Hosur-Bangalore Main Road", "NH": "NH 44", "FIR Contents": "The brief summary of this case is that the plaintiff, K. Srinivas the driver of Etcher Cantor No. KA-41-B-2770 Date: 17/085/2022 at around 00-30 hrs in the midnight on Hosur Main Road bounded by Electronic City Traffic Police Station towards Garvebhavipallya Junction from Bommanahalli side towards Kudu Gate. at. While waiting for the green signal due to red signal, Mr. Jayavel, the driver of Tata Cantor No. TN-32-L-5638 behind the plaintiff's vehicle, drove his vehicle in a fast and reckless manner and rammed into the rear of the plaintiff's vehicle resulting in a collision between the two vehicles. .Jayavel's two legs and other parts of his body are injured. Later the injured was sent to Prashanta Hospital in Bommanahalli for treatment. Therefore, the driver of Tata Cantor No. TN-32-L-5638 vehicle which caused this accident Mr. Complaints etc. that legal action should be taken against Jayavel.", "Hit and Run": "No", "Type of Collision": "Hit from Back", "Cause of Collision": "Rough Driving", "Road": "Main Road", "Context": null, "Infrastructure No": "No Signage,No speed calming, No Segregation for Heavy Vehicles", "Infrastructure Yes": null, "Additional": null, "General Comment": null, "Blackspot_Name": "Garvebhavipalaya", "Added": null, "Type of Collision Cleaned": "Hit from Back", "Context Mapping": "Along Main Road", "Combinations": "Hit from Back,Along Main Road", "Time of Day": "Mid Night(12-4)" }, "geometry": { "type": "Point", "coordinates": [ 77.635873, 12.895234 ] } },
{ "type": "Feature", "properties": { "fid": 75, "FIR_No": "2022/0112", "PolSt": "Electronic City Traffic", "layer": "BC Vehicular Crash 2022", "ID": "2022/0112/Electronic City Traffic", "Sub Division": "HSR Layout Traffic Sub Divis", "Year": 2022, "Lat": 12.842192, "Long": 77.675594, "Count_Killed": 1, "Count_NonFatal": 5, "Total Victims": 6, "Victim Vehicle": "3W", "Victim Age": "42", "Victim Gender": "Female", "Victim02 Age": "-", "Victim02 Gender": "-", "Victim03 Age": "-", "Victim03 Gender": "-", "Accused Vehicle": "Lorry", "Accused Age": "Unknown", "Accused Gender": "Male", "Accused Vehicle 02": "-", "Accused Age 02": "-", "Accused Gender 02": "-", "Day": "Monday", "Time Stamp": "06:00:00", "Full Address": "Opp Aoudi Car Show Room, Near Electronic City Toll, Veerasandra Junction, Hosur Main Road,Bengaluru City , Karnataka, 560100", "Road Name": "Hosur-Bangalore Main Road", "NH": "NH 44", "FIR Contents": "The brief summary of this case is as follows: On 22-08-2022 between 6-00 AM to 6-15 AM, the driver of Canter No. KA-51-AA-8565 drove his vehicle in a rash and reckless manner on Hosur Main Road from Agrahara side of Konappa towards Weerasandra Junction. Go near the electronic city toll, in front of the Audi car showroom in front of your vehicle The goods auto number KA-42-A-9812 which was driving collided with the goods auto and fell on the road, wife and passenger Smt. Pramila aged 42 years suffered severe head injuries and bled to death on the way to Sacred Oak Hospital and co-passenger Smt. Prabhavathi aged 38 years, Smt. , Lalitha age 34 years, Mr. Appasab is 35 years of age and older The 11-year-old has been admitted to the hospital and is being treated for blood injuries. The driver of the Canter vehicle who had the accident fled away leaving his vehicle at the spot. Further legal action should be taken in this regard, complaint filed etc..", "Hit and Run": "Yes", "Type of Collision": "Hit from Back", "Cause of Collision": "Rough Driving", "Road": "Main Road", "Context": "At Toll", "Infrastructure No": null, "Infrastructure Yes": null, "Additional": null, "General Comment": null, "Blackspot_Name": "Electronic City Toll Plaza", "Added": null, "Type of Collision Cleaned": "Hit from Back", "Context Mapping": "Toll Booth", "Combinations": "Hit from Back,Toll Booth", "Time of Day": "Early Morning (4-7)" }, "geometry": { "type": "Point", "coordinates": [ 77.675594, 12.842192 ] } },
{ "type": "Feature", "properties": { "fid": 76, "FIR_No": "2022/0135", "PolSt": "Electronic City Traffic", "layer": "BC Vehicular Crash 2022", "ID": "2022/0135/Electronic City Traffic", "Sub Division": "HSR Layout Traffic Sub Divis", "Year": 2022, "Lat": 12.870526, "Long": 77.658774, "Count_Killed": 1, "Count_NonFatal": 0, "Total Victims": 1, "Victim Vehicle": "2W", "Victim Age": "29", "Victim Gender": "Male", "Victim02 Age": "-", "Victim02 Gender": "-", "Victim03 Age": "-", "Victim03 Gender": "-", "Accused Vehicle": "Lorry", "Accused Age": "38", "Accused Gender": "Male", "Accused Vehicle 02": "-", "Accused Age 02": "-", "Accused Gender 02": "-", "Day": "Friday", "Time Stamp": "12:30:00", "Full Address": "Central Jail Road", "Road Name": "Hosa Road", "NH": null, "FIR Contents": "The brief summary of this case is that on Date: 30/09/2022 at about 12-30 PM the complainant's relation Mr. Siddalinga aged about 29 years was driving his motorcycle No. KA-32-S-1748 on Central Jail Road from Naganathpur Junction towards Central Jail SEG. Same as when an automotive company is riding on the left side of the road on the frontage road On the said road, the driver of tipper lorry number TN-11-AY-3531 drove his vehicle at high speed and collided with the motorcycle which was going on his left side. As a result, the motorcycle rider fell on the road along with his vehicle. As a result of the impact on the rider's head, the motorcycle rider was wearing a hat but his head was crushed and he died on the spot. Therefore, the complaint filed should be followed by appropriate legal action", "Hit and Run": "No", "Type of Collision": "Hit from Back", "Cause of Collision": "Overspeeding", "Road": "Local Road", "Context": "At U turn", "Infrastructure No": "No Segregation for Heavy Vehicles, No Singages, No Speed Calmin Elements", "Infrastructure Yes": null, "Additional": null, "General Comment": null, "Blackspot_Name": null, "Added": "added", "Type of Collision Cleaned": "Hit from Back", "Context Mapping": "U Turn", "Combinations": "Hit from Back,U Turn", "Time of Day": "Midday 1 (12-3)" }, "geometry": { "type": "Point", "coordinates": [ 77.658774, 12.870526 ] } },
{ "type": "Feature", "properties": { "fid": 77, "FIR_No": "2022/0137", "PolSt": "Electronic City Traffic", "layer": "BC Vehicular Crash 2022", "ID": "2022/0137/Electronic City Traffic", "Sub Division": "HSR Layout Traffic Sub Divis", "Year": 2022, "Lat": 12.861347, "Long": 77.66036, "Count_Killed": 1, "Count_NonFatal": 1, "Total Victims": 2, "Victim Vehicle": "Self", "Victim Age": "Self", "Victim Gender": "Self", "Victim02 Age": "-", "Victim02 Gender": "-", "Victim03 Age": "-", "Victim03 Gender": "-", "Accused Vehicle": "2W", "Accused Age": "Unknown", "Accused Gender": "Unknown", "Accused Vehicle 02": "-", "Accused Age 02": "-", "Accused Gender 02": "-", "Day": "Tuesday", "Time Stamp": "19:10:00", "Full Address": "Hosur Main road Near Metro Holse,, Konappana Agrahar,Bengaluru City , Karnataka, 560100", "Road Name": "Hosur-Bangalore Main Road", "NH": "NH 44", "FIR Contents": "The brief summary of the case is that the plaintiff, Mr. Navinnu Marravara's wife, Shrimati Srija, 31\nDate of Year: 04-10-2022 at around 19:00 hrs at Tamputer No. KA-51-EY-6018\nHis mother-in-law Srimati Venkatalakshmamma, 69, in the Rahimbad seat and her son Bhargav, 8, in front of the Sadariscooter.\nElectronic knitting from their home by sitting the year olds\nA Metro Holnola anti-scooter was speeding from Naganathpur Junction on Hosur Main Road towards Electronic Kriti to reach Srivasavikanni Kaparameshwari Temple at 2nd level and was unable to control it.\nMs. Venkatalakshma's head and other parts of the body were severely injured due to the impact of the suit falling on the road. Bhargava also has scars.\nLater, the injured were taken to the nearest Kaveri Hospital by the public for treatment.\nLater, the doctor of Kaveri Hospital testified that the injured Mrs. Venkata Lakshmar was severely hit on the head and suffered blood injuries.\nMs. Venkatalakshma, who was rear-ended in an accident on the above-kanda road, suffered a severe head injury and died due to bleeding without treatment. So the cause of the accident was Mr.\nComplaints etc. that legal action should be taken against Sreejar.", "Hit and Run": "No", "Type of Collision": "Skidding", "Cause of Collision": "Overspeeding", "Road": "Main Road", "Context": null, "Infrastructure No": "No Speed Calming Elements", "Infrastructure Yes": null, "Additional": null, "General Comment": null, "Blackspot_Name": null, "Added": null, "Type of Collision Cleaned": "Skidding", "Context Mapping": "Along Main Road", "Combinations": "Skidding,Along Main Road", "Time of Day": "Evening Rush Hour (6-9)" }, "geometry": { "type": "Point", "coordinates": [ 77.66036, 12.861347 ] } },
{ "type": "Feature", "properties": { "fid": 78, "FIR_No": "2022/0148", "PolSt": "Electronic City Traffic", "layer": "BC Vehicular Crash 2022", "ID": "2022/0148/Electronic City Traffic", "Sub Division": "HSR Layout Traffic Sub Divis", "Year": 2022, "Lat": 12.85795, "Long": 77.66229, "Count_Killed": 1, "Count_NonFatal": 0, "Total Victims": 1, "Victim Vehicle": "LMV", "Victim Age": "32", "Victim Gender": "Male", "Victim02 Age": "-", "Victim02 Gender": "-", "Victim03 Age": "-", "Victim03 Gender": "-", "Accused Vehicle": "2W", "Accused Age": "30", "Accused Gender": "Male", "Accused Vehicle 02": "-", "Accused Age 02": "-", "Accused Gender 02": "-", "Day": "Sunday", "Time Stamp": "23:40:00", "Full Address": "Nice Road, electronic city toll, Electronic City", "Road Name": "Nice Road", "NH": null, "FIR Contents": "The brief summary of this case is that the plaintiff in this case Mr. Madevaiah aged 61 years Date: 23-10-2022 at about 11-40 hrs to 11-55 hrs Falsar Motorcycle KA02-E.T. The rider of 8616 was riding his motorcycle in the opposite direction towards Electronic City Toll from Bannerghatta side towards Electronic City toll road at a high speed and recklessly near Chainage No. 2+175 near Basapura Bridge at the same time Mr. Syed, the driver of Car No. KM3-MM 9669, drove his car on the same road. Speeding and reckless driving by electronic city toll In a head-on accident between two vehicles, Mr. Santhosh, a motorcycle rider aged around 30 years, suffered severe injuries on his two legs and face and suffered bleeding injuries.\nTherefore, the complaint filed against Mr. Santhosh, the motorcycle rider and Mr. Syed, the car driver, who caused this accident, is to be prosecuted.", "Hit and Run": "No", "Type of Collision": "Head On", "Cause of Collision": "Approaching from Wrong Side", "Road": "Main Road", "Context": "Near a Merge Point", "Infrastructure No": null, "Infrastructure Yes": "High Mast Light (2022)", "Additional": null, "General Comment": null, "Blackspot_Name": null, "Added": "added", "Type of Collision Cleaned": "Head On", "Context Mapping": "Access Point", "Combinations": "Head On,Access Point", "Time of Day": "Late Night (9-12)" }, "geometry": { "type": "Point", "coordinates": [ 77.66229, 12.85795 ] } },
{ "type": "Feature", "properties": { "fid": 80, "FIR_No": "2022/0176", "PolSt": "Electronic City Traffic", "layer": "BC Vehicular Crash 2022", "ID": "2022/0176/Electronic City Traffic", "Sub Division": "HSR Layout Traffic Sub Divis", "Year": 2022, "Lat": 12.865553, "Long": 77.656637, "Count_Killed": 1, "Count_NonFatal": 0, "Total Victims": 1, "Victim Vehicle": "Unknown", "Victim Age": "45", "Victim Gender": "Male", "Victim02 Age": "-", "Victim02 Gender": "-", "Victim03 Age": "-", "Victim03 Gender": "-", "Accused Vehicle": "2W", "Accused Age": "45", "Accused Gender": "Male", "Accused Vehicle 02": "-", "Accused Age 02": "-", "Accused Gender 02": "-", "Day": "Tuesday", "Time Stamp": "19:00:00", "Full Address": "Nice Road, Pragathinagara Bridge, Pragathinagra Electroni City,Bengaluru City\n, Karnataka, 560100", "Road Name": "Hosur-Bangalore Main Road", "NH": "NH 44", "FIR Contents": "The brief summary of this case is that the plaintiff Shri.Mani R aged 59 years is a Toll Officer in NICE Corporation on 13.12.2022 between 7-00 PM to 7-20 PM in Highway-1 Patrol Vehicle No: KA-03-AF-2438. Electronic from Bannerghatta toll side on Nice Road with driver Mr.Thimmarayaswamy While patrolling towards City Toll, there was a road accident on Nice Road near Pragati Nagar Bridge, the drivers of the vehicles were involved and the complainant approached them and inquired. It is said that near the bridge, he collided with the rear of an unknown vehicle that was going in front of his vehicle and fell on the road. Even though the scooter rider was wearing a helmet, the injured person who was in an unconscious condition was admitted to Kaveri Hospital in Electronic City in an ambulance vehicle for treatment by the complainant and the public. The complaint filed by the deceased Ravi that legal action should be taken as the cause of the accident was that the deceased Ravi had driven his TVS XL-100 vehicle at high speed and collided with it.", "Hit and Run": "No", "Type of Collision": "Hit from Back", "Cause of Collision": "Overspeeding", "Road": "Main Road", "Context": null, "Infrastructure No": "No Signages, No Speed Calming Elements", "Infrastructure Yes": null, "Additional": null, "General Comment": null, "Blackspot_Name": null, "Added": null, "Type of Collision Cleaned": "Hit from Back", "Context Mapping": "Along Main Road", "Combinations": "Hit from Back,Along Main Road", "Time of Day": "Evening Rush Hour (6-9)" }, "geometry": { "type": "Point", "coordinates": [ 77.656637, 12.865553 ] } },
{ "type": "Feature", "properties": { "fid": 81, "FIR_No": "2022/0107", "PolSt": "Hulimavu Traffic", "layer": "BC Vehicular Crash 2022", "ID": "2022/0107/Hulimavu Traffic", "Sub Division": "South East Traffic Sub Divisio", "Year": 2022, "Lat": 12.87875, "Long": 77.64649, "Count_Killed": 1, "Count_NonFatal": 0, "Total Victims": 1, "Victim Vehicle": "2W", "Victim Age": "44", "Victim Gender": "Male", "Victim02 Age": "-", "Victim02 Gender": "-", "Victim03 Age": "-", "Victim03 Gender": "-", "Accused Vehicle": "2W", "Accused Age": "Unknown", "Accused Gender": "Male", "Accused Vehicle 02": "LMV", "Accused Age 02": "-", "Accused Gender 02": "-", "Day": "Saturday", "Time Stamp": "19:10:00", "Full Address": "Near Singasadra Bustop, Towards Kudlu gate,, Hosuru Main road,Bengaluru", "Road Name": "Hosur-Bangalore Main Road", "NH": "NH 44", "FIR Contents": "The brief summary of this case is that on this day date : 29/10/2022 at around 9-00 pm, a Pujari, who is known to her, phoned the complainant Mrs. B. Nagajyoti, 38 years of age and informed that her master had been admitted to Prashant Hospital as an accident. Immediately, Prashant came to the hospital with his brothers and was seen The husband's face, chest, near side, arms and legs were injured, the doctor was asked and he said that he was already dead on arrival. Later, the public who brought her husband who was in the hospital was asked what happened and her husband Bhaskar Kalia Perumal, 44 years old, was driving his Honda Activa scooter no. While coming in KA-01-JB-7677 between 7-10 to 7-15 pm near Singasandra Bus Stand, Mahendra Company car no. The car of KA-51-MH-9456 came and hit him, then the driver of the car stayed there for a while and then left with his car. They took him in an auto and admitted him to Prashant Hospital. The doctor checked and told him that he was already dead on arrival.\n\nTherefore, a proper investigation should be conducted regarding this accident and further legal action should be taken by attending the police station and making a complaint etc.", "Hit and Run": "Yes", "Type of Collision": "Hit from Back", "Cause of Collision": "Rough Driving", "Road": "Main Road", "Context": "Near Bus Stop", "Infrastructure No": "No Signage, No barricade, No speed calming, No Pedestrian Crossing  No Segregation for Heavy Vehicles", "Infrastructure Yes": null, "Additional": "Suddent Bulb out for bus stop. Unnoticable lane marking", "General Comment": null, "Blackspot_Name": "Singasandra Bus Stop", "Added": null, "Type of Collision Cleaned": "Hit from Back", "Context Mapping": "Bus Stop", "Combinations": "Hit from Back,Bus Stop", "Time of Day": "Evening Rush Hour (6-9)" }, "geometry": { "type": "Point", "coordinates": [ 77.64649, 12.87875 ] } },
{ "type": "Feature", "properties": { "fid": 82, "FIR_No": "2022/0116", "PolSt": "Hulimavu Traffic", "layer": "BC Vehicular Crash 2022", "ID": "2022/0116/Hulimavu Traffic", "Sub Division": "South East Traffic Sub Divisio", "Year": 2022, "Lat": 12.88359, "Long": 77.64304, "Count_Killed": 1, "Count_NonFatal": 0, "Total Victims": 1, "Victim Vehicle": "Self", "Victim Age": "Self", "Victim Gender": "Self", "Victim02 Age": "-", "Victim02 Gender": "-", "Victim03 Age": "-", "Victim03 Gender": "-", "Accused Vehicle": "2W", "Accused Age": "32", "Accused Gender": "Male", "Accused Vehicle 02": "-", "Accused Age 02": "-", "Accused Gender 02": "-", "Day": "Thursday", "Time Stamp": "08:20:00", "Full Address": "Opp Shell Petrol Bunk, Service Road, Hosur Main Road, Singasandra,Bengaluru City , Karnataka, 560100", "Road Name": "Hosur-Bangalore Service Road", "NH": "NH 44", "FIR Contents": "The brief summary of this case is that the plaintiff Mrs. Pavithra V Paisgara, husband of 20 years Veeranya Mallaiah Paisgara, 32 years of age working as a delivery boy in Myntra Company, on date : 24/11/2022 at 8-00 a.m. left home for work on his Bajaj Pulsar motorcycle no. . KA-01-JL-1632 while going on service road from Chikkabeguru Gate towards Electronic City, around 8-20 in the morning in front of Shell petrol station the motorcycle went out of control and fell down. The public gathered there called Chetan from the mobile phone of the injured Veeranna. Kaveri said that they came to the spot and took him to Singhasandra Government Hospital in an ambulance. After hearing about the matter, the plaintiff came to the hospital, and since there was no doctor in the hospital, he was taken to the nearby Abhirami Hospital. The doctor did a CT scan and X-ray and told him that he had suffered a brain injury and that he needed to be operated on immediately. There was no equipment there. As he was told to go to the hospital, he came to the Kaveri hospital in an ambulance and was admitted by the doctor. He was told that Bhegan had suffered a brain injury and that he should be taken to Nimmans Hospital for an operation. Suresh, the injured brother, took him to Nimmans Hospital and sent him to Victoria Hospital saying that there was no bed available. Complaints etc.", "Hit and Run": "No", "Type of Collision": "Skidding", "Cause of Collision": "Rough Driving", "Road": "Service road", "Context": null, "Infrastructure No": null, "Infrastructure Yes": null, "Additional": null, "General Comment": null, "Blackspot_Name": null, "Added": null, "Type of Collision Cleaned": "Skidding", "Context Mapping": "Along Service Road", "Combinations": "Skidding,Along Service Road", "Time of Day": "Morning Rush Hour (7-12)" }, "geometry": { "type": "Point", "coordinates": [ 77.64304, 12.88359 ] } },
{ "type": "Feature", "properties": { "fid": 83, "FIR_No": "2022/0001", "PolSt": "Madiwala Traffic", "layer": "BC Vehicular Crash 2022", "ID": "2022/0001/Madiwala Traffic", "Sub Division": "South East Traffic Sub Divisio", "Year": 2022, "Lat": 12.901449, "Long": 77.632431, "Count_Killed": 1, "Count_NonFatal": 0, "Total Victims": 1, "Victim Vehicle": "2W", "Victim Age": "19", "Victim Gender": "Male", "Victim02 Age": "-", "Victim02 Gender": "-", "Victim03 Age": "-", "Victim03 Gender": "-", "Accused Vehicle": "LMV", "Accused Age": "Unknown", "Accused Gender": "Male", "Accused Vehicle 02": "-", "Accused Age 02": "-", "Accused Gender 02": "-", "Day": "Saturday", "Time Stamp": "01:50:00", "Full Address": "Near Brand Factory, Elivated Pillor No 26, Garvebhavipalya, Hosur Main\nroad,Bengaluru City , Karnataka,", "Road Name": "Hosur-Bangalore Main Road", "NH": "NH 44", "FIR Contents": "The brief summary of this case is that on Date: 01-01-2022 at 01-50 AM the driver of a Hyundai i-20 car registration number KA-51-MG-7085 drove his car near Brand Factory at Garvebhavipalya on Hosur Main Road, Elevated Fe. Over pillar no., 26 near Garvebhavipallya Junction side Driving too fast and recklessly towards Bommanahalli Junction, a motorcycle proceeding in the opposite direction on the said road collided with the back of a motorcycle bearing registration number KA-01-HF-3658, resulting in the rider Shri. Venugopal, S. A 19-year-old man fell on the front windshield of the car that collided with him, even though he was wearing a head light, he died of severe injuries to his head and arms and legs. The plaintiff, Shri. LOKESH, ASI On receipt of written complaint dated: 01-01-2022 at 04-00 AM in Police Station Case No. 01/2022 Section: 187 I including 279, 304(A) IPC and 134(A&B) A case is registered under MV Act.", "Hit and Run": "Maybe", "Type of Collision": "Head On", "Cause of Collision": "Approaching from Wrong Side", "Road": "Main Road", "Context": "Merge Point 300m away", "Infrastructure No": null, "Infrastructure Yes": null, "Additional": "2W Overspeeding and approaching from wrong side.", "General Comment": "Late Night", "Blackspot_Name": null, "Added": null, "Type of Collision Cleaned": "Head On", "Context Mapping": "Access Point", "Combinations": "Head On,Access Point", "Time of Day": "Mid Night(12-4)" }, "geometry": { "type": "Point", "coordinates": [ 77.632431, 12.901449 ] } },
{ "type": "Feature", "properties": { "fid": 84, "FIR_No": "2022/0002", "PolSt": "Madiwala Traffic", "layer": "BC Vehicular Crash 2022", "ID": "2022/0002/Madiwala Traffic", "Sub Division": "South East Traffic Sub Divisio", "Year": 2022, "Lat": 12.902511, "Long": 77.631399, "Count_Killed": 1, "Count_NonFatal": 0, "Total Victims": 1, "Victim Vehicle": "2W", "Victim Age": "24", "Victim Gender": "Male", "Victim02 Age": "-", "Victim02 Gender": "-", "Victim03 Age": "-", "Victim03 Gender": "-", "Accused Vehicle": "LMV", "Accused Age": "Unknown", "Accused Gender": "Male", "Accused Vehicle 02": "-", "Accused Age 02": "-", "Accused Gender 02": "-", "Day": "Tuesday", "Time Stamp": "00:05:00", "Full Address": "Near Pillor No 21, Greenage Salarpuria apartment,, Bommanahalli, Hosur Main\nRoad,Bengaluru City , Karnataka,", "Road Name": "Hosur-Bangalore Main Road", "NH": "NH 44", "FIR Contents": "Brief summary of this case is that on Date: 18-01-2022 at about 00-05 hrs in the morning a Mahindra XUV. 700 The driver of car registration number KA-01-TC-0567 drove his car very fast and negligently towards Bommanahalli Junction towards Bommanahalli Junction near Greenage Salar Puria Apartment, Bommanahalli, Bommanahalli near elevated pri over pillar no. Right turn near A T.V.S. As a result of the collision with the left side of the sports motorcycle registration number KA-03-AF-4688, the motorcyclist Shri. Anil Kumar Yadav, about 24 years old, died on the spot due to severe injuries to his head and hands as a result of the helite belt he was wearing coming off when he fell on the Egari road. 700 The driver of car registration number KA-01-TC-0567 left his car at the spot and ran away. Therefore, taking the written complaint filed by the complainant Mr. Halesh, C.N. on 18-01-2022 at around 02-00 AM, Police Station Case No. 02/2022 Section: 279, 304(A) to trace him and take legal action. 187 vide IPC Act and 134(A&B). The first present report is recorded as per IMV Act, etc.", "Hit and Run": "Yes", "Type of Collision": "Hit from Side", "Cause of Collision": "Overspeeding", "Road": "Main Road", "Context": "at U turn", "Infrastructure No": "No Signages, No Speed Calming Elements", "Infrastructure Yes": null, "Additional": "While Turning", "General Comment": "Late Night", "Blackspot_Name": null, "Added": null, "Type of Collision Cleaned": "Hit from Side", "Context Mapping": "U Turn", "Combinations": "Hit from Side,U Turn", "Time of Day": "Mid Night(12-4)" }, "geometry": { "type": "Point", "coordinates": [ 77.631399, 12.902511 ] } },
{ "type": "Feature", "properties": { "fid": 85, "FIR_No": "2022/0019", "PolSt": "Madiwala Traffic", "layer": "BC Vehicular Crash 2022", "ID": "2022/0019/Madiwala Traffic", "Sub Division": "South East Traffic Sub Divisio", "Year": 2022, "Lat": 12.909115, "Long": 77.627733, "Count_Killed": 1, "Count_NonFatal": 0, "Total Victims": 1, "Victim Vehicle": "2W", "Victim Age": "68", "Victim Gender": "Male", "Victim02 Age": "-", "Victim02 Gender": "-", "Victim03 Age": "-", "Victim03 Gender": "-", "Accused Vehicle": "Lorry", "Accused Age": "Unknown", "Accused Gender": "Male", "Accused Vehicle 02": "-", "Accused Age 02": "68", "Accused Gender 02": "Male", "Day": "Thursday", "Time Stamp": "12:45:00", "Full Address": "Over Electronic City Elivated Flyover up ramp, Rupena Agrahara, Hosur Main\nRoad,Bengaluru City , Karnataka,", "Road Name": "Hosur-Bangalore Main Road", "NH": "NH 44", "FIR Contents": "The brief summary of this case is that on Date: 10-03-2022 at about 12-45 PM the driver of one Ashok Ley Land Goods Vehicle Registration No. KA-02-AH-1411 entered his vehicle at Electronic City Elevated Fire Over Ramp on Hosur Main Road. Without putting up any indicator or other signboards so as to be visible to the following vehicles in the vicinity of the formwork. Umesh.P.Parak, about 68 years of age, rider of Suzuki Access scooter registration number KA-03-JU-4913, collided with the rear of the said goods vehicle due to unsafe parking, and even though he was wearing half-lights, he fell on the road and sustained severe injuries on his head. , died on the way to St. John's Hospital in Koramangala The driver of the Ashok Ley Land Goods vehicle left the place with his vehicle after the accident, the deceased's son Shri. Rahul .U. Complaint of statement made by Parekh dated: 10-03-2022 between 02-15 PM, etc.", "Hit and Run": "Yes", "Type of Collision": "Hit fixed object", "Cause of Collision": "Wrong Parking", "Road": "Main Road", "Context": "at Up Ramp", "Infrastructure No": "No Designated Halting Spaces", "Infrastructure Yes": null, "Additional": "Hit parked Lorry", "General Comment": "There was a lorry parked in the side of the highway in the Street view as well!", "Blackspot_Name": "Bommanahalli Bus Stop", "Added": null, "Type of Collision Cleaned": "Hit fixed object", "Context Mapping": "Up/Down Ramps", "Combinations": "Hit fixed object,Up/Down Ramps", "Time of Day": "Midday 1 (12-3)" }, "geometry": { "type": "Point", "coordinates": [ 77.627733, 12.909115 ] } },
{ "type": "Feature", "properties": { "fid": 86, "FIR_No": "2022/0029", "PolSt": "Madiwala Traffic", "layer": "BC Vehicular Crash 2022", "ID": "2022/0029/Madiwala Traffic", "Sub Division": "South East Traffic Sub Divisio", "Year": 2022, "Lat": 12.913152, "Long": 77.625246, "Count_Killed": 1, "Count_NonFatal": 1, "Total Victims": 2, "Victim Vehicle": "Self", "Victim Age": "22", "Victim Gender": "Male", "Victim02 Age": "-", "Victim02 Gender": "-", "Victim03 Age": "-", "Victim03 Gender": "-", "Accused Vehicle": "2W", "Accused Age": "Self", "Accused Gender": "Self", "Accused Vehicle 02": "-", "Accused Age 02": "-", "Accused Gender 02": "-", "Day": "Thursday", "Time Stamp": "23:20:00", "Full Address": "Opp Vishal Megha Mart, Rupena Agrahara, Hosur Main Road,Bengaluru City , Karnataka,", "Road Name": "Hosur-Bangalore Main Road", "NH": "NH 44", "FIR Contents": "The brief summary of this case is that on date: 26/05/2022 at night time around 11-20 hours Saurav Sanmal, aged about 22 years, drove a Royal N Field motorcycle CHASSIS NO ME3D4A5F1NE000799 AND ENGINE NOΟ ΚΑΥ2205234173812 in front of Vishal Megha Mart in Agrahara, Madiwala. He and the rear rider Shri. Miran Tafazul, about 22 years old, fell on the right side of the road and the rider Sourav Sanmal sustained severe injuries on his right elbow and hip, the helmet worn by the rear rider Miron Tafazul fell on the road and sustained a severe head injury. He died on the way to Apollo Hospital on Bannerghatta Road and this The plaintiff, Shri. Written complaint filed by Ajay Kumar dated: 27-05-2022 at 09-30 AM, etc.", "Hit and Run": "No", "Type of Collision": "Skidding", "Cause of Collision": "Unknown", "Road": "Main Road", "Context": "Near Intersection", "Infrastructure No": "No Signages, No Speed Calming Elements", "Infrastructure Yes": "Streetlights, Crash barriers", "Additional": null, "General Comment": "Singal and Crossing installed in 2023", "Blackspot_Name": "Silkboard Bus Stop", "Added": null, "Type of Collision Cleaned": "Skidding", "Context Mapping": "Intersection", "Combinations": "Skidding,Intersection", "Time of Day": "Late Night (9-12)" }, "geometry": { "type": "Point", "coordinates": [ 77.625246, 12.913152 ] } },
{ "type": "Feature", "properties": { "fid": 87, "FIR_No": "2022/0033", "PolSt": "Madiwala Traffic", "layer": "BC Vehicular Crash 2022", "ID": "2022/0033/Madiwala Traffic", "Sub Division": "South East Traffic Sub Divisio", "Year": 2022, "Lat": 12.907112, "Long": 77.629, "Count_Killed": 1, "Count_NonFatal": 1, "Total Victims": 2, "Victim Vehicle": "Self", "Victim Age": "25", "Victim Gender": "Female", "Victim02 Age": "-", "Victim02 Gender": "-", "Victim03 Age": "-", "Victim03 Gender": "-", "Accused Vehicle": "2W", "Accused Age": "19", "Accused Gender": "Female", "Accused Vehicle 02": "-", "Accused Age 02": "-", "Accused Gender 02": "-", "Day": "Sunday", "Time Stamp": "19:45:00", "Full Address": "Near BOSH Company, Elivated Flyover Bommanahalli, Hosur Main Road", "Road Name": "Hosur-Bangalore Main Road", "NH": "NH 44", "FIR Contents": "The brief summary of this case is that on Date: 05/06/2022 at about 07-45 hrs in the night a Bajaj Pulsar motorcycle bearing registration number KA-01-H X-9263 rider Jain, aged about 19 years was on the rear seat of his motorcycle. Ms. Asmita, about 25 years old, riding her motorcycle on the Electronic City Elevated Flyover near Bhash Billing, Bommanahalli towards Roopana Agrahar from Garvebhavipalya side very fast and recklessly, hit the road divider causing the rider Jain to fall on the road and the rear rider Ku. Asmita jumped on the crash barrier installed on the divider and as she was not wearing a helmet, she got severe injuries on her head and neck and died on the spot. Also, there was a cut wound on the rider's hand and he was sent to St. John's Hospital and the deceased. Asmita, aged about 25 years, was caused by Jain, aged about 19 years, rider of motorcycle registration number KA-01-H X-9263, and petitioner Mr. K.T. Written complaint etc. given by Manju.", "Hit and Run": "No", "Type of Collision": "Hit fixed object", "Cause of Collision": "Rough Driving", "Road": "Main Road", "Context": "Hit Median", "Infrastructure No": null, "Infrastructure Yes": null, "Additional": null, "General Comment": null, "Blackspot_Name": "Bommanahalli Bus Stop", "Added": null, "Type of Collision Cleaned": "Hit fixed object", "Context Mapping": "Along Main Road", "Combinations": "Hit fixed object,Along Main Road", "Time of Day": "Evening Rush Hour (6-9)" }, "geometry": { "type": "Point", "coordinates": [ 77.629, 12.907112 ] } },
{ "type": "Feature", "properties": { "fid": 88, "FIR_No": "2022/0038", "PolSt": "Madiwala Traffic", "layer": "BC Vehicular Crash 2022", "ID": "2022/0038/Madiwala Traffic", "Sub Division": "South East Traffic Sub Divisio", "Year": 2022, "Lat": 12.913241, "Long": 77.625036, "Count_Killed": 1, "Count_NonFatal": 0, "Total Victims": 1, "Victim Vehicle": "Self", "Victim Age": "53", "Victim Gender": "Female", "Victim02 Age": "-", "Victim02 Gender": "-", "Victim03 Age": "-", "Victim03 Gender": "-", "Accused Vehicle": "2W", "Accused Age": "Self", "Accused Gender": "Self", "Accused Vehicle 02": "-", "Accused Age 02": "-", "Accused Gender 02": "-", "Day": "Sunday", "Time Stamp": "08:00:00", "Full Address": "Infront of vishal Meha Mart, Silk Board Flyover, Hosur main Road", "Road Name": "Hosur-Bangalore Main Road", "NH": "NH 44", "FIR Contents": "The brief summary of this case is that on 10/07/2022 at around 08:00 AM, Mrs. Lakshmi Kom Ramanya, 53 years old, mother of the victim, near Silk Board Privover, Hosur Main Road under Madiwala Traffic Police Station, alleged motorcycle number; Vinod, rider of KA-51-HR-2354 She was sitting as a rear rider and was riding on the main road from Madiwala side towards E-City near Silk Board Priover with negligence and recklessness. As a result of climbing the road bump without observing the road bump, Mrs. Lakshmi, the rear rider fell down, blood came from her mouth, her elbow and other parts of her body lost consciousness due to blood injuries. Later, with the help of the people present at the spot, the motorcycle rider gave first aid to the injured in the nearby hospital and took him to Nimmans Hospital in an ambulance for further treatment and was admitted to the ICU unit and while undergoing treatment, he died on 14/07/2022 at 05:30 in the morning. In this regard, the complaint filed seeking legal action against the alleged motorcycle rider etc...", "Hit and Run": "No", "Type of Collision": "Skidding", "Cause of Collision": "Rough Driving", "Road": "Main Road", "Context": "Skiding on Road Hump", "Infrastructure No": "No Warning Signages", "Infrastructure Yes": null, "Additional": "Didnt observe the speed hump", "General Comment": "No speed hump in street view. There is however, a level difference on the left side of the main road, as wide as a lane - Faulty Unaddressed Infrastructure ", "Blackspot_Name": "Silkboard Bus Stop", "Added": null, "Type of Collision Cleaned": "Skidding", "Context Mapping": "Along Main Road", "Combinations": "Skidding,Along Main Road", "Time of Day": "Morning Rush Hour (7-12)" }, "geometry": { "type": "Point", "coordinates": [ 77.625036, 12.913241 ] } },
{ "type": "Feature", "properties": { "fid": 89, "FIR_No": "2022/0042", "PolSt": "Madiwala Traffic", "layer": "BC Vehicular Crash 2022", "ID": "2022/0042/Madiwala Traffic", "Sub Division": "South East Traffic Sub Divisio", "Year": 2022, "Lat": 12.914129, "Long": 77.624668, "Count_Killed": 1, "Count_NonFatal": 0, "Total Victims": 1, "Victim Vehicle": "Lorry", "Victim Age": "20", "Victim Gender": "Male", "Victim02 Age": "-", "Victim02 Gender": "-", "Victim03 Age": "-", "Victim03 Gender": "-", "Accused Vehicle": "2W", "Accused Age": "20", "Accused Gender": "Male", "Accused Vehicle 02": "-", "Accused Age 02": "-", "Accused Gender 02": "-", "Day": "Wednesday", "Time Stamp": "23:00:00", "Full Address": "Right to Renolt Car Showroom, Hosur Main Road, Madivala, Bengaluru City, Karnataka", "Road Name": "Hosur-Bangalore Main Road", "NH": "NH 44", "FIR Contents": "The brief summary of this case is that on date : 10/08/2022 at about 11:00 PM to 11:10 PM, the accused, Mr. Babu Mohan Reddy, 20 years, Mr. Babu Mohan Reddy, 20 years of age, near Renaud Showroom, Hosur Main Road under Madiwala Traffic Police Station jurisdiction. Cycle Number : KA-01-JR-4876 Vehicle Hosur Main Mr. Babu Mohan Reddy, a motorcyclist, fell on the road and lost consciousness due to severe blood injuries on his head and other parts of his body, along with the driver of the tipper lorry. He left like that. Later, the people present at the spot gave first aid to the injured at the nearby Prashant Hospital, took him to Nimmans Hospital for further treatment and informed the complainant about the accident. The doctor has given a post-mortem report stating that he died due to lack of treatment within the hour, hence a written complaint has been filed against the motor cycle rider for the said accident, etc.", "Hit and Run": "No", "Type of Collision": "Invalid Link", "Cause of Collision": "Invalid Link", "Road": "Main Road", "Context": null, "Infrastructure No": "No Signages, No Speed Calming Elements", "Infrastructure Yes": null, "Additional": null, "General Comment": "GO SLOW Signages and Rumble Strips introduced in 2023", "Blackspot_Name": "Silkboard Bus Stop", "Added": null, "Type of Collision Cleaned": "Unknown", "Context Mapping": "Along Main Road", "Combinations": "Unknown,Along Main Road", "Time of Day": "Late Night (9-12)" }, "geometry": { "type": "Point", "coordinates": [ 77.624668, 12.914129 ] } },
{ "type": "Feature", "properties": { "fid": 90, "FIR_No": "2022/0046", "PolSt": "Madiwala Traffic", "layer": "BC Vehicular Crash 2022", "ID": "2022/0046/Madiwala Traffic", "Sub Division": "South East Traffic Sub Divisio", "Year": 2022, "Lat": 12.896242, "Long": 77.635229, "Count_Killed": 1, "Count_NonFatal": 0, "Total Victims": 1, "Victim Vehicle": "Self", "Victim Age": "19", "Victim Gender": "Male", "Victim02 Age": "-", "Victim02 Gender": "-", "Victim03 Age": "-", "Victim03 Gender": "-", "Accused Vehicle": "2W", "Accused Age": "Self", "Accused Gender": "Self", "Accused Vehicle 02": "-", "Accused Age 02": "-", "Accused Gender 02": "-", "Day": "Friday", "Time Stamp": "00:30:00", "Full Address": "Near JB Palya Metri Station, Hosur Main Road", "Road Name": "Hosur-Bangalore Main Road", "NH": "NH 44", "FIR Contents": "The brief summary of this case is that SRI.CHUAN AHMED S/O KABIR HUSSAIN, 19 YRS, NEAR GAREBHAVI PALYA METRO STATION, HOOSUR MAIN ROAD UNDER MADIWALA TRAFFIC POLICE STATION REGION DATE : 09/08/2022 WEDNESDAY AT ABOUT 00:30 AM : KA-01-JR-8713 vehicle on Hosur Main Road Bommanahalli As a result of speeding and carelessly driving towards Madiwala from the side, without observing the road bump, the motorcycle lost control and fell on the road along with the vehicle. Later, the people present at the place showed the injured person to the nearby Prashant Hospital in an autorickshaw and took him to St. John's Hospital in the same autorickshaw. Therefore, a written complaint has been filed requesting further investigation and legal action regarding the said accident, etc.", "Hit and Run": "No", "Type of Collision": "Skidding", "Cause of Collision": "Overspeeding", "Road": "Main Road", "Context": "Skiding on Road Hump", "Infrastructure No": "No Warning Signages", "Infrastructure Yes": "Rumble Strips", "Additional": "Didnt observe the speed hump", "General Comment": null, "Blackspot_Name": "Garvebhavipalaya", "Added": null, "Type of Collision Cleaned": "Skidding", "Context Mapping": "Along Main Road", "Combinations": "Skidding,Along Main Road", "Time of Day": "Mid Night(12-4)" }, "geometry": { "type": "Point", "coordinates": [ 77.635229, 12.896242 ] } },
{ "type": "Feature", "properties": { "fid": 91, "FIR_No": "0017/2020", "PolSt": "Attibele PS", "layer": "BR Pedestrian Fatality 2020", "ID": "0017/2020/Attibele PS", "Sub Division": "Anekal Sub Division", "Year": 2020, "Lat": 12.77765, "Long": 77.77583, "Count_Killed": 1, "Count_NonFatal": 0, "Total Victims": 1, "Victim Vehicle": "Pedestrian", "Victim Age": "38", "Victim Gender": "Male", "Victim02 Age": "-", "Victim02 Gender": "-", "Victim03 Age": "-", "Victim03 Gender": "-", "Accused Vehicle": "Lorry", "Accused Age": "Unknown", "Accused Gender": "Unknown", "Accused Vehicle 02": "-", "Accused Age 02": "-", "Accused Gender 02": "-", "Day": "Friday", "Time Stamp": "17:15:00", "Full Address": "Nh 7, Bangalore-Hosur Main Road, Near Attibele Toll,Bengaluru Dist , Karnataka,", "Road Name": "Hosur-Bangalore Main Road", "NH": "NH 44", "FIR Contents": " 10-01-2020 he left home to go to work in the morning, at around 06-00 in the evening. When I was at home, my husband Ranjith was hit by a lorry near the Attibele toll and died on the spot When I came to know from the villagers, it was true that there was an accident, the lorry that had an accident was standing there, blood was seen on the road, and I came to know that my husband Ranjit's body had been taken to Oxford Hospital. H. 7, While crossing Bangalore-Hosur main road on foot, the driver of a lorry going towards Hosur from Bengaluru side drove with high speed and carelessness and hit my husband and as a result he fell down and got caught in the wheel of the lorry and died on the spot, lorry number TN88-B-3997 . I have seen the dead body of my husband Ranjith in Oxford hospital, demanding legal action against the driver of lorry TN88-B-3997 who caused the accident and death of my husband etc.", "Hit and Run": "Maybe", "Type of Collision": "Hit Pedestrian", "Cause of Collision": "Overspeeding", "Road": "Main Road", "Context": "At Attibele Toll", "Infrastructure No": "No Footpath, No Crossing, No Speed Calming, No Signages", "Infrastructure Yes": null, "Additional": "Pedestrian Underpass 300m away. Undefined U Turn 100 m Away", "General Comment": "Crash Barriers Installed in 2023", "Blackspot_Name": "Attibele Toll", "Added": null, "Type of Collision Cleaned": "Hit Pedestrian", "Context Mapping": "Toll Booth", "Combinations": "Hit Pedestrian,Toll Booth", "Time of Day": "Midday 2 (3-6)" }, "geometry": { "type": "Point", "coordinates": [ 77.77583, 12.77765 ] } },
{ "type": "Feature", "properties": { "fid": 92, "FIR_No": "0047/2020", "PolSt": "Attibele PS", "layer": "BR Pedestrian Fatality 2020", "ID": "0047/2020/Attibele PS", "Sub Division": "Anekal Sub Division", "Year": 2020, "Lat": 12.77795, "Long": 77.77483, "Count_Killed": 1, "Count_NonFatal": 0, "Total Victims": 1, "Victim Vehicle": "Pedestrian", "Victim Age": "Unknown", "Victim Gender": "Male", "Victim02 Age": "-", "Victim02 Gender": "-", "Victim03 Age": "-", "Victim03 Gender": "-", "Accused Vehicle": "2W", "Accused Age": "Unknown", "Accused Gender": "Male", "Accused Vehicle 02": "-", "Accused Age 02": "-", "Accused Gender 02": "-", "Day": "Monday", "Time Stamp": "11:00:00", "Full Address": "Nh 7, Bengaluru Hosur Road, Near Attibele Toll, Office, Attibele Town,,Bengaluru Dist , Karnataka, 562107", "Road Name": "Hosur-Bangalore Main Road", "NH": "NH 44", "FIR Contents": ". Date :- On 10/02/2020 at 05-00 in the morning, our relative, father-in-law and father-in-law of Ramdas passed away in the village. On 10/02/2020 around 11-00 am someone called me and informed me that your relative Ramdas has met with an accident and has been admitted to Sri Sai Hospital Yadavanahalli for treatment. Then we came to the hospital and it was true. Later, on inquiry about the accident, Ramdas came from Bangalore city to A Murakkam Patti village, got down at Attibele and was walking near Attibele Toll Office, NH 7, Bangalore Hosur Road, when a speeding and careless rider KA-51-HF-7976 Royal N Field motorcycle came from behind. A collision results in a head and a right for Ramdas It was learned that the injured person was injured in the ear and was admitted to Shree Sai Hospital for treatment in Highway Ambulance. I went to the hospital and attended to the injured and gave treatment and filed a complaint late.", "Hit and Run": "Maybe", "Type of Collision": "Hit Pedestrian", "Cause of Collision": "Overspeeding", "Road": "Main Road", "Context": "At Down Ramp - Merge Point. Near Attibele Toll", "Infrastructure No": "No Footpath, No Crossing, No Speed Calming, No Signages", "Infrastructure Yes": null, "Additional": "Pedestrian Underpass 220 m away. No continuous footpath/crossing  to reach  there", "General Comment": "Crash Barriers Installed in 2023. High Mast Light 2022", "Blackspot_Name": "Attibele Toll", "Added": null, "Type of Collision Cleaned": "Hit Pedestrian", "Context Mapping": "Access Point", "Combinations": "Hit Pedestrian,Access Point", "Time of Day": "Morning Rush Hour (7-12)" }, "geometry": { "type": "Point", "coordinates": [ 77.77483, 12.77795 ] } },
{ "type": "Feature", "properties": { "fid": 93, "FIR_No": "0050/2020", "PolSt": "Attibele PS", "layer": "BR Pedestrian Fatality 2020", "ID": "0050/2020/Attibele PS", "Sub Division": "Anekal Sub Division", "Year": 2020, "Lat": 12.77783, "Long": 77.77495, "Count_Killed": 1, "Count_NonFatal": 0, "Total Victims": 1, "Victim Vehicle": "Pedestrian", "Victim Age": "67", "Victim Gender": "Male", "Victim02 Age": "-", "Victim02 Gender": "-", "Victim03 Age": "-", "Victim03 Gender": "-", "Accused Vehicle": "Unknown", "Accused Age": "Unknown", "Accused Gender": "Unknown", "Accused Vehicle 02": "-", "Accused Age 02": "-", "Accused Gender 02": "-", "Day": "Tuesday", "Time Stamp": "19:30:00", "Full Address": "Nh 7, Bangalore Hosur Main Road, Near Attibel Toll, Attibele Village,Bengaluru Dist , Karnataka,", "Road Name": "Hosur-Bangalore Main Road", "NH": "NH 44", "FIR Contents": "On 11-02-2020 at 09-20 PM the complainant appeared in the police station and the gist of the complaint is that my husband was running a panipuri shop near Attibele Toll and doing business on this day: 11-02-2020 at around 07-30 PM my husband went home. He said that he would come and left, at around 08-30 at night, the neighbor of our shop called and it was my husband I informed Paramashivam that there was an accident near Atthibele toll, I immediately went to the toll and saw that my husband Paramashivam N. H. 7, In an accident on the Bangalore-Hosur main road, two thighs were crushed and he died on the spot. When I inquired about the people there, my husband was crossing the road to go home, while the driver of a vehicle going towards Hosur from Bangalore drove at high speed and hit my husband and left without stopping his vehicle. The wheel of the vehicle ran over my husband's legs and he died on the spot, my husband's death Demand that the responsible motorist be identified and prosecuted etc", "Hit and Run": "Yes", "Type of Collision": "Hit Pedestrian", "Cause of Collision": "Overspeeding", "Road": "Main Road", "Context": "At Down Ramp - Merge Point. Near Attibele Toll", "Infrastructure No": "No Footpath, No Crossing, No Speed Calming, No Signages", "Infrastructure Yes": null, "Additional": "Pedestrian Underpass 220 m away. No continuous footpath/crossing  to reach  there", "General Comment": "Crash Barriers Installed in 2023. High Mast Light 2022", "Blackspot_Name": "Attibele Toll", "Added": null, "Type of Collision Cleaned": "Hit Pedestrian", "Context Mapping": "Access Point", "Combinations": "Hit Pedestrian,Access Point", "Time of Day": "Evening Rush Hour (6-9)" }, "geometry": { "type": "Point", "coordinates": [ 77.77495, 12.77783 ] } },
{ "type": "Feature", "properties": { "fid": 94, "FIR_No": "0091/2020", "PolSt": "Attibele PS", "layer": "BR Pedestrian Fatality 2020", "ID": "0091/2020/Attibele PS", "Sub Division": "Anekal Sub Division", "Year": 2020, "Lat": 12.77949, "Long": 77.7679, "Count_Killed": 1, "Count_NonFatal": 0, "Total Victims": 1, "Victim Vehicle": "Pedestrian", "Victim Age": "40", "Victim Gender": "Male", "Victim02 Age": "-", "Victim02 Gender": "-", "Victim03 Age": "-", "Victim03 Gender": "-", "Accused Vehicle": "2W", "Accused Age": "Unknown", "Accused Gender": "Male", "Accused Vehicle 02": "-", "Accused Age 02": "-", "Accused Gender 02": "-", "Day": "Sunday", "Time Stamp": "22:30:00", "Full Address": "Nh7 Bangalore Hosur Service Road, Near Crazy Car, Serivce Station, Attibele, Anekal Taluk,Bengaluru Dist , Karnataka", "Road Name": "Hosur-Bangalore Service Road", "NH": "NH 44", "FIR Contents": "On the night of 08-03-2020, my husband and I came to Atthibele to have dinner and after having dinner, while going back to our tent which is near HMG company, at 10-30 hrs we were walking near Crazy Car Service Station next to NH 7 Bangalore Hosur Service Road. At the same time, a motorcyclist who was going towards Bengaluru from Attibele drove his motorcycle very fast and recklessly and hit my husband who was walking beside me from behind. Drunken motorcyclist hit and killed due to negligence of my husband, vehicle no. KA51-HA-5385 Royal N Field Bullet vehicle, his wife Rekha got injured. Therefore, I request them to take legal action against the person who caused my husband's death. I have informed my relatives and complained. I have spoken Tamil and written a complaint in Kannada, etc.", "Hit and Run": "Maybe", "Type of Collision": "Hit Pedestrian walking along the road", "Cause of Collision": "Drinking and Driving", "Road": "Service Road", "Context": null, "Infrastructure No": "No Footpath, No Speed Calming Elements, No Signages, No Streetlights", "Infrastructure Yes": null, "Additional": null, "General Comment": "Streetlight installed 2023", "Blackspot_Name": "Attibele Intersection", "Added": null, "Type of Collision Cleaned": "Hit Pedestrian", "Context Mapping": "Along Service Road", "Combinations": "Hit Pedestrian,Along Service Road", "Time of Day": "Late Night (9-12)" }, "geometry": { "type": "Point", "coordinates": [ 77.7679, 12.77949 ] } },
{ "type": "Feature", "properties": { "fid": 95, "FIR_No": "0110/2020", "PolSt": "Attibele PS", "layer": "BR Pedestrian Fatality 2020", "ID": "0110/2020/Attibele PS", "Sub Division": "Anekal Sub Division", "Year": 2020, "Lat": 12.79169, "Long": 77.73028, "Count_Killed": 1, "Count_NonFatal": 0, "Total Victims": 1, "Victim Vehicle": "Pedestrian", "Victim Age": "30", "Victim Gender": "Male", "Victim02 Age": "-", "Victim02 Gender": "-", "Victim03 Age": "-", "Victim03 Gender": "-", "Accused Vehicle": "Unknown", "Accused Age": "Unknown", "Accused Gender": "Unknown", "Accused Vehicle 02": "-", "Accused Age 02": "-", "Accused Gender 02": "-", "Day": "Saturday", "Time Stamp": "20:30:00", "Full Address": "N.H.7, Bangalore-Hosur Main Road, Near Neralur Bus Stop,Bengaluru Dist , Karnataka,", "Road Name": "Hosur-Bangalore Main Road", "NH": "NH 44", "FIR Contents": "On 21-03-2020 at around 08-30 pm, I and Sibbanda N. H. 7, While patrolling towards Hosur from Bangalore side of Neralur village bus stand on Bengaluru-Hosur main road, we found a person lying on the road near Neralur bus stand. is unknown, deceased before 08-30 hrs N. H. 7, While crossing the Bangalore-Hosur main road on foot, the driver of a vehicle which was going towards Hosur from Bengaluru side drove too fast and recklessly and hit the deceased and left without stopping his vehicle. Victoria was sent to the hospital and the heirs of the deceased were searched in the surrounding villages but no one was found Since it was not found, I am now filing a complaint, seeking to find the vehicle that has caused an accident and left without stopping and to take legal action against the driver, etc.", "Hit and Run": "Yes", "Type of Collision": "Hit Pedestrian", "Cause of Collision": "Overspeeding", "Road": "Main Road", "Context": "Near Bus Stop", "Infrastructure No": "No Footpath, No Crossing, No Speed Calming, No Signages", "Infrastructure Yes": "Crash Barriers (2022?)", "Additional": "FOB 50 m away (2022? Doesnt show in maps) Nearest Intersection 500m away.", "General Comment": null, "Blackspot_Name": "Neraluru Bus Stop", "Added": null, "Type of Collision Cleaned": "Hit Pedestrian", "Context Mapping": "Bus Stop", "Combinations": "Hit Pedestrian,Bus Stop", "Time of Day": "Evening Rush Hour (6-9)" }, "geometry": { "type": "Point", "coordinates": [ 77.73028, 12.79169 ] } },
{ "type": "Feature", "properties": { "fid": 96, "FIR_No": "0141/2020", "PolSt": "Attibele PS", "layer": "BR Pedestrian Fatality 2020", "ID": "0141/2020/Attibele PS", "Sub Division": "Anekal Sub Division", "Year": 2020, "Lat": 12.78855, "Long": 77.73519, "Count_Killed": 1, "Count_NonFatal": 0, "Total Victims": 1, "Victim Vehicle": "Pedestrian", "Victim Age": "35", "Victim Gender": "Male", "Victim02 Age": "-", "Victim02 Gender": "-", "Victim03 Age": "-", "Victim03 Gender": "-", "Accused Vehicle": "Lorry", "Accused Age": "Unknown", "Accused Gender": "Unknown", "Accused Vehicle 02": "-", "Accused Age 02": "-", "Accused Gender 02": "-", "Day": "Friday", "Time Stamp": "06:45:00", "Full Address": "Nh 7, Hosur Bangalore Service Road,, Opp. Avs Concrite Factory, Balagaranahalli Gate,,Bengaluru Dist , Karnataka,", "Road Name": "Hosur-Bangalore Service Road", "NH": "NH 44", "FIR Contents": "At around 06-45 in the morning, he and his staff Ganapathi N. H. 7, A.V.S. near Balagaranahalli Gate on Hosur Bangalore Main Road. While patrolling near the factory, an unknown person aged around 35 years was crossing the service road in front of the factory when the driver of KA51-A-5825 Goods Tempo, which was going towards Bangalore from Atthibele side on the service road, was driving at high speed and recklessly and hit him, resulting in a severe head injury and the person was taken to Chandapur Best Hospital for treatment. In the middle of the road while being taken in an ambulance Deceased is listed, seeking legal action against the driver of the above vehicle who has caused the death of the deceased unknown person by colliding with him etc.", "Hit and Run": "Maybe", "Type of Collision": "Hit Pedestrian", "Cause of Collision": "Overspeeding", "Road": "Service Road", "Context": "Undefined Intersection - U turn, Merge Point, Local Road T intersection", "Infrastructure No": "No Crossing on Service Road, No Refuge Islands, No Footpath, No Speed Calming Elements, No Signages, No Singal", "Infrastructure Yes": "Faded Crossing on Main Road", "Additional": "Neasrest FOB 280m away. No Continuous Footpath.", "General Comment": "Signal installed in 2023", "Blackspot_Name": "Guddahatti Gate", "Added": null, "Type of Collision Cleaned": "Hit Pedestrian", "Context Mapping": "T Junction", "Combinations": "Hit Pedestrian,T Junction", "Time of Day": "Early Morning (4-7)" }, "geometry": { "type": "Point", "coordinates": [ 77.73519, 12.78855 ] } },
{ "type": "Feature", "properties": { "fid": 97, "FIR_No": "0260/2020", "PolSt": "Attibele PS", "layer": "BR Pedestrian Fatality 2020", "ID": "0260/2020/Attibele PS", "Sub Division": "Anekal Sub Division", "Year": 2020, "Lat": 12.78638, "Long": 77.74787, "Count_Killed": 1, "Count_NonFatal": 0, "Total Victims": 1, "Victim Vehicle": "Pedestrian", "Victim Age": "23", "Victim Gender": "Male", "Victim02 Age": "26", "Victim02 Gender": "Male", "Victim03 Age": "24", "Victim03 Gender": "Male", "Accused Vehicle": "LMV", "Accused Age": "Unknown", "Accused Gender": "Unknown", "Accused Vehicle 02": "-", "Accused Age 02": "-", "Accused Gender 02": "-", "Day": "Saturday", "Time Stamp": "19:20:00", "Full Address": "Nh 7 Bangalore Hosur Service Road,, Near Petrol Bunk, Next To Guest Line Circle,Bengaluru Dist , Karnataka,", "Road Name": "Hosur-Bangalore Service Road", "NH": "NH 44", "FIR Contents": "Date: 12-09-2020 at 09-00 PM, the complainant appeared in the police station and the gist of the complaint is that my Bhamaiduna Gaudappa lived with us in Yadavanhalli village and worked with me in Sandar factory in Attibele industrial area. Date of this day: 12-09-2020 I was working in the company on the first shift, today my brother-in-law Gaudappa had night shift, at about 08-00 pm Kubera N.H. who was working with me in the company. 7, Bangalore Hosur Service Road near the petrol station near guest line circle Gaudappa and our company employees Chandrappa age 24 years and Nandish age 26 years had an accident and they were taken to Shri Sai hospital in an ambulance. , said that Nandish was admitted to the hospital with injuries. I went to the hospital and saw that it was true, Gaudappa had suffered a severe blow to the head and bled to death, both Chandrappa and Nandish had bruises on the head, face and other parts.Walking nearby, around 07-20 in the evening near the petrol station, while going towards Guest Line Circle from Guest Line Circle, the driver of KA-51-AB-1489 Tempo Traveler vehicle, which was going towards Yadavanhalli from Guest Line Circle, drove at high speed and hit my brothers Gaudappa, Chandrappa and Nandisha. The collision was severe as a result Locals treated three people who were injured and took them to Srisai Hospital for treatment, on the way I learned that my brother-in-law Gaudappa was dead. KA-51-AB-1489 seeking legal action against the driver of Tempo Traveler who caused the accident etc.", "Hit and Run": "Maybe", "Type of Collision": "Hit Pedestrian walking along the road", "Cause of Collision": "Overspeeding", "Road": "Service Road", "Context": "Opposite direction in Two way Service Road. Infront of Petrol Station", "Infrastructure No": "No Footpath, No Speed Calming Elements, No Signages, No Streetlights", "Infrastructure Yes": null, "Additional": null, "General Comment": "Streetlight installed 2023", "Blackspot_Name": null, "Added": null, "Type of Collision Cleaned": "Hit Pedestrian", "Context Mapping": "Petrol Pump", "Combinations": "Hit Pedestrian,Petrol Pump", "Time of Day": "Evening Rush Hour (6-9)" }, "geometry": { "type": "Point", "coordinates": [ 77.74787, 12.78638 ] } },
{ "type": "Feature", "properties": { "fid": 98, "FIR_No": "0262/2020", "PolSt": "Attibele PS", "layer": "BR Pedestrian Fatality 2020", "ID": "0262/2020/Attibele PS", "Sub Division": "Anekal Sub Division", "Year": 2020, "Lat": 12.77794, "Long": 77.77493, "Count_Killed": 1, "Count_NonFatal": 0, "Total Victims": 1, "Victim Vehicle": "Pedestrian", "Victim Age": "38", "Victim Gender": "Male", "Victim02 Age": "-", "Victim02 Gender": "-", "Victim03 Age": "-", "Victim03 Gender": "-", "Accused Vehicle": "LMV", "Accused Age": "Unknown", "Accused Gender": "Unknown", "Accused Vehicle 02": "-", "Accused Age 02": "-", "Accused Gender 02": "-", "Day": "Sunday", "Time Stamp": "19:00:00", "Full Address": "Nh 7, Bangalore Hosur Main Raod, Near Chikkanahalli Cross, Attibele,Bengaluru Dist , Karnataka,", "Road Name": "Hosur-Bangalore Main Road", "NH": "NH 44", "FIR Contents": "My sister-inlaw's husband Lavakumar lives with his wife near Sarada School, Lavakumar Date: 13-09-2020 at around 7-00 PM at N.H. 7 Bangalore Hosur Main Road near Chikkanahalli Cross while walking by the side of the road and going towards the toll when N.H. 7 On Bangalore Hosur main road, TN 28-BX-8550 car driver, who was going towards Hosur from Bangalore side, drove his car at high speed and recklessly and hit Lavakumar. As a result, Lavakumar was injured and the locals admitted him to Best Hospital in an ambulance. Lavakumar, who was injured, was admitted to Nimmans Hospital for further treatment and then to Tamil Nadu Vellore Government Hospital. TN-28-BX-8550 demanding legal action against the driver of the accident etc.", "Hit and Run": "Maybe", "Type of Collision": "Hit Pedestrian walking along the road", "Cause of Collision": "Overspeeding", "Road": "Main Road", "Context": "At Down Ramp - Merge Point. Near Attibele Toll", "Infrastructure No": "No Footpath, No Crossing, No Speed Calming, No Signages", "Infrastructure Yes": null, "Additional": null, "General Comment": "Crash Barriers Installed in 2023. High Mast Light 2022", "Blackspot_Name": "Attibele Toll", "Added": null, "Type of Collision Cleaned": "Hit Pedestrian", "Context Mapping": "Access Point", "Combinations": "Hit Pedestrian,Access Point", "Time of Day": "Evening Rush Hour (6-9)" }, "geometry": { "type": "Point", "coordinates": [ 77.77493, 12.77794 ] } },
{ "type": "Feature", "properties": { "fid": 99, "FIR_No": "0301/2020", "PolSt": "Attibele PS", "layer": "BR Pedestrian Fatality 2020", "ID": "0301/2020/Attibele PS", "Sub Division": "Anekal Sub Division", "Year": 2020, "Lat": 12.79171, "Long": 77.73025, "Count_Killed": 1, "Count_NonFatal": 0, "Total Victims": 1, "Victim Vehicle": "Pedestrian", "Victim Age": "35", "Victim Gender": "Female", "Victim02 Age": "-", "Victim02 Gender": "-", "Victim03 Age": "-", "Victim03 Gender": "-", "Accused Vehicle": "Lorry", "Accused Age": "Unknown", "Accused Gender": "Male", "Accused Vehicle 02": "-", "Accused Age 02": "-", "Accused Gender 02": "-", "Day": "Sunday", "Time Stamp": "12:45:00", "Full Address": "Nh 7 Hosur Bangalore Main Road, Near Neraluru Gate, Attibele Hobli,Bengaluru Dist , Karnataka,", "Road Name": "Hosur-Bangalore Main Road", "NH": "NH 44", "FIR Contents": "On this date: 18-10-2020 at 02-00 in the afternoon, the complainant appeared in the police station and the gist of the complaint is that on date: 18-10-2020 I and staff member Ramesh Babu in a patrol vehicle at N.H. 7, Hosur while patrolling towards Electronic City from Attibele Toll side on Bangalore Main Road at about 12-45 noon near Neralur Gate when the driver of container lorry KA-40-7609 going towards Bangalore from Hosur side drove his lorry too fast and recklessly and came to cross the road divider. To a woman standing next to him Hit him \n\nThe lorry was stopped on the side of the road and ran away, as a result of which the woman received severe injuries on her head and other parts and died on the spot. The deceased woman is unknown, aged 35-40 years, wearing a black burqa and is a Muslim woman. . KA-40-7609 Seeking legal action against the driver of the lorry who caused the death of an unidentified woman in an accident etc.", "Hit and Run": "Yes", "Type of Collision": "Hit Pedestrian", "Cause of Collision": "Overspeeding", "Road": "Main Road", "Context": "Near Bus Stop", "Infrastructure No": "No Footpath, No Crossing, No Speed Calming, No Signages", "Infrastructure Yes": "Crash Barriers (2022?)", "Additional": "FOB 50 m away (2022? Doesnt show in maps) Nearest Intersection 500m away.", "General Comment": null, "Blackspot_Name": "Neraluru Bus Stop", "Added": null, "Type of Collision Cleaned": "Hit Pedestrian", "Context Mapping": "Bus Stop", "Combinations": "Hit Pedestrian,Bus Stop", "Time of Day": "Midday 1 (12-3)" }, "geometry": { "type": "Point", "coordinates": [ 77.73025, 12.79171 ] } },
{ "type": "Feature", "properties": { "fid": 100, "FIR_No": "0327/2020", "PolSt": "Attibele PS", "layer": "BR Pedestrian Fatality 2020", "ID": "0327/2020/Attibele PS", "Sub Division": "Anekal Sub Division", "Year": 2020, "Lat": 12.79633, "Long": 77.71825, "Count_Killed": 1, "Count_NonFatal": 0, "Total Victims": 1, "Victim Vehicle": "Pedestrian", "Victim Age": "55", "Victim Gender": "Male", "Victim02 Age": "-", "Victim02 Gender": "-", "Victim03 Age": "-", "Victim03 Gender": "-", "Accused Vehicle": "Unknown", "Accused Age": "Unknown", "Accused Gender": "Unknown", "Accused Vehicle 02": "-", "Accused Age 02": "-", "Accused Gender 02": "-", "Day": "Wednesday", "Time Stamp": "19:30:00", "Full Address": "Nh7 Blore Hosur Main Road,Near Bharath Petrol Bunk, Infront Of Guestline Hotel, Anekal Taluk,Bengaluru Dist , Karnataka,", "Road Name": "Hosur-Bangalore Main Road", "NH": "NH 44", "FIR Contents": ", Date: 04-11-2020 at about 7- At 30 o'clock at the petrol station our petrol station directly I saw a group of people gathered on the main road of NH 7 Bangalore Hosur, I went closer and saw that a person had suffered serious injuries on his head, hand, leg and other parts of the accident. 55 years old. On learning about the accident, it was learned that the injured unknown person was crossing the NH7 Bangalore Hosur main road at night around 07-30 hours when the driver of a vehicle going towards Hosur from Bangalore drove his vehicle at high speed and hit the unknown person and left without stopping his vehicle. I came to the petrol station as usual at 8-00 am this morning and came to know that the unknown person who was injured in the accident died yesterday night at around 9-45 pm after receiving the complaint that the vehicle involved in the accident should be found and legal action should be taken against the driver. A case will be registered.", "Hit and Run": "Yes", "Type of Collision": "Hit Pedestrian", "Cause of Collision": "Overspeeding", "Road": "Main Road", "Context": null, "Infrastructure No": "No Footpath, No Crossing, No Speed Calming, No Signages", "Infrastructure Yes": null, "Additional": "Nearest FOB 500m away  (2022? Doesnt show in maps) Nearst Intersection 2km away", "General Comment": "Streetlight installed 2023", "Blackspot_Name": null, "Added": null, "Type of Collision Cleaned": "Hit Pedestrian", "Context Mapping": "Along Main Road", "Combinations": "Hit Pedestrian,Along Main Road", "Time of Day": "Evening Rush Hour (6-9)" }, "geometry": { "type": "Point", "coordinates": [ 77.71825, 12.79633 ] } },
{ "type": "Feature", "properties": { "fid": 101, "FIR_No": "0344/2020", "PolSt": "Attibele PS", "layer": "BR Pedestrian Fatality 2020", "ID": "0344/2020/Attibele PS", "Sub Division": "Anekal Sub Division", "Year": 2020, "Lat": 12.77988, "Long": 77.76655, "Count_Killed": 1, "Count_NonFatal": 0, "Total Victims": 1, "Victim Vehicle": "Pedestrian", "Victim Age": "35", "Victim Gender": "Male", "Victim02 Age": "-", "Victim02 Gender": "-", "Victim03 Age": "-", "Victim03 Gender": "-", "Accused Vehicle": "LMV", "Accused Age": "Unknown", "Accused Gender": "Unknown", "Accused Vehicle 02": "-", "Accused Age 02": "-", "Accused Gender 02": "-", "Day": "Friday", "Time Stamp": "18:20:00", "Full Address": "Nh7 Hosur Bangalore Road, Near Checkpost, Attibele, Anekal Taluk,Bengaluru Dist , Karnataka,", "Road Name": "Hosur-Bangalore Main Road", "NH": "NH 44", "FIR Contents": "Date: 13-11-2020 at 7-00 PM in the complaint filed at the complainant station is that I have worked as NH7 Highway Patrolling Officer. Date: On 13-11-2020 at around 6-30 pm, while I and my staff were patrolling in a vehicle on NH7 road, I and my staff came to know that there was an accident in front of Atthibele check post. Those who were there were questioned and on the same day at about 6-20 pm, while crossing the road from the check post side opposite Attibele check post, the driver of a swift car from Hosur towards Bangalore came and ran his vehicle at high speed and hit the person who was crossing the road and left without stopping the car. The deceased was wearing a full-sleeved red shirt and jeans and was described as a 30 to 35-year-old man. A case has been filed against the person who was crossing the road and who drove his vehicle from Hosur towards Bengaluru at high speed and collided with the pedestrian and left without stopping the vehicle.", "Hit and Run": "Yes", "Type of Collision": "Hit Pedestrian", "Cause of Collision": "Overspeeding", "Road": "Main Road", "Context": null, "Infrastructure No": "No Footpath, No Crossing, No Speed Calming, No Signages", "Infrastructure Yes": null, "Additional": "Nearest Intersection (Attibele) 700m away. No continuous footpath", "General Comment": "Crash Barriers Installed in 2023.", "Blackspot_Name": "Attibele Check Post", "Added": null, "Type of Collision Cleaned": "Hit Pedestrian", "Context Mapping": "Along Main Road", "Combinations": "Hit Pedestrian,Along Main Road", "Time of Day": "Evening Rush Hour (6-9)" }, "geometry": { "type": "Point", "coordinates": [ 77.76655, 12.77988 ] } },
{ "type": "Feature", "properties": { "fid": 102, "FIR_No": "0353/2020", "PolSt": "Attibele PS", "layer": "BR Pedestrian Fatality 2020", "ID": "0353/2020/Attibele PS", "Sub Division": "Anekal Sub Division", "Year": 2020, "Lat": 12.77789, "Long": 77.77499, "Count_Killed": 1, "Count_NonFatal": 0, "Total Victims": 1, "Victim Vehicle": "Pedestrian", "Victim Age": "65", "Victim Gender": "Male", "Victim02 Age": "-", "Victim02 Gender": "-", "Victim03 Age": "-", "Victim03 Gender": "-", "Accused Vehicle": "Lorry", "Accused Age": "Unknown", "Accused Gender": "Unknown", "Accused Vehicle 02": "-", "Accused Age 02": "-", "Accused Gender 02": "-", "Day": "Wednesday", "Time Stamp": "19:15:00", "Full Address": "Nh 7 Bangalore Hosur Main Road, Near Chikkanahalli Cross, Attibele,,Bengaluru Dist , Karnataka,", "Road Name": "Hosur-Bangalore Main Road", "NH": "NH 44", "FIR Contents": "Date: 25-11-2020, I and the staff of N.H. 7 Bangalore Hosur main road in a patrol vehicle was patrolling from Electronic City side towards Attibele toll while getting down at Attibele toll at around 07-15 pm Chikanahalli, a group of people gathered near the cross, me and the staff were nearby. Went and saw that a man aged about 60-65 years had suffered severe injuries on his head and other parts in an accident, while the injured man was being taken to Sri Sai Hospital in the highway ambulance for treatment, he was found dead on the road, the deceased was unknown, his name and address were not known, the details of the accident were not known. . H. 7 It is known that the driver of the lorry KA-16-A-6429, who was going towards Hosur from Bengaluru towards the dead unknown person crossing the main road of Bengaluru, drove at high speed and recklessly and hit him. Request for similar action etc.", "Hit and Run": "Yes", "Type of Collision": "Hit Pedestrian", "Cause of Collision": "Overspeeding", "Road": "Main Road", "Context": "At Down Ramp - Merge Point. Near Attibele Toll", "Infrastructure No": "No Footpath, No Crossing, No Speed Calming, No Signages", "Infrastructure Yes": null, "Additional": "Pedestrian Underpass 220 m away. No continuous footpath/crossing  to reach  there", "General Comment": "Crash Barriers Installed in 2023. High Mast Light 2022", "Blackspot_Name": "Attibele Toll", "Added": null, "Type of Collision Cleaned": "Hit Pedestrian", "Context Mapping": "Access Point", "Combinations": "Hit Pedestrian,Access Point", "Time of Day": "Evening Rush Hour (6-9)" }, "geometry": { "type": "Point", "coordinates": [ 77.77499, 12.77789 ] } },
{ "type": "Feature", "properties": { "fid": 103, "FIR_No": "0366/2020", "PolSt": "Attibele PS", "layer": "BR Pedestrian Fatality 2020", "ID": "0366/2020/Attibele PS", "Sub Division": "Anekal Sub Division", "Year": 2020, "Lat": 12.78323, "Long": 77.75837, "Count_Killed": 1, "Count_NonFatal": 0, "Total Victims": 1, "Victim Vehicle": "Pedestrian", "Victim Age": "70", "Victim Gender": "Male", "Victim02 Age": "-", "Victim02 Gender": "-", "Victim03 Age": "-", "Victim03 Gender": "-", "Accused Vehicle": "Unknown", "Accused Age": "Unknown", "Accused Gender": "Unknown", "Accused Vehicle 02": "-", "Accused Age 02": "-", "Accused Gender 02": "-", "Day": "Wednesday", "Time Stamp": "23:00:00", "Full Address": "Nh7 Hosur Bangalore Service Rd, Near Svet School, Giddenahalli Tank, Yadavanahalli, Anekal Taluk,Bengaluru Dist ,", "Road Name": "Hosur-Bangalore Service Road", "NH": "NH 44", "FIR Contents": "On 02/12/2020 around 11 pm to 11-30 pm Hosur Bangalore NH7 service road near Yadavanahalli village near Giddenahalli lake near Giddenahalli Lake straight to SVET school walking on the left side of the road near the turn towards Attibele. While coming from the guest line side towards Atthibele some vehicle driver drives his vehicle He said that he was driving at high speed and hit him and left. I also went to the accident site and saw that it was true, there was blood on the road. It is true that while my father was walking on the left side of the road, the driver of a vehicle from behind drove his vehicle at high speed and collided with him and left without stopping the vehicle. A case has been filed against the driver of the vehicle who has caused an accident and left without stopping the vehicle.", "Hit and Run": "Yes", "Type of Collision": "Hit Pedestrian walking along the road", "Cause of Collision": "Overspeeding", "Road": "Service Road", "Context": null, "Infrastructure No": "No Footpath, No Speed Calming Elements, No Signages, No Streetlights", "Infrastructure Yes": null, "Additional": null, "General Comment": "Streetlight installed 2023", "Blackspot_Name": "Yadavanahalli", "Added": null, "Type of Collision Cleaned": "Hit Pedestrian", "Context Mapping": "Along Service Road", "Combinations": "Hit Pedestrian,Along Service Road", "Time of Day": "Late Night (9-12)" }, "geometry": { "type": "Point", "coordinates": [ 77.75837, 12.78323 ] } },
{ "type": "Feature", "properties": { "fid": 104, "FIR_No": "0372/2020", "PolSt": "Attibele PS", "layer": "BR Pedestrian Fatality 2020", "ID": "0372/2020/Attibele PS", "Sub Division": "Anekal Sub Division", "Year": 2020, "Lat": 12.77704, "Long": 77.77638, "Count_Killed": 1, "Count_NonFatal": 0, "Total Victims": 1, "Victim Vehicle": "Pedestrian", "Victim Age": "55", "Victim Gender": "Male", "Victim02 Age": "-", "Victim02 Gender": "-", "Victim03 Age": "-", "Victim03 Gender": "-", "Accused Vehicle": "LMV", "Accused Age": "Unknown", "Accused Gender": "Male", "Accused Vehicle 02": "-", "Accused Age 02": "-", "Accused Gender 02": "-", "Day": "Monday", "Time Stamp": "19:30:00", "Full Address": "Bangalore Hosur Nh7 Rd, Infront Of Honda Show Room, Next To Nr Hospital, Toll Plaza,Attibele,Anekaltq,Bengaluru Dist , Karnataka,", "Road Name": "Hosur-Bangalore Main Road", "NH": "NH 44", "FIR Contents": " On 07-12-2020 at around 7-30 pm, Bangalore Hosur NH7 near Attibele Toll Plaza, Bangalore Hosur NH7 near Honda Showroom next to Honda Showroom, on information about an accident, we who were on patrol immediately went to the spot and found out that the matter was true. An unidentified man aged around 55 to 60 years was crossing the road and suffered bloody injuries when the driver of KA05-MW-2830 DATSUN car speeding and recklessly from Hosur side towards Toll Plaza rammed the unidentified man crossing the road. The public sent the accident car to the nearest hospital where the person died on the way to the hospital. A case has been registered against the driver of the KA05-MW-2830 DATSUN car who hit him while crossing an unknown road and caused his death.", "Hit and Run": "Maybe", "Type of Collision": "Hit Pedestrian", "Cause of Collision": "Overspeeding", "Road": "Main Road", "Context": "Near Attibele Toll. Near Undefined U Turn, Merge Point", "Infrastructure No": "No Crossing, No Refuge Islands, No Footpath, No Speed Calming Elements, No Signages", "Infrastructure Yes": null, "Additional": null, "General Comment": "High Mast Light 2022", "Blackspot_Name": "Attibele Toll", "Added": null, "Type of Collision Cleaned": "Hit Pedestrian", "Context Mapping": "Access Point", "Combinations": "Hit Pedestrian,Access Point", "Time of Day": "Evening Rush Hour (6-9)" }, "geometry": { "type": "Point", "coordinates": [ 77.77638, 12.77704 ] } },
{ "type": "Feature", "properties": { "fid": 105, "FIR_No": "0379/2020", "PolSt": "Attibele PS", "layer": "BR Pedestrian Fatality 2020", "ID": "0379/2020/Attibele PS", "Sub Division": "Anekal Sub Division", "Year": 2020, "Lat": 12.78539, "Long": 77.7508, "Count_Killed": 1, "Count_NonFatal": 0, "Total Victims": 1, "Victim Vehicle": "Pedestrian", "Victim Age": "24", "Victim Gender": "Female", "Victim02 Age": "-", "Victim02 Gender": "-", "Victim03 Age": "-", "Victim03 Gender": "-", "Accused Vehicle": "LMV", "Accused Age": "Unknown", "Accused Gender": "Unknown", "Accused Vehicle 02": "-", "Accused Age 02": "-", "Accused Gender 02": "-", "Day": "Friday", "Time Stamp": "16:15:00", "Full Address": "Nh 7, Bangalore Hosur Main Road, Near Yadavanahalli Bus Stand, Attibele Hobli,Bengaluru Dist , Karnataka,", "Road Name": "Hosur-Bangalore Main Road", "NH": "NH 44", "FIR Contents": "Date: On 11-12-2020 I and staff were patrolling from Electronic City, patrolling in vehicle N. H. 7 On Bangalore Hosur main road at around 04-15 pm near Yadavanhalli bus stand while coming towards Hosur from Bengaluru side a lady was crossing the road from Yadavanhalli bus stand side when a car driver going towards Hosur from Bengaluru side drove his car at high speed and carelessly and hit her head on. , hand, leg and other parts were severely injured and died on the spot She went, the number of the hit car was seen as KA-51-MH-5222, the name of the deceased woman was P. Geeta, aged about 24 years, is known to be from Kabban Pette, Bangalore. Died due to accident P. KA-51-MH-5222 Demand legal action against car driver responsible for Geetha's death etc.", "Hit and Run": "Maybe", "Type of Collision": "Hit Pedestrian", "Cause of Collision": "Overspeeding", "Road": "Main Road", "Context": "Near Bus Stop", "Infrastructure No": "No Footpath, No Crossing, No Speed Calming, No Signages", "Infrastructure Yes": "Crash Barriers (2022?)", "Additional": "Pedestrian Underpass 50 m away. No Footpath/Crossing to reach.", "General Comment": "Streetlight installed 2023", "Blackspot_Name": null, "Added": null, "Type of Collision Cleaned": "Hit Pedestrian", "Context Mapping": "Bus Stop", "Combinations": "Hit Pedestrian,Bus Stop", "Time of Day": "Midday 2 (3-6)" }, "geometry": { "type": "Point", "coordinates": [ 77.7508, 12.78539 ] } },
{ "type": "Feature", "properties": { "fid": 106, "FIR_No": "0394/2020", "PolSt": "Attibele PS", "layer": "BR Pedestrian Fatality 2020", "ID": "0394/2020/Attibele PS", "Sub Division": "Anekal Sub Division", "Year": 2020, "Lat": 12.79166, "Long": 77.7303, "Count_Killed": 1, "Count_NonFatal": 0, "Total Victims": 1, "Victim Vehicle": "Pedestrian", "Victim Age": "45", "Victim Gender": "Male", "Victim02 Age": "-", "Victim02 Gender": "-", "Victim03 Age": "-", "Victim03 Gender": "-", "Accused Vehicle": "LMV", "Accused Age": "Unknown", "Accused Gender": "Unknown", "Accused Vehicle 02": "-", "Accused Age 02": "-", "Accused Gender 02": "-", "Day": "Thursday", "Time Stamp": "20:00:00", "Full Address": "Nh 7 Bangalore Hosur Main Road,Near Neraluru Bus, Stop, Attibele Hobli, Anekal Taluk,Bengaluru Dist , Karnataka,", "Road Name": "Hosur-Bangalore Main Road", "NH": "NH 44", "FIR Contents": " Date: 24-12-2020 at around 8-00 p.m. near Neralur bus stand, when I was going N. H. 7 On Bangalore Hosur main road, a car driver who was going to Hosur from Bengaluru side drove his vehicle at high speed and hit a man who was standing on the side of the road near the bus stand. There were bloody wounds, the number of the car that was hit was seen parked there KA-51-ML-9505 will be. The injured Ganesh was treated by me and others, I took him in an ambulance to Sri Sai Hospital near Guest Line for treatment and admitted him and then on the advice of the doctor, Ganesh was admitted to Bangalore St. John's Hospital. Demanding legal action etc", "Hit and Run": "Maybe", "Type of Collision": "Hit Pedestrian", "Cause of Collision": "Overspeeding", "Road": "Main Road", "Context": "stoping on the road near Bus Stop", "Infrastructure No": "No Footpath, No Crossing, No Speed Calming, No Signages. ", "Infrastructure Yes": null, "Additional": "FOB 50 m away (2022? Doesnt show in maps) Nearest Intersection 500m away.", "General Comment": null, "Blackspot_Name": "Neraluru Bus Stop", "Added": null, "Type of Collision Cleaned": "Hit Pedestrian", "Context Mapping": "Bus Stop", "Combinations": "Hit Pedestrian,Bus Stop", "Time of Day": "Evening Rush Hour (6-9)" }, "geometry": { "type": "Point", "coordinates": [ 77.7303, 12.79166 ] } },
{ "type": "Feature", "properties": { "fid": 107, "FIR_No": "0026/2020", "PolSt": "Hebbagodi PS", "layer": "BR Pedestrian Fatality 2020", "ID": "0026/2020/Hebbagodi PS", "Sub Division": "Anekal Sub Division", "Year": 2020, "Lat": 12.82727, "Long": 77.68231, "Count_Killed": 1, "Count_NonFatal": 0, "Total Victims": 1, "Victim Vehicle": "Pedestrian", "Victim Age": "75", "Victim Gender": "Male", "Victim02 Age": "-", "Victim02 Gender": "-", "Victim03 Age": "-", "Victim03 Gender": "-", "Accused Vehicle": "2W", "Accused Age": "Unknown", "Accused Gender": "Male", "Accused Vehicle 02": "-", "Accused Age 02": "-", "Accused Gender 02": "-", "Day": "Sunday", "Time Stamp": "09:15:00", "Full Address": "Bengluru-Hosuru Nh07 Road Near Hebbagodi Bus Stop, Anekal Taluk,Bengaluru Dist , Karnataka,", "Road Name": "Hosur-Bangalore Main Road", "NH": "NH 44", "FIR Contents": "The. On 19-01-2020 at 09:15 AM when the complainant Rukshmini and her husband Prakash Hebbar were crossing the Bangalore Hosur NH 07 road to go to Hebbagodi, a motorcyclist coming from the Bangalore side, driving the motorcycle at high speed and recklessly, hit Prakash Hebbar who was crossing the road. Crash the motorcycle Prakash Hebbar left without stopping at the spot, with bloody injuries on his head and legs, etc.", "Hit and Run": "Yes", "Type of Collision": "Hit Pedestrian", "Cause of Collision": "Overspeeding", "Road": "Main Road", "Context": "Near Bus Stop", "Infrastructure No": "No Crossing, No Speed Calming Elements, No Signages", "Infrastructure Yes": null, "Additional": "Nearest FOB 700m away, Nearest Subway 60m away. No footpath to either/ No Crossing", "General Comment": "Crash Barriers Installed in 2023.", "Blackspot_Name": "Hebbagodi Metro Station", "Added": null, "Type of Collision Cleaned": "Hit Pedestrian", "Context Mapping": "Bus Stop", "Combinations": "Hit Pedestrian,Bus Stop", "Time of Day": "Morning Rush Hour (7-12)" }, "geometry": { "type": "Point", "coordinates": [ 77.68231, 12.82727 ] } },
{ "type": "Feature", "properties": { "fid": 108, "FIR_No": "0037/2020", "PolSt": "Hebbagodi PS", "layer": "BR Pedestrian Fatality 2020", "ID": "0037/2020/Hebbagodi PS", "Sub Division": "Anekal Sub Division", "Year": 2020, "Lat": 12.81447, "Long": 77.69255, "Count_Killed": 1, "Count_NonFatal": 0, "Total Victims": 1, "Victim Vehicle": "Pedestrian", "Victim Age": "60", "Victim Gender": "Male", "Victim02 Age": "-", "Victim02 Gender": "-", "Victim03 Age": "-", "Victim03 Gender": "-", "Accused Vehicle": "LMV", "Accused Age": "Unknown", "Accused Gender": "Male", "Accused Vehicle 02": "-", "Accused Age 02": "-", "Accused Gender 02": "-", "Day": "Thursday", "Time Stamp": "02:35:00", "Full Address": "Bang-Hosur Nh-7 Road, Near Bullet Show Room, Bommasandra, Anekal Taluk A,Bengaluru Dist , Karnataka,", "Road Name": "Hosur-Bangalore Main Road", "NH": "NH 44", "FIR Contents": ". On 30-01-2020 at around 2-35 am, the driver of Tata Indica car KA50 A 5106 from Bengaluru side, while patrolling on Bangalore- Hosur NH 7 road, Bommasandra, was crossing the road with high speed and carelessness. Unknown collided with male about 60 years old, unknown person He was bleeding on his head, hands and feet and was immediately taken to Sparsha Hospital for treatment in an ambulance and admitted. Regarding the name and address of the injured person, his clothes were searched but nothing was found, he was not in a condition to speak. He was waiting for someone to come and look for him, but since no one came, he came late and lodged a complaint. So please find out the name and address of the unknown person and take legal action against the driver of Tata Indica KA50 A 5106 who caused this accident etc.", "Hit and Run": "Maybe", "Type of Collision": "Hit Pedestrian", "Cause of Collision": "Overspeeding", "Road": "Main Road", "Context": "At Merge Point and Local Road T intersection", "Infrastructure No": "No Footpath, No Crossing, No Speed Calming Elements, No Signage", "Infrastructure Yes": "Crash Barriers (2022?), Streetlights", "Additional": "Nearest FOB 560 m away. nearest Intersection 500m away. No Continuous Footpath", "General Comment": null, "Blackspot_Name": "Near BTL College Bus Stop", "Added": null, "Type of Collision Cleaned": "Hit Pedestrian", "Context Mapping": "T Junction", "Combinations": "Hit Pedestrian,T Junction", "Time of Day": "Mid Night(12-4)" }, "geometry": { "type": "Point", "coordinates": [ 77.69255, 12.81447 ] } },
{ "type": "Feature", "properties": { "fid": 109, "FIR_No": "0038/2020", "PolSt": "Hebbagodi PS", "layer": "BR Pedestrian Fatality 2020", "ID": "0038/2020/Hebbagodi PS", "Sub Division": "Anekal Sub Division", "Year": 2020, "Lat": 12.80722, "Long": 77.69828, "Count_Killed": 1, "Count_NonFatal": 0, "Total Victims": 1, "Victim Vehicle": "Pedestrian", "Victim Age": "38", "Victim Gender": "Male", "Victim02 Age": "-", "Victim02 Gender": "-", "Victim03 Age": "-", "Victim03 Gender": "-", "Accused Vehicle": "2W", "Accused Age": "Unknown", "Accused Gender": "Male", "Accused Vehicle 02": "-", "Accused Age 02": "-", "Accused Gender 02": "-", "Day": "Thursday", "Time Stamp": "08:00:00", "Full Address": "Hosuru Bangaluru Nh 07 Road, Near Nh Hospitol, Bommasandra Industrial Area, Anekal Taluk,,Bengaluru Dist , Karnataka,", "Road Name": "Hosur-Bangalore Main Road", "NH": "NH 44", "FIR Contents": "Date: 30-01-2020 at 08.00 AM when Govindha, a relative of the complainant Muniraju, stopped to cross the Hosur Bangalore NH 07 road near Parsha Hospital Road, a motor cycle rider KA 51 V 5661 from Hosur side drove his motorcycle at high speed and recklessly and hit the road. Collision with Govinda who was standing to cross As a result of the beating, Govinda's head and other parts were bleeding, etc.", "Hit and Run": "Maybe", "Type of Collision": "Hit Pedestrian", "Cause of Collision": "Overspeeding", "Road": "Main Road", "Context": "Waiting to Cross. Local Road T intersection and Bus Stop on the other side", "Infrastructure No": "No Crossing, No Speed Calming Elements, No Signages", "Infrastructure Yes": "Crash Barriers (2022?)", "Additional": "Nearest Pedestrian Subway 120m away. No Continuous Footpath to.", "General Comment": null, "Blackspot_Name": "Kithiganahalli Bus Stop", "Added": null, "Type of Collision Cleaned": "Hit Pedestrian", "Context Mapping": "Bus Stop", "Combinations": "Hit Pedestrian,Bus Stop", "Time of Day": "Morning Rush Hour (7-12)" }, "geometry": { "type": "Point", "coordinates": [ 77.69828, 12.80722 ] } },
{ "type": "Feature", "properties": { "fid": 110, "FIR_No": "0070/2020", "PolSt": "Hebbagodi PS", "layer": "BR Pedestrian Fatality 2020", "ID": "0070/2020/Hebbagodi PS", "Sub Division": "Anekal Sub Division", "Year": 2020, "Lat": 12.82569, "Long": 77.68295, "Count_Killed": 1, "Count_NonFatal": 0, "Total Victims": 1, "Victim Vehicle": "Pedestrian", "Victim Age": "45", "Victim Gender": "Male", "Victim02 Age": "-", "Victim02 Gender": "-", "Victim03 Age": "-", "Victim03 Gender": "-", "Accused Vehicle": "LMV", "Accused Age": "Unknown", "Accused Gender": "Male", "Accused Vehicle 02": "-", "Accused Age 02": "-", "Accused Gender 02": "-", "Day": "Thursday", "Time Stamp": "20:30:00", "Full Address": "Hosur-Bang Nh 7 Road, Near Hebbagodi Bus Stop, Attibele Hobli, Anekal Taluk,Bengaluru Dist , Karnataka,", "Road Name": "Hosur-Bangalore Main Road", "NH": "NH 44", "FIR Contents": ". At around 8-30 pm, while patrolling near Hebbagodi bus stop on Hosur-Bangalore NH 7 road, the driver of TN70 A 0924 from Hosur side drove at high speed and recklessly and hit an unknown man about 45 years of age who was crossing the road. His hands and feet were bleeding and he was immediately taken to Parsha hospital for treatment in an ambulance We have taken it and registered it. Regarding the name and address of the injured person, his clothes were searched but nothing was found, he was not in a condition to speak. I was waiting for someone to come looking for him, but no one came, so I came late and lodged a complaint. So please find out the name and address of the unknown person and take legal action against the driver of car TN70 A 0924 who caused this accident etc.", "Hit and Run": "Maybe", "Type of Collision": "Hit Pedestrian", "Cause of Collision": "Overspeeding", "Road": "Main Road", "Context": "Near Bus Stop", "Infrastructure No": "No Crossing, No Speed Calming Elements, No Signages", "Infrastructure Yes": null, "Additional": "Nearest Pedestrian Subway 100m away. Nearest Intersection/FOB 1 km away. No Continuous Footpath to either", "General Comment": "Crash Barriers, Rumble Strips and Streetlights Installed in 2023.", "Blackspot_Name": "Hebbagodi Metro Station", "Added": null, "Type of Collision Cleaned": "Hit Pedestrian", "Context Mapping": "Bus Stop", "Combinations": "Hit Pedestrian,Bus Stop", "Time of Day": "Evening Rush Hour (6-9)" }, "geometry": { "type": "Point", "coordinates": [ 77.68295, 12.82569 ] } },
{ "type": "Feature", "properties": { "fid": 111, "FIR_No": "0114/2020", "PolSt": "Hebbagodi PS", "layer": "BR Pedestrian Fatality 2020", "ID": "0114/2020/Hebbagodi PS", "Sub Division": "Anekal Sub Division", "Year": 2020, "Lat": 12.83081, "Long": 77.68112, "Count_Killed": 1, "Count_NonFatal": 0, "Total Victims": 1, "Victim Vehicle": "Pedestrian", "Victim Age": "32", "Victim Gender": "Male", "Victim02 Age": "-", "Victim02 Gender": "-", "Victim03 Age": "-", "Victim03 Gender": "-", "Accused Vehicle": "LMV", "Accused Age": "Unknown", "Accused Gender": "Male", "Accused Vehicle 02": "-", "Accused Age 02": "-", "Accused Gender 02": "-", "Day": "Sunday", "Time Stamp": "18:25:00", "Full Address": "Bengalore - Hosuru Nh-7 Road Near Hp Petrol Bunk,, Hebbagodi, Atthibele Hobli,,Bengaluru Dist , Karnataka,", "Road Name": "Hosur-Bangalore Main Road", "NH": "NH 44", "FIR Contents": " While crossing the Bangalore-Hosur NH-07 road near HP Petrol Station, Hebbagodi, to go to the shop, the car bearing KA-09 P-8347 from Bangalore side was driven in a rash and reckless manner and hit the plaintiff on the head, back, two hands and right leg. There was a bleeding wound, and those who were there were immediately admitted to the ambulance for treatment. Therefore, I would like to take legal action against the driver of the above car who caused this accident, etc", "Hit and Run": "Maybe", "Type of Collision": "Hit Pedestrian", "Cause of Collision": "Rough Driving", "Road": "Main Road", "Context": null, "Infrastructure No": "No Crossing, No Speed Calming Elements, No Crash Barriers", "Infrastructure Yes": "Low Height Service Road Barrier, Speed Regulatory Signages (2022?)", "Additional": "Nearest FOB 300m away. Nearest Subway 500m away. No Continuous Footpath", "General Comment": "Crash Barriers Installed in 2023", "Blackspot_Name": "Hebbagodi Metro Station", "Added": null, "Type of Collision Cleaned": "Hit Pedestrian", "Context Mapping": "Along Main Road", "Combinations": "Hit Pedestrian,Along Main Road", "Time of Day": "Evening Rush Hour (6-9)" }, "geometry": { "type": "Point", "coordinates": [ 77.68112, 12.83081 ] } },
{ "type": "Feature", "properties": { "fid": 112, "FIR_No": "0219/2020", "PolSt": "Hebbagodi PS", "layer": "BR Pedestrian Fatality 2020", "ID": "0219/2020/Hebbagodi PS", "Sub Division": "Anekal Sub Division", "Year": 2020, "Lat": 12.80569, "Long": 77.69956, "Count_Killed": 1, "Count_NonFatal": 0, "Total Victims": 1, "Victim Vehicle": "Pedestrian", "Victim Age": "65", "Victim Gender": "Female", "Victim02 Age": "-", "Victim02 Gender": "-", "Victim03 Age": "-", "Victim03 Gender": "-", "Accused Vehicle": "Lorry", "Accused Age": "Unknown", "Accused Gender": "Male", "Accused Vehicle 02": "-", "Accused Age 02": "-", "Accused Gender 02": "-", "Day": "Monday", "Time Stamp": "20:30:00", "Full Address": "Bengaluru - Hosuru Nh-07 Road, Near Kithaganahally Bus Stop, Bommasandra,Bengaluru Dist , Karnataka,", "Road Name": "Hosur-Bangalore Main Road", "NH": "NH 44", "FIR Contents": "the date; On 27-07-2020 at about 08.30 PM, the complainants Mr. KT Manju and Mahesh.N were patrolling on the Bangalore - Hosur NH-07 road from Hebbagodi towards Chandapur when they saw goods KA-51 C-2468 near Kittaganahalli bus stand. The driver of the vehicle was driving the vehicle in a rash and reckless manner went and hit an unknown woman aged about 65 years who was walking on the side of the road and left without stopping the vehicle, immediately the complainants Mr. KT Manju and Mahesh.N admitted the injured woman aged about 65 years to the Government Public Hospital at Anekal Town for treatment. , the date; On 29-07-2020 at about 10.30 a.m., an unknown woman aged about 65 years died without treatment, etc.", "Hit and Run": "Yes", "Type of Collision": "Hit Pedestrian walking along the road", "Cause of Collision": "Rough Driving", "Road": "Main Road", "Context": "Near Bus Stop", "Infrastructure No": "No Footpath to Bus Stop, No Crossing, No Speed Calming Elements, No Warning Signages", "Infrastructure Yes": "Crash Barriers (2022?), Bus Stand Signage", "Additional": null, "General Comment": "Streetlight installed 2023", "Blackspot_Name": "Kithiganahalli Bus Stop", "Added": null, "Type of Collision Cleaned": "Hit Pedestrian", "Context Mapping": "Bus Stop", "Combinations": "Hit Pedestrian,Bus Stop", "Time of Day": "Evening Rush Hour (6-9)" }, "geometry": { "type": "Point", "coordinates": [ 77.69956, 12.80569 ] } },
{ "type": "Feature", "properties": { "fid": 113, "FIR_No": "0222/2020", "PolSt": "Hebbagodi PS", "layer": "BR Pedestrian Fatality 2020", "ID": "0222/2020/Hebbagodi PS", "Sub Division": "Anekal Sub Division", "Year": 2020, "Lat": 12.80794, "Long": 77.69792, "Count_Killed": 1, "Count_NonFatal": 0, "Total Victims": 1, "Victim Vehicle": "Pedestrian", "Victim Age": "34", "Victim Gender": "Male", "Victim02 Age": "-", "Victim02 Gender": "-", "Victim03 Age": "-", "Victim03 Gender": "-", "Accused Vehicle": "Unknown", "Accused Age": "Unknown", "Accused Gender": "Male", "Accused Vehicle 02": "-", "Accused Age 02": "-", "Accused Gender 02": "-", "Day": "Wednesday", "Time Stamp": "20:00:00", "Full Address": "Near Malbary Silk Factory Gate,, Bommasandra Industrial Area, Attibele Hobli,,Bengaluru Dist , Karnataka,", "Road Name": "Hosur-Bangalore Main Road", "NH": "NH 44", "FIR Contents": "So on 29-07-2020, when I was at home at around 8-15 PM, Rajinikanth Pandey's mother-in-law Ankush Pathak called and told Rajinikanth Pandey that there is an accident near Mulberry Silk Factory Gate. The back of the head was bleeding. Those who were there were questioned and Rajinikanth Pandey said that while he was walking near Mulberry Silk Pakshari at around 8-00 pm, the driver of a vehicle drove at high speed and recklessly, hit him and left without stopping. Rajinikanth Pandey was immediately taken to Chandapur's Best Hospital in an ambulance and admitted for treatment. As advised by the doctor, we took him to Nimans Hospital this morning. From there we were taken to Silicon City Hospital in Hoskote for further treatment and admitted. Rajinikanth Pandey, who was undergoing treatment in the hospital, died at 1-49 pm without recovery. Therefore, I request that the unknown vehicle and driver responsible for this accident be traced and legal action be taken, etc.", "Hit and Run": "Yes", "Type of Collision": "Hit Pedestrian walking along the road", "Cause of Collision": "Overspeeding", "Road": "Service Road", "Context": "At Merge Point and Local Road T intersection", "Infrastructure No": "No Footpath, No Crossing, No Speed Calming Elements, No Signage, No Streetlights", "Infrastructure Yes": "Crash Barriers (2022?)", "Additional": "Nearest FOB 380 m away. Nearest Subway 160 m away. No Continuous Footpath", "General Comment": "Streetlight installed 2023", "Blackspot_Name": "Kithiganahalli Bus Stop", "Added": null, "Type of Collision Cleaned": "Hit Pedestrian", "Context Mapping": "T Junction", "Combinations": "Hit Pedestrian,T Junction", "Time of Day": "Evening Rush Hour (6-9)" }, "geometry": { "type": "Point", "coordinates": [ 77.698043352652462, 12.807996861270986 ] } },
{ "type": "Feature", "properties": { "fid": 114, "FIR_No": "0223/2020", "PolSt": "Hebbagodi PS", "layer": "BR Pedestrian Fatality 2020", "ID": "0223/2020/Hebbagodi PS", "Sub Division": "Anekal Sub Division", "Year": 2020, "Lat": 12.8213, "Long": 77.68695, "Count_Killed": 1, "Count_NonFatal": 0, "Total Victims": 1, "Victim Vehicle": "Pedestrian", "Victim Age": "60", "Victim Gender": "Male", "Victim02 Age": "-", "Victim02 Gender": "-", "Victim03 Age": "-", "Victim03 Gender": "-", "Accused Vehicle": "LMV", "Accused Age": "Unknown", "Accused Gender": "Male", "Accused Vehicle 02": "-", "Accused Age 02": "-", "Accused Gender 02": "-", "Day": "Friday", "Time Stamp": "17:50:00", "Full Address": "Hosuru- Bengalore Nh-07 Road, Opp Shetron Company,, Bommasandra Industrial Area, Anekal Taluk,,Bengaluru Dist , Karnataka,", "Road Name": "Hosur-Bangalore Main Road", "NH": "NH 44", "FIR Contents": "At 05.50 pm, Hosur-Bangalore NH-07 main road, an unknown man aged about 60 years was crossing the road in front of Shetron Company, the driver of a car going from Hosur towards Bangalore drove his car at high speed & carelessly and hit the unknown man who was crossing the road and hit the vehicle on the spot. As a result of going away without stopping, the right leg & head of the unknown person got hit and got a bloody injury. Note that the car number is KA-51 as MG-7865 and so on.", "Hit and Run": "Yes", "Type of Collision": "Hit Pedestrian", "Cause of Collision": "Overspeeding", "Road": "Main Road", "Context": "Near Down Ramp", "Infrastructure No": "No Crossing, No Speed Calming Elements, No Signages", "Infrastructure Yes": "Dilapidated Footpath on Service Road, Streetlights", "Additional": "Nearest Pedestrian Underpass 170m away. Nearest Intersection 400m away. No Safe Crossing to the Underpass", "General Comment": "Crash Barriers Installed in 2022", "Blackspot_Name": "Bommasandra Metro Station", "Added": null, "Type of Collision Cleaned": "Hit Pedestrian", "Context Mapping": "Up/Down Ramps", "Combinations": "Hit Pedestrian,Up/Down Ramps", "Time of Day": "Midday 2 (3-6)" }, "geometry": { "type": "Point", "coordinates": [ 77.68695, 12.8213 ] } },
{ "type": "Feature", "properties": { "fid": 115, "FIR_No": "0237/2020", "PolSt": "Hebbagodi PS", "layer": "BR Pedestrian Fatality 2020", "ID": "0237/2020/Hebbagodi PS", "Sub Division": "Anekal Sub Division", "Year": 2020, "Lat": 12.81433, "Long": 77.69298, "Count_Killed": 1, "Count_NonFatal": 0, "Total Victims": 1, "Victim Vehicle": "Pedestrian", "Victim Age": "40", "Victim Gender": "Male", "Victim02 Age": "-", "Victim02 Gender": "-", "Victim03 Age": "-", "Victim03 Gender": "-", "Accused Vehicle": "Unknown", "Accused Age": "Unknown", "Accused Gender": "Male", "Accused Vehicle 02": "-", "Accused Age 02": "-", "Accused Gender 02": "-", "Day": "Wednesday", "Time Stamp": "05:00:00", "Full Address": "Bengaluru - Hosuru NH-07 Sarvice Road,, Near Royal Enfield Showroom, Bommasandra,Bengaluru Dist , Karnataka, ", "Road Name": "Hosur-Bangalore Main Road", "NH": "NH 44", "FIR Contents": "the date; On 19-08-2020 at 05.00 in the morning, Mr. KT Manju, the complainant, while patrolling on the Bangalore-Hosur NH-07 service road, found the dead body of an unknown man lying near the Royal N Field Showroom at Bommasandra. The driver of the vehicle was speeding the vehicle from Bangalore towards Hosur and As a result of driving recklessly and hitting an unknown person who was crossing the road, the wheel of the vehicle broke on the head and shoulder of the unknown person and the unknown person died on the spot due to severe blood injuries, the driver of the vehicle who caused the accident left without stopping the vehicle, etc.", "Hit and Run": "Yes", "Type of Collision": "Hit Pedestrian", "Cause of Collision": "Overspeeding", "Road": "Service Road", "Context": "At Merge Point", "Infrastructure No": "No Footpath, No Crossing, No Speed Calming Elements, No Signage", "Infrastructure Yes": "Crash Barriers (2022?), Streetlights", "Additional": "Nearest FOB 500 m away. No Continuous Footpath", "General Comment": null, "Blackspot_Name": "Near BTL College Bus Stop", "Added": null, "Type of Collision Cleaned": "Hit Pedestrian", "Context Mapping": "Access Point", "Combinations": "Hit Pedestrian,Access Point", "Time of Day": "Early Morning (4-7)" }, "geometry": { "type": "Point", "coordinates": [ 77.69298, 12.81433 ] } },
{ "type": "Feature", "properties": { "fid": 116, "FIR_No": "0288/2020", "PolSt": "Hebbagodi PS", "layer": "BR Pedestrian Fatality 2020", "ID": "0288/2020/Hebbagodi PS", "Sub Division": "Anekal Sub Division", "Year": 2020, "Lat": 12.80755, "Long": 77.69826, "Count_Killed": 1, "Count_NonFatal": 0, "Total Victims": 1, "Victim Vehicle": "Pedestrian", "Victim Age": "18", "Victim Gender": "Male", "Victim02 Age": "-", "Victim02 Gender": "-", "Victim03 Age": "Unknown", "Victim03 Gender": "Male", "Accused Vehicle": "2W", "Accused Age": "23", "Accused Gender": "Male", "Accused Vehicle 02": "-", "Accused Age 02": "-", "Accused Gender 02": "-", "Day": "Thursday", "Time Stamp": "21:30:00", "Full Address": "Bangaluru-Hosuru Nh-7 Road, Opp. Shankar Kitchen, Hotel, Bommasandra, Anekal Taluk,Bengaluru Dist , Karnataka,", "Road Name": "Hosur-Bangalore Main Road", "NH": "NH 44", "FIR Contents": "On 15-10-2020 at 11-00 PM, Police Station ASI Aswathanarayan took the statement of injured Rakesh from Chandapur Best Hospital and brought him to the police station with the permission of the doctor. , the date Our garage owner Girish's bike no. Girish, owner of KA59 E 7635 Appachi bike, in front of Shankar Kitchen Hotel, Bangalore-Hosur NH 7 Road, Bommasandra, driving his bike at high speed and carelessly hit an unknown man who was crossing the road. And hit an unknown person on the forehead who was crossing the road He fell down and got a bloody injury, and he also got a cut injury on both legs. Then we were admitted to Best Hospital in Chandapur in some vehicle for inpatient treatment and we are receiving treatment. Therefore, legal action should be taken against Girish, the bike rider of KA59 E 7635 Appachi, who caused this accident, etc.", "Hit and Run": "No", "Type of Collision": "Hit Pedestrian", "Cause of Collision": "Overspeeding", "Road": "Main Road", "Context": "Near Merge Point. 70m away from Bus Stop", "Infrastructure No": "No Footpath, No Crossing, No Speed Calming, No Signages", "Infrastructure Yes": "Crash Barriers (2022?)", "Additional": "Nearest Pedestrian Subway 150m away. Nearest FOB 400 m away. No Continuous Footpath", "General Comment": "Streetlight installed 2023", "Blackspot_Name": "Kithiganahalli Bus Stop", "Added": null, "Type of Collision Cleaned": "Hit Pedestrian", "Context Mapping": "Bus Stop", "Combinations": "Hit Pedestrian,Bus Stop", "Time of Day": "Late Night (9-12)" }, "geometry": { "type": "Point", "coordinates": [ 77.69826, 12.80755 ] } },
{ "type": "Feature", "properties": { "fid": 117, "FIR_No": "0289/2020", "PolSt": "Hebbagodi PS", "layer": "BR Pedestrian Fatality 2020", "ID": "0289/2020/Hebbagodi PS", "Sub Division": "Anekal Sub Division", "Year": 2020, "Lat": 12.80588, "Long": 77.69943, "Count_Killed": 1, "Count_NonFatal": 0, "Total Victims": 1, "Victim Vehicle": "Pedestrian", "Victim Age": "70", "Victim Gender": "Male", "Victim02 Age": "-", "Victim02 Gender": "-", "Victim03 Age": "-", "Victim03 Gender": "-", "Accused Vehicle": "Unknown", "Accused Age": "Unknown", "Accused Gender": "Male", "Accused Vehicle 02": "-", "Accused Age 02": "-", "Accused Gender 02": "-", "Day": "Sunday", "Time Stamp": "11:30:00", "Full Address": "Bang-Hosur Nh-7 Road, Near Kittaganahally Bus Stop, Attiblele Hobli, Anekal Taluk,Bengaluru Dist , Karnataka,", "Road Name": "Hosur-Bangalore Main Road", "NH": "NH 44", "FIR Contents": "On 18-10-2020 at 8-00 pm the complainant Sudeep appeared in the police station and the gist of the complaint is that on 18-10-2020 his father Jayaraju @ Jayanya went to A2B Hotel in Bommasandra at 9-00 am to pick up an acquaintance. At around 12-00 noon, Sparsha Hospital called me from our father's mobile phone and informed me that he was admitted to the hospital due to an accident at Kittaganahalli bus stop. Jayaraj@Jayanya was being treated in the emergency unit for bleeding on his head. It was inquired that this morning at around 11-30 am, his father Jayaraj @ Jayanna got off the bus near Kittaganahalli bus stand and was crossing the Bangalore-Hosur NH7 road to go towards A2B Hotel when an unknown vehicle from the Bangalore side collided with an unknown vehicle whose driver was driving at high speed and recklessly. He came to know that his father had a bleeding injury on his head due to the beating, and a person named Lakshmana had admitted him to Parsha Hospital for treatment. Therefore, the unknown vehicle and driver who caused this accident and left without stopping should be found and legal action should be taken, etc.", "Hit and Run": "Yes", "Type of Collision": "Hit Pedestrian", "Cause of Collision": "Overspeeding", "Road": "Main Road", "Context": "Near Bus Stop", "Infrastructure No": "No Crossing, No Speed Calming Elements, No Signages", "Infrastructure Yes": "Crash Barriers (2022?)", "Additional": "Nearest Pedestrian Subway 67 m away. No Footpath/Crossing to reach.", "General Comment": null, "Blackspot_Name": "Kithiganahalli Bus Stop", "Added": null, "Type of Collision Cleaned": "Hit Pedestrian", "Context Mapping": "Bus Stop", "Combinations": "Hit Pedestrian,Bus Stop", "Time of Day": "Morning Rush Hour (7-12)" }, "geometry": { "type": "Point", "coordinates": [ 77.69943, 12.80588 ] } },
{ "type": "Feature", "properties": { "fid": 118, "FIR_No": "0311/2020", "PolSt": "Hebbagodi PS", "layer": "BR Pedestrian Fatality 2020", "ID": "0311/2020/Hebbagodi PS", "Sub Division": "Anekal Sub Division", "Year": 2020, "Lat": 12.82707, "Long": 77.68242, "Count_Killed": 1, "Count_NonFatal": 0, "Total Victims": 1, "Victim Vehicle": "Pedestrian", "Victim Age": "45", "Victim Gender": "Male", "Victim02 Age": "-", "Victim02 Gender": "-", "Victim03 Age": "-", "Victim03 Gender": "-", "Accused Vehicle": "LMV", "Accused Age": "Unknown", "Accused Gender": "Male", "Accused Vehicle 02": "-", "Accused Age 02": "-", "Accused Gender 02": "-", "Day": "Monday", "Time Stamp": "21:45:00", "Full Address": "Near Hebbagodi Bustop, Bengalore-Hosuru Nh-07 Road, Hebbagodi, Attibele Hobli, Anekal Tq,Bengaluru Dist , Karnataka,", "Road Name": "Hosur-Bangalore Main Road", "NH": "NH 44", "FIR Contents": "While Mr.Shri Nagaraj was patrolling on NH-07 from Electronic City towards Chandapur, the driver of KA-03, MB-0985 from Bangalore drove his car at high speed & recklessly and hit an unidentified person aged about 45 years who was crossing the road near Hebbagodi Bus Stand. Bleeding on the head etc.", "Hit and Run": "Maybe", "Type of Collision": "Hit Pedestrian", "Cause of Collision": "Overspeeding", "Road": "Main Road", "Context": "Near Bus Stop", "Infrastructure No": "No Crossing, No Speed Calming Elements, No Signages", "Infrastructure Yes": null, "Additional": "Nearest FOB 700m away, Nearest Subway 60m away. No footpath to either/ No Crossing", "General Comment": "Crash Barriers and Streetlights Installed in 2023.", "Blackspot_Name": "Hebbagodi Metro Station", "Added": null, "Type of Collision Cleaned": "Hit Pedestrian", "Context Mapping": "Bus Stop", "Combinations": "Hit Pedestrian,Bus Stop", "Time of Day": "Late Night (9-12)" }, "geometry": { "type": "Point", "coordinates": [ 77.68242, 12.82707 ] } },
{ "type": "Feature", "properties": { "fid": 119, "FIR_No": "0315/2020", "PolSt": "Hebbagodi PS", "layer": "BR Pedestrian Fatality 2020", "ID": "0315/2020/Hebbagodi PS", "Sub Division": "Anekal Sub Division", "Year": 2020, "Lat": 12.83491, "Long": 77.67978, "Count_Killed": 1, "Count_NonFatal": 0, "Total Victims": 1, "Victim Vehicle": "Pedestrian", "Victim Age": "71", "Victim Gender": "Male", "Victim02 Age": "-", "Victim02 Gender": "-", "Victim03 Age": "-", "Victim03 Gender": "-", "Accused Vehicle": "2W", "Accused Age": "Unknown", "Accused Gender": "Male", "Accused Vehicle 02": "-", "Accused Age 02": "-", "Accused Gender 02": "-", "Day": "Saturday", "Time Stamp": "10:30:00", "Full Address": "Bengalore-Hosuru Nh-07 Road,, Opp Vimalalaya Hospital, Hebbagodi, Anekal Tq,Bengaluru Dist , Karnataka,", "Road Name": "Hosur-Bangalore Main Road", "NH": "NH 44", "FIR Contents": "On 14/11/2020 at about 10.30 am, the complainant Mrs. Uma M along with her employer Madhusudan Chalageri was crossing the Bangalore-Hosur NH-07 road to go to Majestic, when a motor cycle rider TN-24 AE-8719 coming from Bangalore direction came directly to Vimalalaya Hospital, Hebbagodi. Speed ​​up the cycle & As a result of driving recklessly and hitting Madhusudan Chalageri, Madhusudan Chalageri got bloody injuries on his right leg & head and the motorcycle rider also got bloody injuries, etc.", "Hit and Run": "Maybe", "Type of Collision": "Hit Pedestrian", "Cause of Collision": "Overspeeding", "Road": "Main Road", "Context": "At Merge Point", "Infrastructure No": "No Crossing, No Speed Calming Elements, No Signages, No Pedestrian Refuge, No Crash Barriers", "Infrastructure Yes": null, "Additional": "Nearest FOB And Subway 170m away. No Continuous Footpath", "General Comment": "Crash Barriers and Streetlights Installed in 2023.", "Blackspot_Name": null, "Added": null, "Type of Collision Cleaned": "Hit Pedestrian", "Context Mapping": "Access Point", "Combinations": "Hit Pedestrian,Access Point", "Time of Day": "Morning Rush Hour (7-12)" }, "geometry": { "type": "Point", "coordinates": [ 77.67978, 12.83491 ] } },
{ "type": "Feature", "properties": { "fid": 120, "FIR_No": "0316/2020", "PolSt": "Hebbagodi PS", "layer": "BR Pedestrian Fatality 2020", "ID": "0316/2020/Hebbagodi PS", "Sub Division": "Anekal Sub Division", "Year": 2020, "Lat": 12.82212, "Long": 77.68595, "Count_Killed": 1, "Count_NonFatal": 0, "Total Victims": 1, "Victim Vehicle": "Pedestrian", "Victim Age": "33", "Victim Gender": "Male", "Victim02 Age": "-", "Victim02 Gender": "-", "Victim03 Age": "-", "Victim03 Gender": "-", "Accused Vehicle": "Unknown", "Accused Age": "Unknown", "Accused Gender": "Male", "Accused Vehicle 02": "-", "Accused Age 02": "-", "Accused Gender 02": "-", "Day": "Saturday", "Time Stamp": "20:45:00", "Full Address": "Near Skf Company, Hosuru-Bengalore Nh-07 Road,, Bommasandra Industrial Area, Anekal Tq,Bengaluru Dist , Karnataka,", "Road Name": "Hosur-Bangalore Main Road", "NH": "NH 44", "FIR Contents": "At around 8.45 pm, while patrolling near Hosur-Bangalore NH 7 road, Bommasandra flyover, an unknown vehicle driver from Hosur side on the National Highway drove at high speed and recklessly, hit a person crossing the road near SKF Company and left the spot without stopping. , the said person died on the spot due to head injury. His name and address were known and it was learned that Dharmendrakumar bin Kamal Roy, a resident of Kaulpur village, Chabra district, Bihar state, was working in Bariappa Soap Company, Salem, Tamil Nadu. Therefore, I request that the unknown vehicle and driver responsible for this accident be found and legal action be taken.", "Hit and Run": "Yes", "Type of Collision": "Hit Pedestrian", "Cause of Collision": "Overspeeding", "Road": "Main Road", "Context": "At Down Ramp", "Infrastructure No": "No Crossing, No Speed Calming Elements, No Signages, No Crash Barriers", "Infrastructure Yes": "Dilapidated Footpath on Service Road, Streetlights", "Additional": "Nearest Pedestrian Underpass 250m away. Nearest Intersection 480m away. No Safe Crossing to the Underpass", "General Comment": "Crash Barriers Installed in 2022", "Blackspot_Name": "Bommasandra Metro Station", "Added": null, "Type of Collision Cleaned": "Hit Pedestrian", "Context Mapping": "Up/Down Ramps", "Combinations": "Hit Pedestrian,Up/Down Ramps", "Time of Day": "Evening Rush Hour (6-9)" }, "geometry": { "type": "Point", "coordinates": [ 77.68595, 12.82212 ] } },
{ "type": "Feature", "properties": { "fid": 121, "FIR_No": "0328/2020", "PolSt": "Hebbagodi PS", "layer": "BR Pedestrian Fatality 2020", "ID": "0328/2020/Hebbagodi PS", "Sub Division": "Anekal Sub Division", "Year": 2020, "Lat": 12.82569, "Long": 77.68319, "Count_Killed": 1, "Count_NonFatal": 0, "Total Victims": 1, "Victim Vehicle": "Pedestrian", "Victim Age": "34", "Victim Gender": "Female", "Victim02 Age": "-", "Victim02 Gender": "-", "Victim03 Age": "-", "Victim03 Gender": "-", "Accused Vehicle": "LMV", "Accused Age": "Unknown", "Accused Gender": "Male", "Accused Vehicle 02": "-", "Accused Age 02": "-", "Accused Gender 02": "-", "Day": "Thursday", "Time Stamp": "22:00:00", "Full Address": "Near Hebbagodi Bustop, Bengalore-Hosuru Nh-07, Service Road, Hebbagodi, Attibele Hobli, Anekal Tq,Bengaluru Dist , Karnataka,", "Road Name": "Hosur-Bangalore Service Road", "NH": "NH 44", "FIR Contents": "On 26/11/2020, at around 10.00 pm, the complainant Basavappa along with his wife Rekha Rava got off the bus at Hebbagodi bus stand to go back home after getting married at Chitradurga and were crossing the Bangalore-Hosur NH-07 service road to go towards the subway, when the driver of an unknown car coming from Bangalore side hit the car. He was crossing the road by driving at high speed & recklessly As a result of hitting Rekha and leaving the spot without stopping, Rekha got bruises on her head and other parts, etc.", "Hit and Run": "Yes", "Type of Collision": "Hit Pedestrian", "Cause of Collision": "Overspeeding", "Road": "Service Road", "Context": "Near Bus Stop (Crossing to go to the Pedestrian Subway :)", "Infrastructure No": "No Footpath, No Crossing, No Speed Calming, No Signages", "Infrastructure Yes": null, "Additional": "Nearest Pedestrian Subway 100m away. No Continuous Footpath", "General Comment": "Streetlight installed 2023", "Blackspot_Name": "Hebbagodi Metro Station", "Added": null, "Type of Collision Cleaned": "Hit Pedestrian", "Context Mapping": "Bus Stop", "Combinations": "Hit Pedestrian,Bus Stop", "Time of Day": "Late Night (9-12)" }, "geometry": { "type": "Point", "coordinates": [ 77.68319, 12.82569 ] } },
{ "type": "Feature", "properties": { "fid": 122, "FIR_No": "0337/2020", "PolSt": "Hebbagodi PS", "layer": "BR Pedestrian Fatality 2020", "ID": "0337/2020/Hebbagodi PS", "Sub Division": "Anekal Sub Division", "Year": 2020, "Lat": 12.80742, "Long": 77.69818, "Count_Killed": 1, "Count_NonFatal": 0, "Total Victims": 1, "Victim Vehicle": "Pedestrian", "Victim Age": "33", "Victim Gender": "Male", "Victim02 Age": "-", "Victim02 Gender": "-", "Victim03 Age": "-", "Victim03 Gender": "-", "Accused Vehicle": "Unknown", "Accused Age": "Unknown", "Accused Gender": "Male", "Accused Vehicle 02": "-", "Accused Age 02": "-", "Accused Gender 02": "-", "Day": "Monday", "Time Stamp": "04:45:00", "Full Address": "Bang-Hosuru Nh-7 Road, Near Shankar Kitchen Hotel, Bommasandra, Anekal Taluk,Bengaluru Dist , Karnataka,", "Road Name": "Hosur-Bangalore Main Road", "NH": "NH 44", "FIR Contents": "The summary of the complaint filed by the plaintiff K. Ramu at the police station on 07/12/2020 at 14-30 PM is that we five children are 1st, 2nd Malar, 3rd me, 4th Suresh, 5th Anjali to my father Le.Kembu. My great uncle Late, Anu, great aunt Saraswati have two children firstly Rajesh and secondly Archana. My uncle's son Rajesh is married to Nirosha and they have three children, a 9 year old daughter named Privika, a 7 year old daughter named Nitisha, a 3rd 5 year old son named Madhu, Rajesh works as a driver and lives with his wife and children in house no. Residing in a rented house at 2, Laxmi Nagar, Erikare Madure Wayal, Chennai. Rajesh worked as a driver at Sri Shakti Vinayak Transport in Salem and on 20-11-2020 he was accompanied by Selvam as a driver in Lorry No. TN34 AB 9989. It came to know that he was talking to Mana on the phone every day. \n\nIn this case, on 07-12-2020 at 6-00 in the morning, my younger son Balaji called and informed his son Rajesh that there was an accident near Bommasandra, Bangalore. Immediately I, all our relatives came and inquired about the accident, on 07-12-2020 at 4-45 am, on Bangalore-Hosur NH 7 road, right next to Shankar Kitchen Hotel, Bommasandra, Rajesh was walking on the side of the road when a vehicle was hit from behind by its driver over speeding and Drive recklessly and hit a collision and leave without stopping As a result, Rajesh died on the spot due to head and other bleeding injuries and the dead body was kept in Akshyapard hospital mortuary. We also went to the hospital and saw the dead body. As this accident was caused by the driver of an unknown vehicle driving at high speed and recklessly, hit it and left without stopping, I request that the unknown vehicle and the driver be found and legal action be taken. Vastra translated what I said in Tamil into Kannada and told me again in Tamil that what I said was correct and we signed it etc.", "Hit and Run": "Yes", "Type of Collision": "Hit Pedestrian walking along the road", "Cause of Collision": "Overspeeding", "Road": "Service Road", "Context": "At Merge Point and Local Road T intersection", "Infrastructure No": "No Footpath, No Crossing, No Speed Calming, No Signages", "Infrastructure Yes": "Crash Barriers (2022?)", "Additional": null, "General Comment": "Streetlight installed 2023", "Blackspot_Name": "Kithiganahalli Bus Stop", "Added": null, "Type of Collision Cleaned": "Hit Pedestrian", "Context Mapping": "T Junction", "Combinations": "Hit Pedestrian,T Junction", "Time of Day": "Early Morning (4-7)" }, "geometry": { "type": "Point", "coordinates": [ 77.69818, 12.80742 ] } },
{ "type": "Feature", "properties": { "fid": 123, "FIR_No": "0026/2020", "PolSt": "Suryanagar PS", "layer": "BR Pedestrian Fatality 2020", "ID": "0026/2020/Suryanagar PS", "Sub Division": "Anekal Sub Division", "Year": 2020, "Lat": 12.82118, "Long": 77.68659, "Count_Killed": 1, "Count_NonFatal": 0, "Total Victims": 1, "Victim Vehicle": "Pedestrian", "Victim Age": "31", "Victim Gender": "Male", "Victim02 Age": "-", "Victim02 Gender": "-", "Victim03 Age": "-", "Victim03 Gender": "-", "Accused Vehicle": "2W", "Accused Age": "Unknown", "Accused Gender": "Male", "Accused Vehicle 02": "-", "Accused Age 02": "-", "Accused Gender 02": "-", "Day": "Monday", "Time Stamp": "20:30:00", "Full Address": "INFRONT OF VENKATESHWARA BEKARI, YARANDAHALLI, JIGANI HOBALI, ANEKAL TALUK,Bengaluru Dist , Karnataka,", "Road Name": "Jigani Road", "NH": null, "FIR Contents": "Date : 04/02/2020 at 1-00 PM The gist of the complaint filed by the complainant Mr. Sanjeeva.Y bin Yallapa at the police station is that I have been working as a store assistant in Mahendra CIE Company in Bommasandra Industrial Area for about 22 years. I Date: 03/02/2020 At around 8-30 PM when I and my friend Shankar Das were drinking tea at Sri Venkateswara Bakery in Devikumar's Building, a two wheeler driver from Yarandahalli village towards Rupesh Hotel over speeded his two wheeler and A man who was driving recklessly and was crossing the road on the road opposite Sri Venkateswara Bakery. As a result of the collision, the person fell down on the road, immediately I and Shankar Das went to the spot and saw that the person was hit on the head and legs and had a bloody wound. The two-wheeler driver left his two-wheeler at the spot and ran away. The registration number of the two wheeler at the spot was found to be KA-51 HP-6956. After inquiring about the injured person, it came to know that he is Vashishta Kumar Patil, a resident of Yarandahalli, village. Immediately when we called 108 Ambulance, Vashishta Kumar Patil was sent to Nimmans Hospital for treatment in 108 Ambulance. While Vashishta Kumar Patil was being treated at Nimmans Hospital, the doctor informed that he died on Date: 04/02/2020 at around 7-50 am on Date: 04/02/2020. Therefore, a case has been registered and investigation has been initiated against the driver of the two-wheeler who caused this accident and caused the death of Vashishta Kumar Patil. The original petition is attached herewith and submitted", "Hit and Run": "Yes", "Type of Collision": "Hit Pedestrian", "Cause of Collision": "Overspeeding", "Road": "Local Road", "Context": "Near Local Road T intersection", "Infrastructure No": "No Crossing, No Footpath", "Infrastructure Yes": "Streetlights (2022)", "Additional": null, "General Comment": null, "Blackspot_Name": "Bommasandra Metro Station", "Added": "added", "Type of Collision Cleaned": "Hit Pedestrian", "Context Mapping": "Service Road Junction", "Combinations": "Hit Pedestrian,Service Road Junction", "Time of Day": "Evening Rush Hour (6-9)" }, "geometry": { "type": "Point", "coordinates": [ 77.68659, 12.82118 ] } },
{ "type": "Feature", "properties": { "fid": 124, "FIR_No": "0052/2020", "PolSt": "Suryanagar PS", "layer": "BR Pedestrian Fatality 2020", "ID": "0052/2020/Suryanagar PS", "Sub Division": "Anekal Sub Division", "Year": 2020, "Lat": 12.80251, "Long": 77.70763, "Count_Killed": 1, "Count_NonFatal": 0, "Total Victims": 1, "Victim Vehicle": "Pedestrian", "Victim Age": "39", "Victim Gender": "Male", "Victim02 Age": "-", "Victim02 Gender": "-", "Victim03 Age": "-", "Victim03 Gender": "-", "Accused Vehicle": "LMV", "Accused Age": "Unknown", "Accused Gender": "Male", "Accused Vehicle 02": "-", "Accused Age 02": "-", "Accused Gender 02": "-", "Day": "Monday", "Time Stamp": "23:45:00", "Full Address": "Hosur-Bangalore Nh Road, Near Old Chandapura Bus Stand,Bengaluru Dist , Karnataka,", "Road Name": "Hosur-Bangalore Main Road", "NH": "NH 44", "FIR Contents": "Dated this day: 24-02-2020 at 8.30 a.m. The summary of the complaint filed by plaintiff Naresh Yadhav is that I have been working in plaster for about 10 years. Ravindra Thakur from Chandpur village near our hometown Dhanpur village has been working with me as a plasterer for about 10 years. Yesterday Date: 23-02-2020 A plasterer was working near Chandapur Billing where we work, he came to the room after finishing work in the evening, he went to have dinner at 9.00 pm and did not come back to the room at night. On this day at around 5.30 am, the police called from the mobile phone of Rabindra Thakur, at around 12.00 pm, a person had an accident with a TT vehicle while crossing the road on the Hosur-Bangalore NH road near Old Chandapur Basap. By the time Navara was admitted to the hospital, he was dead. He informed that his dead body was kept in the hospital of Victory, we came and went to the place of the accident and found out the matter, went to the hospital of Victory and saw the dead body, the dead body was that of Rabindra Thakur. On learning about the accident, yesterday night at around 11.45 pm, Ravindra Thakur was crossing the Hosur-Bangalore road near Old Chandapur bus stand when the driver of TT vehicle number KA-51, C-7595, which was coming from Hosur towards Bangalore, Ravindra was crossing the road by driving the vehicle at high speed and recklessly KA-51, C-7595 which caused the death of Rabindra Thakur as a result of the collision, Rabindra Thakur sustained severe injuries on his head and body and was pronounced dead before being admitted to the Best Hospital for treatment. After receiving the complaint that legal action should be taken against the driver of the TT vehicle, a report will be filed.(The original complaint will be attached herewith)", "Hit and Run": "Maybe", "Type of Collision": "Hit Pedestrian", "Cause of Collision": "Overspeeding", "Road": "Main Road", "Context": "Near Bus Stop At an Intersection  (Bus stop is at the intersection)", "Infrastructure No": "No Footpath, No Pedestrian Refuge, No Speed Calming Elements, No Signages, No Crash Barriers, No Streeetlights", "Infrastructure Yes": "Crossing, Signal", "Additional": null, "General Comment": "Streetlight installed 2023", "Blackspot_Name": null, "Added": null, "Type of Collision Cleaned": "Hit Pedestrian", "Context Mapping": "Bus Stop", "Combinations": "Hit Pedestrian,Bus Stop", "Time of Day": "Late Night (9-12)" }, "geometry": { "type": "Point", "coordinates": [ 77.70763, 12.80251 ] } },
{ "type": "Feature", "properties": { "fid": 125, "FIR_No": "0054/2020", "PolSt": "Suryanagar PS", "layer": "BR Pedestrian Fatality 2020", "ID": "0054/2020/Suryanagar PS", "Sub Division": "Anekal Sub Division", "Year": 2020, "Lat": 12.79427, "Long": 77.72136, "Count_Killed": 1, "Count_NonFatal": 0, "Total Victims": 1, "Victim Vehicle": "Pedestrian", "Victim Age": "65", "Victim Gender": "Male", "Victim02 Age": "-", "Victim02 Gender": "-", "Victim03 Age": "-", "Victim03 Gender": "-", "Accused Vehicle": "Lorry", "Accused Age": "Unknown", "Accused Gender": "Unknown", "Accused Vehicle 02": "-", "Accused Age 02": "-", "Accused Gender 02": "-", "Day": "Monday", "Time Stamp": "00:00:00", "Full Address": "Hosur Bangalore N H 7 Road Thirumagondanahalli Bus, Stop Attibele Hobli Anekal Tq,Bengaluru Dist , Karnataka,", "Road Name": "Hosur-Bangalore Main Road", "NH": "NH 44", "FIR Contents": "On 25-02-2020 at 10-30 am in the morning, the complainant appeared in the police station and filed the complaint. Yesterday on 24-02-2020 at around 6-30 pm, our father Jariappa, aged about 65 years, said that he was going to Chandapur. Half an hour after he left, our sister Shobha called my mobile phone and said that father had an accident near Tirumagondanahalli bus stop, come soon. Immediately I left the house and came near the village bus stop of Tirumagonda and saw that our father was hit on the head and left hand and was bleeding. When our father was waiting for the bus at the bus stop to go to Chandapur, at 7-00 PM on the Hosur-Bangalore NH 7 road, a canter came from the Hosur side and its driver was driving too fast and recklessly, and hit me, as a result of which I fell down and hit my head and left hand. It was true that it was told that there would be seven, and the canter number was seen there KA01-C-7634 will be. Then our father who was blood injured was taken to Best Hospital in ambulance for treatment and first aid was given and then we took him to Bangalore Nimmans Hospital for further treatment. The doctor there sent him to Oxford Hospital for further treatment and again he was taken to Oxford Hospital near Yadavanhalli in an ambulance. . We looked after him in the hospital all night and on this day: 25-02-2020 we came to the police station and lodged a complaint. Therefore, the summary of the complaint given is that I request that legal action be taken against the driver of Canter No. KA01-C-7634 who caused this accident.", "Hit and Run": "Maybe", "Type of Collision": "Hit Pedestrian", "Cause of Collision": "Overspeeding", "Road": "Main Road", "Context": "stoping near Bus Stop", "Infrastructure No": null, "Infrastructure Yes": "FOB at the Location, Bus Stop", "Additional": null, "General Comment": null, "Blackspot_Name": null, "Added": null, "Type of Collision Cleaned": "Hit Pedestrian", "Context Mapping": "Bus Stop", "Combinations": "Hit Pedestrian,Bus Stop", "Time of Day": "Mid Night(12-4)" }, "geometry": { "type": "Point", "coordinates": [ 77.72136, 12.79427 ] } },
{ "type": "Feature", "properties": { "fid": 126, "FIR_No": "0239/2020", "PolSt": "Suryanagar PS", "layer": "BR Pedestrian Fatality 2020", "ID": "0239/2020/Suryanagar PS", "Sub Division": "Anekal Sub Division", "Year": 2020, "Lat": 12.80278, "Long": 77.70378, "Count_Killed": 1, "Count_NonFatal": 0, "Total Victims": 1, "Victim Vehicle": "Pedestrian", "Victim Age": "65", "Victim Gender": "Female", "Victim02 Age": "-", "Victim02 Gender": "-", "Victim03 Age": "-", "Victim03 Gender": "-", "Accused Vehicle": "Lorry", "Accused Age": "Unknown", "Accused Gender": "Male", "Accused Vehicle 02": "-", "Accused Age 02": "-", "Accused Gender 02": "-", "Day": "Tuesday", "Time Stamp": "19:30:00", "Full Address": "Infront Of Mrr Complex, Bangalore - Hosur Nh-7, Main Road, Hennagara Gate, Chandapura, Anekal Tq,Bengaluru Dist , Karnataka,", "Road Name": "Hosur-Bangalore Main Road", "NH": "NH 44", "FIR Contents": "Date : 03/11/2020 at 8-10 PM in the evening where is the summary of the complaint filed by the complainant Mr. H.G.Prasannakumar Bin Late Jothappa who attended the police station, The: On 03/11/2020 at about 7-30 PM in Hosur - Bangalore N .H-7 Main Road Service Road Near Hennagar Gate Tea Shop While standing drinking tea, a lady at a bus stop on Bangalore - Hosur NH-7 main road, got off a BMTC bus to go to Hennnagar, Bangalore - Hosur NH opposite MMR complex near Hennnagar gate. -7 While crossing the main road, the driver of a lorry from Bangalore side towards Hosur, drives his lorry at high speed and recklessly. As a result of hitting a woman who was crossing the road, the woman fell on the road, the wheel of the lorry ran over the woman. Immediately I went to the spot and found that the lady had severe bleeding injuries and was bleeding profusely and died on the spot. Later, after inquiring about that lady, it came to be known that Mrs. Muniamma Kom Late Sanjeevappa of our village, the number of the lorry at the spot was seen and it was KA-51 A-6224. A case has been registered and investigation has been started based on the complaint that legal action should be taken against the driver of the above lorry who caused this accident and caused the death of Muniamma. The original petition is attached herewith and submitted.", "Hit and Run": "Maybe", "Type of Collision": "Hit Pedestrian", "Cause of Collision": "Overspeeding", "Road": "Main Road", "Context": "Near Bus Stop", "Infrastructure No": "No Footpath, No Crossing, No Speed Calming Elements, No Signage", "Infrastructure Yes": "Crash Barriers (2022?)", "Additional": "Nearest Pedestrian Subway 60 m away. No Continuous Footpath", "General Comment": "Streetlight installed 2023", "Blackspot_Name": null, "Added": null, "Type of Collision Cleaned": "Hit Pedestrian", "Context Mapping": "Bus Stop", "Combinations": "Hit Pedestrian,Bus Stop", "Time of Day": "Evening Rush Hour (6-9)" }, "geometry": { "type": "Point", "coordinates": [ 77.70378, 12.80278 ] } },
{ "type": "Feature", "properties": { "fid": 127, "FIR_No": "0251/2020", "PolSt": "Suryanagar PS", "layer": "BR Pedestrian Fatality 2020", "ID": "0251/2020/Suryanagar PS", "Sub Division": "Invalid Link", "Year": 2020, "Lat": 12.80602, "Long": 77.69901, "Count_Killed": 1, "Count_NonFatal": 0, "Total Victims": 1, "Victim Vehicle": "Pedestrian", "Victim Age": "55", "Victim Gender": "Male", "Victim02 Age": "-", "Victim02 Gender": "-", "Victim03 Age": "-", "Victim03 Gender": "-", "Accused Vehicle": "LMV", "Accused Age": "Invalid Link", "Accused Gender": "Invalid Link", "Accused Vehicle 02": "-", "Accused Age 02": "-", "Accused Gender 02": "-", "Day": "Wednesday", "Time Stamp": "07:30:00", "Full Address": "Infront Of Ananya Complex Sangeetha Show Room, Hennagara Gate, Hosur-Bangalore Nh-7 Main Road,,Bengaluru Dist , Karnataka,", "Road Name": "Hosur-Bangalore Main Road", "NH": "NH 44", "FIR Contents": "Invalid Link", "Hit and Run": "Invalid Link", "Type of Collision": "Invalid Link", "Cause of Collision": "Invalid Link", "Road": "Main Road", "Context": "At Merge Point and Local Road T intersection", "Infrastructure No": "No Footpath, No Crossing, No Speed Calming Elements, No Signage", "Infrastructure Yes": null, "Additional": "Pedestrian Subway At the Intersection", "General Comment": null, "Blackspot_Name": "Kithiganahalli Bus Stop", "Added": null, "Type of Collision Cleaned": "Unknown", "Context Mapping": "T Junction", "Combinations": "Unknown,T Junction", "Time of Day": "Morning Rush Hour (7-12)" }, "geometry": { "type": "Point", "coordinates": [ 77.69901, 12.80602 ] } },
{ "type": "Feature", "properties": { "fid": 128, "FIR_No": "0300/2020", "PolSt": "Suryanagar PS", "layer": "BR Pedestrian Fatality 2020", "ID": "0300/2020/Suryanagar PS", "Sub Division": "Anekal Sub Division", "Year": 2020, "Lat": 12.80196, "Long": 77.70926, "Count_Killed": 1, "Count_NonFatal": 0, "Total Victims": 1, "Victim Vehicle": "Pedestrian", "Victim Age": "65", "Victim Gender": "Female", "Victim02 Age": "-", "Victim02 Gender": "-", "Victim03 Age": "-", "Victim03 Gender": "-", "Accused Vehicle": "Lorry", "Accused Age": "Unknown", "Accused Gender": "Male", "Accused Vehicle 02": "-", "Accused Age 02": "-", "Accused Gender 02": "-", "Day": "Sunday", "Time Stamp": "14:15:00", "Full Address": "Bangalore Hosur Nh7 Road, Near Chandapura Railway Bridge,Bengaluru Dist , Karnataka", "Road Name": "Hosur-Bangalore Main Road", "NH": "NH 44", "FIR Contents": "Date : 20/12/2020 at 3-00 PM Complainant Mr. Umashankar.K bin B. Kaddappa attended the police station, what is the summary of the complaint, I have been working as a patrol officer in BETPL company for about 10 years now. Date : 20/12/2020 I am assigned 2nd shift duty for patrolling, accordingly I am on date : 20/12/2020 along with our staff driver Shivanna.V and RPM Ramakrishna.D in company vehicle KA-51A. .Patrolling in Vehicle EP-8975, Bangalore - Hosur NH-7 Main Road, from Electronic City. While going towards Attibele, a lorry was going in front of our vehicle, on Date : 20/12/2020 around 2-15 PM on Bangalore - Hosur NH-7 Main Road, Chandapur village near railway bridge, a lady was crossing the road, from Bangalore side towards Hosur. The driver of the passing lorry drove his lorry too fast and recklessly and hit the person who was crossing the road. As a result of hitting the woman, the woman fell on the road, the wheel of the lorry ran over the woman. Immediately I stopped our vehicle on the side of the road, went to the spot and found that the woman who was lying on the road had severe injuries on her head, legs and feet and died on the spot due to profuse bleeding. Even after inquiring all around about the dead woman, it is not known who she is. This unidentified lady is around 65 to 70 years old. The deceased lady is wearing orange boo green and gold border color saree, blue jacket, red skirt. The woman's facial features are chubby, normal build, oil red in color, height about 5' feet. The head has black and white mixed hair about 1' feet long. The number of the lorry at the spot was seen to be TN-59 AQ-4777. So they came to the spot and checked, got the complaint and registered a case and investigated the above lorry driver who caused the accident and caused the death of the above unknown woman. The original petition is attached herewith and submitted.", "Hit and Run": "Maybe", "Type of Collision": "Hit Pedestrian", "Cause of Collision": "Overspeeding", "Road": "Main Road", "Context": "No Service Road, After Merge Point at Railway Underpass", "Infrastructure No": "No Footpath, No Crossing, No Speed Calming Elements, No Signage, No Crash Barriers", "Infrastructure Yes": null, "Additional": "Nearest Intersection 460 m away. No COntinuous Footpath", "General Comment": null, "Blackspot_Name": null, "Added": null, "Type of Collision Cleaned": "Hit Pedestrian", "Context Mapping": "Access Point", "Combinations": "Hit Pedestrian,Access Point", "Time of Day": "Midday 1 (12-3)" }, "geometry": { "type": "Point", "coordinates": [ 77.70926, 12.80196 ] } },
{ "type": "Feature", "properties": { "fid": 129, "FIR_No": "0090/2021", "PolSt": "Attibele PS", "layer": "BR Pedestrian Fatality 2021", "ID": "0090/2021/Attibele PS", "Sub Division": "Anekal Sub Division", "Year": 2021, "Lat": 12.77864, "Long": 77.77084, "Count_Killed": 1, "Count_NonFatal": 0, "Total Victims": 1, "Victim Vehicle": "Pedestrian", "Victim Age": "30", "Victim Gender": "Male", "Victim02 Age": "-", "Victim02 Gender": "-", "Victim03 Age": "-", "Victim03 Gender": "-", "Accused Vehicle": "Unknown", "Accused Age": "Unknown", "Accused Gender": "Unknown", "Accused Vehicle 02": "-", "Accused Age 02": "-", "Accused Gender 02": "-", "Day": "Sunday", "Time Stamp": "00:00:00", "Full Address": "Nh 7 Hosur Bangalore Service Road, Near Attibele Circle, Attibele,Bengaluru Dist , Karnat", "Road Name": "Hosur-Bangalore Service Road", "NH": "NH 44", "FIR Contents": "\nDate: On 08-03-2021 at around 10-30 am I and staff were patrolling in a toll patrol vehicle.\n\nAttibele toll road N towards Bangalore. H. 7 While going near Attibele circle on Hosur Bangalore service road, we saw a group of people gathered under the attibele circle py over, we stopped the vehicle next to it and saw that one person had died, people were looking at the dead person, the dead person was found bleeding in the mouth and a clot was found on the left cheek, on the beard. , there are incised wounds near the right wrist. There is a blood wound on the right leg, the deceased is an unknown person, age may be around 30-35 years, the deceased was killed yesterday date: 07-03-2021 sometime in the night some vehicle driver drove at high speed and recklessly and hit an unknown person near Atthibele circle and then injured the unknown person, Pryover. An unidentified man who lay down and escaped with his vehicle, was seriously injured and was found dead there. Demand that the driver of the vehicle who caused an accident to the dead unknown person and took his vehicle away and take legal action against him etc.", "Hit and Run": "Yes", "Type of Collision": "Hit Pedestrian", "Cause of Collision": "Overspeeding", "Road": "Service Road", "Context": "At the Attibele Intersection", "Infrastructure No": "No Crossing, No Signage, No Speed Calming, No footpath, No Signal", "Infrastructure Yes": "Crash Barriers", "Additional": null, "General Comment": "Crash Barriers installed in 2022", "Blackspot_Name": "Attibele Intersection", "Added": null, "Type of Collision Cleaned": "Hit Pedestrian", "Context Mapping": "Intersection", "Combinations": "Hit Pedestrian,Intersection", "Time of Day": "Mid Night(12-4)" }, "geometry": { "type": "Point", "coordinates": [ 77.77084, 12.77864 ] } },
{ "type": "Feature", "properties": { "fid": 130, "FIR_No": "0167/2021", "PolSt": "Attibele PS", "layer": "BR Pedestrian Fatality 2021", "ID": "0167/2021/Attibele PS", "Sub Division": "Anekal Sub Division", "Year": 2021, "Lat": 12.77794, "Long": 77.775, "Count_Killed": 1, "Count_NonFatal": 0, "Total Victims": 1, "Victim Vehicle": "Pedestrian", "Victim Age": "46", "Victim Gender": "Male", "Victim02 Age": "-", "Victim02 Gender": "-", "Victim03 Age": "-", "Victim03 Gender": "-", "Accused Vehicle": "LMV", "Accused Age": "Unknown", "Accused Gender": "Male", "Accused Vehicle 02": "-", "Accused Age 02": "-", "Accused Gender 02": "-", "Day": "Saturday", "Time Stamp": "21:30:00", "Full Address": "Nh7 Bangalore Hosur Road, Near Chikkanahalli Cross, Attibele Town, Anekal Taluk,Bengaluru Dist , Karnatak", "Road Name": "Hosur-Bangalore Main Road", "NH": "NH 44", "FIR Contents": "Dated: 23-05-2021 at 11-30 AM in the Complaint Station, the gist of the complaint is that Mohammad Chotu @ Mohammad Siraj, father of my wife Sahista Parveen, aged 46 years lives with us, Granite. The mason worked. His wife Rabiya Katun lives in own village, my father-in-law Mohammad Chotu @ Mohammad Siraj has 3 daughters and 2 sons. Date: 22-05-2021 at around 8-45 pm my father-in-law went from home to fetch milk and did not come back, at around 10-30 pm I called from Kaveri Hospital in Electronic City and Mohammad Siraj had an accident and was admitted to the hospital. He said that he did. I immediately went to the hospital and saw that my father-in-law Mohammad Chotu @ Mahamad Siraj was injured in an accident on his head, hands and legs. H. 7 The driver of Tata Indica Vista car TN 63-AE-2399 going towards Hosur from Bengaluru side was over speeding and driving recklessly while stopping to cross the road near Attibele Town, Chikkanahalli Cross on Bangalore Hosur Main Road. The locals treated my father-in-law who was seriously injured and he was admitted to Kaveri Hospital by the Highway Ambulance staff. Date: 23-05-2021 at 01-30 in the morning. I request that legal action be taken against the driver of Tata Indica TN63-AE-2399 who caused the accident and death of my father-in-law Mohammad Chotu @ Mohammad Siraj. Inform our relatives about the matter and now they have come late and filed a complaint etc. and a case has been registered.", "Hit and Run": "Maybe", "Type of Collision": "Hit Pedestrian", "Cause of Collision": "Overspeeding", "Road": "Main Road", "Context": "At merge point and break in median", "Infrastructure No": "No Crossing, No Signage, No Speed Calming, No footpath", "Infrastructure Yes": "Crash Barriers", "Additional": "Nearest Pedestrian Underpass 200 m away. No footpath/ Crossing to underpass", "General Comment": "Crash Barriers installed in 2022", "Blackspot_Name": "Attibele Toll", "Added": null, "Type of Collision Cleaned": "Hit Pedestrian", "Context Mapping": "Access Point", "Combinations": "Hit Pedestrian,Access Point", "Time of Day": "Late Night (9-12)" }, "geometry": { "type": "Point", "coordinates": [ 77.775, 12.77794 ] } },
{ "type": "Feature", "properties": { "fid": 131, "FIR_No": "0171/2021", "PolSt": "Attibele PS", "layer": "BR Pedestrian Fatality 2021", "ID": "0171/2021/Attibele PS", "Sub Division": "Anekal Sub Division", "Year": 2021, "Lat": 12.78821, "Long": 77.73672, "Count_Killed": 1, "Count_NonFatal": 0, "Total Victims": 1, "Victim Vehicle": "Pedestrian", "Victim Age": "24", "Victim Gender": "Female", "Victim02 Age": "30", "Victim02 Gender": "Male", "Victim03 Age": "-", "Victim03 Gender": "-", "Accused Vehicle": "Lorry", "Accused Age": "Unknown", "Accused Gender": "Unknown", "Accused Vehicle 02": "-", "Accused Age 02": "-", "Accused Gender 02": "Male", "Day": "Friday", "Time Stamp": "14:45:00", "Full Address": "Nh 7 Bangalore Hosur Main Road, Near Guest Line Circle, Opp \nShell Petrol Bunk,Bengaluru Dist , Karnataka,", "Road Name": "Hosur-Bangalore Main Road", "NH": "NH 44", "FIR Contents": "Date: 28-05-2021 at 06-30 PM in the evening, the complainant appeared in the police station and the summary of the complaint is that my home town is Patagunthakalu, Anantapur District, Andhra Pradesh. My wife Smt. Padmavati @ Chakali Padmavati, 24 years old is an ARC who has taken road maintenance kinning contract at Electronic City, BETPL. Working with a construction contractor, on this date: 28-05-2021 at around 03-30 PM, her sister-in-law Mrs. Sujata Kom Balachandra, who was working with my wife, called me N. H. 7 In front of the Shell petrol station near Guddahatti Gate on Bangalore Hosur main road, my wife Padmavathi and tractor driver Basappa Appanya, who were working on road cleaning on the main road, had an accident and they were taken to Sparsh Hospital. I immediately went to the hospital and found that it was true that my wife Padmavati had died, my wife had severe injuries on her head, face, hands and legs, and the tractor driver Basappa Appanya had injuries on his hands and legs. A tractor with registration number 03-CD-4537, AP-03-CD-4538 trolley by the roadside, When stopped, my wife Padmavati, Smt., Sujata and others were working to remove the soil from both sides of the road and put it on the tractor, at about 02-45 in the afternoon, the driver of container lorry AP-13-X-9145, which was going towards Hosur from Bengaluru, drove too fast and recklessly. My wife Padmavati, who was coming and picking up garbage, was on the back of the tractor trolley The tractor driver who was standing hit Basappa Appanya and then the tractor hit the back of the trolley, my wife Padmavathi and Basappa Appanya who were injured were brought to the hospital in the road maintenance K.Ning safety vehicle, and the doctor who examined her at around 03-15 in the afternoon said that my wife was dead. My wife Padmavati works in A.R.C. The contractor of the construction did not take any precautionary measures while on the spot, the driver of container AP-13-X-9145 which collided with this accident and my wife was working on the road was negligent by not taking any precautionary measures. The agency contractor is responsible, seeking legal action, seeking legal action, etc.", "Hit and Run": "Maybe", "Type of Collision": "Hit Pedestrian", "Cause of Collision": "Overspeeding", "Road": "Main Road", "Context": "Garbage Pick up and road cleaning trolley while labourers were working", "Infrastructure No": null, "Infrastructure Yes": null, "Additional": null, "General Comment": null, "Blackspot_Name": "Guddahatti Gate", "Added": null, "Type of Collision Cleaned": "Hit Pedestrian", "Context Mapping": "Along Main Road", "Combinations": "Hit Pedestrian,Along Main Road", "Time of Day": "Midday 1 (12-3)" }, "geometry": { "type": "Point", "coordinates": [ 77.73672, 12.78821 ] } },
{ "type": "Feature", "properties": { "fid": 132, "FIR_No": "0184/2021", "PolSt": "Attibele PS", "layer": "BR Pedestrian Fatality 2021", "ID": "0184/2021/Attibele PS", "Sub Division": "Anekal Sub Division", "Year": 2021, "Lat": 12.78362, "Long": 77.75698, "Count_Killed": 1, "Count_NonFatal": 0, "Total Victims": 1, "Victim Vehicle": "Pedestrian", "Victim Age": "38", "Victim Gender": "Male", "Victim02 Age": "-", "Victim02 Gender": "-", "Victim03 Age": "-", "Victim03 Gender": "-", "Accused Vehicle": "Unknown", "Accused Age": "Unknown", "Accused Gender": "Unknown", "Accused Vehicle 02": "-", "Accused Age 02": "-", "Accused Gender 02": "-", "Day": "Friday", "Time Stamp": "23:00:00", "Full Address": "Nh 7 Hosur Bangalore Main Road, Opp Law Classic \nHotel,Bengaluru Dist , Karnataka,", "Road Name": "Hosur-Bangalore Main Road", "NH": "NH 44", "FIR Contents": "Date: 12-06-2021 at 3-00 in the afternoon the complainant appeared in the police station and the gist of the complaint is that my husband Guddu Kumar Giri was working at Metal Karma Company in Attibele Industrial Area, yesterday Date: 11-06-2021 after finishing work at around 02 in the afternoon. - At 40 o'clock my husband came home drunk and was at home At around 6-00 in the evening my husband fell down in the toilet house, I and my relative Shanikumar Giri picked up my husband, my husband who was under the influence of alcohol was going out without being at home, at around 10-00 in the night my husband was seen bleeding in his ear, me and Shanikumar Giri. We took him to Oxford hospital in an ambulance, the ambulance left, he was drunk. I got tired of catching my husband, Shanikumar Giri who was with me told me that he would bring water, my husband who was there left me and walked away in the dark, I didn't know where he went, in a short time Shanikumar came with Giri water, we searched around the hospital for my husband, but could not find him. , this morning at about 11-00 o'clock our landlord came and N. directly at La Classic Hotel near Oxford Hospital. H. 7 On Bangalore Hosur Main Road Date: 12-06-2021 At around 3-00 AM, my husband was crossing the road when the driver of a vehicle going from Hosur towards Bengaluru drove at high speed and hit him and left, as a result of which my husband suffered a severe head injury and died on the spot. He died and the body of the police with the help of highway patrol personnel was taken to Oxford Hospital They said it was like being kept in a mortuary, when I went to the hospital and saw it was true. Demanding that the vehicle and driver responsible for the accident which caused the death of my husband Guddu Kumar Giri be traced and legal action taken etc.", "Hit and Run": "Yes", "Type of Collision": "Hit Pedestrian", "Cause of Collision": "Overspeeding", "Road": "Main Road", "Context": "At Merge Point", "Infrastructure No": "No Crossing, No Refuge", "Infrastructure Yes": "Crash Barriers", "Additional": "Undefined Merge Point", "General Comment": null, "Blackspot_Name": "Yadavanahalli", "Added": null, "Type of Collision Cleaned": "Hit Pedestrian", "Context Mapping": "Access Point", "Combinations": "Hit Pedestrian,Access Point", "Time of Day": "Late Night (9-12)" }, "geometry": { "type": "Point", "coordinates": [ 77.75698, 12.78362 ] } },
{ "type": "Feature", "properties": { "fid": 133, "FIR_No": "0227/2021", "PolSt": "Attibele PS", "layer": "BR Pedestrian Fatality 2021", "ID": "0227/2021/Attibele PS", "Sub Division": "Anekal Sub Division", "Year": 2021, "Lat": 12.78095, "Long": 77.76458, "Count_Killed": 1, "Count_NonFatal": 0, "Total Victims": 1, "Victim Vehicle": "Pedestrian", "Victim Age": "25", "Victim Gender": "Male", "Victim02 Age": "-", "Victim02 Gender": "-", "Victim03 Age": "-", "Victim03 Gender": "-", "Accused Vehicle": "Unknown", "Accused Age": "Unknown", "Accused Gender": "Unknown", "Accused Vehicle 02": "-", "Accused Age 02": "-", "Accused Gender 02": "-", "Day": "Saturday", "Time Stamp": "23:30:00", "Full Address": "Bangalore Hosur Nh7 Road, Attibele Checkpost, Infront Of \nNarmada Bar, Anekal Taluk,Bengaluru Dist , Karnataka,", "Road Name": "Hosur-Bangalore Main Road", "NH": "NH 44", "FIR Contents": "Date: 25-07-2021 at 9-30 a.m. Complainant attended the police station in summary of the complaint dated:\nOn 24-07-2021 on night shift duty I and staff member Ramakrishna, RPM in patrol vehicle from Electronic City towards Attibele toll N. H. 7 While patrolling in front of Narmada bar directly at Attibele Chuck Post on Bangalore Hosur main road and coming from Electronic City towards Attibele toll at around 11-30 pm, I saw a person lying injured in an accident on the road. The age of the deceased is around 25-30 years, when the deceased Manish was crossing the road before 11-30 pm, the driver of a vehicle from Bengaluru towards Hosur drove at high speed and recklessly, hit the deceased and left without stopping the vehicle. With the help of the police, the deceased's body was taken to the mortuary of Oxford Hospital. kept Information about the deceased was collected and it was found that the name of the deceased was Manish and he was working as a route guide in lorries near Attibele Chuck Post. The address of the deceased is not known, the heirs are not known, it is too late to collect information about the deceased and file a complaint, the driver of the vehicle that has caused an accident to the deceased Manish should be found and legal action should be taken and a case has been registered.", "Hit and Run": "Yes", "Type of Collision": "Hit Pedestrian", "Cause of Collision": "Overspeeding", "Road": "Main Road", "Context": null, "Infrastructure No": "No Crossing, No Signage, No Speed Calming, No footpath", "Infrastructure Yes": "Crash Barriers", "Additional": "Nearest Intersection 700m away. - Attibele", "General Comment": "Crash Barriers installed in 2022", "Blackspot_Name": "Attibele Checkpost", "Added": null, "Type of Collision Cleaned": "Hit Pedestrian", "Context Mapping": "Along Main Road", "Combinations": "Hit Pedestrian,Along Main Road", "Time of Day": "Late Night (9-12)" }, "geometry": { "type": "Point", "coordinates": [ 77.76458, 12.78095 ] } },
{ "type": "Feature", "properties": { "fid": 134, "FIR_No": "0253/2021", "PolSt": "Attibele PS", "layer": "BR Pedestrian Fatality 2021", "ID": "0253/2021/Attibele PS", "Sub Division": "Anekal Sub Division", "Year": 2021, "Lat": 12.7797, "Long": 77.76773, "Count_Killed": 1, "Count_NonFatal": 0, "Total Victims": 1, "Victim Vehicle": "Pedestrian", "Victim Age": "35", "Victim Gender": "Male", "Victim02 Age": "-", "Victim02 Gender": "-", "Victim03 Age": "-", "Victim03 Gender": "-", "Accused Vehicle": "Unknown", "Accused Age": "Unknown", "Accused Gender": "Unknown", "Accused Vehicle 02": "-", "Accused Age 02": "-", "Accused Gender 02": "-", "Day": "Saturday", "Time Stamp": "01:45:00", "Full Address": "Nh7 Bangalore Hosur Road, Near Bharath Benz Show, Room, Attibele, Anekal Taluk,Bengaluru Dist , Kar", "Road Name": "Hosur-Bangalore Main Road", "NH": "NH 44", "FIR Contents": "On 13-08-2021 on night shift duty, I and staff members Manjunath, Prajwal in a patrol vehicle from Electronic City towards Attibele toll N. H. 7 BANGALORE HOSUR MAIN ROAD ON BHARAT BENZ SHOWROOM NEAR ATTIBELE ON PATROL DIRECTLY FROM ELECTRONIC CITY TOWARDS ATTIBELE TOLL DATE: 14-08-2021 AM ON 14-08-2021 AT 1-45 A.M. WHEN COMING THROUGH AN ACCIDENT ON THE ROAD I GOT A PERSON LOCATED IN AN ACCIDENT. He was severely injured in his hands and legs and died. The age of the deceased is about 35 years old, when the deceased was crossing the road before 1-45 pm, the driver of a vehicle going towards Hosur from Bangalore drove at high speed and recklessly, hit the deceased and left the vehicle without stopping. I do not know the address of the deceased, the heirs, I have tried to collect information about the deceased, but I have not received any information about the deceased, so I have come and filed a complaint. A case has been registered after receiving a complaint to find the driver of the vehicle that had caused an accident to the deceased unknown person and take legal action.", "Hit and Run": "Yes", "Type of Collision": "Hit Pedestrian", "Cause of Collision": "Overspeeding", "Road": "Main Road", "Context": null, "Infrastructure No": "No Crossing, No Signage, No Speed Calming, No footpath", "Infrastructure Yes": "Crash Barriers", "Additional": "Nearest Intersection 300m away. - Attibele", "General Comment": "Crash Barriers installed in 2022", "Blackspot_Name": "Attibele Intersection", "Added": null, "Type of Collision Cleaned": "Hit Pedestrian", "Context Mapping": "Along Main Road", "Combinations": "Hit Pedestrian,Along Main Road", "Time of Day": "Mid Night(12-4)" }, "geometry": { "type": "Point", "coordinates": [ 77.76773, 12.7797 ] } },
{ "type": "Feature", "properties": { "fid": 135, "FIR_No": "0286/2021", "PolSt": "Attibele PS", "layer": "BR Pedestrian Fatality 2021", "ID": "0286/2021/Attibele PS", "Sub Division": "Anekal Sub Division", "Year": 2021, "Lat": 12.77756, "Long": 77.7697, "Count_Killed": 1, "Count_NonFatal": 0, "Total Victims": 1, "Victim Vehicle": "Pedestrian", "Victim Age": "75", "Victim Gender": "Male", "Victim02 Age": "-", "Victim02 Gender": "-", "Victim03 Age": "-", "Victim03 Gender": "-", "Accused Vehicle": "2W", "Accused Age": "Unknown", "Accused Gender": "Male", "Accused Vehicle 02": "-", "Accused Age 02": "-", "Accused Gender 02": "-", "Day": "Sunday", "Time Stamp": "08:20:00", "Full Address": "ATTIBELE ANEKAL ROAD, NEAR OLD BUS STAND CROSS, ATTIBELE,Bengaluru Dist , Karnataka, ", "Road Name": "Attiele Anekal Road", "NH": null, "FIR Contents": "Date: 12-09-2021 at about 7-45 AM at Anekal Road, in front of Canara Bank. Going to Sri Muneshwar temple and from there to Patalamma temple walking from home Went, around 8-30 in the morning my father came to know that there was an accident on Anekal road near the turn of the old bus stand road near the banana fruit mandi in front of the Muneshwar temple. When my father came to know about the accident, he was walking by the side of the road around 08-20 in the morning. KA-05-H.KU-8553 Honda two wheeler rider came from Anekal side in opposite direction on Anekal road and hit my father with loud recklessness, Honda two wheeler rider was there, I and the two wheeler rider joined my father for medical treatment. We took the oxford, the two wheeler rider left us at the hospital and left with the vehicle. Demanding that the accused KA-05-H.Ku-8553 Honda two wheeler driver who hit my father and took his vehicle away, be traced and take legal action etc.", "Hit and Run": "Yes", "Type of Collision": "Hit Pedestrian walking along the road", "Cause of Collision": "Rough Driving", "Road": "Main Road", "Context": null, "Infrastructure No": "No Footpath", "Infrastructure Yes": null, "Additional": null, "General Comment": null, "Blackspot_Name": "Attibele Intersection", "Added": "added", "Type of Collision Cleaned": "Hit Pedestrian", "Context Mapping": "Along Main Road", "Combinations": "Hit Pedestrian,Along Main Road", "Time of Day": "Morning Rush Hour (7-12)" }, "geometry": { "type": "Point", "coordinates": [ 77.7697, 12.77756 ] } },
{ "type": "Feature", "properties": { "fid": 136, "FIR_No": "0361/2021", "PolSt": "Attibele PS", "layer": "BR Pedestrian Fatality 2021", "ID": "0361/2021/Attibele PS", "Sub Division": "Anekal Sub Division", "Year": 2021, "Lat": 12.78078, "Long": 77.7713, "Count_Killed": 1, "Count_NonFatal": 0, "Total Victims": 1, "Victim Vehicle": "Pedestrian", "Victim Age": "33", "Victim Gender": "Male", "Victim02 Age": "-", "Victim02 Gender": "-", "Victim03 Age": "-", "Victim03 Gender": "-", "Accused Vehicle": "Unknown", "Accused Age": "Unknown", "Accused Gender": "Unknown", "Accused Vehicle 02": "-", "Accused Age 02": "-", "Accused Gender 02": "-", "Day": "Tuesday", "Time Stamp": "22:00:00", "Full Address": "ATTIBELE SARJAPURA ROAD, OPP, KEB OFFICE, ATTIBELE,Bengaluru Dist , Karnataka,", "Road Name": "Attibele Sarjapaura Road", "NH": null, "FIR Contents": "Date: 17-11-2021 at 05-00 PM The gist of the complaint lodged by the complainant in the police station is that my brother Sendil used to work in Gujari shops in Hosur, Attibele and surrounding areas. He used to come and go to the town often, a week ago my brother-in-law Sendil came to the town and stayed for two days and came back. This day date:\n\nOn 17-11-2021 at 12-45 PM someone called me from my mobile number and informed that my friend had died in a road accident in Atthibele Sendil, the dead body was kept in Oxford hospital mortuary near Atthibele, I and my mother some others came from town and went to Oxford hospital. I went to the mortuary and saw that it was true, my own sendil It is dead, the back is completely shaved, and the flesh is exposed near the anus. I learned about the accident to my own sendil yesterday date:\n\nOn 16-11-2021 sometime in the night K. at my own Sendil Attibele Town, Attibele Sarjapura Road. E. B. While walking beside the road in front of the office, the driver of a vehicle coming from Sarjapur drove at high speed and recklessly, hit my Tama and left without stopping. I learned that my Tama Sendil was seriously injured and died on the spot. Find the driver and the vehicle that caused an accident to my Tama Sendil and left without stopping. Demand legal action", "Hit and Run": "Yes", "Type of Collision": "Hit Pedestrian walking along the road", "Cause of Collision": "Overspeeding", "Road": "Main Road", "Context": null, "Infrastructure No": "No Footpath, No Speed Calming Elements, No Signages", "Infrastructure Yes": "Streetlights (2022)", "Additional": null, "General Comment": null, "Blackspot_Name": "Attibele Intersection", "Added": "added", "Type of Collision Cleaned": "Hit Pedestrian", "Context Mapping": "Along Main Road", "Combinations": "Hit Pedestrian,Along Main Road", "Time of Day": "Late Night (9-12)" }, "geometry": { "type": "Point", "coordinates": [ 77.7713, 12.78078 ] } },
{ "type": "Feature", "properties": { "fid": 137, "FIR_No": "0046/2021", "PolSt": "Bannerghatta PS", "layer": "BR Pedestrian Fatality 2021", "ID": "0046/2021/Bannerghatta PS", "Sub Division": "Anekal Sub Division", "Year": 2021, "Lat": 12.8061, "Long": 77.69918, "Count_Killed": 1, "Count_NonFatal": 0, "Total Victims": 1, "Victim Vehicle": "Pedestrian", "Victim Age": "45", "Victim Gender": "Male", "Victim02 Age": "-", "Victim02 Gender": "-", "Victim03 Age": "-", "Victim03 Gender": "-", "Accused Vehicle": "2W", "Accused Age": "Unknown", "Accused Gender": "Male", "Accused Vehicle 02": "-", "Accused Age 02": "-", "Accused Gender 02": "-", "Day": "Thursday", "Time Stamp": "22:00:00", "Full Address": "Hosur-Bang Nh 7 Road, Near Hennagara Gate, Anekal Taluk,Bengaluru Dist , Karnataka", "Road Name": "Hosur-Bangalore Main Road", "NH": "NH 44", "FIR Contents": "On 05-02-2021 at 8-30 am in the morning, the accused Ramesh appeared in the police station and the summary of the complaint is that Gurubasappa, son of our grand father Lt. Sangappa, has come to Bangalore since 2 years ago and is living in Krishnappa Building in Krishnappa Lay Out, Bommasandra on rent with his wife and children in Bommasandra Industrial Area. Stump spike Worked in the company. In this case, yesterday on 04-02-2021 at around 10-30 pm, when I was at home, Gurubasappa's son Shiva came running in panic and told our father Gurubasappa to go to Sparsha Hospital as if there was an accident at Hennnagar gate. Me and Shiva both went to Sparsha Hospital and Gurubasappa was seen with severe bleeding injuries on his head and hands and feet and was not in a condition to speak. On being asked about the accident, Gurubasappa stopped to cross the road near Hennagar Gate on the Hosur-Bangalore NH 7 road at around 10-00 pm when the rider of a Pulsar motorcycle bearing KA51 J 9036 came from the Hosur side driving at high speed and recklessly. Gurubasappa's head and other parts were injured due to the collision He said that he was taken to Sparsha Hospital from where he was admitted for treatment due to blood injury. Gurubasappa, who was admitted in the hospital, died on 05-02-2021 at 2-35 am on 05-02-2021 without treatment. Therefore I request legal action to be taken against the Pulsar motorcycle rider of KA51 J 9036 who caused this accident etc.", "Hit and Run": "Maybe", "Type of Collision": "Hit Pedestrian", "Cause of Collision": "Overspeeding", "Road": "Main Road", "Context": "At Local Road  T Intersection and Merge Point", "Infrastructure No": "No Crossing, No Signage, No Speed Calming, No footpath", "Infrastructure Yes": "Crash Barriers", "Additional": "Undefined T Intersection", "General Comment": "Crash Barriers installed in 2022", "Blackspot_Name": "Kithiganahalli Bus Stop", "Added": null, "Type of Collision Cleaned": "Hit Pedestrian", "Context Mapping": "T Junction", "Combinations": "Hit Pedestrian,T Junction", "Time of Day": "Late Night (9-12)" }, "geometry": { "type": "Point", "coordinates": [ 77.69918, 12.8061 ] } },
{ "type": "Feature", "properties": { "fid": 138, "FIR_No": "0051/2021", "PolSt": "Hebbagodi PS", "layer": "BR Pedestrian Fatality 2021", "ID": "0051/2021/Hebbagodi PS", "Sub Division": "Anekal Sub Division", "Year": 2021, "Lat": 12.8321, "Long": 77.68071, "Count_Killed": 1, "Count_NonFatal": 0, "Total Victims": 1, "Victim Vehicle": "Pedestrian", "Victim Age": "55", "Victim Gender": "Male", "Victim02 Age": "-", "Victim02 Gender": "-", "Victim03 Age": "-", "Victim03 Gender": "-", "Accused Vehicle": "Lorry", "Accused Age": "Unknown", "Accused Gender": "Male", "Accused Vehicle 02": "-", "Accused Age 02": "-", "Accused Gender 02": "-", "Day": "Sunday", "Time Stamp": "07:15:00", "Full Address": "Bang-Hosur Nh 7 Road, Near Sfs College, Hebbagodi, Atthibele Hobli,Anekal \nTq,Bengaluru Dist , Karnataka,", "Road Name": "Hosur-Bangalore Main Road", "NH": "NH 44", "FIR Contents": "The gist of the complaint filed by the accused Umashankar at 9-30 AM on 07-02-2021 is that on this day 07-02-2021 I and Ramakrishna were appointed as Route Patrolling Officers in the Route Patrolling Vehicle and accordingly we were traveling from Bangalore to Hosur NH. 7 We were patrolling the road. Around 7-15 in the morning while going straight to SFS College, at the same time our front GJ 07 YY 4003 Bharat Benz lorry was driven at high speed and carelessly and hit an unknown man about 55 years old who was crossing the road. On the other hand, the wheel of the lorry broke and he died on the spot. Regarding the name and address of the deceased person, nothing was found in his clothes, till now he told me the address and I was waiting for someone to come looking for him, but since no one came, I came late and lodged a complaint. Therefore I request legal action against the above mentioned GJ 07 YY 4003 Bharat Benz lorry driver who caused this accident etc.", "Hit and Run": "Maybe", "Type of Collision": "Hit Pedestrian", "Cause of Collision": "Overspeeding", "Road": "Main Road", "Context": null, "Infrastructure No": "No Crossing, No Signage, No Speed Calming, No footpath", "Infrastructure Yes": null, "Additional": "FOB 100m away. No wheelchair access or lift", "General Comment": "Crash Barriers installed in 2022", "Blackspot_Name": "Hebbagodi Metro Station", "Added": null, "Type of Collision Cleaned": "Hit Pedestrian", "Context Mapping": "Along Main Road", "Combinations": "Hit Pedestrian,Along Main Road", "Time of Day": "Morning Rush Hour (7-12)" }, "geometry": { "type": "Point", "coordinates": [ 77.68071, 12.8321 ] } },
{ "type": "Feature", "properties": { "fid": 139, "FIR_No": "0116/2021", "PolSt": "Hebbagodi PS", "layer": "BR Pedestrian Fatality 2021", "ID": "0116/2021/Hebbagodi PS", "Sub Division": "Anekal Sub Division", "Year": 2021, "Lat": 12.82711, "Long": 77.68239, "Count_Killed": 1, "Count_NonFatal": 0, "Total Victims": 1, "Victim Vehicle": "Pedestrian", "Victim Age": "33", "Victim Gender": "Male", "Victim02 Age": "-", "Victim02 Gender": "-", "Victim03 Age": "-", "Victim03 Gender": "-", "Accused Vehicle": "LMV", "Accused Age": "Unknown", "Accused Gender": "Male", "Accused Vehicle 02": "-", "Accused Age 02": "-", "Accused Gender 02": "-", "Day": "Monday", "Time Stamp": "16:15:00", "Full Address": "Bengaluru - Hosuru Nh-44 Road, Near Hebbagod Bus Stop. Hebbagodi.,Bengaluru Dist , Karna", "Road Name": "Hosur-Bangalore Main Road", "NH": "NH 44", "FIR Contents": "the date; On 22-03-2021 at about 04.15 PM when the complainant Shri Kumar Rao along with his co-worker Manjunath Rao was walking on the side of the road to cross the road near Hebbagodi Bus Stand, the driver of a Tata ACE vehicle bearing registration number KA-05 AH-0869 coming from Bangalore side over speeded and over speeded the vehicle. Manjunath was driving recklessly and was walking on the side of the road The impact of the collision. Manjunath's head, chest, stomach, leg and other parts were severely bleeding, and the injured Manjunath was admitted to Sparsh Hospital for treatment. The driver of the KA-05 AH-0869 Tata ACE vehicle, which caused the accident, left without stopping the vehicle. Manjunath, who was being treated at Sparsh Hospital, did not recover from the treatment and died at around 07.05 in the evening, etc.", "Hit and Run": "Yes", "Type of Collision": "Hit Pedestrian", "Cause of Collision": "Overspeeding", "Road": "Main Road", "Context": "At Bus Stop (Gap in the median between service and main road) Sudden Bulge in Carriageway", "Infrastructure No": "No sufficient Pedestrian Refuge at bus stop (people waiting on the road), No lane marking", "Infrastructure Yes": "Crash Barriers", "Additional": "Hit when waiting at the bus stop to cross", "General Comment": "Crash Barriers installed in 2022", "Blackspot_Name": "Hebbagodi Metro Station", "Added": null, "Type of Collision Cleaned": "Hit Pedestrian", "Context Mapping": "Bus Stop", "Combinations": "Hit Pedestrian,Bus Stop", "Time of Day": "Midday 2 (3-6)" }, "geometry": { "type": "Point", "coordinates": [ 77.68239, 12.82711 ] } },
{ "type": "Feature", "properties": { "fid": 140, "FIR_No": "0271/2021", "PolSt": "Hebbagodi PS", "layer": "BR Pedestrian Fatality 2021", "ID": "0271/2021/Hebbagodi PS", "Sub Division": "Anekal Sub Division", "Year": 2021, "Lat": 12.80738, "Long": 77.69817, "Count_Killed": 1, "Count_NonFatal": 0, "Total Victims": 1, "Victim Vehicle": "Pedestrian", "Victim Age": "35", "Victim Gender": "Male", "Victim02 Age": "-", "Victim02 Gender": "-", "Victim03 Age": "-", "Victim03 Gender": "-", "Accused Vehicle": "2W", "Accused Age": "33", "Accused Gender": "Male", "Accused Vehicle 02": "-", "Accused Age 02": "-", "Accused Gender 02": "-", "Day": "Saturday", "Time Stamp": "10:30:00", "Full Address": "Bang- Hosur Nh-7 Road Near A 2 B Hotel Bommasandra, Attibele Hobli Anekal Tq,Bengaluru Dist", "Road Name": "Hosur-Bangalore Main Road", "NH": "NH 44", "FIR Contents": "On 14-08-2021 at 11-40 am HC 397 of injured Nagappa from Best Hospital.\n\nAfter obtaining the doctor's approval of the statement, I came to Vapasasu Station and got the complaint checked, I am ADP Systems.\n\nWorked as an Accountant in Kampana on this day: 14-08-2021 at 10-30 am.\n\nFasil Hussain, a technician working in our company to go to Krishnagiri from Bangalore for work.\n\nBengaluru-Hosur NH with Ravana on the back seat in Company Motorcycle No. KA01-HK-8202.\n\n7 Fasil Hussain, a motorcyclist who was with me, was riding a motorcycle in front of A2 Hotel, Bommasandra Road.\n\nA person crossing the road was hit by a person crossing the road due to speeding and careless driving.\n\nAnd we got bleeding injuries on our heads and hands and immediately those who were there called us in an ambulance to Chandapur Best Hospital for treatment.\n\nThey bought it and registered it. The name of the person who was crossing the road was known. He is working as a mechanic in Kammasandra\n\nI learned that Riaz. So KA01-HK-8202 motorcycle rider Faasil Hussain who caused this accident.\n\nThe summary of the complaint is the statement that he wants to take legal action against him.", "Hit and Run": "No", "Type of Collision": "Hit Pedestrian", "Cause of Collision": "Overspeeding", "Road": "Main Road", "Context": null, "Infrastructure No": "No Crossing, No Speed Calming Elements, No Signages", "Infrastructure Yes": "Crash Barriers", "Additional": "Nearest Pedestrian Subway 120m away. No Continuous Footpath to.", "General Comment": "Crash Barriers installed in 2022", "Blackspot_Name": "Kithiganahalli Bus Stop", "Added": null, "Type of Collision Cleaned": "Hit Pedestrian", "Context Mapping": "Along Main Road", "Combinations": "Hit Pedestrian,Along Main Road", "Time of Day": "Morning Rush Hour (7-12)" }, "geometry": { "type": "Point", "coordinates": [ 77.69817, 12.80738 ] } },
{ "type": "Feature", "properties": { "fid": 141, "FIR_No": "0015/2021", "PolSt": "Suryanagar PS", "layer": "BR Pedestrian Fatality 2021", "ID": "0015/2021/Suryanagar PS", "Sub Division": "Anekal Sub Division", "Year": 2021, "Lat": 12.80384, "Long": 77.70107, "Count_Killed": 1, "Count_NonFatal": 0, "Total Victims": 1, "Victim Vehicle": "Pedestrian", "Victim Age": "43", "Victim Gender": "Male", "Victim02 Age": "-", "Victim02 Gender": "-", "Victim03 Age": "-", "Victim03 Gender": "-", "Accused Vehicle": "Unknown", "Accused Age": "Unknown", "Accused Gender": "Male", "Accused Vehicle 02": "-", "Accused Age 02": "-", "Accused Gender 02": "-", "Day": "Wednesday", "Time Stamp": "22:45:00", "Full Address": "INFRONT OF SURYA COMPLEX HENNAGARA GATE CHANDAPURA, ATTIBLE HOBALI, ANEKAL TALUK,Bengaluru Dist , Karnataka, ", "Road Name": "Hosur-Bangalore Main Road", "NH": "NH 44", "FIR Contents": " Date: 20/01/2021 While I was working in our hotel as usual, around 10-30 pm Sanjeevan came to our hotel for dinner and asked for parota. When informed that there is no parota in our hotel, Sanjeevan went back. Then at around 10-45 pm someone came to our hotel and told your friend Sanjeevan that there has been an accident near Hennagara gate, Hosur-Bangalore NH-7 main road. Immediately I went to the spot and saw that Sanjeevan had fallen head to the west and legs to the east in the liquor of the road, he had cut his limbs, severe blow to his head, bleeding and died on the spot. After inquiry, it was learned that when Sanjeevan was crossing the Hosur-Bangalore NH-7 highway near Surya Complex near Hennagar Gate at around 10-45 pm, the driver of a vehicle going from Hosur towards Bangalore hit Sanjeevan and left without stopping the vehicle. As a result, Sanjeevan fell down on the road and Sanjeevan suffered severe head injuries. He died on the spot due to shock and bleeding. Inquiries were made about the vehicle involved in the accident, but no information was found. Therefore, the vehicle which caused this accident and left without stopping the vehicle and the driver were found and the complaint was filed against the driver of the vehicle to be prosecuted and a case was registered and investigated undertaken. The original petition is attached herewith and submitted.", "Hit and Run": "Yes", "Type of Collision": "Hit Pedestrian", "Cause of Collision": "Overspeeding", "Road": "Main Road", "Context": null, "Infrastructure No": "No Crossing, No Footpath, No Signages", "Infrastructure Yes": "Rumble Strips", "Additional": "Nearest Intersection 500m away - Chandapura.  Nearest FOB 1 km away (other direction) . No continuous Footpath.", "General Comment": "In 2021 there were no crash barriers. Now its not possible to cross", "Blackspot_Name": null, "Added": null, "Type of Collision Cleaned": "Hit Pedestrian", "Context Mapping": "Along Main Road", "Combinations": "Hit Pedestrian,Along Main Road", "Time of Day": "Late Night (9-12)" }, "geometry": { "type": "Point", "coordinates": [ 77.70107, 12.80384 ] } },
{ "type": "Feature", "properties": { "fid": 142, "FIR_No": "0058/2021", "PolSt": "Suryanagar PS", "layer": "BR Pedestrian Fatality 2021", "ID": "0058/2021/Suryanagar PS", "Sub Division": "Anekal Sub Division", "Year": 2021, "Lat": 12.80205, "Long": 77.70911, "Count_Killed": 1, "Count_NonFatal": 0, "Total Victims": 1, "Victim Vehicle": "Pedestrian", "Victim Age": "25", "Victim Gender": "Male", "Victim02 Age": "-", "Victim02 Gender": "-", "Victim03 Age": "-", "Victim03 Gender": "-", "Accused Vehicle": "Lorry", "Accused Age": "Unknown", "Accused Gender": "Male", "Accused Vehicle 02": "-", "Accused Age 02": "-", "Accused Gender 02": "-", "Day": "Friday", "Time Stamp": "15:30:00", "Full Address": "Near Railway Bridge, Bengalore - Hosuru Nh-7 Main, Road, Chandapura, Attibele (H), Ane", "Road Name": "Hosur-Bangalore Main Road", "NH": "NH 44", "FIR Contents": "Date : 26/02/2021 at 4-30 pm the summary of the complaint filed by the complainant Mr. Nagaraju.NR bin Ramappa at the police station is that I have been working as a patrol officer in BETPL company for about 11 years now. Date : 26/02/2021 I am assigned 2nd shift duty for patrolling, accordingly I am on Date : 26/02/2021 along with our staff driver Manjunath.R and RPM Thippeswamy in company vehicle KA-51 A.P. -Patrolling in vehicle 8975, Bangalore - Hosur NH-7 Main Road, from Electronic City While going towards Attibele, a lorry was going in front of our vehicle, on Date : 26/02/2021 around 3-30 PM Bangalore - Hosur NH-7 Main Road, Chandapur village near railway bridge, an unknown man was crossing the road, Hosur from Bengaluru side. The driver of the oncoming lorry drove his lorry too fast and recklessly and the stranger was crossing the road. As a result of hitting the man, the unknown man fell down on the road, immediately I stopped our vehicle on the side of the road, went to the spot and saw that the unknown man who was lying on the road was hit on the head and had a blood wound. Mikey is lying on his hands and feet, no matter who he is, no matter how much he inquires around about the unknown man. This unidentified man is around 25 to 30 years old. The unidentified man is wearing a red half-sleeved T-shirt and black pants. The facial features of the unidentified man are stocky face, normal build, olive complexion, height about 5.7' feet, black and white mixed hair about 1' feet long on head, bushy beard and moustache. The number of the lorry at the spot is TN-30 BC-8707. The injured unidentified man was taken to our highway ambulance and sent to Nimhans Hospital in Bangalore for treatment. Therefore, a complaint has been filed against the driver of the above lorry who caused this accident and a case has been registered and investigation has been carried out.", "Hit and Run": "Maybe", "Type of Collision": "Hit Pedestrian", "Cause of Collision": "Overspeeding", "Road": "Main Road", "Context": null, "Infrastructure No": "No Crossing, No Speed Calming Elements, No Signages, No Footpath", "Infrastructure Yes": "Crash Barriers", "Additional": "Nearest Intersection 500m away. - Chandapura", "General Comment": "Crash Barriers installed in 2022", "Blackspot_Name": null, "Added": null, "Type of Collision Cleaned": "Hit Pedestrian", "Context Mapping": "Along Main Road", "Combinations": "Hit Pedestrian,Along Main Road", "Time of Day": "Midday 2 (3-6)" }, "geometry": { "type": "Point", "coordinates": [ 77.70911, 12.80205 ] } },
{ "type": "Feature", "properties": { "fid": 143, "FIR_No": "0070/2021", "PolSt": "Suryanagar PS", "layer": "BR Pedestrian Fatality 2021", "ID": "0070/2021/Suryanagar PS", "Sub Division": "Anekal Sub Division", "Year": 2021, "Lat": 12.79321, "Long": 77.72464, "Count_Killed": 1, "Count_NonFatal": 0, "Total Victims": 1, "Victim Vehicle": "Pedestrian", "Victim Age": "42", "Victim Gender": "Male", "Victim02 Age": "-", "Victim02 Gender": "-", "Victim03 Age": "-", "Victim03 Gender": "-", "Accused Vehicle": "Lorry", "Accused Age": "Unknown", "Accused Gender": "Male", "Accused Vehicle 02": "-", "Accused Age 02": "-", "Accused Gender 02": "-", "Day": "Saturday", "Time Stamp": "18:50:00", "Full Address": "Near Skywalk, Hosuru -Bangalore Nh-7 Road, Thirumagondanahalli, Attibele Hobali Anekal Tq,Bengaluru Dist , Karnataka,", "Road Name": "Hosur-Bangalore Main Road", "NH": "NH 44", "FIR Contents": "Date: 06/03/2021 Hosur - Bangalore on 2021 around 6-50 PM NH-7 main road, near Saiwak of Tirumagondanahalli village while going towards Chandapur from Tirumagondanahalli side, a goods vehicle was going in front of us, the driver of the goods vehicle was driving his goods vehicle from Hosur side towards Bangalore at high speed and recklessly and hit a person crossing the road. The man fell on the road. Immediately I stopped my car on the side of the road, lifted up the person crossing the road and treated him. The person was hit on the head, left leg and had a bloody injury, right knee, right hand and hand were cut. The name and address of the person was found to be Ramesh Bin Sen Drayan, a resident of Tirupattur. Then the number of goods vehicle at the spot was seen and it was KA-07 5268. Then I and the driver of the goods vehicle together put me in my auto and took it to the best hospital in Chandapur for treatment and admitted it for treatment. Therefore, the driver of goods vehicle KA-07 5268, who caused this accident, has received a statement that legal action should be taken and a case has been registered and investigation has been carried out. The original petition is attached herewith and submitted.", "Hit and Run": "Maybe", "Type of Collision": "Hit Pedestrian", "Cause of Collision": "Overspeeding", "Road": "Main Road", "Context": null, "Infrastructure No": "No Crossing, No Footpath, No Signages, No Speed Calming", "Infrastructure Yes": null, "Additional": "Nearest FOB 200 m away. No Footpath to FOB", "General Comment": "In 2021 there were no crash barriers. Now its not possible to cross", "Blackspot_Name": null, "Added": null, "Type of Collision Cleaned": "Hit Pedestrian", "Context Mapping": "Along Main Road", "Combinations": "Hit Pedestrian,Along Main Road", "Time of Day": "Evening Rush Hour (6-9)" }, "geometry": { "type": "Point", "coordinates": [ 77.72464, 12.79321 ] } },
{ "type": "Feature", "properties": { "fid": 144, "FIR_No": "0084/2021", "PolSt": "Suryanagar PS", "layer": "BR Pedestrian Fatality 2021", "ID": "0084/2021/Suryanagar PS", "Sub Division": "Anekal Sub Division", "Year": 2021, "Lat": 12.79964, "Long": 77.71548, "Count_Killed": 1, "Count_NonFatal": 0, "Total Victims": 1, "Victim Vehicle": "Pedestrian", "Victim Age": "66", "Victim Gender": "Male", "Victim02 Age": "-", "Victim02 Gender": "-", "Victim03 Age": "-", "Victim03 Gender": "-", "Accused Vehicle": "Lorry", "Accused Age": "Unknown", "Accused Gender": "Male", "Accused Vehicle 02": "-", "Accused Age 02": "-", "Accused Gender 02": "-", "Day": "Monday", "Time Stamp": "15:30:00", "Full Address": "Infront Of Svr Traders, Hosuru Bangalore Nh-7 Road, Hale \nChandapura, Attibele (H), Anekal,Bengaluru Dist , Karnataka,", "Road Name": "Hosur-Bangalore Main Road", "NH": "NH 44", "FIR Contents": "Date: 22/03/2021 Me and my husband Lakshmana to go to our daughter's house at Halechandapur, walk to Halechandapur in the afternoon and cross the Hosur - Bangalore NH-7 main road directly at SVR Traders shop at Pillareddy's shop in Halechandapur. , of a container canter vehicle from Hosur towards Bangalore while standing by the roadside The driver, without giving any warning, drove his container canter vehicle in a high speed and reckless manner and hit my husband on Date: 22/03/2021 at around 3-30 pm, my husband fell down on the road, immediately I picked him up After being treated, my husband suffered head injuries and bruises on his arms and legs. It was a scratched wound. The number of the container canter vehicle at the spot is KA-51 AB-3240. Later, someone from the public at the place called an ambulance, and they took my husband to the best hospital for treatment and admitted him for treatment. A complaint has been filed against the driver of the container canter vehicle who caused this accident and a case has been registered and investigation has been started. The original petition is attached herewith and submitted.", "Hit and Run": "Yes", "Type of Collision": "Hit Pedestrian", "Cause of Collision": "Overspeeding", "Road": "Main Road", "Context": "At Merge Point", "Infrastructure No": "No Pedestrian Refuge, No Crossing, No Footpath, No Signages, No Speed Calming", "Infrastructure Yes": null, "Additional": "Nearest Intersection 700m away - Chandapura. No Crossings or Continuous Footpath to reach", "General Comment": null, "Blackspot_Name": "Chandapura Rail Bridge", "Added": null, "Type of Collision Cleaned": "Hit Pedestrian", "Context Mapping": "Access Point", "Combinations": "Hit Pedestrian,Access Point", "Time of Day": "Midday 2 (3-6)" }, "geometry": { "type": "Point", "coordinates": [ 77.71548, 12.79964 ] } },
{ "type": "Feature", "properties": { "fid": 145, "FIR_No": "0111/2021", "PolSt": "Suryanagar PS", "layer": "BR Pedestrian Fatality 2021", "ID": "0111/2021/Suryanagar PS", "Sub Division": "Anekal Sub Division", "Year": 2021, "Lat": 12.80332, "Long": 77.70199, "Count_Killed": 1, "Count_NonFatal": 0, "Total Victims": 1, "Victim Vehicle": "Pedestrian", "Victim Age": "55", "Victim Gender": "Male", "Victim02 Age": "-", "Victim02 Gender": "-", "Victim03 Age": "-", "Victim03 Gender": "-", "Accused Vehicle": "LMV", "Accused Age": "Unknown", "Accused Gender": "Male", "Accused Vehicle 02": "-", "Accused Age 02": "-", "Accused Gender 02": "-", "Day": "Sunday", "Time Stamp": "19:00:00", "Full Address": "Infront Of Yamaha Show Room, Hosuru - Bangalore, Nh-7 Main \nRoad, Chandapura, Attible Hobali, Anekal,Bengaluru Dist , Karnataka,", "Road Name": "Hosur-Bangalore Main Road", "NH": "NH 44", "FIR Contents": "Date : 12/04/2021 at 5-30 pm in the evening the gist of the complaint filed by the complainant Mr. Anand Bin Hanumanthappa who attended the police station is that I have been working as an auto driver for about 2 years now. As usual Date: 11/04/2021 while working auto driving in Chandapur village, in the evening got an auto rental going towards Hennnagar Gate, accordingly put the passengers in my auto and go to Hennnagar Gate, drop the passengers there, Hennagar Gate on Hosur - Bangalore NH-7 main road. While waiting for passengers near the bus stop, a man picked up a bag, from Chandapur village While crossing the Hosur-Bangalore NH-7 main road in front of Yamaha Motor Valla Showroom, the driver of a car coming from Hosur towards Bangalore drove his car recklessly and hit a person crossing the road. Then he fell on the road. Immediately I went to the spot and saw that the person had bruises on his left leg, head, stomach, and cuts on his limbs. The bagged rice that the person had brought was scattered all over the car and on the road. From the number plate of the car at the spot, it is KA-02 AE-6311. Then lifted the person up and treated him, immediately put him in my auto, took him to Prashar Hospital for treatment, admitted him for treatment, inquired about the name and address of the person, Muthu Bin Chinnappayan, garden work and residence in the farm of Matha in Chikkabelandur, native Tiruvannamalai. , known as the state of Tamil Nadu. While the injured Muthu was being treated at Prash Hospital, the treatment was ineffective and the doctor informed him that he was declared dead on 12/04/2021 around 4-15 pm. Therefore, I request that legal action be taken against the driver of the above car KA-02 AE-6311 who caused this accident and caused Muthu's death. As I had some urgent work, I came to the police station late today to file a complaint, registered a case and investigated. The original petition is attached herewith and submitted.", "Hit and Run": "Yes", "Type of Collision": "Hit Pedestrian", "Cause of Collision": "Overspeeding", "Road": "Main Road", "Context": null, "Infrastructure No": "No Crossing, No Footpath, No Signages, No Speed Calming", "Infrastructure Yes": "Crash Barriers", "Additional": "Nearest Intersection 500m away. - Chandapura. Nearest FOB 780m away", "General Comment": null, "Blackspot_Name": null, "Added": null, "Type of Collision Cleaned": "Hit Pedestrian", "Context Mapping": "Along Main Road", "Combinations": "Hit Pedestrian,Along Main Road", "Time of Day": "Evening Rush Hour (6-9)" }, "geometry": { "type": "Point", "coordinates": [ 77.70199, 12.80332 ] } },
{ "type": "Feature", "properties": { "fid": 146, "FIR_No": "0274/2021", "PolSt": "Suryanagar PS", "layer": "BR Pedestrian Fatality 2021", "ID": "0274/2021/Suryanagar PS", "Sub Division": "Anekal Sub Division", "Year": 2021, "Lat": 12.8008, "Long": 77.71315, "Count_Killed": 1, "Count_NonFatal": 0, "Total Victims": 1, "Victim Vehicle": "Pedestrian", "Victim Age": "30", "Victim Gender": "Male", "Victim02 Age": "-", "Victim02 Gender": "-", "Victim03 Age": "-", "Victim03 Gender": "-", "Accused Vehicle": "Unknown", "Accused Age": "Unknown", "Accused Gender": "Male", "Accused Vehicle 02": "-", "Accused Age 02": "-", "Accused Gender 02": "-", "Day": "Sunday", "Time Stamp": "20:30:00", "Full Address": "Infront Of De Sales Academe, Hosuru - Bengalore Nh, 7 Main \nRoad, Halechandapura Attibele (H) Anekal Tq,Bengaluru Dist , Karnataka,", "Road Name": "Hosur-Bangalore Main Road", "NH": "NH 44", "FIR Contents": "03/10/2021 at around 8-30 PM While the person was crossing, the driver of a vehicle going towards Bangalore from Hosur drove his vehicle in a high speed and reckless manner and hit the person crossing the road and left without stopping the vehicle. It was not possible to see which vehicle was hit. Immediately I went to the place and saw that the person who was crossing the road had a bruise on the head behind the left ear, the bottom of the left eye was bruised and blood was coming out of the nose and mouth. The man was unconscious. The person was checked and the said person was unknown, the name and address of the person and the resident was searched and searched, but no identity was found. The age of the unidentified person may be around 30 to 35 years, the unidentified person is wearing a blue yellow mixed full sleeved shirt, white color banyan, purple color pants, blue kacha, a red thread around the neck and a rudrakshi on the thread. The facial features of an unknown person are as follows. Kolumukha, oil-red in colour, of average build, with black hair about 2 inches long on head, thick black beard and moustache. A tattoo of MADHU is found on the underside of the right thumb and M on the right forearm. Immediately I called the best hospital, the injured person was put to bed in the ambulance that came to the spot and sent to the best hospital, the doctor who examined the injured person who was sent to the best hospital for treatment said that he was dead on the: 03/10/2021 night around 8-45 pm I came to know about the doctor. Therefore, I request that the name, address, blood relatives and heirs of the deceased unknown person, who caused this accident, who left without stopping the vehicle, locate the vehicle and the driver of the vehicle, and take legal action against the driver of the vehicle. As I have some urgent work, a case has been registered and investigation has been started based on the complaint that I came to the police station late today and filed a complaint. The original petition is attached herewith and submitted.", "Hit and Run": "Yes", "Type of Collision": "Hit Pedestrian", "Cause of Collision": "Overspeeding", "Road": "Main Road", "Context": "Near local road T intersection and merge Point", "Infrastructure No": "No Crossing, No Footpath, No Signages, No Median Crash Barriers", "Infrastructure Yes": "Rumble Strips", "Additional": "Nearest Intersection with Crossing (faded) 800 maway. No Signages or Speed Calming", "General Comment": null, "Blackspot_Name": "Chandapura Rail Bridge", "Added": null, "Type of Collision Cleaned": "Hit Pedestrian", "Context Mapping": "T Junction", "Combinations": "Hit Pedestrian,T Junction", "Time of Day": "Evening Rush Hour (6-9)" }, "geometry": { "type": "Point", "coordinates": [ 77.71315, 12.8008 ] } },
{ "type": "Feature", "properties": { "fid": 147, "FIR_No": "0330/2021", "PolSt": "Suryanagar PS", "layer": "BR Pedestrian Fatality 2021", "ID": "0330/2021/Suryanagar PS", "Sub Division": "Anekal Sub Division", "Year": 2021, "Lat": 12.8025, "Long": 77.70437, "Count_Killed": 1, "Count_NonFatal": 0, "Total Victims": 1, "Victim Vehicle": "Pedestrian", "Victim Age": "65", "Victim Gender": "Male", "Victim02 Age": "-", "Victim02 Gender": "-", "Victim03 Age": "-", "Victim03 Gender": "-", "Accused Vehicle": "Unknown", "Accused Age": "Unknown", "Accused Gender": "Male", "Accused Vehicle 02": "-", "Accused Age 02": "-", "Accused Gender 02": "-", "Day": "Saturday", "Time Stamp": "20:30:00", "Full Address": "Bus Stop, Chandapura Circle, Hosuru - Bengalore, Nh-7 Main \nRoad, Chandapura, Attible (H), Anekal Tq,Bengaluru Dist , Karnataka,", "Road Name": "Hosur-Bangalore Main Road", "NH": "NH 44", "FIR Contents": "e, on 11/12/2021 at around 8-30 pm at Chandpur Circle, Hosur - Bangalore N. While waiting for a bus at the bus stand on H-7 main road, a vehicle from Anekal towards Chandapur As a result of the driver driving his vehicle at a high speed and recklessly, he hit Chandrakant Roy, when Chandrakant Roy fell on the road, Chandrakant Roy was hit on the head, right leg and left hand and suffered bleeding injuries and cuts on his limbs.\n\nThe public made Chandrakant Roy sit in a vehicle, brought him to the Parsha Hospital for treatment and admitted him for treatment. Later, on the advice of doctors of Parsha Hospital, we took Chandrakant Roy to Nimans Hospital in Bangalore for further treatment and admitted him as an inpatient. While Chandrakant Roy was undergoing treatment at Nimans Hospital, the doctor informed that he was brought dead on: 12/12/2021 at around 12-10 noon. So cause this accident, place the vehicle. I request that the vehicle and the driver who left without stopping be traced and legal action be taken against the driver of the vehicle. Chandrakant Roy informed his company, relatives, friends, and his hometown about the death of Chandrakant Roy, and then got the computerized complaint that he had come to the police station late on this day and registered a case and conducted an investigation.", "Hit and Run": "Yes", "Type of Collision": "Hit Pedestrian", "Cause of Collision": "Overspeeding", "Road": "Main Road", "Context": "At Bus Stop (while waiting for the bus)", "Infrastructure No": "No Designated Bus stop, No Footpath, No Speed Calming Elements, No Signages", "Infrastructure Yes": null, "Additional": null, "General Comment": null, "Blackspot_Name": null, "Added": null, "Type of Collision Cleaned": "Hit Pedestrian", "Context Mapping": "Bus Stop", "Combinations": "Hit Pedestrian,Bus Stop", "Time of Day": "Evening Rush Hour (6-9)" }, "geometry": { "type": "Point", "coordinates": [ 77.70437, 12.8025 ] } },
{ "type": "Feature", "properties": { "fid": 148, "FIR_No": "0034/2022", "PolSt": "Attibele PS", "layer": "BR Pedestrian Fatality 2022", "ID": "0034/2022/Attibele PS", "Sub Division": "Anekal Sub Division", "Year": 2022, "Lat": 12.77797, "Long": 77.77484, "Count_Killed": 1, "Count_NonFatal": 0, "Total Victims": 1, "Victim Vehicle": "Pedestrian", "Victim Age": "30", "Victim Gender": "Male", "Victim02 Age": "-", "Victim02 Gender": "-", "Victim03 Age": "-", "Victim03 Gender": "-", "Accused Vehicle": "LMV", "Accused Age": "Unknown", "Accused Gender": "Unknown", "Accused Vehicle 02": "-", "Accused Age 02": "-", "Accused Gender 02": "-", "Day": "Saturday", "Time Stamp": "06:15:00", "Full Address": "chikkanahally road cross nh 7 bengaluru hosuru roa, anekal tq,Bengaluru Dist , Karnataka, 562107", "Road Name": "Hosur-Bangalore Main Road", "NH": "NH 44", "FIR Contents": "The gist of the complaint filed by the complainant at 9.00 am on:05/02/2022 is that on:05/02/2022 I and our staff Muniraju driver Srinivasalu were doing route patrolling on NH 7 road at around 6-15 am towards Hosur. While going, Hosur from Bangalore side\n\nA driver of a car was driving his vehicle in a rash and reckless manner and hit a person near Chikkanahalli turning when he was crossing the NH7 road. When we went and saw, the accident victim had died on the spot due to head and other bleeding injuries, his name and address were not known. The car number of the accident was KA-03-NK-6988. The deceased was taken to Oxford Hospital, aged around 30-35 years, wearing a yellow colored full sleeved shirt and jeans. According to the complaint, legal action should be taken against the driver of the car that caused the accident", "Hit and Run": "Maybe", "Type of Collision": "Hit Pedestrian", "Cause of Collision": "Overspeeding", "Road": "Main road", "Context": "At local road T Intersection, Near Toll, Merge point", "Infrastructure No": "No Crossing, No Footpath, No Crash Barriers, No Signages,No Speed Calming Elements", "Infrastructure Yes": null, "Additional": "Undefined merge point", "General Comment": "Crash barriers installed in 2023. But break in median present", "Blackspot_Name": "Attibele Toll", "Added": null, "Type of Collision Cleaned": "Hit Pedestrian", "Context Mapping": "T Junction", "Combinations": "Hit Pedestrian,T Junction", "Time of Day": "Early Morning (4-7)" }, "geometry": { "type": "Point", "coordinates": [ 77.77484, 12.77797 ] } },
{ "type": "Feature", "properties": { "fid": 149, "FIR_No": "0042/2022", "PolSt": "Attibele PS", "layer": "BR Pedestrian Fatality 2022", "ID": "0042/2022/Attibele PS", "Sub Division": "Anekal Sub Division", "Year": 2022, "Lat": 12.78366, "Long": 77.75741, "Count_Killed": 1, "Count_NonFatal": 0, "Total Victims": 1, "Victim Vehicle": "Pedestrian", "Victim Age": "24", "Victim Gender": "Male", "Victim02 Age": "-", "Victim02 Gender": "-", "Victim03 Age": "-", "Victim03 Gender": "-", "Accused Vehicle": "Lorry", "Accused Age": "Unknown", "Accused Gender": "Unknown", "Accused Vehicle 02": "-", "Accused Age 02": "-", "Accused Gender 02": "-", "Day": "Friday", "Time Stamp": "13:15:00", "Full Address": "NH 7, HOSUR BANGALORE MAIN ROAD, OPP LA CLASSIC HOTEL, YADAVANAHALLI,Bengaluru Dist , Karnataka, ", "Road Name": "Hosur-Bangalore Main Road", "NH": "NH 44", "FIR Contents": ": 11-02-2022 Surya came to Denkanikote along with his uncle Thennarasu in Tennarasu's KA-03-ML-1402 Scorpio car, after the marriage I, Surya, Thennarasu and Thennarasu's wife When Sasikala was going back to Bangalore by car, around 01-15 hours in the afternoon, N.H. 7 Surya who was driving the car stopped on the side of the road as the car broke down near Yadavanahalli Village La Classic Hotel in Hosur Bangalore main road, we all got down from the car and stood on the left side of the road, we called the mechanic and repaired the car, as the mechanic said, Surya stood on the road outside the driver's door to make the car smart. He had tried, at the same time he was on his way to Bangalore from Hosur The driver of KA-51-D-4155 tipper lorry drove at a high speed and came to overtake the vehicle in front from the left side and collided with the rear of our Scorpio car which was standing on the right side and collided with Surya who was standing near the driver's door. The wheel of the lorry broke off and we took the injured Surya to Sparsh Hospital in an ambulance We have taken it and registered it. Since I was in the hospital, I have now come and filed a complaint, demanding legal action against the driver of the tipper lorry KA-51-D-4155 who caused the accident, etc.", "Hit and Run": "Maybe", "Type of Collision": "Hit Pedestrian", "Cause of Collision": "Overspeeding", "Road": "Main Road", "Context": "Vehicle broke down so Parked on Road. Hit from side", "Infrastructure No": null, "Infrastructure Yes": "Rumble Strips", "Additional": null, "General Comment": null, "Blackspot_Name": "Yadavanahalli", "Added": null, "Type of Collision Cleaned": "Hit Pedestrian", "Context Mapping": "Along Main Road", "Combinations": "Hit Pedestrian,Along Main Road", "Time of Day": "Midday 1 (12-3)" }, "geometry": { "type": "Point", "coordinates": [ 77.75741, 12.78366 ] } },
{ "type": "Feature", "properties": { "fid": 150, "FIR_No": "0065/2022", "PolSt": "Attibele PS", "layer": "BR Pedestrian Fatality 2022", "ID": "0065/2022/Attibele PS", "Sub Division": "Anekal Sub Division", "Year": 2022, "Lat": 12.78317, "Long": 77.75829, "Count_Killed": 1, "Count_NonFatal": 0, "Total Victims": 1, "Victim Vehicle": "Pedestrian", "Victim Age": "40", "Victim Gender": "Male", "Victim02 Age": "-", "Victim02 Gender": "-", "Victim03 Age": "-", "Victim03 Gender": "-", "Accused Vehicle": "Bus", "Accused Age": "Unknown", "Accused Gender": "Unknown", "Accused Vehicle 02": "-", "Accused Age 02": "-", "Accused Gender 02": "-", "Day": "Sunday", "Time Stamp": "06:00:00", "Full Address": "NEAR GANESH TEMPLE ,SVT SCHOOL OPP, NH-7 HOSUR BENGALORE\nROAD, ATTIBELE,Bengaluru Dist , Karnataka, ", "Road Name": "Hosur-Bangalore Main Road", "NH": "NH 44", "FIR Contents": "\nI am a B.E.T.P.L. On this day date: 06-03-2022 at around 06-35 in the morning I and the staff in a patrol vehicle went to SVT in front of Yadavanahalli Law Classic on NH7, Hosur-Bangalore main road. Near the Ganesha temple in front of the school, while patrolling from Hosur side towards Bangalore, a man fell injured on the road, it was seen that he was unconscious with injuries on his head, face and hand, an unknown person aged around 40-45 years, at the place, B.M.T.C. There was a green paint board hit by the bus and an unknown person was walking on the side of the road at some point when a BMTC which was going towards Bangalore from Atthibele direction. The driver of the bus may have driven too fast and recklessly and hit the road and left. We took the injured person to Oxford Hospital and admitted him. He died on the same day at 10-45 AM. The vehicle responsible for the death should be found and legal action should be taken against the driver Cory etc.", "Hit and Run": "Yes", "Type of Collision": "Hit Pedestrian walking along the road", "Cause of Collision": "Overspeeding", "Road": "Service Road", "Context": "Lots of BMTC buses halted on the side of the service road", "Infrastructure No": "No Footpath", "Infrastructure Yes": null, "Additional": "400m away from truck and bus parking spot by fuel station.", "General Comment": null, "Blackspot_Name": "Yadavanahalli", "Added": null, "Type of Collision Cleaned": "Hit Pedestrian", "Context Mapping": "Bus Stop", "Combinations": "Hit Pedestrian,Bus Stop", "Time of Day": "Early Morning (4-7)" }, "geometry": { "type": "Point", "coordinates": [ 77.75829, 12.78317 ] } },
{ "type": "Feature", "properties": { "fid": 151, "FIR_No": "0103/2022", "PolSt": "Attibele PS", "layer": "BR Pedestrian Fatality 2022", "ID": "0103/2022/Attibele PS", "Sub Division": "Anekal Sub Division", "Year": 2022, "Lat": 12.7768, "Long": 77.76949, "Count_Killed": 1, "Count_NonFatal": 0, "Total Victims": 1, "Victim Vehicle": "Pedestrian", "Victim Age": "34", "Victim Gender": "Male", "Victim02 Age": "-", "Victim02 Gender": "-", "Victim03 Age": "-", "Victim03 Gender": "-", "Accused Vehicle": "Bus", "Accused Age": "Unknown", "Accused Gender": "Unknown", "Accused Vehicle 02": "-", "Accused Age 02": "-", "Accused Gender 02": "-", "Day": "Wednesday", "Time Stamp": "15:45:00", "Full Address": "NH 7, HOSUR BANGALORE MAIN ROAD, NEAR ATTIBELE, BORDER, OPP MCC BAR AND RESTAURENT, ATTIBELE,Bengaluru Dist , Karnataka,", "Road Name": "Hosur-Bangalore Main Road", "NH": "NH 44", "FIR Contents": "Date: 06-04-2022 at 05-15 PM in the evening, the complainant appeared in the police station, the summary of the complaint is that Muniraju, aged 34 years is my elder brother, residing at Gopi Garden, Sunnam GB, Hosur Town, working as a plasterer. On this date: 06-04-2022 at around 4-30 pm when I was at home, I came to know that Muniraju had died on the spot in a Tamilnadu government bus accident near Attibele border. It was true, he had died of a severe blow to the head and bleeding from his nose and mouth. When inquired about the accident on this day date: 06-04-2022 at about 03-45 hrs in the afternoon near Attibele border N. H. 7 Hosur Bangalore Main Road M.C.C. When my brother Muniraju was standing on the side of the road to cross the main road in the direction of the bar and restaurant, the driver of Tamil Nadu government bus TN 29-N-2710, which was going from Hosur towards Bengaluru, drove at high speed and recklessly and hit my brother Muniraju, resulting in severe head injuries. It came to know that Muniraju died on the spot, my elder brother met with an accident TN 29-N-2710 Tamil Nadu Government bus driver responsible for Muniraju's death, seeking legal action etc.", "Hit and Run": "Yes", "Type of Collision": "Hit Pedestrian", "Cause of Collision": "Overspeeding", "Road": "Main Road", "Context": "At U turn", "Infrastructure No": "No Footpath, No Bus Lane,  No Bus Stop, No Crossing", "Infrastructure Yes": null, "Additional": null, "General Comment": "waiting on side of road  to cross to bar and restaurant , ", "Blackspot_Name": "Attibele Intersection", "Added": "added", "Type of Collision Cleaned": "Hit Pedestrian", "Context Mapping": "U Turn", "Combinations": "Hit Pedestrian,U Turn", "Time of Day": "Midday 2 (3-6)" }, "geometry": { "type": "Point", "coordinates": [ 77.76949, 12.7768 ] } },
{ "type": "Feature", "properties": { "fid": 152, "FIR_No": "0105/2022", "PolSt": "Attibele PS", "layer": "BR Pedestrian Fatality 2022", "ID": "0105/2022/Attibele PS", "Sub Division": "Anekal Sub Division", "Year": 2022, "Lat": 12.7768, "Long": 77.76949, "Count_Killed": 1, "Count_NonFatal": 0, "Total Victims": 1, "Victim Vehicle": "Pedestrian", "Victim Age": "45", "Victim Gender": "Male", "Victim02 Age": "-", "Victim02 Gender": "-", "Victim03 Age": "-", "Victim03 Gender": "-", "Accused Vehicle": "Unknown", "Accused Age": "Unknown", "Accused Gender": "Unknown", "Accused Vehicle 02": "-", "Accused Age 02": "-", "Accused Gender 02": "-", "Day": "Wednesday", "Time Stamp": "08:30:00", "Full Address": "HOSURU BENGALURU NH 7, NEAR TOLL MCC BAR FRONT,Bengaluru Dist , Karnataka, 562107", "Road Name": "Attiele Anekal Road", "NH": "NH 44", "FIR Contents": "Date: 07/04/2022 at 10.30 a.m. in the morning at the complainant's police station, the gist of the complaint is that I am on duty in charge of National Highway Route Patrolling. Toll in front of MC Bar during the hour An unknown person was seen to have fallen into an accident nearby. An unknown person, aged around 45 years, was the driver of a vehicle coming from Bengaluru, who was speeding and \n\nAs a result of careless driving and hitting a person who was crossing the road, the person fell down and was bleeding on the head. According to the complaint filed to take legal action against the driver of the vehicle who caused the accident and left without stopping the vehicle after taking the injured to the hospital and reporting to them for further action.", "Hit and Run": "Yes", "Type of Collision": "Hit Pedestrian", "Cause of Collision": "Overspeeding", "Road": "Main Road", "Context": "At U turn", "Infrastructure No": "No Crossing, No Footpath, No Speed Calming Elements, No Signage", "Infrastructure Yes": "Streetlights (2022)", "Additional": null, "General Comment": null, "Blackspot_Name": "Attibele Intersection", "Added": "added", "Type of Collision Cleaned": "Hit Pedestrian", "Context Mapping": "U Turn", "Combinations": "Hit Pedestrian,U Turn", "Time of Day": "Morning Rush Hour (7-12)" }, "geometry": { "type": "Point", "coordinates": [ 77.76949, 12.7768 ] } },
{ "type": "Feature", "properties": { "fid": 153, "FIR_No": "0147/2022", "PolSt": "Attibele PS", "layer": "BR Pedestrian Fatality 2022", "ID": "0147/2022/Attibele PS", "Sub Division": "Anekal Sub Division", "Year": 2022, "Lat": 12.78821, "Long": 77.737, "Count_Killed": 1, "Count_NonFatal": 0, "Total Victims": 1, "Victim Vehicle": "Pedestrian", "Victim Age": "18", "Victim Gender": "Female", "Victim02 Age": "18", "Victim02 Gender": "Female", "Victim03 Age": "-", "Victim03 Gender": "-", "Accused Vehicle": "LMV", "Accused Age": "Unknown", "Accused Gender": "Unknown", "Accused Vehicle 02": "-", "Accused Age 02": "-", "Accused Gender 02": "-", "Day": "Monday", "Time Stamp": "16:40:00", "Full Address": "NH 7, HOSUR BANGALORE MAIN ROAD, NEAR GUDDAHATTI GATE, ATTIBELE HOBLI,Bengaluru Dist , Karnataka,", "Road Name": "Hosur-Bangalore Main Road", "NH": "NH 44", "FIR Contents": "Date: 02-05-2022 at 06-30 PM in the evening the complainant appeared in the police station and the gist of the complaint is that I have one son and one daughter Omkareshwar and Jnanashree, on this date: 02-05-2022 in the morning my daughter Jnanashree, aged 18 years. She had gone with her friend Varshini to Guddahatti saying that she would take care of her friend. Around 05-15 in the afternoon, Shri Sai called from the hospital and informed that my daughter Gnanshree and her friend Varshini had been hit by a car near Gudda Hatti and both of them were admitted to the hospital. Varshini got hit on her head and other parts, when I asked Gnanashree about the accident, my daughter and When Varshini two were returning from their friend's house in Guddahatti at around 04-40 in the evening, the driver of Tata Nexa car KA-03-NL-8672, which was going from Hosur towards Bengaluru, drove at high speed and recklessly when they stopped to cross the NH7 Hosur Bangalore main road. Varshini and my daughter Gnanashree collided with each other and both of them suffered the consequences It was learned that Mr. Sai was admitted to the hospital in an ambulance after being treated by the locals. KA-03-NL-8672 seeking legal action against the driver of the above car who caused an accident to my daughter Gnanashree and her friend Varshni etc.", "Hit and Run": "Maybe", "Type of Collision": "Hit Pedestrian", "Cause of Collision": "Overspeeding", "Road": "Service Road", "Context": "At Local Road T intersection. In 2022, there was a bus stop on the main road (no bay, just a signage) and people were crossing from there to the other side of the service road. Bus stop closed in 2023", "Infrastructure No": "No Footpath, No Crossing, No Signages, No Speed calming", "Infrastructure Yes": "Median Crash Barriers, Service Road Barriers", "Additional": null, "General Comment": null, "Blackspot_Name": "Guddahatti Gate", "Added": null, "Type of Collision Cleaned": "Hit Pedestrian", "Context Mapping": "Bus Stop", "Combinations": "Hit Pedestrian,Bus Stop", "Time of Day": "Midday 2 (3-6)" }, "geometry": { "type": "Point", "coordinates": [ 77.737, 12.78821 ] } },
{ "type": "Feature", "properties": { "fid": 154, "FIR_No": "0186/2022", "PolSt": "Attibele PS", "layer": "BR Pedestrian Fatality 2022", "ID": "0186/2022/Attibele PS", "Sub Division": "Anekal Sub Division", "Year": 2022, "Lat": 12.79137, "Long": 77.73123, "Count_Killed": 1, "Count_NonFatal": 0, "Total Victims": 1, "Victim Vehicle": "Pedestrian", "Victim Age": "45", "Victim Gender": "Male", "Victim02 Age": "-", "Victim02 Gender": "-", "Victim03 Age": "-", "Victim03 Gender": "-", "Accused Vehicle": "LMV", "Accused Age": "Unknown", "Accused Gender": "Unknown", "Accused Vehicle 02": "-", "Accused Age 02": "-", "Accused Gender 02": "-", "Day": "Monday", "Time Stamp": "12:45:00", "Full Address": "NH 7 BANGALORE HOSUR MAIN RAOD, NEAR NERALURU, OPP MURALI\nBAR, ATTIBELE HOBLI,Bengaluru Dist , Karnataka", "Road Name": "Hosur-Bangalore Main Road", "NH": "NH 44", "FIR Contents": "\nDate: 23-05-2022 at around 12-45 PM I and staff patrolling NH7 Bangalore Hosur main road in patrol vehicle near Neralur gate near Muruli Bar Bangalore\n\nWhile coming towards Hosur from the other side, a car driver who was going towards Hosur from Bengaluru side drove his car very fast and recklessly and hit a person crossing the road. TN10-AC-6814 Toyota Innova car will be The injured person is unknown, aged around 45-50 years. We treated the injured person and took him to Sri Sai Hospital and admitted him, the doctor gave first aid and told him to take him to Oxford Hospital, from there he was taken to Oxford Hospital and the doctor checked him and told him to take him to Nimmans Hospital as he had a head injury. He was told to take him to the hospital and from there to Victoria Hospital around 05-00 pm When he was taken away, the doctor examined him and informed him that the injured unknown person had died. The body of the deceased will be kept at the hospital mortuary in Victoria. Deceased is unknown, name and address are not known, trace the heirs of the deceased and seek legal action against the driver of the Toyota Innova TN10-AC-6814 who caused the accident, etc.", "Hit and Run": "Maybe", "Type of Collision": "Hit Pedestrian", "Cause of Collision": "Overspeeding", "Road": "Main Road", "Context": null, "Infrastructure No": "No Pedestrian Crossing, No Footpath, No Signages, No Speed Calming Elements", "Infrastructure Yes": "Crash Barriers. How can he cross?", "Additional": "Nearest FOB 200m away. No continuous footpath to FOB. Drops to middle of service and main road on the other side. No crossing or footpath", "General Comment": null, "Blackspot_Name": "Neraluru Bus Stop", "Added": null, "Type of Collision Cleaned": "Hit Pedestrian", "Context Mapping": "Along Main Road", "Combinations": "Hit Pedestrian,Along Main Road", "Time of Day": "Midday 1 (12-3)" }, "geometry": { "type": "Point", "coordinates": [ 77.73123, 12.79137 ] } },
{ "type": "Feature", "properties": { "fid": 155, "FIR_No": "0191/2022", "PolSt": "Attibele PS", "layer": "BR Pedestrian Fatality 2022", "ID": "0191/2022/Attibele PS", "Sub Division": "Anekal Sub Division", "Year": 2022, "Lat": 12.77603, "Long": 77.77887, "Count_Killed": 1, "Count_NonFatal": 0, "Total Victims": 1, "Victim Vehicle": "Pedestrian", "Victim Age": "35", "Victim Gender": "Male", "Victim02 Age": "-", "Victim02 Gender": "-", "Victim03 Age": "-", "Victim03 Gender": "-", "Accused Vehicle": "Unknown", "Accused Age": "Unknown", "Accused Gender": "Unknown", "Accused Vehicle 02": "-", "Accused Age 02": "-", "Accused Gender 02": "-", "Day": "Monday", "Time Stamp": "23:20:00", "Full Address": "NH 7 BANGALORE HOSUR MAIN ROAD, NEAR ATTIBELE, BORDE, OPP MR BAR, ATTIBELE TOWN,Bengaluru Dist , Karnataka,", "Road Name": "Hosur-Bangalore Main Road", "NH": "NH 44", "FIR Contents": "Date: On 24-05-2022 at 09-15 AM in the morning the complainant of the case appeared in the police station in summary of the complaint that I B.E.T.P.L. I have worked as a Route Patrolling Officer in Electronic City. Yesterday's Date:\n\nOn 23-05-2022 at around 11-20 hrs at night I and my staff were patrolling in a vehicle on NH7 Hosur Bangalore main road from Attibele border side and while coming towards Bangalore from Hosur side MR. Near the bar, he saw a person lying on the road due to an accident, stopped the vehicle and went near to see that he died on the spot due to severe bleeding injuries on his head, hands and legs. While the deceased was walking and crossing the road, the driver of a vehicle going from Hosur towards Bangalore drove at high speed and recklessly and hit him and left without stopping his vehicle, as a result of which the deceased was severely injured and died on the spot. The body was kept in the hospital mortuary, the information about the deceased was collected and the name of the deceased was Praveen It is known that Ajith is a resident of Manjari village, Belagavi district, and it was too late to find the heirs of the deceased and lodge a complaint. Demand that legal action be taken against the driver and the vehicle that hit the deceased and left without stopping the vehicle etc.", "Hit and Run": "Yes", "Type of Collision": "Hit Pedestrian", "Cause of Collision": "Overspeeding", "Road": "Main Road", "Context": "Infront of a Bar, near a toll", "Infrastructure No": "No Footpath, No Crossing, No Signages, No speed calming", "Infrastructure Yes": "Median Crash Barriers", "Additional": null, "General Comment": "Late Night", "Blackspot_Name": "Attibele Toll", "Added": null, "Type of Collision Cleaned": "Hit Pedestrian", "Context Mapping": "Toll Booth", "Combinations": "Hit Pedestrian,Toll Booth", "Time of Day": "Late Night (9-12)" }, "geometry": { "type": "Point", "coordinates": [ 77.77887, 12.77603 ] } },
{ "type": "Feature", "properties": { "fid": 156, "FIR_No": "0207/2022", "PolSt": "Attibele PS", "layer": "BR Pedestrian Fatality 2022", "ID": "0207/2022/Attibele PS", "Sub Division": "Anekal Sub Division", "Year": 2022, "Lat": 12.77768, "Long": 77.77598, "Count_Killed": 1, "Count_NonFatal": 0, "Total Victims": 1, "Victim Vehicle": "Pedestrian", "Victim Age": "45", "Victim Gender": "Male", "Victim02 Age": "-", "Victim02 Gender": "-", "Victim03 Age": "-", "Victim03 Gender": "-", "Accused Vehicle": "Bus", "Accused Age": "Unknown", "Accused Gender": "Unknown", "Accused Vehicle 02": "-", "Accused Age 02": "-", "Accused Gender 02": "-", "Day": "Friday", "Time Stamp": "19:15:00", "Full Address": "NH 7 BANGALORE HOSUR MAIN ROAD, OPP, ATTIBELE TOLL OFFICE, ATTIBELE,Bengaluru Dist , Karnataka, ", "Road Name": "Hosur-Bangalore Main Road", "NH": "NH 44", "FIR Contents": "Dated: 03-06-2022 at 8-00 PM Complainant appeared at the station in summary of the complaint that I Electronic City B.E.T.P.L. I have worked as a Route Patrolling Officer. This day date:\n\nOn 03-06-2022 at around 07-15 hrs in the evening I was patrolling NH7 Bangalore Hosur main road from Bengaluru side towards Hosur in the patrol vehicle along with the staff and was going in front of toll office near Attibele Toll when a person was crossing Bangalore Hosur road from Bangalore side towards Hosur from the road divider. A Tamil Nadu TNSTC was going. The bus collided, I and the staff stopped the patrol vehicle and went closer to see that the wheel of the bus had torn the man's stomach and both legs and was bleeding to death on the spot. The deceased person is unknown and aged around 45-50 years. The name and address of the deceased is not known. The bus number is TN30-N-2145. The driver of the bus was driving the bus at high speed and recklessly and hit an unknown person who was crossing the road, demanding legal action against the driver etc.", "Hit and Run": "Maybe", "Type of Collision": "Hit Pedestrian", "Cause of Collision": "Overspeeding", "Road": "Main Road", "Context": "Break in the Median Crash Barriers", "Infrastructure No": "No Footpath, No Crossing, No Speed Calming Elements, No Signages, No Bus Lane", "Infrastructure Yes": null, "Additional": "Nearest undefined crossing at toll - 120 m away", "General Comment": "Night", "Blackspot_Name": "Attibele Toll", "Added": null, "Type of Collision Cleaned": "Hit Pedestrian", "Context Mapping": "Along Main Road", "Combinations": "Hit Pedestrian,Along Main Road", "Time of Day": "Evening Rush Hour (6-9)" }, "geometry": { "type": "Point", "coordinates": [ 77.77598, 12.77768 ] } },
{ "type": "Feature", "properties": { "fid": 157, "FIR_No": "0310/2022", "PolSt": "Attibele PS", "layer": "BR Pedestrian Fatality 2022", "ID": "0310/2022/Attibele PS", "Sub Division": "Anekal Sub Division", "Year": 2022, "Lat": 12.78064, "Long": 77.76515, "Count_Killed": 1, "Count_NonFatal": 0, "Total Victims": 1, "Victim Vehicle": "Pedestrian", "Victim Age": "40", "Victim Gender": "Female", "Victim02 Age": "-", "Victim02 Gender": "-", "Victim03 Age": "-", "Victim03 Gender": "-", "Accused Vehicle": "Unknown", "Accused Age": "Unknown", "Accused Gender": "Unknown", "Accused Vehicle 02": "-", "Accused Age 02": "-", "Accused Gender 02": "-", "Day": "Wednesday", "Time Stamp": "03:45:00", "Full Address": "ATTIBELE BORDER NEAR HOSURU BENGALURU NH 7, ATTIBELE\nANEKAL TQ,Bengaluru Dist , Karnataka, 562107", "Road Name": "Hosur-Bangalore Main Road", "NH": "NH 44", "FIR Contents": "Date: 24/08/2022 at 8.00 a.m. The summary of the complaint filed at the plaintiff station is that I am a Route Patrolling Officer on NH 47 Highway. On: 23/08/2022 for night patrol I and our classmates driver Muniraju, Bharat Route Patrolman so many people left Electronic City at 10 pm and patrolled on On: 24/08/2022 at around 4 am in Electronic City when Ambulance Nurse It was Veera who informed me that there was a road accident near Pon Bodi Attibele border And my staff went to Attibele border and saw that the matter is true, a woman was found lying dead on the right side of Hosur Bangalore NH 47 road and she died on the spot with head and other bleeding injuries. Her age is around 40 years. The deceased was wearing a yellow and green saree and a green jacket, and a golden roll gold chain was worn around her neck. On: 24/08/2022, around 3-45 to 4 hours in the morning, when the deceased was crossing the road or walking, the driver of a vehicle from Hosur towards Bangalore drove his vehicle at high speed and collided with it and left the vehicle without stopping. Oxpard will be taken to the hospital. According to the complaint, legal action should be taken against the driver of the vehicle which caused the accident", "Hit and Run": "Yes", "Type of Collision": "Hit Pedestrian", "Cause of Collision": "Overspeeding", "Road": "Main Road", "Context": null, "Infrastructure No": "No Footpath, No Signages, No Speed Calming", "Infrastructure Yes": "Median Crash Barriers, Service Road Barriers", "Additional": "Nearest Intersection 600 m away", "General Comment": null, "Blackspot_Name": "Attibele Checkpost", "Added": null, "Type of Collision Cleaned": "Hit Pedestrian", "Context Mapping": "Along Main Road", "Combinations": "Hit Pedestrian,Along Main Road", "Time of Day": "Mid Night(12-4)" }, "geometry": { "type": "Point", "coordinates": [ 77.76515, 12.78064 ] } },
{ "type": "Feature", "properties": { "fid": 158, "FIR_No": "0325/2022", "PolSt": "Attibele PS", "layer": "BR Pedestrian Fatality 2022", "ID": "0325/2022/Attibele PS", "Sub Division": "Anekal Sub Division", "Year": 2022, "Lat": 12.77778, "Long": 77.77568, "Count_Killed": 1, "Count_NonFatal": 0, "Total Victims": 1, "Victim Vehicle": "Pedestrian", "Victim Age": "23", "Victim Gender": "Male", "Victim02 Age": "-", "Victim02 Gender": "-", "Victim03 Age": "-", "Victim03 Gender": "-", "Accused Vehicle": "Unknown", "Accused Age": "Unknown", "Accused Gender": "Unknown", "Accused Vehicle 02": "-", "Accused Age 02": "-", "Accused Gender 02": "-", "Day": "Wednesday", "Time Stamp": "17:00:00", "Full Address": "NH 7 BANGALORE HOSUR MAIN ROAD, OPP. HAPPIES BAR, ATTIBELE, NEAR TOLL OFFICE,Bengaluru Dist , Karnataka,", "Road Name": "Hosur-Bangalore Main Road", "NH": "NH 44", "FIR Contents": "On 31-08-2022 myself and staff Nagesh two evening at around 05-45 hrs near Attibele Toll Office.\nWhen in Ambulance directly at Happy's Bar next to our office NH7 Bangalore Hosur\nWe went to the spot knowing that someone was lying injured next to the divider on the main road\nA man aged around 20-25 years was seen lying on the road with two leg, hand and head injuries.\nHe fell down and got badly injured, he was unconscious and barely breathing, we immediately put him in the ambulance.\nShri Sai was taken to the hospital and the doctor checked him and declared him dead. It was 6:00 p.m.\nIt was time, before 05-45 pm some vehicle driver was speeding his vehicle from Bangalore side and\nHe drove recklessly and hit the dead man who was standing near the road divider without stopping his vehicle.\nIt is known that the name of the deceased is Shakti Bin Mallesh, a resident of Bangalore Bandepalaya. an accident\nDemand that legal action be taken against the driver of the vehicle, etc.", "Hit and Run": "Yes", "Type of Collision": "Hit Pedestrian", "Cause of Collision": "Overspeeding", "Road": "Main Road", "Context": "Break in the Median Crash Barriers. Hit at the divider", "Infrastructure No": "No Footpath, No Crossing, No Speed Calming Elements, No Signages", "Infrastructure Yes": null, "Additional": "Nearest undefined crossing at toll - 120 m away", "General Comment": null, "Blackspot_Name": "Attibele Toll", "Added": null, "Type of Collision Cleaned": "Hit Pedestrian", "Context Mapping": "Along Main Road", "Combinations": "Hit Pedestrian,Along Main Road", "Time of Day": "Midday 2 (3-6)" }, "geometry": { "type": "Point", "coordinates": [ 77.77568, 12.77778 ] } },
{ "type": "Feature", "properties": { "fid": 159, "FIR_No": "0354/2022", "PolSt": "Attibele PS", "layer": "BR Pedestrian Fatality 2022", "ID": "0354/2022/Attibele PS", "Sub Division": "Anekal Sub Division", "Year": 2022, "Lat": 12.78062, "Long": 77.77123, "Count_Killed": 1, "Count_NonFatal": 0, "Total Victims": 1, "Victim Vehicle": "Pedestrian", "Victim Age": "25", "Victim Gender": "Male", "Victim02 Age": "-", "Victim02 Gender": "-", "Victim03 Age": "-", "Victim03 Gender": "-", "Accused Vehicle": "Unknown", "Accused Age": "Unknown", "Accused Gender": "Unknown", "Accused Vehicle 02": "-", "Accused Age 02": "-", "Accused Gender 02": "-", "Day": "Monday", "Time Stamp": "23:40:00", "Full Address": "SARJAPURA ATTIBELE ROAD, NEAR BESCOM OFFICE, OPP KRISHNAREDDY SHOPPING COMPLEX, ATTIBELE,Bengaluru Dist , Karnataka,", "Road Name": "Attibele Sarjapaura Road", "NH": null, "FIR Contents": "Date: 19-09-2022 at 09-30 am in the morning of the complaint filed by the complainant is that I am running a fruit shop in Attibele Town, Sarjapur Road, Attibele Bescom office at Attibele Bescom office, running a fruit shop and doing business on this date: 19-09-2022. On I am about as usual in the morning When we came to remove the door of the shop at 8-30 AM, a man was lying on the pavement next to the road in front of the Royal Footwear store next to our shop, he was found dead, the deceased was unknown, aged around 20-25 years, the deceased had a cut wound on his leg, right hip, left hip and back. , a small blood wound was also found on the head. It is known that the driver of the vehicle drove too fast and recklessly from the Sarjapur side and collided with it. As a result, it is known that the deceased unidentified person died on the spot.", "Hit and Run": "Yes", "Type of Collision": "Hit Pedestrian walking along the road", "Cause of Collision": "Overspeeding", "Road": "Main Road", "Context": "At U turn, Near a School", "Infrastructure No": "No Footpath, No Speed Calming Elements, No Signages", "Infrastructure Yes": "Streetlights (2022)", "Additional": null, "General Comment": null, "Blackspot_Name": "Attibele Intersection", "Added": "added", "Type of Collision Cleaned": "Hit Pedestrian", "Context Mapping": "U Turn", "Combinations": "Hit Pedestrian,U Turn", "Time of Day": "Late Night (9-12)" }, "geometry": { "type": "Point", "coordinates": [ 77.77123, 12.78062 ] } },
{ "type": "Feature", "properties": { "fid": 160, "FIR_No": "0359/2022", "PolSt": "Attibele PS", "layer": "BR Pedestrian Fatality 2022", "ID": "0359/2022/Attibele PS", "Sub Division": "Anekal Sub Division", "Year": 2022, "Lat": 12.77488, "Long": 77.78075, "Count_Killed": 1, "Count_NonFatal": 0, "Total Victims": 1, "Victim Vehicle": "Pedestrian", "Victim Age": "45", "Victim Gender": "Male", "Victim02 Age": "-", "Victim02 Gender": "-", "Victim03 Age": "-", "Victim03 Gender": "-", "Accused Vehicle": "Lorry", "Accused Age": "Unknown", "Accused Gender": "Male", "Accused Vehicle 02": "-", "Accused Age 02": "-", "Accused Gender 02": "-", "Day": "Saturday", "Time Stamp": "19:30:00", "Full Address": "infront of vaibhav srinidhi hotel hosur attibele, border near NH7 anekal\ntq,Bengaluru Dist , Karnataka, 562107", "Road Name": "Hosur-Bangalore Main Road", "NH": "NH 44", "FIR Contents": "Date: 24-09-2022 at about 7-30 PM\nAttibele was patrolling from Hosur border towards Bangalore when an unknown person was walking on the side of the road towards Attibele in front of Vaibhav Srinidhi Hotel, when the lorry TN-88-W-9969 from Hosur side was driven at high speed and recklessly and hit the unknown person who was walking from behind. As a result, the unknown person fell down and sustained injuries on his head, face and other parts He died on the spot. The age of the said unknown person is around 45-50 years, his name and address are not known. TN-88-W-9969 On the complaint that legal action should be taken against the driver of the lorry who was driving at high speed and recklessly and hit an unknown person and caused an accident.", "Hit and Run": "Maybe", "Type of Collision": "Hit Pedestrian walking along the road", "Cause of Collision": "Overspeeding", "Road": "Main Road", "Context": "At merge point and U turn", "Infrastructure No": "No Footpath", "Infrastructure Yes": null, "Additional": "Undefined merge point", "General Comment": "Night", "Blackspot_Name": "Attibele Toll", "Added": null, "Type of Collision Cleaned": "Hit Pedestrian", "Context Mapping": "Access Point", "Combinations": "Hit Pedestrian,Access Point", "Time of Day": "Evening Rush Hour (6-9)" }, "geometry": { "type": "Point", "coordinates": [ 77.78075, 12.77488 ] } },
{ "type": "Feature", "properties": { "fid": 161, "FIR_No": "0359/2022", "PolSt": "Attibele PS", "layer": "BR Pedestrian Fatality 2022", "ID": "0359/2022/Attibele PS", "Sub Division": "Anekal Sub Division", "Year": 2022, "Lat": 12.77488, "Long": 77.78075, "Count_Killed": 1, "Count_NonFatal": 0, "Total Victims": 1, "Victim Vehicle": "Pedestrian", "Victim Age": "45", "Victim Gender": "Male", "Victim02 Age": "-", "Victim02 Gender": "-", "Victim03 Age": "-", "Victim03 Gender": "-", "Accused Vehicle": "Lorry", "Accused Age": "Unknown", "Accused Gender": "Male", "Accused Vehicle 02": "-", "Accused Age 02": "-", "Accused Gender 02": "-", "Day": "Saturday", "Time Stamp": "19:30:00", "Full Address": "infront of vaibhav srinidhi hotel hosur attibele, border near NH7 anekal\ntq,Bengaluru Dist , Karnataka, 562107", "Road Name": "Hosur-Bangalore Main Road", "NH": "NH 44", "FIR Contents": "Date: 24-09-2022 at about 7-30 PM\nAttibele was patrolling from Hosur border towards Bangalore when an unknown person was walking on the side of the road towards Attibele in front of Vaibhav Srinidhi Hotel, when the lorry TN-88-W-9969 from Hosur side was driven at high speed and recklessly and hit the unknown person who was walking from behind. As a result, the unknown person fell down and sustained injuries on his head, face and other parts He died on the spot. The age of the said unknown person is around 45-50 years, his name and address are not known. TN-88-W-9969 On the complaint that legal action should be taken against the driver of the lorry who was driving at high speed and recklessly and hit an unknown person and caused an accident.", "Hit and Run": "Maybe", "Type of Collision": "Hit Pedestrian walking along the road", "Cause of Collision": "Overspeeding", "Road": "Main Road", "Context": "At merge point and U turn", "Infrastructure No": "No Footpath", "Infrastructure Yes": null, "Additional": "Undefined merge point", "General Comment": "Night", "Blackspot_Name": "Attibele Toll", "Added": null, "Type of Collision Cleaned": "Hit Pedestrian", "Context Mapping": "Access Point", "Combinations": "Hit Pedestrian,Access Point", "Time of Day": "Evening Rush Hour (6-9)" }, "geometry": { "type": "Point", "coordinates": [ 77.78075, 12.77488 ] } },
{ "type": "Feature", "properties": { "fid": 162, "FIR_No": "0367/2022", "PolSt": "Attibele PS", "layer": "BR Pedestrian Fatality 2022", "ID": "0367/2022/Attibele PS", "Sub Division": "Anekal Sub Division", "Year": 2022, "Lat": 12.79095, "Long": 77.73181, "Count_Killed": 1, "Count_NonFatal": 0, "Total Victims": 1, "Victim Vehicle": "Pedestrian", "Victim Age": "65", "Victim Gender": "Male", "Victim02 Age": "-", "Victim02 Gender": "-", "Victim03 Age": "-", "Victim03 Gender": "-", "Accused Vehicle": "Lorry", "Accused Age": "Unknown", "Accused Gender": "Unknown", "Accused Vehicle 02": "-", "Accused Age 02": "-", "Accused Gender 02": "-", "Day": "Monday", "Time Stamp": "11:30:00", "Full Address": "Bengaluru Hosur NH 7 Road neraluru guru medical, store opposite road attibele\nhobli anekal tq,Bengaluru Dist , Karnataka, 562107", "Road Name": "Hosur-Bangalore Main Road", "NH": "NH 44", "FIR Contents": "What is the summary of the complaint filed on: 03/10/2022 at 13.40 hrs.\n\nI came to work today on: 03/10/2022 at around 11.45 am I know\n\nSomeone phoned and told your father that he died on the spot due to an accident in front of Guru Medical Store, Neralur. I immediately went to the place and found that it was true. On inquiry, my father Rama Nayka, 65 years old, was going to bring breakfast to the hotel at 11.30 am, Bangalore Hosur Road NH 7 Road, Hosur from Bengaluru while walking on the road side in front of Neralur Guru Medical Store It is known that the driver of a tipper lorry was driving his lorry at high speed and carelessly and was going on the side of the road and collided with my father Rama Nayka. This accident lorry number KA-51-AB-8845 is a tipper lorry and on the complaint filed against the driver of the tipper lorry KA-51-AB-8845 which caused the death of my father Rama Naikar.", "Hit and Run": "Maybe", "Type of Collision": "Hit Pedestrian walking along the road", "Cause of Collision": "Overspeeding", "Road": "Service Road", "Context": null, "Infrastructure No": "No Footpath, No Signages, No Speed Calming, No Segregation for Heavy Vehicles", "Infrastructure Yes": null, "Additional": null, "General Comment": null, "Blackspot_Name": "Neraluru Bus Stop", "Added": null, "Type of Collision Cleaned": "Hit Pedestrian", "Context Mapping": "Along Service Road", "Combinations": "Hit Pedestrian,Along Service Road", "Time of Day": "Morning Rush Hour (7-12)" }, "geometry": { "type": "Point", "coordinates": [ 77.73181, 12.79095 ] } },
{ "type": "Feature", "properties": { "fid": 163, "FIR_No": "0380/2022", "PolSt": "Attibele PS", "layer": "BR Pedestrian Fatality 2022", "ID": "0380/2022/Attibele PS", "Sub Division": "Anekal Sub Division", "Year": 2022, "Lat": 12.77761, "Long": 77.77606, "Count_Killed": 1, "Count_NonFatal": 0, "Total Victims": 1, "Victim Vehicle": "Pedestrian", "Victim Age": "Unknown", "Victim Gender": "Male", "Victim02 Age": "-", "Victim02 Gender": "-", "Victim03 Age": "-", "Victim03 Gender": "-", "Accused Vehicle": "Bus", "Accused Age": "Unknown", "Accused Gender": "Unknown", "Accused Vehicle 02": "-", "Accused Age 02": "-", "Accused Gender 02": "-", "Day": "Friday", "Time Stamp": "23:25:00", "Full Address": "ATTIBELE TOLL PLAZA, ATTIBELE,Bengaluru Dist , Karnataka,", "Road Name": "Hosur-Bangalore Main Road", "NH": "NH 44", "FIR Contents": "Date: On 14/10/2022 at around 11-30 pm when the complainant was on highway patrol, an unknown person was run over by a TN25, N0504 Tamilnadu transport bus in lane no 4 near Attibele Toll Faza and died on the spot. , Date: 14/10/2022 at about night At 11-30 hrs an unidentified person aged around 30 years was entering lane no. See TN-25 N 0504 bus coming in 4, come near lane no.4 and pass the bus.\n\nWhen he went to board, at the same time the toll boom barricade was raised, the driver of the said bus drove the bus negligently and as a result of which the unknown person fell under the bus, the rear wheel on the left side of the bus was torn off and the unknown person died on the spot due to severe injuries. Complaint to take legal action against bus driver of TN 25, N 0504 for negligently driving the bus causing death of unknown person, etc.", "Hit and Run": "Maybe", "Type of Collision": "Hit Pedestrian", "Cause of Collision": "Rough Driving", "Road": "Main Road", "Context": "At Toll. In the Toll Lane.  Run over pedestrian boarding the bus at the toll", "Infrastructure No": "No Bus Stop", "Infrastructure Yes": null, "Additional": "Nearest Bus stop 630 m away. No continuous footpath", "General Comment": "Late Night", "Blackspot_Name": "Attibele Toll", "Added": null, "Type of Collision Cleaned": "Hit Pedestrian", "Context Mapping": "Bus Stop", "Combinations": "Hit Pedestrian,Bus Stop", "Time of Day": "Late Night (9-12)" }, "geometry": { "type": "Point", "coordinates": [ 77.77606, 12.77761 ] } },
{ "type": "Feature", "properties": { "fid": 164, "FIR_No": "0425/2022", "PolSt": "Attibele PS", "layer": "BR Pedestrian Fatality 2022", "ID": "0425/2022/Attibele PS", "Sub Division": "Anekal Sub Division", "Year": 2022, "Lat": 12.78655, "Long": 77.74202, "Count_Killed": 1, "Count_NonFatal": 0, "Total Victims": 1, "Victim Vehicle": "Pedestrian", "Victim Age": "Unknown", "Victim Gender": "Male", "Victim02 Age": "-", "Victim02 Gender": "-", "Victim03 Age": "-", "Victim03 Gender": "-", "Accused Vehicle": "Lorry", "Accused Age": "Unknown", "Accused Gender": "Male", "Accused Vehicle 02": "-", "Accused Age 02": "-", "Accused Gender 02": "-", "Day": "Wednesday", "Time Stamp": "12:40:00", "Full Address": "BANGALORE HOSUR NH 47 SERVICE ROAD NEAR GUEST LINE, CIRCLE\nYADAVANAHALLI ATTIBELE HOBLI ANEKAL TALUK,Bengaluru Dist , Karnataka, ", "Road Name": "Hosur-Bangalore Main Road", "NH": "NH 44", "FIR Contents": "On 23.11.2022, the complainant attended the police station at 15.30 hrs and I am residing at the above mentioned address. And I have made a living by running a vegetable shop next to Sri Anjaneya Swamy Temple in Guest Line Circle. My father and mother Jayamma have two sons in total the first is Suresh and the second is me. My aunt lives here in Hosagudahalli Bangalore. Me and my wife and children and parents are all together. My father was looking after the shop with me, on: 23/11/2022 at around 12-30 pm my father left saying he was coming to urinate. Around 12-40 pm, the ambulance driver who was near our shop told me that there was an accident. I went and saw that it was true that my father's stomach and left hand were bruised and he was not in a condition to speak. There is blood on the road. The accident lorry number is seen to be TN-24- AC-1462. He was immediately taken to the Sai Hospital in an ambulance, where he died at 02-30 in the afternoon on the same day. On: 23/11/2022, around 12-40 noon, while my father was walking on Bangalore Hosur NH 47 Service Road Guest Line Circle, the driver of a lorry coming towards Hosur from Bangalore drove his lorry at high speed and hit my father. Legal action is taken against the driver of the above mentioned lorry which caused the death of my father who died in the hospital due to blood injury A case is registered after receiving the complaint.", "Hit and Run": "Maybe", "Type of Collision": "Hit Pedestrian walking along the road", "Cause of Collision": "Overspeeding", "Road": "Service Road", "Context": "At merge point and intersection", "Infrastructure No": "No Footpath, No Speed Calming Elements, No Signages", "Infrastructure Yes": "Median Crash Barriers, Service Road Barriers", "Additional": null, "General Comment": null, "Blackspot_Name": "Guddahatti Gate", "Added": null, "Type of Collision Cleaned": "Hit Pedestrian", "Context Mapping": "Access Point", "Combinations": "Hit Pedestrian,Access Point", "Time of Day": "Midday 1 (12-3)" }, "geometry": { "type": "Point", "coordinates": [ 77.74202, 12.78655 ] } },
{ "type": "Feature", "properties": { "fid": 165, "FIR_No": "0026/2022", "PolSt": "Hebbagodi PS", "layer": "BR Pedestrian Fatality 2022", "ID": "0026/2022/Hebbagodi PS", "Sub Division": "Anekal Sub Division", "Year": 2022, "Lat": 12.82033, "Long": 77.68768, "Count_Killed": 1, "Count_NonFatal": 0, "Total Victims": 1, "Victim Vehicle": "Pedestrian", "Victim Age": "65", "Victim Gender": "Male", "Victim02 Age": "-", "Victim02 Gender": "-", "Victim03 Age": "-", "Victim03 Gender": "-", "Accused Vehicle": "Unknown", "Accused Age": "Unknown", "Accused Gender": "Unknown", "Accused Vehicle 02": "-", "Accused Age 02": "-", "Accused Gender 02": "-", "Day": "Thursday", "Time Stamp": "00:00:00", "Full Address": "HOSUR BANGALORE N H 44 ROAD BOMMASANDRA FLY OVER, ATTIBELE HOBLI ANEKAL TQ ATTIBELE HOBLI,Bengaluru Dist , Karnataka, ", "Road Name": "Hosur-Bangalore Main Road", "NH": "NH 44", "FIR Contents": "On 20-01-2022, at 12-30 noon, the complainant appeared in the police station and filed a complaint dated: 20-01-2022 in the morning when he was doing route patrolling from Attibele side, at around 05-15 in the morning, Hosur Bangalore NH 44. From about 65 on the road when Bommasandra Priover comes over A 75-year-old unknown person was found to have died on the spot due to a speeding and careless driver of an unknown vehicle that hit him and fell down. The clothes were searched and nothing was found about the name and address of the deceased. Eyes and mouth are open, white hair and white moustache, blue and red striped chaukli saree, and sky blue and cement colored chaukli pancha are seen. If you see him, you will see him as a beggar. Therefore, the summary of the complaint is that the heirs of the deceased unknown person should be found, the unknown vessel which caused this accident and left without stopping at the spot should be found and legal action should be taken.", "Hit and Run": "Yes", "Type of Collision": "Hit Pedestrian", "Cause of Collision": "Unknown", "Road": "Main Road", "Context": "Near Pedestrian Underpass", "Infrastructure No": "No Crossing, No Footpath,  No Signages, No Speed Calming Elements", "Infrastructure Yes": null, "Additional": null, "General Comment": null, "Blackspot_Name": "Bommasandra Metro Station", "Added": null, "Type of Collision Cleaned": "Hit Pedestrian", "Context Mapping": "Along Main Road", "Combinations": "Hit Pedestrian,Along Main Road", "Time of Day": "Mid Night(12-4)" }, "geometry": { "type": "Point", "coordinates": [ 77.68768, 12.82033 ] } },
{ "type": "Feature", "properties": { "fid": 166, "FIR_No": "0044/2022", "PolSt": "Hebbagodi PS", "layer": "BR Pedestrian Fatality 2022", "ID": "0044/2022/Hebbagodi PS", "Sub Division": "Anekal Sub Division", "Year": 2022, "Lat": 12.836, "Long": 77.67915, "Count_Killed": 1, "Count_NonFatal": 0, "Total Victims": 1, "Victim Vehicle": "Pedestrian", "Victim Age": "59", "Victim Gender": "Male", "Victim02 Age": "-", "Victim02 Gender": "-", "Victim03 Age": "-", "Victim03 Gender": "-", "Accused Vehicle": "LMV", "Accused Age": "Unknown", "Accused Gender": "Male", "Accused Vehicle 02": "-", "Accused Age 02": "-", "Accused Gender 02": "-", "Day": "Sunday", "Time Stamp": "13:30:00", "Full Address": "HOSUR BANGALORE N H 44 ROAD NEAR SHASTHRA, HOSPITAL,Bengaluru Dist , Karnataka, ", "Road Name": "Hosur-Bangalore Main Road", "NH": "NH 44", "FIR Contents": "on 06-02-2022 to go to our home town NH 44 Hosur. 1-30pm to go to Majestic directly at Bangalore Road, Ophthalmology Hospital While I and my husband Sivalingappa were waiting for the bus, the driver of a Tata Super Ace No. KA40-9956 from Hosur road drove the vehicle too fast and recklessly and hit our husband Sivalingappa who was waiting for the bus. In the meantime, the public admitted me to the surgical hospital there My son Manjunath was informed through Darwani and then our son came and treated him. Then the treatment failed. The: On 07-02-2022 at 6-48 am my husband Sivalingappa died. After receiving treatment till now, we came to the station late today and filed a complaint. Therefore, the summary of the complaint is that the driver of Tata Super Ace KA40-9956 who was driving at high speed and recklessly and collided with the vehicle is requested to take legal action.", "Hit and Run": "Maybe", "Type of Collision": "Hit Pedestrian", "Cause of Collision": "Overspeeding", "Road": "Main Road", "Context": "Waiting for Bus. Bus Stop 130m away", "Infrastructure No": "No Signage, No Speed Calming Elements, No Segregated Bus Lane, No Footpath connecting to the Bus stop,", "Infrastructure Yes": null, "Additional": null, "General Comment": null, "Blackspot_Name": null, "Added": null, "Type of Collision Cleaned": "Hit Pedestrian", "Context Mapping": "Bus Stop", "Combinations": "Hit Pedestrian,Bus Stop", "Time of Day": "Midday 1 (12-3)" }, "geometry": { "type": "Point", "coordinates": [ 77.67915, 12.836 ] } },
{ "type": "Feature", "properties": { "fid": 167, "FIR_No": "0063/2022", "PolSt": "Hebbagodi PS", "layer": "BR Pedestrian Fatality 2022", "ID": "0063/2022/Hebbagodi PS", "Sub Division": "Anekal Sub Division", "Year": 2022, "Lat": 12.83622, "Long": 77.67926, "Count_Killed": 1, "Count_NonFatal": 0, "Total Victims": 1, "Victim Vehicle": "Pedestrian", "Victim Age": "50", "Victim Gender": "Male", "Victim02 Age": "-", "Victim02 Gender": "-", "Victim03 Age": "-", "Victim03 Gender": "-", "Accused Vehicle": "2W", "Accused Age": "Unknown", "Accused Gender": "Male", "Accused Vehicle 02": "-", "Accused Age 02": "-", "Accused Gender 02": "-", "Day": "Saturday", "Time Stamp": "20:00:00", "Full Address": "BANG- HOSUR NH-44 ROAD NEAR HUSKUR GATE ANANTHA, NAGARA\nCROSS ATTIBELE HOBLI ANEKAL TQ,Bengaluru Dist , Karnataka", "Road Name": "Hosur-Bangalore Main Road", "NH": "NH 44", "FIR Contents": "On 27-02-2022 at 10-30 am in the morning the complainant appeared in the police station and the summary of the complaint is that on 26-02-2022 while on night route patrolling duty at around 8-00 pm at Anantnagar near Hunnur Gate on NH 44 road from Bengaluru towards Hosur. A KA05-KZ-0951 dual wheel in the cross straight The driver of the vehicle was driving his vehicle at high speed and recklessly and hit an unknown person aged about 50 to 55 years who was crossing the road, the said person fell down and suffered severe blood injuries on the back of the head and right leg. Prashar was admitted to the hospital due to the treatment given by the doctor to an unidentified injured person The medical officer said that he died at around 9-50 pm without being productive. The clothes were searched but nothing was found about the name and address of the deceased. He has black and white mixed hair and a beard, wears a brown full-sleeved shirt and black pants, and looks like a laborer. Therefore, the heirs of the deceased unknown person should be found and the two-wheeler vehicle number KA05-KZ-0951, which caused this accident and left without stopping, should be found and legal action should be taken against the driver.", "Hit and Run": "Yes", "Type of Collision": "Hit Pedestrian", "Cause of Collision": "Overspeeding", "Road": "Main Road", "Context": "At local road T Intersection, Merge point", "Infrastructure No": "No Crossing, No Signages, No Speed Calming Elements, No Streetlights, No Footpath, No Crash Barriers", "Infrastructure Yes": null, "Additional": "There is a bus stop within 100m of the crash point which isnt connected to a foot path. People walking on the highway to reach", "General Comment": "Crash barriers and Streetlights  installed in 2023 but there is a break in the median", "Blackspot_Name": null, "Added": null, "Type of Collision Cleaned": "Hit Pedestrian", "Context Mapping": "T Junction", "Combinations": "Hit Pedestrian,T Junction", "Time of Day": "Evening Rush Hour (6-9)" }, "geometry": { "type": "Point", "coordinates": [ 77.67926, 12.83622 ] } },
{ "type": "Feature", "properties": { "fid": 168, "FIR_No": "0064/2022", "PolSt": "Hebbagodi PS", "layer": "BR Pedestrian Fatality 2022", "ID": "0064/2022/Hebbagodi PS", "Sub Division": "Anekal Sub Division", "Year": 2022, "Lat": 12.82604, "Long": 77.68297, "Count_Killed": 1, "Count_NonFatal": 0, "Total Victims": 1, "Victim Vehicle": "Pedestrian", "Victim Age": "26", "Victim Gender": "Male", "Victim02 Age": "-", "Victim02 Gender": "-", "Victim03 Age": "-", "Victim03 Gender": "-", "Accused Vehicle": "Unknown", "Accused Age": "Unknown", "Accused Gender": "Unknown", "Accused Vehicle 02": "-", "Accused Age 02": "-", "Accused Gender 02": "-", "Day": "Saturday", "Time Stamp": "23:30:00", "Full Address": "Near Old police station, Hebbagodi sub way, NH 44, Attibele Hobali,Anekal\ntq,Bengaluru Dist , Karnataka, ", "Road Name": "Hosur-Bangalore Main Road", "NH": "NH 44", "FIR Contents": "Date: 27/02/2022 at 3-00 pm the complainant appeared in the police station and the gist of the complaint is that when I was sleeping at home I called my mother on phone at about 11-30 am and told her that your son has met with an accident and come immediately. Came to Hebbagodi and found that this story is true, my relative Mahesh Kumar 26 years old worked in garments. After work, he was standing by the side of the road to cross the NH 44 Hosur-Bangalore road in the direction of Hebbagodi Old Police Station to come home, when a vehicle from the Hosur road side drove his vehicle at high speed and recklessly and hit him, resulting in severe injuries on the head, left leg, face and back. , the driver of the said vehicle left without stopping his vehicle at the spot has gone We immediately admitted him in B.E.T.P.L Ambulance to Prashar Hospital and gave him first aid, from there he was admitted to St. John's Hospital Bangalore. Therefore, a case has been registered after receiving the complaint that legal action should be taken against the rider of the above unknown vehicle.", "Hit and Run": "Yes", "Type of Collision": "Hit Pedestrian", "Cause of Collision": "Overspeeding", "Road": "Main Road", "Context": "Bus stop on Main Road within 100m.", "Infrastructure No": "No Crossing, No Signages, No Speed Calming Elements, No Streetlights, No Footpath, No Crash Barriers", "Infrastructure Yes": null, "Additional": "Nearest Pedestrian Subway 700m away access from Service Road. Merge point", "General Comment": "Crash barriers and Streetlights  installed in 2023 but there is a break in the median", "Blackspot_Name": "Hebbagodi Metro Station", "Added": null, "Type of Collision Cleaned": "Hit Pedestrian", "Context Mapping": "Bus Stop", "Combinations": "Hit Pedestrian,Bus Stop", "Time of Day": "Late Night (9-12)" }, "geometry": { "type": "Point", "coordinates": [ 77.68297, 12.82604 ] } },
{ "type": "Feature", "properties": { "fid": 169, "FIR_No": "0081/2022", "PolSt": "Hebbagodi PS", "layer": "BR Pedestrian Fatality 2022", "ID": "0081/2022/Hebbagodi PS", "Sub Division": "Anekal Sub Division", "Year": 2022, "Lat": 12.82929, "Long": 77.68158, "Count_Killed": 1, "Count_NonFatal": 0, "Total Victims": 1, "Victim Vehicle": "Pedestrian", "Victim Age": "35", "Victim Gender": "Male", "Victim02 Age": "-", "Victim02 Gender": "-", "Victim03 Age": "-", "Victim03 Gender": "-", "Accused Vehicle": "Lorry", "Accused Age": "Unknown", "Accused Gender": "Male", "Accused Vehicle 02": "-", "Accused Age 02": "-", "Accused Gender 02": "-", "Day": "Sunday", "Time Stamp": "16:30:00", "Full Address": "Bengalore-Hosuru NH-44 Road, Opp Sweet Land Bekary, Hebbagodi, Anekal\nTQ,Bengaluru Dist , Karnataka, ", "Road Name": "Hosur-Bangalore Main Road", "NH": "NH 44", "FIR Contents": "On 20/03/2022 at 04.30 PM when the plaintiff was patrolling on Bangalore-Hosur HEN-H 44 road, the driver of TN-30 BU-6774 lorry coming from Bangalore side, towards Sweet Land Bakery, Hebbagodi, drove his vehicle at high speed & carelessly and crossed the road 35- The impact of the collision on the 37-year-old man is unknown The person suffered severe bleeding on both legs and was admitted to Sparsha Hospital in Bommasandra, where the treatment failed and he died at 06.17 in the evening, etc.", "Hit and Run": "Maybe", "Type of Collision": "Hit Pedestrian", "Cause of Collision": "Overspeeding", "Road": "Main Road", "Context": "Local Road T Interrsection with Service Road", "Infrastructure No": "No Crossing, No Speed Calming, No Signages", "Infrastructure Yes": null, "Additional": "Nearest Pedestrian Subway 300m away. Nearest FOB 480 m away", "General Comment": null, "Blackspot_Name": "Hebbagodi Metro Station", "Added": null, "Type of Collision Cleaned": "Hit Pedestrian", "Context Mapping": "Service Road Junction", "Combinations": "Hit Pedestrian,Service Road Junction", "Time of Day": "Midday 2 (3-6)" }, "geometry": { "type": "Point", "coordinates": [ 77.68158, 12.82929 ] } },
{ "type": "Feature", "properties": { "fid": 170, "FIR_No": "0084/2022", "PolSt": "Hebbagodi PS", "layer": "BR Pedestrian Fatality 2022", "ID": "0084/2022/Hebbagodi PS", "Sub Division": "Anekal Sub Division", "Year": 2022, "Lat": 12.8217, "Long": 77.68656, "Count_Killed": 1, "Count_NonFatal": 0, "Total Victims": 1, "Victim Vehicle": "Pedestrian", "Victim Age": "Unknown", "Victim Gender": "Male", "Victim02 Age": "-", "Victim02 Gender": "-", "Victim03 Age": "-", "Victim03 Gender": "-", "Accused Vehicle": "Unknown", "Accused Age": "Unknown", "Accused Gender": "Male", "Accused Vehicle 02": "-", "Accused Age 02": "-", "Accused Gender 02": "-", "Day": "Saturday", "Time Stamp": "01:00:00", "Full Address": "NH 44 Bangalore hosuru road Bommasandra south end, hotel, Anekal\ntaluk,Bengaluru Dist , Karnataka", "Road Name": "Hosur-Bangalore Main Road", "NH": "NH 44", "FIR Contents": "Date:26/3/2022 at 9-30 am in the morning the complainant appeared in the police station and the summary of the complaint is that on date:26/3/2022 at 01-00 am at Bommasandra South End Hotel on Bangalore-Hosur NH 44 road near Bommasandra South End Hotel. In the beginning, an unknown person, aged around 60 to 65 years, was crossing the road. An unknown vehicle from Bangalore side was driven at high speed and recklessly and hit a person who was crossing the road without stopping. The unknown person died on the spot due to severe bleeding injuries on the head, legs and feet. And wearing blue Kacha, the driver of the unknown vehicle responsible for the accident and the vehicle will be traced and legal action will be taken The example given to be executed is summary.", "Hit and Run": "Yes", "Type of Collision": "Hit Pedestrian", "Cause of Collision": "Overspeeding", "Road": "Main Road", "Context": "At Upramp", "Infrastructure No": "No Crossing, No Footpath,  No Signages, No Speed Calming Elements, No Crash Barriers", "Infrastructure Yes": null, "Additional": null, "General Comment": "Crash barriers installed in 2023", "Blackspot_Name": "Bommasandra Metro Station", "Added": null, "Type of Collision Cleaned": "Hit Pedestrian", "Context Mapping": "Up/Down Ramps", "Combinations": "Hit Pedestrian,Up/Down Ramps", "Time of Day": "Mid Night(12-4)" }, "geometry": { "type": "Point", "coordinates": [ 77.68656, 12.8217 ] } },
{ "type": "Feature", "properties": { "fid": 171, "FIR_No": "0278/2022", "PolSt": "Hebbagodi PS", "layer": "BR Pedestrian Fatality 2022", "ID": "0278/2022/Hebbagodi PS", "Sub Division": "Anekal Sub Division", "Year": 2022, "Lat": 12.80725, "Long": 77.69823, "Count_Killed": 1, "Count_NonFatal": 0, "Total Victims": 1, "Victim Vehicle": "Pedestrian", "Victim Age": "33", "Victim Gender": "Male", "Victim02 Age": "-", "Victim02 Gender": "-", "Victim03 Age": "-", "Victim03 Gender": "-", "Accused Vehicle": "2W", "Accused Age": "Unknown", "Accused Gender": "Male", "Accused Vehicle 02": "-", "Accused Age 02": "-", "Accused Gender 02": "-", "Day": "Thursday", "Time Stamp": "00:00:00", "Full Address": "BANGALORE HOSUR N H 44 SERVICE ROAD INFRONT OF THE, NANDANA HOTEL ATTIBELE HOBLI ANEKAL TQ,Bengaluru Dist , Karnataka, ", "Road Name": "Hosur-Bangalore Main Road", "NH": "NH 44", "FIR Contents": "On 15-09-2022 at around 10-00 pm someone called my sister's mobile from our brother Somu's mobile and informed that Somu had an accident near Nandana hotel and he was admitted to Parsha Hospital. He was hit on the head and left leg and was bleeding. On NH 44 service road near Nandana hotel near Bommasandra while I was coming from Bommasandra at 9-45 pm when I was coming from Bommasandra direction a motorcycle vehicle was driven by its driver very fast and recklessly and hit me from behind as a result of which I got bruised his car number was seen as KA03-EM-4469. After hitting me, he took the vehicle and left went Meanwhile, the public gathered there and took me to the hospital. He said. Then I came to the place and inquired there, leaving my sister in the hospital, I came to the police station and filed a complaint. Therefore, the summary of the complaint given is that the driver of the above motorcycle no. KA03-EM-4469 drove at high speed and recklessly and hit our Bhava Somu, causing blood injury and leaving without stopping the vehicle.", "Hit and Run": "Yes", "Type of Collision": "Hit Pedestrian", "Cause of Collision": "Overspeeding", "Road": "Service Road", "Context": null, "Infrastructure No": "No Footpath, No Speed Calming, No Signages, No Streetlights", "Infrastructure Yes": null, "Additional": null, "General Comment": "Streetlights installed after 2022", "Blackspot_Name": "Kithiganahalli Bus Stop", "Added": null, "Type of Collision Cleaned": "Hit Pedestrian", "Context Mapping": "Along Service Road", "Combinations": "Hit Pedestrian,Along Service Road", "Time of Day": "Mid Night(12-4)" }, "geometry": { "type": "Point", "coordinates": [ 77.69823, 12.80725 ] } },
{ "type": "Feature", "properties": { "fid": 172, "FIR_No": "0391/2022", "PolSt": "Hebbagodi PS", "layer": "BR Pedestrian Fatality 2022", "ID": "0391/2022/Hebbagodi PS", "Sub Division": "Anekal Sub Division", "Year": 2022, "Lat": 12.83265, "Long": 77.68028, "Count_Killed": 1, "Count_NonFatal": 0, "Total Victims": 1, "Victim Vehicle": "Pedestrian", "Victim Age": "40", "Victim Gender": "Male", "Victim02 Age": "-", "Victim02 Gender": "-", "Victim03 Age": "-", "Victim03 Gender": "-", "Accused Vehicle": "Lorry", "Accused Age": "Unknown", "Accused Gender": "Male", "Accused Vehicle 02": "-", "Accused Age 02": "-", "Accused Gender 02": "-", "Day": "Saturday", "Time Stamp": "00:00:00", "Full Address": "HOSUR BANGALORE N H 44 MAIN ROAD INFRONT OF THE, BIOCON\nGATE NEAR METRO PILLAR ANEKAL TQ,Bengaluru Dist , Karnataka, ", "Road Name": "Hosur-Bangalore Main Road", "NH": "NH 44", "FIR Contents": "On 17-12-2022 at 4-30 PM, the complainant appeared in the police station and the gist of the complaint is that on 16-12-2022, I and Harish were appointed as night route patrolling officers in the route patrolling vehicle, accordingly I am Hosur Bangalore NH 44 Main. We were patrolling the road. At about 02-40 hrs on Hosur-Bangalore NH 44 main road near Hebbagodi in front of Biocon company near Metro pillar, a lorry no TN23-CJ-5969 coming from Atthibele direction hit a person who was standing on the left side of the road. hit him, the said person was bleeding on the face and other parts, We went to the spot and found that the person was unknown and he was not in a condition to speak. His name and address were not known. Later, it was learned that the driver of the lorry that collided with the injured was sent to Kaveri Hospital near Electronic City and then the injured was sent to Bangalore City Victoria Hospital for further treatment. On seeing the unidentified injured man, he was found to be about 40 years old, with a bushy beard, wheatish complexion, wearing cement color pants and a t-shirt and a jacket with the Honda showroom logo. Therefore, it is the summary of the complaint given that on this day: 17-12-2022, he came to the police station and lodged a complaint seeking to take legal action against the driver of the lorry No. TN23-CJ-5969 who caused the accident by finding out the name and address of the above unknown injured person.", "Hit and Run": "Maybe", "Type of Collision": "Hit Pedestrian", "Cause of Collision": "Unknown", "Road": "Main Road", "Context": "Merge Point", "Infrastructure No": "No Refuge Islands, No Footpath, No Crossing, No Speed Calming Elements, NO Signages, No Crash Barriers, No Streetlights", "Infrastructure Yes": null, "Additional": "Nearest FOB 87 m away. No Continuous Footpath", "General Comment": "Crash barriers and Streetlights installed in 2023", "Blackspot_Name": "Hebbagodi Metro Station", "Added": null, "Type of Collision Cleaned": "Hit Pedestrian", "Context Mapping": "Access Point", "Combinations": "Hit Pedestrian,Access Point", "Time of Day": "Mid Night(12-4)" }, "geometry": { "type": "Point", "coordinates": [ 77.68028, 12.83265 ] } },
{ "type": "Feature", "properties": { "fid": 173, "FIR_No": "2022/0050", "PolSt": "Madiwala Traffic", "layer": "BR Pedestrian Fatality 2022", "ID": "2022/0050/Madiwala Traffic", "Sub Division": "South East Traffic Sub Divisio", "Year": 2022, "Lat": 12.903804, "Long": 77.627272, "Count_Killed": 1, "Count_NonFatal": 0, "Total Victims": 1, "Victim Vehicle": "Pedestrian", "Victim Age": "23", "Victim Gender": "Male", "Victim02 Age": "-", "Victim02 Gender": "-", "Victim03 Age": "-", "Victim03 Gender": "-", "Accused Vehicle": "Bus", "Accused Age": "23", "Accused Gender": "Male", "Accused Vehicle 02": "-", "Accused Age 02": "-", "Accused Gender 02": "-", "Day": "Thursday", "Time Stamp": "20:00:00", "Full Address": "Near Indian Overseas Bank, Beguru Main Road, Madivala", "Road Name": "Begur Road", "NH": null, "FIR Contents": "The brief summary of this case is that on date : 15/09/2022 at around 08:00 PM, Mr. Pasan Namma Bin Dhanunamma, 23 years old, a pedestrian, was at the place where the accident occurred near Indian Overseas Bank, Beguru Main Road, Madiwala Traffic Police Station. On the Begur main road from Begur towards Bommanahalli on the left side of the road While walking, the driver of the alleged Mini Bus No. : KA-51-AC-7025, Mahadev.GB Bin Basappa, 25 years, drove his vehicle at high speed and recklessly and rammed into the pedestrian on the shoulder, when the driver of the alleged mini bus fell on the pedestrian road. Pedestrian's left hand and other parts of the body without controlling the vehicle As a result of the above, the pedestrians died on the spot due to severe blood injuries. The accused bus driver left the bus at the spot and ran away and later came to the police station. In this regard written complaint against Mahadev.GB bin Basappa, 25 years, driver of the alleged mini bus number: KA-51-AC-7025 etc.", "Hit and Run": "No", "Type of Collision": "Hit Pedestrian walking along the road", "Cause of Collision": "Overspeeding", "Road": "Main Road", "Context": null, "Infrastructure No": "No Footpath, No Speed Calming, No Signages, No Bus Lane, No Bus Stop", "Infrastructure Yes": "Streetlights", "Additional": null, "General Comment": null, "Blackspot_Name": null, "Added": "added", "Type of Collision Cleaned": "Hit Pedestrian", "Context Mapping": "Along Main Road", "Combinations": "Hit Pedestrian,Along Main Road", "Time of Day": "Evening Rush Hour (6-9)" }, "geometry": { "type": "Point", "coordinates": [ 77.627272, 12.903804 ] } },
{ "type": "Feature", "properties": { "fid": 174, "FIR_No": "0176/2022", "PolSt": "Sarjapura PS", "layer": "BR Pedestrian Fatality 2022", "ID": "0176/2022/Sarjapura PS", "Sub Division": "Anekal Sub Division", "Year": 2022, "Lat": 12.7981, "Long": 77.70612, "Count_Killed": 1, "Count_NonFatal": 0, "Total Victims": 1, "Victim Vehicle": "Pedestrian", "Victim Age": "38", "Victim Gender": "Female", "Victim02 Age": "-", "Victim02 Gender": "-", "Victim03 Age": "-", "Victim03 Gender": "-", "Accused Vehicle": "2W", "Accused Age": "Unknown", "Accused Gender": "Male", "Accused Vehicle 02": "-", "Accused Age 02": "-", "Accused Gender 02": "-", "Day": "Friday", "Time Stamp": "15:00:00", "Full Address": "Near st philomena school Sarjapura -attibele road, Attibele Sarjapura Road sarjapura village,Bengaluru Dist , Karnataka,", "Road Name": "Chandapura Anekal Road", "NH": null, "FIR Contents": "Date: 17/07/2022 at 8-45 AM Complainant came to the police station and complained that my wife Netra, 38 years old, works as a housekeeper in a coincident apartment at Attibele Road and goes to work every morning. Date: 15/07/2022 Went to work as usual in the morning. At around 3-05 PM someone called me from my wife's mobile phone and said that your wife had an accident near St. Pilomena's School. I immediately came to the spot and saw that my wife was suffering from injuries to her hip, back and leg. Ramesh Bajaj is the son of Venkateshappa, a resident of our colony She told me that the Pulsar motorcycle was driving too fast and recklessly and hit me. My wife's Bajaj Pulsar motorcycle, which had an accident, fell on the spot and had no number. I took my wife to Sarjapur town hospital and got treatment and complained late. A case has been registered after receiving the complaint to take legal action against the motorcycle rider Ramesh who caused an accident to my wife.", "Hit and Run": "Maybe", "Type of Collision": "Hit Pedestrian", "Cause of Collision": "Overspeeding", "Road": "Main Road", "Context": "At U turn", "Infrastructure No": "No Footpath, No Speed Calming, No Signages, No Crossing", "Infrastructure Yes": "Streetlights", "Additional": null, "General Comment": null, "Blackspot_Name": null, "Added": "added", "Type of Collision Cleaned": "Hit Pedestrian", "Context Mapping": "U Turn", "Combinations": "Hit Pedestrian,U Turn", "Time of Day": "Midday 2 (3-6)" }, "geometry": { "type": "Point", "coordinates": [ 77.70612, 12.7981 ] } },
{ "type": "Feature", "properties": { "fid": 175, "FIR_No": "0009/2020", "PolSt": "Attibele PS", "layer": "BR Vehicular Crash 2020", "ID": "0009/2020/Attibele PS", "Sub Division": "Anekal Sub Division", "Year": 2020, "Lat": 12.78658, "Long": 77.74207, "Count_Killed": 1, "Count_NonFatal": 1, "Total Victims": 2, "Victim Vehicle": "Self", "Victim Age": "Self", "Victim Gender": "Self", "Victim02 Age": "-", "Victim02 Gender": "-", "Victim03 Age": "-", "Victim03 Gender": "-", "Accused Vehicle": "2W", "Accused Age": "33", "Accused Gender": "Male", "Accused Vehicle 02": "-", "Accused Age 02": "-", "Accused Gender 02": "-", "Day": "Saturday", "Time Stamp": "22:30:00", "Full Address": "N. H. 7, B'Lore-Hosur Main Road, Near Guest Line, Attibel Hobli, Anekal Taluk,Bengaluru Dist , Karnataka", "Road Name": "Hosur-Bangalore Main Road", "NH": "NH 44", "FIR Contents": "Date: 06-01-2020 at 10-00 in the morning, the gist of the complaint filed by the complainant at the police station is that my brother N. Manjunath is engaged to Deepti who lives in Hosur Town, Venkateswara Lay Out and the marriage was fixed on 12th and 13th February 2020. Date: 04-01-2020 Deepti came to Bangalore for marriage purchases. His babu will come. KA-04-GC-4712 left Bangalore at 09-30 PM in Activa Honda two wheeler. On the same day at around 12-15 o'clock Deepti's brother Karthik called me and informed that Manjunath and Difri were in Shri Sai Hospital due to an accident. I came to the hospital at night and saw that it was true that my relative Manjunath had bruises on his head, face, chest, arms and legs and was not able to speak. Deepti had bruises on her forehead, arms and legs. . H. 7, On Bangalore-Hosur main road near guest line circle while coming towards Hosur from Bengaluru direction, a piece of cement brick fell on the road and while trying to avoid it, the two wheeler lost control and hit the divider and as a result Manjunath and I fell on the road and were taken to the hospital by the public. Dated my own Manjunath who was seriously injured; Discharged from Shree Sai Hospital on 05-01-2020 and admitted to BMS, Basavanagudi, Bangalore for further treatment. He was admitted to hospital and did not recover after treatment.Date: 05-01-2020 11-15 PM, deceased, seeking legal action etc.", "Hit and Run": "No", "Type of Collision": "Skidding", "Cause of Collision": "Avoid Obstacle", "Road": "Main Road", "Context": "Cement Brick in the middle of the road. Swerved to Avoid. Hit the Crash Barriers", "Infrastructure No": null, "Infrastructure Yes": "Crash Barriers", "Additional": null, "General Comment": null, "Blackspot_Name": "Guddahatti Gate", "Added": null, "Type of Collision Cleaned": "Skidding", "Context Mapping": "Along Main Road", "Combinations": "Skidding,Along Main Road", "Time of Day": "Late Night (9-12)" }, "geometry": { "type": "Point", "coordinates": [ 77.74207, 12.78658 ] } },
{ "type": "Feature", "properties": { "fid": 176, "FIR_No": "0018/2020", "PolSt": "Attibele PS", "layer": "BR Vehicular Crash 2020", "ID": "0018/2020/Attibele PS", "Sub Division": "Anekal Sub Division", "Year": 2020, "Lat": 12.79239, "Long": 77.72728, "Count_Killed": 1, "Count_NonFatal": 4, "Total Victims": 5, "Victim Vehicle": "LMV", "Victim Age": "Unknown", "Victim Gender": "Male", "Victim02 Age": "-", "Victim02 Gender": "-", "Victim03 Age": "-", "Victim03 Gender": "-", "Accused Vehicle": "Lorry", "Accused Age": "Unknown", "Accused Gender": "Male", "Accused Vehicle 02": null, "Accused Age 02": "-", "Accused Gender 02": "-", "Day": "Saturday", "Time Stamp": "05:30:00", "Full Address": "Nh-7 Hosur Bangaluru Road, Near Ashok Layland, Service \nStation Neraluru, Anekal Taluk,Bengaluru Dist , Karnataka,", "Road Name": "Hosur-Bangalore Main Road", "NH": "NH 44", "FIR Contents": "The gist of the complaint filed by the plaintiff at the station on 11/01/2020 at around 3.00 pm is that I have earned my living as a mechanic. My respective Nizam Pasha and Imran, Wajeed Ahmed and Nawaz Khan, Nasrullah have booked KA-03-AF-7167 Nixon Zoom car on hire to go to Chennai and return from Chennai to Bangalore on 11/01/2020 morning around 05-30 hrs. On the H7 National Highway Hosur Bangalore Road, near Ashok Leyland Service Station near Neralur, a person named Nawaz Khan was driving a car and hit the back of a tipper lorry of TN-85-J-7070 which was parked on the road negligently without giving any indication and without putting any indicator. Then the entire front of the car was damaged, the rear of the tipper lorry was damaged, Nizam Pasha, Wajeed Ahmed and Imran who were in the car were injured on the head, hands and feet and Nawaz Khan and Nasrullah were also injured. Highway Ambulance sent the injured to Best Hospital for treatment. The point was true. A case has been registered after receiving the complaint that legal action should be taken against the above tipper lorry driver who caused this accident.", "Hit and Run": "No", "Type of Collision": "Hit from Back", "Cause of Collision": "Wrong Parking", "Road": "Main Road", "Context": null, "Infrastructure No": "No Parking Zones", "Infrastructure Yes": "Streetlights", "Additional": null, "General Comment": null, "Blackspot_Name": "Neraluru Bus Stop", "Added": null, "Type of Collision Cleaned": "Hit from Back", "Context Mapping": "Along Main Road", "Combinations": "Hit from Back,Along Main Road", "Time of Day": "Early Morning (4-7)" }, "geometry": { "type": "Point", "coordinates": [ 77.72728, 12.79239 ] } },
{ "type": "Feature", "properties": { "fid": 177, "FIR_No": "0023/2020", "PolSt": "Attibele PS", "layer": "BR Vehicular Crash 2020", "ID": "0023/2020/Attibele PS", "Sub Division": "Anekal Sub Division", "Year": 2020, "Lat": 12.77491, "Long": 77.77996, "Count_Killed": 1, "Count_NonFatal": 0, "Total Victims": 1, "Victim Vehicle": "2W", "Victim Age": "Unknown", "Victim Gender": "Male", "Victim02 Age": "-", "Victim02 Gender": "-", "Victim03 Age": "-", "Victim03 Gender": "-", "Accused Vehicle": "Bus", "Accused Age": "Unknown", "Accused Gender": "Male", "Accused Vehicle 02": "-", "Accused Age 02": "-", "Accused Gender 02": "-", "Day": "Friday", "Time Stamp": "12:00:00", "Full Address": "Nh7Hosur Bangalore Road, Near Attibele Border Arch, Attibele, Anekal Taluk,Bengaluru Dist , Karnataka,", "Road Name": "Hosur-Bangalore Main Road", "NH": "NH 44", "FIR Contents": " 8177 TVS XL was driving a two-wheeler and was crossing the NH7, Hosur-Bangalore main road near Attibele Border Arch when it was heading towards Bangalore from Hosur side TN29-N-2769 TNSTC. The bus driver drove at high speed and hit my husband's TVS, as a result of which he got a severe head injury, and he was brought dead by the time the Highway Ambulance took him to the hospital. The driver of TN-29-N-2769 TNS TC bus is responsible for my husband's death and I request legal action. I said in Tamil, typed in Kannada and filed a complaint, etc.", "Hit and Run": "Maybe", "Type of Collision": "Hit from Side", "Cause of Collision": "Overspeeding", "Road": "Main Road", "Context": "At undefined Intersection and Merge Point", "Infrastructure No": "No Speed Calming, No Signages, No Signal", "Infrastructure Yes": null, "Additional": "While 2w was crossing to the opp side of the main road", "General Comment": null, "Blackspot_Name": "Attibele Toll", "Added": null, "Type of Collision Cleaned": "Hit from Side", "Context Mapping": "Access Point", "Combinations": "Hit from Side,Access Point", "Time of Day": "Midday 1 (12-3)" }, "geometry": { "type": "Point", "coordinates": [ 77.77996, 12.77491 ] } },
{ "type": "Feature", "properties": { "fid": 178, "FIR_No": "0035/2020", "PolSt": "Attibele PS", "layer": "BR Vehicular Crash 2020", "ID": "0035/2020/Attibele PS", "Sub Division": "Anekal Sub Division", "Year": 2020, "Lat": 12.77874, "Long": 77.77012, "Count_Killed": 1, "Count_NonFatal": 0, "Total Victims": 1, "Victim Vehicle": "2W", "Victim Age": "24", "Victim Gender": "Male", "Victim02 Age": "-", "Victim02 Gender": "-", "Victim03 Age": "-", "Victim03 Gender": "-", "Accused Vehicle": "Unknown", "Accused Age": "Unknown", "Accused Gender": "Male", "Accused Vehicle 02": "-", "Accused Age 02": "-", "Accused Gender 02": "-", "Day": "Friday", "Time Stamp": "01:30:00", "Full Address": "NH-7 HOSUR BANGALURU MAIN ROAD, NEAR ATTIBELE ARCH ATTIBELE TOWN, ANEKAL TALUK,Bengaluru Dist , Karnataka,", "Road Name": "Hosur-Bangalore Main Road", "NH": "NH 44", "FIR Contents": "Date: On 31-01-2020 at 11-30 am in the morning, the gist of the complaint filed by the complainant is that V. Manohar age, 24 years from Sanubhoganapali village. Living with his parents, Manohar worked at Hudan Company in Bommanahalli. Manohar Date: On 30-01-2020 he went to work on a motorcycle as usual, at around 01-30 in the night Manohar's friend Muruli called me and while he and Manohar were coming from work, he was driving his motorcycle number KA-51-H D-1783 Honda Deem. He decided to take Manohar's motorcycle and both of them were coming back to town, Manohar went before him. I don't know where he has gone, he said he is not going if I call him, I also called Manohar's mobile but he didn't go, we got to know that he has gone somewhere, he is coming, on this day date: 31-01-2020 at 8-30 am near Atthibele Border Arch, Manohar has an accident. My father-in-law Venkatesh said. I came near Atthibele Border Arch and saw the dead body in Oxford Hospital, I went to the hospital and saw that Manohar had an accident and his head was bruised. H. 7, An accident occurred near the road divider on the Hosur-Bangalore main road, the motorcycle number KA-51-H D-1783 was at the place, my dear Manohar was driving a motorcycle from NH 7 Bangalore Hosur side and crossed near the arch sometime in the night. While going towards Bangalore Road, a vehicle which was going towards Bangalore from Hosur collided with it and left without stopping. As a result of the collision, Manohar's head was crushed and he was found dead on the spot. The driver of the vehicle who collided with the motorcycle and caused an accident and left without stopping at the spot is responsible, and because BETPL showed negligence in not putting barricades on the divider, the manager of BETPL is also responsible.", "Hit and Run": "Yes", "Type of Collision": "Hit from Side", "Cause of Collision": "Overspeeding", "Road": "Main Road", "Context": "at Undefined U turn, Merge Point, Attibele Toll ", "Infrastructure No": "No Speed Calming Elements, No Signages", "Infrastructure Yes": "High Mast Light (2022)", "Additional": null, "General Comment": null, "Blackspot_Name": "Attibele Intersection", "Added": "added", "Type of Collision Cleaned": "Hit from Side", "Context Mapping": "Access Point", "Combinations": "Hit from Side,Access Point", "Time of Day": "Mid Night(12-4)" }, "geometry": { "type": "Point", "coordinates": [ 77.77012, 12.77874 ] } },
{ "type": "Feature", "properties": { "fid": 179, "FIR_No": "0035/2020", "PolSt": "Attibele PS", "layer": "BR Vehicular Crash 2020", "ID": "0035/2020/Attibele PS", "Sub Division": "Anekal Sub Division", "Year": 2020, "Lat": 12.77491, "Long": 77.77996, "Count_Killed": 1, "Count_NonFatal": 0, "Total Victims": 1, "Victim Vehicle": "2W", "Victim Age": "24", "Victim Gender": "Male", "Victim02 Age": "-", "Victim02 Gender": "-", "Victim03 Age": "-", "Victim03 Gender": "-", "Accused Vehicle": "Unknown", "Accused Age": "Unknown", "Accused Gender": "Unknown", "Accused Vehicle 02": "-", "Accused Age 02": "-", "Accused Gender 02": "-", "Day": "Friday", "Time Stamp": "01:30:00", "Full Address": "Nh-7 Hosur Bangaluru Main Road, Near Attibele Arch Attibele \nTown, Anekal Taluk,Bengaluru Dist , Karnataka,", "Road Name": "Hosur-Bangalore Main Road", "NH": "NH 44", "FIR Contents": "31-01-2020 at 8-30 am, my father-in-law Venkatesh told me to go and see that there was an accident to Manohar near Attibele Border Arch. I came near Atthibele border arch and saw the dead body in Oxford hospital, I went to the hospital and saw that it was true that Manohar had an accident, his head was crushed, at the accident site, when I saw N near the arch. H. 7, An accident occurred near the road divider on the Hosur-Bangalore main road, the motorcycle number KA-51-H D-1783 was at the place, my dear Manohar was driving a motorcycle from NH 7 Bangalore Hosur side and crossed near the arch sometime in the night. While going towards Bangalore Road, a vehicle which was going towards Bangalore from Hosur collided with it and left without stopping. As a result of the collision, Manohar's head was crushed and he was found dead on the spot. The driver of the vehicle who collided with the motorcycle and caused an accident and left without stopping at the spot is at fault, and the BETPL manager was also at fault as the BETPL was negligent in not putting barricades on the divider, and legal action should be taken etc.\nA complaint is received and a case is registered.", "Hit and Run": "Yes", "Type of Collision": "Hit from Side", "Cause of Collision": "Rough Driving", "Road": "Main Road", "Context": "At undefined Intersection and Merge Point", "Infrastructure No": "No Speed Calming, No Signages, No Signal", "Infrastructure Yes": null, "Additional": "While 2w was crossing to the opp side of the main road", "General Comment": null, "Blackspot_Name": "Attibele Toll", "Added": null, "Type of Collision Cleaned": "Hit from Side", "Context Mapping": "Access Point", "Combinations": "Hit from Side,Access Point", "Time of Day": "Mid Night(12-4)" }, "geometry": { "type": "Point", "coordinates": [ 77.77996, 12.77491 ] } },
{ "type": "Feature", "properties": { "fid": 180, "FIR_No": "0044/2020", "PolSt": "Attibele PS", "layer": "BR Vehicular Crash 2020", "ID": "0044/2020/Attibele PS", "Sub Division": "Anekal Sub Division", "Year": 2020, "Lat": 12.78207, "Long": 77.77191, "Count_Killed": 1, "Count_NonFatal": 0, "Total Victims": 1, "Victim Vehicle": "2W", "Victim Age": "50", "Victim Gender": "Male", "Victim02 Age": "-", "Victim02 Gender": "-", "Victim03 Age": "-", "Victim03 Gender": "-", "Accused Vehicle": "LMV", "Accused Age": "Unknown", "Accused Gender": "Male", "Accused Vehicle 02": "-", "Accused Age 02": "-", "Accused Gender 02": "-", "Day": "Friday", "Time Stamp": "16:30:00", "Full Address": "ATTIBELE SARJAPURA ROAD, ATTIBELE TOWN, ANEKAL TALUK,Bengaluru Dist , Karnataka, 562107", "Road Name": "Attibele Sarjapaura Road", "NH": null, "FIR Contents": "The gist of the complaint filed at the police station on 07/02/2020 between 08-30 PM is that my husband 50 \n\nOne year old Srinivas K has done business by keeping a retail shop near our house. Today on 07/02/2020 around 06-00 hours in the evening while working at Shri Sai Hospital guest line circle, my elder sister's son Chandrasekhar phoned me and said that Chandrasekhar's uncle had an accident and brought him to our hospital for treatment. He told me to come soon. I immediately came and looked. My husband Srinivas is admitted in Sri Sai Hospital and is in ICU, after coming to know about the accident today around 04-30 hrs my husband was driving his Babu KA-53-EX-2653 TVS HEAVY DUTY motorcycle from Attibele towards Sarjapur on Sarjapur road Vaibhav Kalyanmantapada. KA-53-B-4472 was coming from Sarjapur side towards Atthibele while going ahead The driver of the TATA ACE drove his vehicle at high speed and carelessly and collided with the motorcycle that my husband was driving. Public is admitted in Sri Sai Hospital. KA-53-B-4472 TATA which collided with my husband Srinivas.", "Hit and Run": "Maybe", "Type of Collision": "Head On", "Cause of Collision": "Approaching from Wrong Side", "Road": "Main Road", "Context": "At U turn, Local Road Intersection", "Infrastructure No": "No Speed Calming Elements, No Signages", "Infrastructure Yes": null, "Additional": null, "General Comment": null, "Blackspot_Name": "Attibele Intersection", "Added": "added", "Type of Collision Cleaned": "Head On", "Context Mapping": "Service Road Junction", "Combinations": "Head On,Service Road Junction", "Time of Day": "Midday 2 (3-6)" }, "geometry": { "type": "Point", "coordinates": [ 77.77191, 12.78207 ] } },
{ "type": "Feature", "properties": { "fid": 181, "FIR_No": "0189/2020", "PolSt": "Attibele PS", "layer": "BR Vehicular Crash 2020", "ID": "0189/2020/Attibele PS", "Sub Division": "Anekal Sub Division", "Year": 2020, "Lat": 12.78684, "Long": 77.74043, "Count_Killed": 1, "Count_NonFatal": 0, "Total Victims": 1, "Victim Vehicle": "Lorry", "Victim Age": "45", "Victim Gender": "Male", "Victim02 Age": "-", "Victim02 Gender": "-", "Victim03 Age": "-", "Victim03 Gender": "-", "Accused Vehicle": "LMV", "Accused Age": "Unknown", "Accused Gender": "Unknown", "Accused Vehicle 02": "-", "Accused Age 02": "-", "Accused Gender 02": "-", "Day": "Tuesday", "Time Stamp": "22:00:00", "Full Address": "Nh , Hosur Bangalore Main Road, Near Guest Line, Opp \nSchneider Company,Guddatti,Bengaluru Dist , Karnataka,", "Road Name": "Hosur-Bangalore Main Road", "NH": "NH 44", "FIR Contents": "Date: 15-07-2020 at 8-30 am in the morning the complainant appeared in the police station and the gist of the complaint is that on date: 14-07-2020 my own Gandi KA-44-0165 tipper lorry was filled with dust load at around 10-00 pm at N.H. .7, Guest line while going towards Bangalore from Hosur side on Bangalore main road KA-51-AC-4322 Bolero pick-up vehicle driver near circle near Schneider Company stopped on the right side of the road negligently without putting any indicator or light system in the dark. My Tama Gandhi would have hit the rear of another vehicle which was going to the left The front of the lorry that was driving was completely damaged and as seen above, my brother was seriously injured and admitted to Chandapur Best Hospital, but my brother Gandhi did not recover from the treatment and died on 15-07-2020 at 03-20 in the morning. The driver of the KA-51-AC-4322 Bolero pick-up vehicle was parked on the highway illegally and negligently on the highway without any indicator, light system, etc.", "Hit and Run": "No", "Type of Collision": "Hit from Back", "Cause of Collision": "Wrong Parking", "Road": "Main Road", "Context": null, "Infrastructure No": "No demarcated Halting Zone, only undefined shoulder space to the left on the highway", "Infrastructure Yes": null, "Additional": null, "General Comment": null, "Blackspot_Name": "Guddahatti Gate", "Added": null, "Type of Collision Cleaned": "Hit from Back", "Context Mapping": "Along Main Road", "Combinations": "Hit from Back,Along Main Road", "Time of Day": "Late Night (9-12)" }, "geometry": { "type": "Point", "coordinates": [ 77.74043, 12.78684 ] } },
{ "type": "Feature", "properties": { "fid": 182, "FIR_No": "0254/2020", "PolSt": "Attibele PS", "layer": "BR Vehicular Crash 2020", "ID": "0254/2020/Attibele PS", "Sub Division": "Anekal Sub Division", "Year": 2020, "Lat": 12.78093, "Long": 77.76461, "Count_Killed": 1, "Count_NonFatal": 0, "Total Victims": 1, "Victim Vehicle": "2W", "Victim Age": "Unknown", "Victim Gender": "Male", "Victim02 Age": "-", "Victim02 Gender": "-", "Victim03 Age": "-", "Victim03 Gender": "-", "Accused Vehicle": "Lorry", "Accused Age": "Unknown", "Accused Gender": "Male", "Accused Vehicle 02": "LMV", "Accused Age 02": "-", "Accused Gender 02": "-", "Day": "Monday", "Time Stamp": "12:45:00", "Full Address": "Nh7 Bangalore Hosur Rd, Opp To Attibele Checkpost, Infront Of Narmada Bar, Anekal Taluk,Bengaluru Dist , Karnataka,", "Road Name": "Hosur-Bangalore Main Road", "NH": "NH 44", "FIR Contents": "On 07/09/2020 I left my home on my bike to go to work and came across a car showroom next to Narmada Bar opposite Attibele Check Post Bangalore Hosur NH7 Road at about 12-45 pm while going towards Attibele a motorcycle in front of me. He was traveling from Bangalore side when he collided with the back of a lorry parked on the left side of the Assam highway and fell on the right side of the road along with the bike. The driver of a car was driving his vehicle at high speed towards Hosur. He ran the wheel of the car. Immediately I and others went there and saw that the person lying on the road was our relative Shive Gowda, who died on the spot with bleeding injuries on his head and other parts. The lorry number was found to be TN28-BB-1852. The car number was found to be KA03-MV-4590, the front glass was smashed and the bonnet was dented. The bike number was found to be KA59-E-9580 which was also damaged. The driver of TN28-BB-1852 lorry recklessly stopped his lorry on the highway without giving any notice even without putting an indicator, even though he knew that vehicles should not be stopped on the highway. Shive Gowda came driving his bike and collided with the back of the lorry, when he fell on the right side of the road. He drove and came on Shive Gowda As our relative Shive Gowda voted on the spot, a case has been filed against the driver of the above TN 28-BB-1852 lorry and the driver of the KA-03 MV 4590 car who caused his death.", "Hit and Run": "No", "Type of Collision": "Hit from Back", "Cause of Collision": "Wrong Parking", "Road": "Main Road", "Context": null, "Infrastructure No": "No Parking Zones", "Infrastructure Yes": null, "Additional": null, "General Comment": null, "Blackspot_Name": "Attibele Checkpost", "Added": null, "Type of Collision Cleaned": "Hit from Back", "Context Mapping": "Along Main Road", "Combinations": "Hit from Back,Along Main Road", "Time of Day": "Midday 1 (12-3)" }, "geometry": { "type": "Point", "coordinates": [ 77.76461, 12.78093 ] } },
{ "type": "Feature", "properties": { "fid": 183, "FIR_No": "0282/2020", "PolSt": "Attibele PS", "layer": "BR Vehicular Crash 2020", "ID": "0282/2020/Attibele PS", "Sub Division": "Anekal Sub Division", "Year": 2020, "Lat": 12.78359, "Long": 77.75712, "Count_Killed": 1, "Count_NonFatal": 0, "Total Victims": 1, "Victim Vehicle": "Self", "Victim Age": "65", "Victim Gender": "Male", "Victim02 Age": "-", "Victim02 Gender": "-", "Victim03 Age": "-", "Victim03 Gender": "-", "Accused Vehicle": "2W", "Accused Age": "Self", "Accused Gender": "Self", "Accused Vehicle 02": "-", "Accused Age 02": "-", "Accused Gender 02": "-", "Day": "Thursday", "Time Stamp": "11:45:00", "Full Address": "Nh 7 Bangalore Hosur Service Road, Near La Classic Hotel, Oxford Hospital Turning,Bengaluru Dist , Karna", "Road Name": "Hosur-Bangalore Service Road", "NH": "NH 44", "FIR Contents": " When inquired about, at 11-45 in the morning, he came from Oxford Hospital Road and went to La Classic Hotel near N. H. At the turn of turning to 7 Bangalore Hosur Service Road, the Occlus two wheeler that my father was driving skidded and hit his head, he informed me that he went to his Jamir's place and took the injured father in the hospital ambulance and admitted him. My father is being treated at Shri Sai Hospital and he is not getting better from the treatment\nDate: Died on 03-10-2020 at 11-30 AM. When my father was returning from Oxford hospital after undergoing dialysis, he was speeding and swerved the two-wheeler at a turn, causing the vehicle to skid, as a result of which my father suffered a severe head injury and died, requesting further action etc.", "Hit and Run": "No", "Type of Collision": "Skidding", "Cause of Collision": "Overspeeding", "Road": "Service Road", "Context": "At T intersection service road and local road", "Infrastructure No": "No Speed Calming, No Signages", "Infrastructure Yes": null, "Additional": "While turning from local to service", "General Comment": null, "Blackspot_Name": "Yadavanahalli", "Added": null, "Type of Collision Cleaned": "Skidding", "Context Mapping": "Service Road Junction", "Combinations": "Skidding,Service Road Junction", "Time of Day": "Morning Rush Hour (7-12)" }, "geometry": { "type": "Point", "coordinates": [ 77.75712, 12.78359 ] } },
{ "type": "Feature", "properties": { "fid": 184, "FIR_No": "0331/2020", "PolSt": "Attibele PS", "layer": "BR Vehicular Crash 2020", "ID": "0331/2020/Attibele PS", "Sub Division": "Anekal Sub Division", "Year": 2020, "Lat": 12.77861, "Long": 77.77271, "Count_Killed": 1, "Count_NonFatal": 0, "Total Victims": 1, "Victim Vehicle": "2W", "Victim Age": "Unknown", "Victim Gender": "Male", "Victim02 Age": "-", "Victim02 Gender": "-", "Victim03 Age": "-", "Victim03 Gender": "-", "Accused Vehicle": "Lorry", "Accused Age": "Unknown", "Accused Gender": "Male", "Accused Vehicle 02": "-", "Accused Age 02": "-", "Accused Gender 02": "-", "Day": "Saturday", "Time Stamp": "02:00:00", "Full Address": "Nh7 Blore Hosur Service Rd, Near Shidlabasappa, Chowltry, \nInfront Of Govt School, Attibele,Bengaluru Dist , Karnataka, ", "Road Name": "Hosur-Bangalore Service Road", "NH": "NH 44", "FIR Contents": "Date: 07-11-2020 at 13-00 hrs in the afternoon at the accused station is the gist of the complaint that my son Shashank, 24 years old said that he has an urgent job in Hosur on Date: 06-11-2020 at around 10-00 hrs in the night, our Babu KA- 51-H A-6369 Deo went in the vehicle. Date: Morning on 07-11-2020\nAround 02-15 hrs someone called from my son's mobile phone and told your son Shashank that there was an accident in front of government school near Attibele Shiddabasappa Kalyan Mantapa on NH7 Bangalore Hosur Service Road and he was admitted to Sparsh Hospital. My son Shashank got severe injuries on his head, forehead and other parts and was not in a condition to speak. We have admitted my son Shashank to Bengaluru St. John's Hospital for further treatment from Parsha Hospital. This morning I went to the crime scene and saw my son's car lying on the road, a tipper lorry of KA59-1790 standing on the road, and inquired about the accident to my son. - 6369 DEO was driving from Bangalore towards Hosur at around 02-00 in the night when it collided with the back of a tipper lorry and my son Shashank got injured and was admitted to Sparsh Hospital by the highway staff. Since he was in the hospital to take legal action, he came now and filed a complaint and filed a case.", "Hit and Run": "Maybe", "Type of Collision": "Hit from Back", "Cause of Collision": "Unknown", "Road": "Service Road", "Context": null, "Infrastructure No": "No Speed Calming, No parking zone", "Infrastructure Yes": "Streetlights", "Additional": null, "General Comment": null, "Blackspot_Name": "Attibele Intersection", "Added": null, "Type of Collision Cleaned": "Hit from Back", "Context Mapping": "Along Service Road", "Combinations": "Hit from Back,Along Service Road", "Time of Day": "Mid Night(12-4)" }, "geometry": { "type": "Point", "coordinates": [ 77.77271, 12.77861 ] } },
{ "type": "Feature", "properties": { "fid": 185, "FIR_No": "0362/2020", "PolSt": "Attibele PS", "layer": "BR Vehicular Crash 2020", "ID": "0362/2020/Attibele PS", "Sub Division": "Anekal Sub Division", "Year": 2020, "Lat": 12.78607, "Long": 77.74849, "Count_Killed": 1, "Count_NonFatal": 0, "Total Victims": 1, "Victim Vehicle": "2W", "Victim Age": "28", "Victim Gender": "Male", "Victim02 Age": "-", "Victim02 Gender": "-", "Victim03 Age": "-", "Victim03 Gender": "-", "Accused Vehicle": "Lorry", "Accused Age": "Unknown", "Accused Gender": "Unknown", "Accused Vehicle 02": "-", "Accused Age 02": "-", "Accused Gender 02": "-", "Day": "Monday", "Time Stamp": "08:30:00", "Full Address": "Nh 7 Hosur Bangalore Main Road, Opp Accer Petrol, Bunk, Yadavanahalli Village, Attibele Hobli,Beng", "Road Name": "Hosur-Bangalore Main Road", "NH": "NH 44", "FIR Contents": "30-11-2020 morning Praveen drove the above Bajaj Pulsar motorcycle to go to work as usual and at about 08-30 in the morning, N. H. 7 Hosur Bangalore main road in front of Gel Tech Company near Yadavanhalli in front of Essar petrol station while going towards Bengaluru from Hosur side KA-01-AF-2661 Canter vehicle driver driving from Hosur side towards Bengaluru over speeding and carelessly hit Praveen's car and fell down. Praveen Kumar Prabhu got caught in the wheel of goods vehicle and got injuries on hip, back, stomach, chest, injured Praveen Kumar Prabhu was admitted to Sri Sai Hospital for treatment by local people, demanding legal action against the driver of canter vehicle KA-01-AF-2661 responsible for the accident etc. .", "Hit and Run": "Maybe", "Type of Collision": "Hit from Back", "Cause of Collision": "Overspeeding", "Road": "Main Road", "Context": "Near Merge Point", "Infrastructure No": "No Speed Calming, No Signages", "Infrastructure Yes": null, "Additional": "Undefined merge point", "General Comment": null, "Blackspot_Name": null, "Added": null, "Type of Collision Cleaned": "Hit from Back", "Context Mapping": "Access Point", "Combinations": "Hit from Back,Access Point", "Time of Day": "Morning Rush Hour (7-12)" }, "geometry": { "type": "Point", "coordinates": [ 77.74849, 12.78607 ] } },
{ "type": "Feature", "properties": { "fid": 186, "FIR_No": "0017/2020", "PolSt": "Hebbagodi PS", "layer": "BR Vehicular Crash 2020", "ID": "0017/2020/Hebbagodi PS", "Sub Division": "Anekal Sub Division", "Year": 2020, "Lat": 12.81464, "Long": 77.69256, "Count_Killed": 1, "Count_NonFatal": 0, "Total Victims": 1, "Victim Vehicle": "2W", "Victim Age": "25", "Victim Gender": "Male", "Victim02 Age": "-", "Victim02 Gender": "-", "Victim03 Age": "-", "Victim03 Gender": "-", "Accused Vehicle": "Lorry", "Accused Age": "Unknown", "Accused Gender": "Male", "Accused Vehicle 02": "-", "Accused Age 02": "-", "Accused Gender 02": "-", "Day": "Monday", "Time Stamp": "22:20:00", "Full Address": "Nh-7 Road, Near Rayal Enfield Byke Shoroom,, Bommasandra, Attibele Hobli, Anekal Tq,Bengaluru Dist , Karnata", "Road Name": "Hosur-Bangalore Main Road", "NH": "NH 44", "FIR Contents": " So Date: 13/01/2020 at 08.30 am Prashanth went to work as usual. I also went to work and came home at night. At around 10.45 pm, someone called me and said that your brother Prashant had an accident and was bleeding near the Bullet Showroom in Bommasandra. He said that you should come soon. Immediately I came with my friend Venkatesh and saw that my brother Prashant had died of bleeding due to an accident. After thinking about it, when his Babu, KA-59-H-0064 was coming home in his Honda Dio vehicle after finishing his work, KL-38-F- was coming in front of Royal N Field Bullet Showroom, Bangalore Hosur NH-7 Road, Bommasandra. 8786 The driver of the goods lorry drove his vehicle too fast and recklessly and collided with it from behind. A case has been filed against the driver of the above lorry who hit my own, and the complaint has been filed.\nAlong with this, the original petition is attached.", "Hit and Run": "Maybe", "Type of Collision": "Hit from Back", "Cause of Collision": "Overspeeding", "Road": "Main Road", "Context": "Near Merge Point", "Infrastructure No": "No Speed Humps , No Signages, No Segregation for heavy vehicles", "Infrastructure Yes": null, "Additional": "Undefined merge point", "General Comment": null, "Blackspot_Name": "Near BTL College Bus Stop", "Added": null, "Type of Collision Cleaned": "Hit from Back", "Context Mapping": "Access Point", "Combinations": "Hit from Back,Access Point", "Time of Day": "Late Night (9-12)" }, "geometry": { "type": "Point", "coordinates": [ 77.69256, 12.81464 ] } },
{ "type": "Feature", "properties": { "fid": 187, "FIR_No": "0032/2020", "PolSt": "Hebbagodi PS", "layer": "BR Vehicular Crash 2020", "ID": "0032/2020/Hebbagodi PS", "Sub Division": "Anekal Sub Division", "Year": 2020, "Lat": 12.82555, "Long": 77.68308, "Count_Killed": 2, "Count_NonFatal": 0, "Total Victims": 2, "Victim Vehicle": "Self", "Victim Age": "24", "Victim Gender": "Male", "Victim02 Age": "-", "Victim02 Gender": "-", "Victim03 Age": "-", "Victim03 Gender": "-", "Accused Vehicle": "LMV", "Accused Age": "27", "Accused Gender": "Male", "Accused Vehicle 02": "-", "Accused Age 02": "-", "Accused Gender 02": "-", "Day": "Friday", "Time Stamp": "23:50:00", "Full Address": "Bangaluru Hosur Nh 7 Road, Near Bommasandra Flyvr, Bommasandra, Attibele Hobali.,Bengaluru Dist , Karnataka", "Road Name": "Hosur-Bangalore Main Road", "NH": "NH 44", "FIR Contents": "Date: On 24-01-2020 when plaintiff Omkarappa was patrolling Hosur Bangalore NH 07 highway at night at around 11.50 hrs, the driver of KA-02 D-6102 Tata Sumo car Ashoka from Hosur towards Bangalore drove his car at high speed and recklessly and hit the median divider of the highway. Ashoka, who was driving KA-02 D-6102 Tata Sumo, and Pradeepa, who was sitting next to him, died on the spot due to severe blood injuries, etc.", "Hit and Run": "No", "Type of Collision": "Hit fixed object", "Cause of Collision": "Overspeeding", "Road": "Main Road", "Context": "Hit median", "Infrastructure No": null, "Infrastructure Yes": null, "Additional": null, "General Comment": "Late Night", "Blackspot_Name": "Hebbagodi Metro Station", "Added": null, "Type of Collision Cleaned": "Hit fixed object", "Context Mapping": "Along Main Road", "Combinations": "Hit fixed object,Along Main Road", "Time of Day": "Late Night (9-12)" }, "geometry": { "type": "Point", "coordinates": [ 77.68308, 12.82555 ] } },
{ "type": "Feature", "properties": { "fid": 188, "FIR_No": "0034/2020", "PolSt": "Hebbagodi PS", "layer": "BR Vehicular Crash 2020", "ID": "0034/2020/Hebbagodi PS", "Sub Division": "Anekal Sub Division", "Year": 2020, "Lat": 12.8075, "Long": 77.69805, "Count_Killed": 1, "Count_NonFatal": 0, "Total Victims": 1, "Victim Vehicle": "2W", "Victim Age": "Unknown", "Victim Gender": "Male", "Victim02 Age": "-", "Victim02 Gender": "-", "Victim03 Age": "-", "Victim03 Gender": "-", "Accused Vehicle": "Lorry", "Accused Age": "Unknown", "Accused Gender": "Male", "Accused Vehicle 02": "-", "Accused Age 02": "-", "Accused Gender 02": "-", "Day": "Sunday", "Time Stamp": "16:30:00", "Full Address": "Hosur - Bengaluru Nh-07 Road, Near A2B Hotel, Bommasandra, Anekal\nTq,Bengaluru Dist , Karnataka,", "Road Name": "Hosur-Bangalore Main Road", "NH": "NH 44", "FIR Contents": "the date; On 26-01-2020 at about 04.30 PM near A2B Hotel at Bommasandra, Hosur -\nOn the Bangalore NH-07 road, the driver of a container vehicle bearing registration number TN-30 AD-9355 coming from Hosur side, driving the vehicle at high speed and recklessly, rammed into the back of a motorcycle bearing registration number TN-25 Q-7840, which was proceeding on the same route. Vadivelu, a cyclist, had bleeding injuries and the injured Vadivelu was admitted to Sparsh Hospital at Bommasandra for treatment, etc.", "Hit and Run": "Maybe", "Type of Collision": "Hit from Back", "Cause of Collision": "Overspeeding", "Road": "Main Road", "Context": null, "Infrastructure No": "No Speed Humps , No Signages, No Segregation for heavy vehicles", "Infrastructure Yes": null, "Additional": null, "General Comment": null, "Blackspot_Name": "Kithiganahalli Bus Stop", "Added": null, "Type of Collision Cleaned": "Hit from Back", "Context Mapping": "Along Main Road", "Combinations": "Hit from Back,Along Main Road", "Time of Day": "Midday 2 (3-6)" }, "geometry": { "type": "Point", "coordinates": [ 77.69805, 12.8075 ] } },
{ "type": "Feature", "properties": { "fid": 189, "FIR_No": "0136/2020", "PolSt": "Hebbagodi PS", "layer": "BR Vehicular Crash 2020", "ID": "0136/2020/Hebbagodi PS", "Sub Division": "Anekal Sub Division", "Year": 2020, "Lat": 12.83872, "Long": 77.67781, "Count_Killed": 1, "Count_NonFatal": 0, "Total Victims": 1, "Victim Vehicle": "2W", "Victim Age": "Unknown", "Victim Gender": "Male", "Victim02 Age": "-", "Victim02 Gender": "-", "Victim03 Age": "-", "Victim03 Gender": "-", "Accused Vehicle": "Lorry", "Accused Age": "Unknown", "Accused Gender": "Male", "Accused Vehicle 02": "-", "Accused Age 02": "-", "Accused Gender 02": "-", "Day": "Tuesday", "Time Stamp": "01:00:00", "Full Address": "Osuru Bengaluru Nh 07 Road, Near Cauveramma Temple, Veerasandra,Bengaluru Dist , K", "Road Name": "Hosur-Bangalore Main Road", "NH": "NH 44", "FIR Contents": "Date: 05-05-2020 at 01.00 PM when Priyadudarradha Shri Tippeswamy was patrolling in a route patrolling vehicle near Kaveramma Temple, Hosur-Bangalore NH 07 road, Veerasandra, when the driver of TN 30 BQ 4223 lorry from Hosur side drove the lorry recklessly and over speeding. As a result of the collision with the KA 05 HM 1491 motorcycle that came and was going ahead, the motorcycle rider P. Anand's head and hands were severely bleeding. P. Anand, who was injured, was immediately sent to Parsha Hospital for treatment, but the treatment of P. Anand, who was severely injured, was ineffective and he died at 1.45 in the morning, etc.", "Hit and Run": "Maybe", "Type of Collision": "Hit from Back", "Cause of Collision": "Overspeeding", "Road": "Main Road", "Context": null, "Infrastructure No": "No Signages, No Segregation for Heavy Vehicles", "Infrastructure Yes": "Rumble Strips", "Additional": null, "General Comment": null, "Blackspot_Name": "Veerasandra Junction", "Added": null, "Type of Collision Cleaned": "Hit from Back", "Context Mapping": "Along Main Road", "Combinations": "Hit from Back,Along Main Road", "Time of Day": "Mid Night(12-4)" }, "geometry": { "type": "Point", "coordinates": [ 77.67781, 12.83872 ] } },
{ "type": "Feature", "properties": { "fid": 190, "FIR_No": "0158/2020", "PolSt": "Hebbagodi PS", "layer": "BR Vehicular Crash 2020", "ID": "0158/2020/Hebbagodi PS", "Sub Division": "Anekal Sub Division", "Year": 2020, "Lat": 12.82113, "Long": 77.6869, "Count_Killed": 3, "Count_NonFatal": 0, "Total Victims": 3, "Victim Vehicle": "2W", "Victim Age": "30", "Victim Gender": "Male", "Victim02 Age": "38", "Victim02 Gender": "Male", "Victim03 Age": "-", "Victim03 Gender": "-", "Accused Vehicle": "2W", "Accused Age": "26", "Accused Gender": "Male", "Accused Vehicle 02": "-", "Accused Age 02": "-", "Accused Gender 02": "-", "Day": "Monday", "Time Stamp": "21:15:00", "Full Address": "Hosur-Bang Nh 7 Road, Bommasandra Fly Over, Near Shetron Factory, Anekal \nTaluk,Bengaluru Dist , Karnataka,", "Road Name": "Hosur-Bangalore Main Road", "NH": "NH 44", "FIR Contents": "The gist of the complaint filed by Shri K.T.Manju, Route Patrolling Officer of the accused BETPL, who appeared at the station on 25-05-2020 at 11-30 PM is that on 25-05-2020, I and Umashankar were driving the route patrolling vehicle as the route patrolling officer. Shivanna was appointed and accordingly we were patrolling the Hosur-Bangalore NH7 road. At around 9-15 pm, while patrolling on Hosur-Bangalore NH 7 Road, Bommasandra Fi Oor, in the direction of Shetron Factory, a KA01 HV 7117 Bajaj Jominer motorcycle from Hosur side was over-speeded and recklessly driven by its rider, KA04 JC 5773 Jupiter Motor. Due to the collision with the bicycle, the motorcycles were overturned and the two occupants of the Jupiter motorcycle and the rider of the motorcycle who had been hit by the collision suffered severe bleeding injuries on the head, arms and legs. Immediately we went and saw that the hit motorcycle rider died on the spot, the Jupiter motorcycle rider and the rear rider had blood injuries on their heads and hands. I immediately sent them both to Sparsha Hospital in an ambulance. The name and address of the motorcycle rider who hit the collision was known as Manjunath bin Venkatesa, Ichhangur village, Anekal taluk. Among those who were sent to Sparsha Hospital in the ambulance, the driver of the motorcycle died on the road and the rear passenger died at the hospital at 10-50 pm due to ineffective treatment.\nIt was learned that the name of the dead person who was driving the Jupiter motorcycle was Omkar Naik bin Siddaramanayak and the rear rider was found to be M. Narappa bin Banneyappa. This accident was caused due to over speeding and careless driving of the deceased Manjunath, rider of the above mentioned KA01 HV 7117 Jominer motorcycle, and requested to come to the spot and take further legal action etc.", "Hit and Run": "No", "Type of Collision": "Hit from Back", "Cause of Collision": "Overspeeding", "Road": "Main Road", "Context": "Near Down Ramp", "Infrastructure No": "No Signages", "Infrastructure Yes": "Rumble Strips (6)", "Additional": null, "General Comment": null, "Blackspot_Name": "Bommasandra Metro Station", "Added": null, "Type of Collision Cleaned": "Hit from Back", "Context Mapping": "Up/Down Ramps", "Combinations": "Hit from Back,Up/Down Ramps", "Time of Day": "Late Night (9-12)" }, "geometry": { "type": "Point", "coordinates": [ 77.6869, 12.82113 ] } },
{ "type": "Feature", "properties": { "fid": 191, "FIR_No": "0293/2020", "PolSt": "Hebbagodi PS", "layer": "BR Vehicular Crash 2020", "ID": "0293/2020/Hebbagodi PS", "Sub Division": "Anekal Sub Division", "Year": 2020, "Lat": 12.80729, "Long": 77.69846, "Count_Killed": 2, "Count_NonFatal": 1, "Total Victims": 3, "Victim Vehicle": "Self", "Victim Age": "49", "Victim Gender": "Male", "Victim02 Age": "35", "Victim02 Gender": "Male", "Victim03 Age": "-", "Victim03 Gender": "-", "Accused Vehicle": "Lorry", "Accused Age": "Unknown", "Accused Gender": "Male", "Accused Vehicle 02": "-", "Accused Age 02": "-", "Accused Gender 02": "-", "Day": "Monday", "Time Stamp": "04:00:00", "Full Address": "Hosur-Bengalore Nh-07 Road, Opp Narayana Hospital, Bommasandra, Attibele Hobli,Bengaluru Dist , Karnat", "Road Name": "Hosur-Bangalore Main Road", "NH": "NH 44", "FIR Contents": "On 26/10/2020 at around 04.00 am the complainant Selvam and his neighbors Arivalagan, Madhu and Paun Raj loaded flowers in the Ashok Leyland Goods vehicle belonging to Babu KA-51, D-9594 Ashok Leyland Goods belonging to M Shettyhalli Kumar resident of their neighboring village. While coming on Hosur-Bangalore NH-07 road to go to Madiwala in Bangalore, Kumar over-speeded and recklessly drove the KA-51, D-9594 Ashok Leyland Goods vehicle directly to Narayana Hrudayalaya Hospital, Bommasandra and hit the liquor divider on the road, causing the vehicle to overturn and the vehicle was inside. Plaintiff Selvam's elbow was bleeding and Madu and Paun Raj who were in the vehicle died on the spot due to severe bleeding on head, face and hands, etc.", "Hit and Run": "Maybe", "Type of Collision": "Hit fixed object", "Cause of Collision": "Overturning", "Road": "Main Road", "Context": "Hit Median", "Infrastructure No": "Non Uniform Carriageway Width", "Infrastructure Yes": null, "Additional": "Late Night", "General Comment": null, "Blackspot_Name": "Kithiganahalli Bus Stop", "Added": null, "Type of Collision Cleaned": "Hit fixed object", "Context Mapping": "Along Main Road", "Combinations": "Hit fixed object,Along Main Road", "Time of Day": "Early Morning (4-7)" }, "geometry": { "type": "Point", "coordinates": [ 77.69846, 12.80729 ] } },
{ "type": "Feature", "properties": { "fid": 192, "FIR_No": "0298/2020", "PolSt": "Hebbagodi PS", "layer": "BR Vehicular Crash 2020", "ID": "0298/2020/Hebbagodi PS", "Sub Division": "Anekal Sub Division", "Year": 2020, "Lat": 12.81921, "Long": 77.68892, "Count_Killed": 1, "Count_NonFatal": 0, "Total Victims": 1, "Victim Vehicle": "2W", "Victim Age": "24", "Victim Gender": "Male", "Victim02 Age": "-", "Victim02 Gender": "-", "Victim03 Age": "-", "Victim03 Gender": "-", "Accused Vehicle": "Lorry", "Accused Age": "Unknown", "Accused Gender": "Male", "Accused Vehicle 02": "-", "Accused Age 02": "-", "Accused Gender 02": "-", "Day": "Friday", "Time Stamp": "19:30:00", "Full Address": "Bengaluru-Hosur Nh-07 Road, Bommasandra Fly-Over, Bommasandra, Anekal Tq,Bengaluru Dist , Karnatak", "Road Name": "Hosur-Bangalore Main Road", "NH": "NH 44", "FIR Contents": "the date; On 30-10-2020 at around 07.30 pm, the complainant Mr. Venkatesh was working as a security guard at the repair work on Bommasandra fly-over on Bangalore - Hosur NH-07 road, when the driver of TN-28 AE-9189 lorry, which was coming from Bangalore towards Hosur, Speed ​​up the lorry and. As a result of careless driving and collision with the motorcycle AP-39 DQ-0220 which was proceeding on the same route, the motorcycle rider Surendra G. suffered severe blood injuries on the chest, abdomen and other parts. Surendra.ji, who was injured, was sent to Sparsh Hospital for treatment, AP-39 DQ-0220 motorcycle rider Surendra.ji, who was sent to Sparsh Hospital for treatment, died, etc.", "Hit and Run": "Maybe", "Type of Collision": "Hit from Back", "Cause of Collision": "Overspeeding", "Road": "Main Road", "Context": null, "Infrastructure No": "No Speed Humps , No Signages, No Segregation for heavy vehicles", "Infrastructure Yes": null, "Additional": null, "General Comment": null, "Blackspot_Name": "Bommasandra Metro Station", "Added": null, "Type of Collision Cleaned": "Hit from Back", "Context Mapping": "Along Main Road", "Combinations": "Hit from Back,Along Main Road", "Time of Day": "Evening Rush Hour (6-9)" }, "geometry": { "type": "Point", "coordinates": [ 77.68892, 12.81921 ] } },
{ "type": "Feature", "properties": { "fid": 193, "FIR_No": "0300/2020", "PolSt": "Hebbagodi PS", "layer": "BR Vehicular Crash 2020", "ID": "0300/2020/Hebbagodi PS", "Sub Division": "Anekal Sub Division", "Year": 2020, "Lat": 12.80889, "Long": 77.69695, "Count_Killed": 1, "Count_NonFatal": 0, "Total Victims": 1, "Victim Vehicle": "2W", "Victim Age": "30", "Victim Gender": "Male", "Victim02 Age": "-", "Victim02 Gender": "-", "Victim03 Age": "-", "Victim03 Gender": "-", "Accused Vehicle": "Lorry", "Accused Age": "Unknown", "Accused Gender": "Male", "Accused Vehicle 02": "-", "Accused Age 02": "-", "Accused Gender 02": "-", "Day": "Sunday", "Time Stamp": "11:45:00", "Full Address": "Hosur-Bengalore Nh-07 Road, Opp Mahindra Service, Station, Bommasandra, Attibele Hobli, Anekal Tq,Bengaluru Dist , K", "Road Name": "Hosur-Bangalore Main Road", "NH": "NH 44", "FIR Contents": "Petitioner Mr. Vinayakumar K.S came to the police station on this day 01/11/2020 at 01.00 in the afternoon.\nThe gist of the present complaint is that on this day dated 01-11-2020 I was told in a route patrolling vehicle, route\nMuniraju has been appointed as patrolling officer and driver and accordingly we are Hosur-Bangalore.\nWe were patrolling on NH7 service road. Hosur-Bangalore NH at around 11-45 am\n7 Service Road, Hosur on National Highway while patrolling near Mahendra Service Station at Bommasandra.\nThe tipper lorry of KA51 B 6026 from the side was driven too fast and recklessly by the driver and came forward.\nThe traveling KA09 EA 4432 collided with the Pulsar motorcycle causing the motorcycle to overturn and the motor\nThe cyclist suffered bleeding injuries on his head, arms and legs, and was immediately taken to Parsha Hospital for treatment in a vehicle.\nWe have taken it and registered it. His name and address are known, Rajasekhara Bin Shivanna, Vinayakanagar,\nIt was learned that Hebbagodi lived. So against the tipper lorry driver of KA51 B 6026 who caused this accident\nI request legal action.", "Hit and Run": "Maybe", "Type of Collision": "Hit from Back", "Cause of Collision": "Overspeeding", "Road": "Main Road", "Context": null, "Infrastructure No": "No Speed Humps , No Signages, No Segregation for heavy vehicles", "Infrastructure Yes": null, "Additional": null, "General Comment": null, "Blackspot_Name": "Kithiganahalli Bus Stop", "Added": null, "Type of Collision Cleaned": "Hit from Back", "Context Mapping": "Along Main Road", "Combinations": "Hit from Back,Along Main Road", "Time of Day": "Morning Rush Hour (7-12)" }, "geometry": { "type": "Point", "coordinates": [ 77.69695, 12.80889 ] } },
{ "type": "Feature", "properties": { "fid": 194, "FIR_No": "0322/2020", "PolSt": "Hebbagodi PS", "layer": "BR Vehicular Crash 2020", "ID": "0322/2020/Hebbagodi PS", "Sub Division": "Anekal Sub Division", "Year": 2020, "Lat": 12.82342, "Long": 77.685, "Count_Killed": 1, "Count_NonFatal": 0, "Total Victims": 1, "Victim Vehicle": "2W", "Victim Age": "20", "Victim Gender": "Male", "Victim02 Age": "-", "Victim02 Gender": "-", "Victim03 Age": "-", "Victim03 Gender": "-", "Accused Vehicle": "Lorry", "Accused Age": "Unknown", "Accused Gender": "Male", "Accused Vehicle 02": "-", "Accused Age 02": "-", "Accused Gender 02": "-", "Day": "Saturday", "Time Stamp": "10:30:00", "Full Address": "Bang- Hosur Nh-7 Road,, Near Bata Showroom, Bommasandraattibele Hobli,,Bengaluru Dist , Karnataka,", "Road Name": "Hosur-Bangalore Main Road", "NH": "NH 44", "FIR Contents": "The summary of the complaint submitted by Shankar on 21-11-2020 at 11-30 am is that on 21-11-2020 at 10-30 am Vimal in KA01 EB 467 Honda Activa motorcycle Bangalore-Hosur NH 7 road, From the back while going straight to the Bata showroom of Bommasandra The lorry of TN34 AF 1199 was driven at high speed and carelessly and the motorcycle collided with it and Vimal died on the spot due to severe bleeding on his head, hands and feet. TN34 AF 1199 Legal action to be taken against lorry driver etc.", "Hit and Run": "Maybe", "Type of Collision": "Hit from Back", "Cause of Collision": "Overspeeding", "Road": "Main Road", "Context": "Near Merge Point", "Infrastructure No": "No Speed Humps , No Signages, No Segregation for heavy vehicles", "Infrastructure Yes": null, "Additional": "Undefined merge point", "General Comment": null, "Blackspot_Name": "Bommasandra Metro Station", "Added": null, "Type of Collision Cleaned": "Hit from Back", "Context Mapping": "Access Point", "Combinations": "Hit from Back,Access Point", "Time of Day": "Morning Rush Hour (7-12)" }, "geometry": { "type": "Point", "coordinates": [ 77.685, 12.82342 ] } },
{ "type": "Feature", "properties": { "fid": 195, "FIR_No": "0335/2020", "PolSt": "Hebbagodi PS", "layer": "BR Vehicular Crash 2020", "ID": "0335/2020/Hebbagodi PS", "Sub Division": "Anekal Sub Division", "Year": 2020, "Lat": 12.81407, "Long": 77.69304, "Count_Killed": 1, "Count_NonFatal": 1, "Total Victims": 2, "Victim Vehicle": "2W", "Victim Age": "45", "Victim Gender": "Male", "Victim02 Age": "-", "Victim02 Gender": "-", "Victim03 Age": "-", "Victim03 Gender": "-", "Accused Vehicle": "Lorry", "Accused Age": "Unknown", "Accused Gender": "Male", "Accused Vehicle 02": "-", "Accused Age 02": "-", "Accused Gender 02": "-", "Day": "Saturday", "Time Stamp": "03:30:00", "Full Address": "Bengaluru - Hosur Nh-07 Road. Near Royal Enfield, Showroom. Bommasandra,Bengaluru Dist , K", "Road Name": "Hosur-Bangalore Main Road", "NH": "NH 44", "FIR Contents": "the date; On 05-12-2020 at 04.00 AM the complainant Mr. Shanthakumar.I took Vijayarangan.S who works in his company on motorcycle KA-08 L-8576 to go towards Hosur from Bommasandra Industrial Area on Bangalore - Hosur NH-07 road. While coming, morning near Royal N Field Showroom at Bommasandra, At 04.00 hours, the driver of an unknown lorry coming towards Hosur from Bangalore drove the lorry recklessly and at high speed and hit the motorcycle KA-08 L-8576 of the complainants Mr. Shanthakumar.I and Vijayarangan.S. , Mr. Shanthakumar, the accused who was driving a motorcycle He had minor bruises, Vijayarangan.S, who was the rear rider of the motorcycle, had severe bleeding injuries and the injured Vijayarangan.S was admitted to Sparsh Hospital for treatment, etc.", "Hit and Run": "Maybe", "Type of Collision": "Hit from Back", "Cause of Collision": "Overspeeding", "Road": "Main Road", "Context": "Near Merge Point", "Infrastructure No": "No Speed Humps , No Signages, No Segregation for heavy vehicles", "Infrastructure Yes": null, "Additional": "Undefined merge point", "General Comment": null, "Blackspot_Name": "Near BTL College Bus Stop", "Added": null, "Type of Collision Cleaned": "Hit from Back", "Context Mapping": "Access Point", "Combinations": "Hit from Back,Access Point", "Time of Day": "Mid Night(12-4)" }, "geometry": { "type": "Point", "coordinates": [ 77.69304, 12.81407 ] } },
{ "type": "Feature", "properties": { "fid": 196, "FIR_No": "0353/2020", "PolSt": "Hebbagodi PS", "layer": "BR Vehicular Crash 2020", "ID": "0353/2020/Hebbagodi PS", "Sub Division": "Anekal Sub Division", "Year": 2020, "Lat": 12.83208, "Long": 77.68056, "Count_Killed": 1, "Count_NonFatal": 1, "Total Victims": 2, "Victim Vehicle": "2W", "Victim Age": "31", "Victim Gender": "Male", "Victim02 Age": "8", "Victim02 Gender": "Male", "Victim03 Age": "-", "Victim03 Gender": "-", "Accused Vehicle": "Lorry", "Accused Age": "Unknown", "Accused Gender": "Male", "Accused Vehicle 02": "-", "Accused Age 02": "-", "Accused Gender 02": "-", "Day": "Monday", "Time Stamp": "14:00:00", "Full Address": "Bang-Hosur Nh-7 Road, Infront Of Biocon Company, Hebbagodi, Attibele Hobli, Anekal Taluk,Bengaluru Dist , Karnataka", "Road Name": "Hosur-Bangalore Main Road", "NH": "NH 44", "FIR Contents": "On 21-12-2020 at 2-00 PM Mr. Kumar, the Route Patrolling Officer of the accused BTTPL, attended the police station in summary of the complaint that on this day 21-12-2020 I and Thippeswamy were appointed as Route Patrolling Officers in the Route Patrolling Vehicle. , accordingly we were patrolling the Bangalore - Hosur NH7 road. Around 2:00 PM, we were patrolling the Bangalore-Hosur NH 7 road, in front of Hebbagodi Biocon in a vehicle. At the same time, the driver of our front lorry TN52 H 5842 was driving too fast and carelessly and rammed into the scooter KA51 HL 4748 deo going ahead, the wheel of the lorry fell on the head of the motorcycle rider and he died on the spot. The child who was with him has injuries on his face and hands. I have sent the injured child to Sparsha Hospital for treatment. The deceased scooter rider was identified as Muruli bin Kasurayan, Mangammanapally, Bangalore, while the injured child was identified as Harisudhan, an 8-year-old child of Muruli. As this accident was caused due to over speed and carelessness of the driver of the above lorry of TN52 H 5842, legal action is requested against him etc.", "Hit and Run": "No", "Type of Collision": "Hit from Back", "Cause of Collision": "Overspeeding", "Road": "Main Road", "Context": null, "Infrastructure No": "No Speed Humps , No Signages, No Segregation for heavy vehicles", "Infrastructure Yes": null, "Additional": null, "General Comment": null, "Blackspot_Name": "Hebbagodi Metro Station", "Added": null, "Type of Collision Cleaned": "Hit from Back", "Context Mapping": "Along Main Road", "Combinations": "Hit from Back,Along Main Road", "Time of Day": "Midday 1 (12-3)" }, "geometry": { "type": "Point", "coordinates": [ 77.68056, 12.83208 ] } },
{ "type": "Feature", "properties": { "fid": 197, "FIR_No": "0354/2020", "PolSt": "Hebbagodi PS", "layer": "BR Vehicular Crash 2020", "ID": "0354/2020/Hebbagodi PS", "Sub Division": "Anekal Sub Division", "Year": 2020, "Lat": 12.80715, "Long": 77.69839, "Count_Killed": 2, "Count_NonFatal": 0, "Total Victims": 2, "Victim Vehicle": "2W", "Victim Age": "Unknown", "Victim Gender": "Male", "Victim02 Age": "30", "Victim02 Gender": "Female", "Victim03 Age": "-", "Victim03 Gender": "-", "Accused Vehicle": "Lorry", "Accused Age": "Unknown", "Accused Gender": "Male", "Accused Vehicle 02": "-", "Accused Age 02": "-", "Accused Gender 02": "-", "Day": "Monday", "Time Stamp": "19:20:00", "Full Address": "Hosur-Bang Nh 7 Road, Near Nh Hospital, Bommasandr, Attibele Hobli, Anekal \nTaluk,Bengaluru Dist , Karnataka, ", "Road Name": "Hosur-Bangalore Main Road", "NH": "NH 44", "FIR Contents": "The gist of the complaint lodged by the accused Kumar at the police station on 21-12-2020 at 8-30 PM is that\nROUTE PATROL OFFICER IN ROUTE PATROL VEHICLE FOR ME AND THIPPESWAMY ON 21-12-2020\nAs appointed, we used to patrol the Hosur-Bangalore NH7 road. Around night\n7-20 Hours Hosur - Bangalore NH 7 Road, Bomasandra Directly Near Narayana Hrudayalaya Hospital\nWe were going on patrol. At the same time the driver of the container lorry of our predecessor MH46 H 2397 was over speeding and\nKA05 KX 3711 Honda Dio Axis scooter which was driving recklessly\nDue to the collision, the person on the motorcycle fell down and the wheel of the container lorry fell on the motorcycle rider.\nHe died on the spot with a tear on his head. The person who was sitting in the back also suffered serious bleeding injuries on his head and hands\nHe died on the spot. The name of the deceased scooter rider was Wasim Ullah, Bin Mohammad Shafiwullah, the rear rider.\nIt was learned that his name was Umar and that both of them were residents of Bharati Nagar, Bangalore. This accident is MH46 H 2397 above\nA container lorry was hit by a driver over-speeding and recklessly.\nI would like to take legal action against him because of what has happened and so on.", "Hit and Run": "Maybe", "Type of Collision": "Hit from Back", "Cause of Collision": "Overspeeding", "Road": "Main Road", "Context": null, "Infrastructure No": "No Speed Humps , No Signages, No Segregation for heavy vehicles", "Infrastructure Yes": null, "Additional": null, "General Comment": null, "Blackspot_Name": "Kithiganahalli Bus Stop", "Added": null, "Type of Collision Cleaned": "Hit from Back", "Context Mapping": "Along Main Road", "Combinations": "Hit from Back,Along Main Road", "Time of Day": "Evening Rush Hour (6-9)" }, "geometry": { "type": "Point", "coordinates": [ 77.69839, 12.80715 ] } },
{ "type": "Feature", "properties": { "fid": 198, "FIR_No": "0010/2020", "PolSt": "Suryanagar PS", "layer": "BR Vehicular Crash 2020", "ID": "0010/2020/Suryanagar PS", "Sub Division": "Anekal Sub Division", "Year": 2020, "Lat": 12.7804, "Long": 77.76647, "Count_Killed": 1, "Count_NonFatal": 0, "Total Victims": 1, "Victim Vehicle": "2W", "Victim Age": "32", "Victim Gender": "Male", "Victim02 Age": "-", "Victim02 Gender": "-", "Victim03 Age": "-", "Victim03 Gender": "-", "Accused Vehicle": "Lorry", "Accused Age": "Unknown", "Accused Gender": "Male", "Accused Vehicle 02": "-", "Accused Age 02": "-", "Accused Gender 02": "-", "Day": "Saturday", "Time Stamp": "16:00:00", "Full Address": "BALAGARANAHALLI BANDAPURA ROAD, NEAR SATHYA SAI ENCLAVE LAYOUT ATTIBELE HOBALI,Bengaluru Dist , Karnataka,", "Road Name": "Balagaranahalli Bandapura Road", "NH": null, "FIR Contents": "On this date: 18-01-2020 at 19-40 hours in the night accused M. The gist of the complaint filed by Lakshmayya Bin Late Muniswamappa is that he has two sons, the eldest son Rajkumar works in the garden and the second son L. Mohan is about 32 years old and has worked in Bengaluru Power Transmission Corporation on contract basis at high wages. On this date: 18-01-2020 at around 4.00 pm while on duty KA-51, HF-2219 was coming towards Bandapur via Balagaranahalli on a Honda Activa motorcycle, KA-02, A was coming from Bandapur towards Balagaranahalli. .A-7156 Driver of Bolero Goods vehicle was over speeding and reckless. My elder brother's son M. Balaraju told me over the phone that as a result of driving and hitting my son's motorcycle, my son got a severe injury on his head, right arm and hip area. Writ issued to prosecute driver of bolero vehicle for causing death of my son by driving bolero vehicle recklessly and speeding .: 10/2020, 50: 279-304(2) 2.2.4. /2 187 2.2.2.. , \n\nInvestigation will be done. (The original complaint is attached herewith", "Hit and Run": "Maybe", "Type of Collision": "Head On", "Cause of Collision": "Overspeeding", "Road": "Service Road", "Context": "Two Way Service Road", "Infrastructure No": "No Segregation for Heavy Vehicles, No Speed Calming, No Signages", "Infrastructure Yes": null, "Additional": null, "General Comment": null, "Blackspot_Name": "Attibele Check Post", "Added": "added", "Type of Collision Cleaned": "Head On", "Context Mapping": "Along Service Road", "Combinations": "Head On,Along Service Road", "Time of Day": "Midday 2 (3-6)" }, "geometry": { "type": "Point", "coordinates": [ 77.76647, 12.7804 ] } },
{ "type": "Feature", "properties": { "fid": 199, "FIR_No": "0098/2020", "PolSt": "Suryanagar PS", "layer": "BR Vehicular Crash 2020", "ID": "0098/2020/Suryanagar PS", "Sub Division": "Anekal Sub Division", "Year": 2020, "Lat": 12.80073, "Long": 77.71336, "Count_Killed": 1, "Count_NonFatal": 1, "Total Victims": 2, "Victim Vehicle": "2W", "Victim Age": "35", "Victim Gender": "Male", "Victim02 Age": "22", "Victim02 Gender": "Male", "Victim03 Age": "-", "Victim03 Gender": "-", "Accused Vehicle": "Lorry", "Accused Age": "Unknown", "Accused Gender": "Unknown", "Accused Vehicle 02": "-", "Accused Age 02": "-", "Accused Gender 02": "-", "Day": "Saturday", "Time Stamp": "00:00:00", "Full Address": "Bangalore Hosur N H 7 Service Road Infront Of R K, Dhaba \nHale Chandapura Anekal Tq,Bengaluru Dist , Karnataka,", "Road Name": "Hosur-Bangalore Service Road", "NH": "NH 44", "FIR Contents": " On the night of 16/05/2020, when I was standing near our house after my meal, Ashok Kumar came walking near our house, then I told Ashok Kumar that I don't have petrol in my two-wheeler, let's get petrol at the petrol station near Tirumagondanahalli, come with me. Ashok Kumar agreed. Our mother Babu in KA51-H Ka-1606 two-wheeler. I sat in the back seat and Ashok Kumar drove the D-wheeler and came to the petrol station near Tirumagondanahalli and bought petrol and returned from Tirumagondanahalli to Old Chandapur. 07 Main Road Side Service The on the road. On 16/05/2020 at around 09-45 hours, on the road of RK Dhaba in front of us, a lorry driver in front of us was driving his lorry at high speed and the driver of the lorry braked suddenly without giving any warning and Ashok Kumar was behind the lorry. Ashok Kumar and I collided with the back of a lorry as the above two-wheeler was driving.\nThe two fell on the road along with the two-wheeler. I have a bump on my left cheek and left leg. Ashok Kumar's head was severely bleeding and his leg was cut, the number of the lorry at the spot was TN 73-C-7369, then the public at the spot sat me and Ashok Kumar in some vehicle and took me and Ashok Kumar to the Best Hospital for treatment. . Ashok Kumar was taken to Swarsha Hospital, later I came to know that Ashok Kumar, who was being treated at Parsha Hospital, died on 16-05-2020 at 10-45 PM due to ineffective treatment. Therefore, I request that legal action be taken against the driver of the above lorry who caused this accident. While I was being treated as an inpatient in the best hospital, when the police of Suryanagar police station came to the hospital and visited me, I had given my statement on the authority of the doctor.", "Hit and Run": "Maybe", "Type of Collision": "Hit from Back", "Cause of Collision": "Overspeeding", "Road": "Service Road", "Context": "Sudden Brake", "Infrastructure No": "No Signage, No Segregation of Heavy Vehicles", "Infrastructure Yes": null, "Additional": null, "General Comment": null, "Blackspot_Name": "Chandapura Rail Bridge", "Added": null, "Type of Collision Cleaned": "Hit from Back", "Context Mapping": "Along Service Road", "Combinations": "Hit from Back,Along Service Road", "Time of Day": "Mid Night(12-4)" }, "geometry": { "type": "Point", "coordinates": [ 77.71336, 12.80073 ] } },
{ "type": "Feature", "properties": { "fid": 200, "FIR_No": "0151/2020", "PolSt": "Suryanagar PS", "layer": "BR Vehicular Crash 2020", "ID": "0151/2020/Suryanagar PS", "Sub Division": "Anekal Sub Division", "Year": 2020, "Lat": 12.80102, "Long": 77.71303, "Count_Killed": 1, "Count_NonFatal": 0, "Total Victims": 1, "Victim Vehicle": "2W", "Victim Age": "37", "Victim Gender": "Male", "Victim02 Age": "-", "Victim02 Gender": "-", "Victim03 Age": "-", "Victim03 Gender": "-", "Accused Vehicle": "Unknown", "Accused Age": "Unknown", "Accused Gender": "Male", "Accused Vehicle 02": "-", "Accused Age 02": "-", "Accused Gender 02": "-", "Day": "Friday", "Time Stamp": "18:30:00", "Full Address": "Infront Of Accumen Tools Factory, Hosur Bangalore, Nh-7 \nRoad, Hale Chandapura, Anekal Tq,Bengaluru Dist , Karnataka,", "Road Name": "Hosur-Bangalore Main Road", "NH": "NH 44", "FIR Contents": "Date: 31/07/2020 at around 9-00 pm someone call me. He told that his relative Kumar had an accident on the road opposite ACCUMEN TOOLS FACTORY on Hosur-Bangalore NH-7 main road near Halachandapur and Kumar was admitted to Nimhans Hospital in Bangalore for treatment. Immediately I went to the hospital and saw that it was true. My husband had severe head and leg bruises, and also bruises on his arms and legs. After inquiry, I learned that after finishing the work, my brother Kumar drove the above motorcycle on his way back home from Halechandapur to Maragondanahalli Date: 31/07/2020 around 6-30 pm, and reached R.K. of Halechandapur village. While taking a U-turn opposite the dhaba and turning the motorcycle towards the Hosur-Bangalore NH-7 main road, a driver of a vehicle coming from the Hosur side towards Bangalore drove his vehicle at high speed and recklessly and hit my motorcycle. As a result of leaving the vehicle without stopping, my relative Kumar along with the motorcycle fell on the road. When I left, I came to know that I was hit on the head, legs and feet and had a bleeding wound. The public there put him in a vehicle and took him to Anekal Sakkari Hospital for treatment. While undergoing treatment at Nimmans Hospital, my cousin Kumar died on Date: 01/08/2020 at around 3-30 am, the doctor said. Therefore, the vehicle that caused this accident and left without stopping the vehicle and the driver were found and the complaint was filed against the driver of the vehicle and a case was registered and investigation was carried out. The original petition is attached herewith and submitted.", "Hit and Run": "Yes", "Type of Collision": "Hit from Side", "Cause of Collision": "Overspeeding", "Road": "Main Road", "Context": "At U turn and merge point", "Infrastructure No": "No Signage, No Segregation of Heavy Vehicles", "Infrastructure Yes": "Signal, Speed humps 50 metres away from intersection ", "Additional": "Undefined U turn/ Intersection", "General Comment": null, "Blackspot_Name": "Chandapura Rail Bridge", "Added": null, "Type of Collision Cleaned": "Hit from Side", "Context Mapping": "Access Point", "Combinations": "Hit from Side,Access Point", "Time of Day": "Evening Rush Hour (6-9)" }, "geometry": { "type": "Point", "coordinates": [ 77.71303, 12.80102 ] } },
{ "type": "Feature", "properties": { "fid": 201, "FIR_No": "0245/2020", "PolSt": "Suryanagar PS", "layer": "BR Vehicular Crash 2020", "ID": "0245/2020/Suryanagar PS", "Sub Division": "Anekal Sub Division", "Year": 2020, "Lat": 12.80208, "Long": 77.71172, "Count_Killed": 1, "Count_NonFatal": 0, "Total Victims": 1, "Victim Vehicle": "2W", "Victim Age": "39", "Victim Gender": "Male", "Victim02 Age": "-", "Victim02 Gender": "-", "Victim03 Age": "-", "Victim03 Gender": "-", "Accused Vehicle": "Lorry", "Accused Age": "Unknown", "Accused Gender": "Male", "Accused Vehicle 02": "-", "Accused Age 02": "-", "Accused Gender 02": "-", "Day": "Friday", "Time Stamp": "18:10:00", "Full Address": "Infront Of Mini Factory, Service Road, Bangalore, Hosur \nNh-7 Road, Halechandapura, Anekal Tq,Bengaluru Dist , Karnataka,", "Road Name": "Hosur-Bangalore Service Road", "NH": "NH 44", "FIR Contents": "Date : 06/11/2020 At 9-15 PM Mr. Anand.S bin Srinivasa Reddy appeared in the police station, what is the summary of the complaint? After finishing, then in the evening to go back home, our brother Prabhakar Reddy was driving Babu KA-01 HS-3960 two wheeler. I am my Babu behind our brother. Around 6-10 pm on a motorcycle, on the service road next to the Bangalore-Hosur NH-7 main road, in front of the main factory of Halechandapur village, while going towards Chandapur from Neralur side, a lorry driver from the opposite direction i.e. from Chandapur towards Neralur village drove his lorry at high speed and recklessly. He came and went to the two-wheeler, which was being driven by our elder brother As a result of the collision, our elder brother fell on the road along with the above mentioned two-wheeler. Immediately I stopped my motorcycle on the side of the road and went to the spot to see that our elder brother had a severe bump on his head and right hand and had a cut wound on his arms and legs. The number of the lorry at the spot was found to be KA-51 D-7255. Immediately I called the ambulance of the best hospital, when our elder brother was taken to the best hospital for treatment, the doctor of the best hospital examined him and told him that he was dead around 6-30 pm. A case has been registered and investigation has been conducted based on the complaint that legal action should be taken against the driver of the above lorry who caused this accident and caused the death of our elder brother. The original petition is attached herewith and submitted.", "Hit and Run": "Maybe", "Type of Collision": "Head On", "Cause of Collision": "Overspeeding", "Road": "Service Road", "Context": "At Local Road T intersection and Merge Point", "Infrastructure No": "No lane demarcation, No Crossings, No Signags, No Speed Calming, No Segregation for Heavy Vehicles", "Infrastructure Yes": null, "Additional": "Two way Service Road without lane demarcation. Undefined merge point", "General Comment": null, "Blackspot_Name": "Chandapura Rail Bridge", "Added": null, "Type of Collision Cleaned": "Head On", "Context Mapping": "T Junction", "Combinations": "Head On,T Junction", "Time of Day": "Evening Rush Hour (6-9)" }, "geometry": { "type": "Point", "coordinates": [ 77.71172, 12.80208 ] } },
{ "type": "Feature", "properties": { "fid": 202, "FIR_No": "0007/2021", "PolSt": "Attibele PS", "layer": "BR Vehicular Crash 2021", "ID": "0007/2021/Attibele PS", "Sub Division": "Anekal Sub Division", "Year": 2021, "Lat": 12.78079, "Long": 77.76457, "Count_Killed": 1, "Count_NonFatal": 0, "Total Victims": 1, "Victim Vehicle": "LMV", "Victim Age": "47", "Victim Gender": "Male", "Victim02 Age": "-", "Victim02 Gender": "-", "Victim03 Age": "-", "Victim03 Gender": "-", "Accused Vehicle": "Lorry", "Accused Age": "Unknown", "Accused Gender": "Male", "Accused Vehicle 02": "-", "Accused Age 02": "-", "Accused Gender 02": "-", "Day": "Tuesday", "Time Stamp": "01:00:00", "Full Address": "Nh7 Hosur Bangalore Road, Infront Of Rto Checkpost, Attibele, Anekal Taluk,Bengaluru Dis", "Road Name": "Hosur-Bangalore Main Road", "NH": "NH 44", "FIR Contents": "Date: 05-01-2021 at 11-30 a.m. The summary of the complaint filed at the accused station is that Vasi M.V., a resident of Koliwadi Village, Wayanad District, Kerala State. Biju bin Varghese, aged about 47 years\nWill be friends, M. V. Biju had come to Bangalore a week ago on his business. Because of work\nM. who came V and Biju have been staying at Ramiguest Line Hotel in Atthibele Industrial Area for the past three years\nBeen there for days. Date this day; On 05-01-2021 in the morning, at 9-00 hrs. M.V. called me from Shri Sai Hospital. He told Biju that he was admitted to the hospital due to an accident. I immediately came to the hospital and found that it was true that Biju had a severe injury on his head, he was not in a condition to speak, and the incident was learned. Driving the car N. H. 7 On the Hosur Bangalore main road from Hosur side towards Bengaluru Attibele RTO, Chak Post was going in front of Chak Post when the driver of NL-01-N-9370 cement bull kar lorry from inside Chak Post drove at high speed and carelessly and hit M.V. Biju's car collided with the front of the vehicle, causing the car to overturn MV. It was learned that Biju suffered injuries on his head and other parts and was sent to the hospital by the locals in the highway ambulance. NL-01-N-9370, a case has been registered after receiving the complaint that legal action should be taken against the driver of the cement bullock lorry who caused the accident.", "Hit and Run": "Maybe", "Type of Collision": "Hit from Side", "Cause of Collision": "Overspeeding", "Road": "Main Road", "Context": "Merge Point at Attibele RTO Checkpost (Gateway)", "Infrastructure No": "No Segregation for Heavy Vehicles, Undefined entry/exit. No Speed Calming at entry/exit, No Signages, No Footpath", "Infrastructure Yes": "Rumble Strips installed on the main road in 2023", "Additional": "Coming from Checkpost to the Road. Undefined gateway and Merge point", "General Comment": null, "Blackspot_Name": "Attibele Checkpost", "Added": null, "Type of Collision Cleaned": "Hit from Side", "Context Mapping": "Access Point", "Combinations": "Hit from Side,Access Point", "Time of Day": "Mid Night(12-4)" }, "geometry": { "type": "Point", "coordinates": [ 77.76457, 12.78079 ] } },
{ "type": "Feature", "properties": { "fid": 203, "FIR_No": "0033/2021", "PolSt": "Attibele PS", "layer": "BR Vehicular Crash 2021", "ID": "0033/2021/Attibele PS", "Sub Division": "Anekal Sub Division", "Year": 2021, "Lat": 12.78663, "Long": 77.74174, "Count_Killed": 2, "Count_NonFatal": 0, "Total Victims": 2, "Victim Vehicle": "2W", "Victim Age": "25", "Victim Gender": "Male", "Victim02 Age": "26", "Victim02 Gender": "Male", "Victim03 Age": "-", "Victim03 Gender": "-", "Accused Vehicle": "LMV", "Accused Age": "Unknown", "Accused Gender": "Unknown", "Accused Vehicle 02": "-", "Accused Age 02": "-", "Accused Gender 02": "-", "Day": "Saturday", "Time Stamp": "00:30:00", "Full Address": "Nh 7, Bangalore Hosur Main Road, Near Guest Line Circle, Attibele Hobli,Bengaluru Dist", "Road Name": "Hosur-Bangalore Main Road", "NH": "NH 44", "FIR Contents": "Date: 30-01-2021 at 09-30 am in the morning of the complaint filed by the complainant is that on: 29/01/2021 I went to the birthday function of my friend Abhishek at Vinayaka Nagar, Hebbagodi and after the function, I and my friends Basavaraju and his friend. Shankar three people from Hebbagodi on Wednesday 12-20 pm I on my bike And Basavaraju and Shankar left on Shankar's bike and came to N. on 30-01-2021 at 01-20 in the morning. H. 7 We stopped near guest line circle on Bangalore Hosur main road, Basavaraju and Shankar both told me that we are going home near guest line circle. At guest line circle towards Bangalore towards guest line circle while Basavaraju was slowly turning his motorcycle from Bangalore towards Hosur KA-51- MM-3148 The driver of the Ford car drove his vehicle at high speed and hit the motorcycle As a result, Basavaraju and Shankar were riding the bike on the road with a broken leg, while Shankar, who was sitting behind the bike, had blood on his head and other parts. He died on the spot due to injuries, the driver of the car that hit him took his car and left from there, the motorcycle No. KA-36-EV-3863 was being driven by Basavaraju. Injured Mr. Basavaraju was sent in an ambulance to Shastra Hospital near Hunnur Gate for treatment, Shankar's dead body was taken to Oxford Hospital Mortuary with the help of police, seeking legal action against the driver of car KA-51-MM-3148 who had caused an accident and left without stopping his car, etc. .", "Hit and Run": "Yes", "Type of Collision": "Hit from Side", "Cause of Collision": "Overspeeding", "Road": "Main Road", "Context": "At intersection and merge point to service road T intersection", "Infrastructure No": "No Signal, No Signages, No Speed Humps", "Infrastructure Yes": null, "Additional": "Undefined Intersection", "General Comment": "Signal Installed in 2023", "Blackspot_Name": "Guddahatti Gate", "Added": null, "Type of Collision Cleaned": "Hit from Side", "Context Mapping": "Access Point", "Combinations": "Hit from Side,Access Point", "Time of Day": "Mid Night(12-4)" }, "geometry": { "type": "Point", "coordinates": [ 77.74174, 12.78663 ] } },
{ "type": "Feature", "properties": { "fid": 204, "FIR_No": "0049/2021", "PolSt": "Attibele PS", "layer": "BR Vehicular Crash 2021", "ID": "0049/2021/Attibele PS", "Sub Division": "Anekal Sub Division", "Year": 2021, "Lat": 12.77743, "Long": 77.77625, "Count_Killed": 1, "Count_NonFatal": 0, "Total Victims": 1, "Victim Vehicle": "Self", "Victim Age": "Unknown", "Victim Gender": "Male", "Victim02 Age": "-", "Victim02 Gender": "-", "Victim03 Age": "-", "Victim03 Gender": "-", "Accused Vehicle": "2W", "Accused Age": "Self", "Accused Gender": "Self", "Accused Vehicle 02": null, "Accused Age 02": null, "Accused Gender 02": "-", "Day": "Thursday", "Time Stamp": "22:00:00", "Full Address": "Nh 7 Hosur Bangalore Main Road, Near Attibele Arch,,Bengaluru \nDist , Karnataka,", "Road Name": "Hosur-Bangalore Main Road", "NH": "NH 44", "FIR Contents": "Date: 12-02-2021 at 10-45 am in the morning The gist of the complaint filed by the complainant is that on date: 11-02-2021 at about 10-00 pm I N. H. 7 on Hosur Bangalore Main Road\nKA-01-HG-3776 was going in front of me while going towards Bangalore from Hosur near Attibele Arch.\nA Hero Honda motorcycle rider who was driving his motorcycle at a high speed lost control and the motorcycle skidded and fell on the road. His driving license was seen and was identified as Naveen Kumar Bin Balaraju, Someswaranagar, Bilekalli, Bangalore. In the ambulance that arrived, he was taken to Oxford Hospital. The deceased person was driving his motorcycle at high speed and lost control and fell dead due to severe injuries. Further action Requesting to be done etc.", "Hit and Run": "No", "Type of Collision": "Skidding", "Cause of Collision": "Overspeeding", "Road": "Main Road", "Context": "At Attibele Toll", "Infrastructure No": "No Speed Calming Elements, No Signages", "Infrastructure Yes": null, "Additional": null, "General Comment": null, "Blackspot_Name": "Attibele Toll", "Added": null, "Type of Collision Cleaned": "Skidding", "Context Mapping": "Toll Booth", "Combinations": "Skidding,Toll Booth", "Time of Day": "Late Night (9-12)" }, "geometry": { "type": "Point", "coordinates": [ 77.77625, 12.77743 ] } },
{ "type": "Feature", "properties": { "fid": 205, "FIR_No": "0050/2021", "PolSt": "Attibele PS", "layer": "BR Vehicular Crash 2021", "ID": "0050/2021/Attibele PS", "Sub Division": "Anekal Sub Division", "Year": 2021, "Lat": 12.77994, "Long": 77.76649, "Count_Killed": 1, "Count_NonFatal": 1, "Total Victims": 2, "Victim Vehicle": "Self", "Victim Age": "Self", "Victim Gender": "Self", "Victim02 Age": "12", "Victim02 Gender": "Male", "Victim03 Age": "-", "Victim03 Gender": "-", "Accused Vehicle": "2W", "Accused Age": "38", "Accused Gender": "Male", "Accused Vehicle 02": "-", "Accused Age 02": "-", "Accused Gender 02": "-", "Day": "Friday", "Time Stamp": "13:55:00", "Full Address": "NH 7 BANGALORE HOSUR MAIN ROAD, BHARATH BENZ OPP, ATTIBELE\nTOWN,Bengaluru Dist , Karnataka, ", "Road Name": "Hosur-Bangalore Main Road", "NH": "NH 44", "FIR Contents": "Date: 12-02-2021 at 04-00 in the evening, the gist of the complaint filed by the complainant at the police station is that my relative V. Venkatesan resides in Bangalore Vivekanagar and is constructing a new house near Hosur near Chennai Silk, often he comes and goes near the newly constructed house, as on this date: 12-02-2021 at about 01-55 PM Venkatesan Honda Activa two wheeler no KA -01-JC-1215 driving the vehicle and his son N. took Satishan behind and drove him from Bangalore to the back of the silk farm in Hosur to go near the new house he was building. H. 7 On Bangalore Hosur main road, directly in front of Bharat Bens Showroom in front of Bharat Bens showroom, while driving fast from Bengaluru side towards Hosur, the motorcycle lost control and hit the road and left side barricade. Sai was sent to the hospital, Venkatesan was the way He died in the meantime, the doctors at Sri Sai Hospital have examined and confirmed that Satishan has sustained a severe injury on his left leg, asking them to take further action, etc.", "Hit and Run": "No", "Type of Collision": "Skidding", "Cause of Collision": "Rough Driving", "Road": "Main Road", "Context": "Hit Service Road Barricades", "Infrastructure No": "No Speed Calming Elements, No Signages", "Infrastructure Yes": null, "Additional": null, "General Comment": null, "Blackspot_Name": "Attibele Check Post", "Added": "added", "Type of Collision Cleaned": "Skidding", "Context Mapping": "Along Service Road", "Combinations": "Skidding,Along Service Road", "Time of Day": "Midday 1 (12-3)" }, "geometry": { "type": "Point", "coordinates": [ 77.76649, 12.77994 ] } },
{ "type": "Feature", "properties": { "fid": 206, "FIR_No": "0103/2021", "PolSt": "Attibele PS", "layer": "BR Vehicular Crash 2021", "ID": "0103/2021/Attibele PS", "Sub Division": "Anekal Sub Division", "Year": 2021, "Lat": 12.79247, "Long": 77.72705, "Count_Killed": 1, "Count_NonFatal": 0, "Total Victims": 1, "Victim Vehicle": "2W", "Victim Age": "30", "Victim Gender": "Male", "Victim02 Age": "-", "Victim02 Gender": "-", "Victim03 Age": "-", "Victim03 Gender": "-", "Accused Vehicle": "Unknown", "Accused Age": "Unknown", "Accused Gender": "Unknown", "Accused Vehicle 02": "-", "Accused Age 02": "-", "Accused Gender 02": "-", "Day": "Friday", "Time Stamp": "00:15:00", "Full Address": "Nh7 Bangalore Hosur Road, Near Ramaswamy Cracker, Shop, Neralur Gate, Anekal Taluk,", "Road Name": "Hosur-Bangalore Main Road", "NH": "NH 44", "FIR Contents": " 18-03-2021 at around 12-15 pm my son Venugopal N. H. 7 On Bangalore Hosur main road driving his two wheeler from Bengaluru side and coming straight to Ramaswamy Pataki shop near Neralur gate, the driver of any vehicle going towards Hosur from Bengaluru side drove too fast and recklessly, my son hit the vehicle and left without stopping his vehicle, as a result my son fell on the road. He died on the spot due to a severe blow to the head. High Y Ambulance informed the police and the police came to know that my son's body has been kept in Oxford Hospital. A case has been registered after receiving the complaint that my son Venugopal's two-wheeler had an accident and found the vehicle that had left without stopping his vehicle, and that legal action should be taken against the driver.", "Hit and Run": "Yes", "Type of Collision": "Hit from Back", "Cause of Collision": "Overspeeding", "Road": "Main Road", "Context": null, "Infrastructure No": "No Streetlights(2022), No Speed Calming, No Signages", "Infrastructure Yes": null, "Additional": null, "General Comment": "Streetlights installed in 2023", "Blackspot_Name": "Neraluru Bus Stop", "Added": null, "Type of Collision Cleaned": "Hit from Back", "Context Mapping": "Along Main Road", "Combinations": "Hit from Back,Along Main Road", "Time of Day": "Mid Night(12-4)" }, "geometry": { "type": "Point", "coordinates": [ 77.72705, 12.79247 ] } },
{ "type": "Feature", "properties": { "fid": 207, "FIR_No": "0106/2021", "PolSt": "Attibele PS", "layer": "BR Vehicular Crash 2021", "ID": "0106/2021/Attibele PS", "Sub Division": "Anekal Sub Division", "Year": 2021, "Lat": 12.78348, "Long": 77.75695, "Count_Killed": 2, "Count_NonFatal": 0, "Total Victims": 2, "Victim Vehicle": "LMV", "Victim Age": "Unknown", "Victim Gender": "Male", "Victim02 Age": "Unknown", "Victim02 Gender": "Male", "Victim03 Age": "-", "Victim03 Gender": "-", "Accused Vehicle": "Lorry", "Accused Age": "Unknown", "Accused Gender": "Male", "Accused Vehicle 02": "-", "Accused Age 02": "-", "Accused Gender 02": "-", "Day": "Monday", "Time Stamp": "06:30:00", "Full Address": "Nh7 Hosur Bangalore Road, Near La Classic Hotel, Yadavanahalli, Anekal Taluk,Benga", "Road Name": "Hosur-Bangalore Main Road", "NH": "NH 44", "FIR Contents": "Dated: 22/03/2021 at 9-30 a.m. in attendance at the complainant's station is the summary of the complaint that I electronic\nI have worked as a Route Patrolling Officer in City B.E.T.P.L. Dated this day: 22-03-2021\nAt around 06-30 in the morning I and RPM Thippeswamy and RPD Manjunath in a patrol vehicle.\nN. On H.7 Hosur Bangalore main road from Attibele Toll side towards Electronic City patrolled.\nA tipper lorry was passing in front of our vehicle while going straight to Yadavanahalli La Classic Hotel\nThe driver is driving his vehicle at a high speed and as he sees the lorry is on the same road\nThe lorry hit the car from behind and skidded and fell on the car on its left side. We are on our patrol\nWe stopped the vehicle and went closer. The bystanders also came there. The gravel in the lorry was all over the car\nA stone had fallen, we and the locals together removed the gravel stone that had fallen on the car and the car was damaged.\nThe two people in the car suffered injuries on the head, face and other parts and died on the spot. Car number seen\nTN 13-R-8172 is Wagoner and Tipper Lorry number is KA59-1233. Roadside sign ager board\nAnd iron MS 10 barricades are also damaged. The name of the person who died in the car was driving the car\nThe name of the person who was doing it was Pawan Kumar Chaudhary and the name of the other was D. Jagadish Kumar\nIt is known. KA59-1233 tipper which caused an accident and killed Pawan Kumar and Jagdish Kumar\nA case has been registered after receiving the complaint that legal action should be taken against the driver of the lorry.", "Hit and Run": "Maybe", "Type of Collision": "Hit from Back", "Cause of Collision": "Overspeeding", "Road": "Main Road", "Context": null, "Infrastructure No": "No Speed Calming Elements, No Signages, No Segregation for Heavy Vehicles", "Infrastructure Yes": null, "Additional": null, "General Comment": null, "Blackspot_Name": "Yadavanahalli", "Added": null, "Type of Collision Cleaned": "Hit from Back", "Context Mapping": "Along Main Road", "Combinations": "Hit from Back,Along Main Road", "Time of Day": "Early Morning (4-7)" }, "geometry": { "type": "Point", "coordinates": [ 77.75695, 12.78348 ] } },
{ "type": "Feature", "properties": { "fid": 208, "FIR_No": "0120/2021", "PolSt": "Attibele PS", "layer": "BR Vehicular Crash 2021", "ID": "0120/2021/Attibele PS", "Sub Division": "Anekal Sub Division+D210AD209E209:AB210C209:AB210AD209E209:AB210B209:AB210AD209E209:AB210A209:AB210B209:AB210C209:AB209D209:AB209E209:AB209", "Year": 2021, "Lat": 12.77987, "Long": 77.76662, "Count_Killed": 1, "Count_NonFatal": 0, "Total Victims": 1, "Victim Vehicle": "Lorry", "Victim Age": "Unknown", "Victim Gender": "Male", "Victim02 Age": "Unknown", "Victim02 Gender": "Male", "Victim03 Age": "-", "Victim03 Gender": "-", "Accused Vehicle": "Lorry", "Accused Age": "Unknown", "Accused Gender": "Unknown", "Accused Vehicle 02": "-", "Accused Age 02": "-", "Accused Gender 02": "Male", "Day": "Saturday", "Time Stamp": "05:15:00", "Full Address": "Bangalore Hosur Nh7 Rd, Near Bharath Benz Service, Centre, Attibele, Anekal Taluk,Bengalur", "Road Name": "Hosur-Bangalore Main Road", "NH": "NH 44", "FIR Contents": "Date: 03-04-2021 at 09.30 a.m. The gist of the complaint filed by the complainant at the police station is that:\nOn 03/04/2021 at 5-15 am I and staff were patrolling on Hosur Bangalore NH 7 Road, Attibele Chick Post, when a trailer lorry stopped on the opposite road i.e. Bangalore Hosur NH 7 Road, Bharat Benz Service Center from Bangalore side. The driver of a canter vehicle was speeding towards Hosur and hit a trailer lorry parked on the side of the road. The vehicle went out of control and hit the barricade on the left side of the road, I and the staff went there and found one person dead. The trailer collided with the person standing behind the lorry and dragged the complainant away and the person died on the spot. Two vehicles were involved and the number of the trailer lorry was found to be TN.28-BB-0362. Goods vehicle number is seen to be KA-13-C-5578. The dead person's name was learned as Kumod Kumar Singh. The driver of the above TN-28-BB-0362 trailer lorry negligently stopped the trailer lorry without putting any notice and indicator even though it was known that vehicles should not be stopped on the highway. As it collided with a standing person, then collided with a trailer lorry, and then collided with a barricade Kumod Kumar died and the cause of this accident is TN-28-BB-0362, KA-13-C-5578, the body of the deceased is in Oxford Hospital, etc.", "Hit and Run": "No", "Type of Collision": "Hit from Back", "Cause of Collision": "Wrong Parking", "Road": "Main Road", "Context": "Merge Point, Next to Attibele Check Post", "Infrastructure No": null, "Infrastructure Yes": "High Mast Light", "Additional": "Overspeeding", "General Comment": null, "Blackspot_Name": "Attibele Check Post", "Added": null, "Type of Collision Cleaned": "Hit from Back", "Context Mapping": "Access Point", "Combinations": "Hit from Back,Access Point", "Time of Day": "Early Morning (4-7)" }, "geometry": { "type": "Point", "coordinates": [ 77.76662, 12.77987 ] } },
{ "type": "Feature", "properties": { "fid": 209, "FIR_No": "0135/2021", "PolSt": "Attibele PS", "layer": "BR Vehicular Crash 2021", "ID": "0135/2021/Attibele PS", "Sub Division": "Anekal Sub Division", "Year": 2021, "Lat": 12.79132, "Long": 77.73125, "Count_Killed": 1, "Count_NonFatal": 1, "Total Victims": 2, "Victim Vehicle": "Self", "Victim Age": "56", "Victim Gender": "Male", "Victim02 Age": "Unknown", "Victim02 Gender": "Female", "Victim03 Age": "-", "Victim03 Gender": "-", "Accused Vehicle": "2W", "Accused Age": "Unknown", "Accused Gender": "Male", "Accused Vehicle 02": "-", "Accused Age 02": "-", "Accused Gender 02": "-", "Day": "Sunday", "Time Stamp": "15:15:00", "Full Address": "Nh7 Bangalore Hosur Service Road, Near Murali Bar, Neralur Gate, Anekal Taluk,Bengaluru Dist , K", "Road Name": "Hosur-Bangalore Service Road", "NH": "NH 44", "FIR Contents": "Date: 12-04-2021 at 9-15 am in the morning at the accused station, the summary of the complaint is that my father Krishnappa is 56 years old and our father has 3 wives namely 1st Rajamma, 2nd Lakshmi, 3rd Lakshmi. Our father was intimate with his three wives. I am the 1st son of my father's 2nd wife, Lakshmi. Our father, Kritashtyappa, lived in the house of his 3rd wife, Lakshmi, in Mini Gandhi Nagar, opposite Sirke Apartment, Kengeri. I left for work on Date: 11-04-2021 and came back at 2.30 pm to my aunt Lakshmi's house and asked her where is our father, she said that she is going to take your mother-in-law to Palakkodi. When I called my father's phone number 9845180322 at 4.45 pm, someone else spoke on the phone and told me that your father had a road accident and was being treated at Shree Sai Hospital near Atthibele. Immediately I mr. Came to Sai Hospital and inquired Date: 11-04-2021 at 3-15 PM in our father's Babu, KA41-EG-2671 in Jupiter Motor Vehicle. My father Krishnappa was driving his motorcycle very recklessly and hit an iron rack on the side of the road while he was coming near Murali Bar near Neralur Gate on Bangalore Hosur NH 7 service road to go from Kengeri to his elder sister (Ruku) house in Palakodi, Tamilnadu with my mother in law Rukku sitting on the back. It came to know that the head, face, left hand and leg were severely bruised and bruised due to the skid, and my mother-in-law Rukku, who was sitting in the back, suffered severe bruises on the head, chest and right leg. Our father Krishnappa passed away at Shree Sai Hospital at around 9.00 pm without getting better from the treatment. Our father Krishnappa drove his motorcycle very carelessly and hit an iron rack on the side of the road and the motorcycle skidded down and died due to this accident. Therefore, a case has been registered against him after receiving the complaint that legal action should be taken against him.", "Hit and Run": "No", "Type of Collision": "Hit fixed object", "Cause of Collision": "Rough Driving", "Road": "Service Road", "Context": "Hit metal Barricades between Service Road And Main road", "Infrastructure No": "No Speed Calming Elements, No Signages", "Infrastructure Yes": null, "Additional": null, "General Comment": null, "Blackspot_Name": "Neraluru Bus Stop", "Added": null, "Type of Collision Cleaned": "Hit fixed object", "Context Mapping": "Along Service Road", "Combinations": "Hit fixed object,Along Service Road", "Time of Day": "Midday 2 (3-6)" }, "geometry": { "type": "Point", "coordinates": [ 77.73125, 12.79132 ] } },
{ "type": "Feature", "properties": { "fid": 210, "FIR_No": "0185/2021", "PolSt": "Attibele PS", "layer": "BR Vehicular Crash 2021", "ID": "0185/2021/Attibele PS", "Sub Division": "Anekal Sub Division", "Year": 2021, "Lat": 12.7774, "Long": 77.7764, "Count_Killed": 1, "Count_NonFatal": 1, "Total Victims": 2, "Victim Vehicle": "LMV", "Victim Age": "25", "Victim Gender": "Male", "Victim02 Age": "28", "Victim02 Gender": "Male", "Victim03 Age": "-", "Victim03 Gender": "-", "Accused Vehicle": "Lorry", "Accused Age": "Unknown", "Accused Gender": "Unknown", "Accused Vehicle 02": "-", "Accused Age 02": "-", "Accused Gender 02": "-", "Day": "Monday", "Time Stamp": "16:50:00", "Full Address": "Nh 7 Hosur Bangalore Main Road,, Near Attibele Toll, Attibele,Bengaluru Dist , Karnata", "Road Name": "Hosur-Bangalore Main Road", "NH": "NH 44", "FIR Contents": "14-06-2021 As Bangalore was unlocked and company work started, my Babu and Thangapadi came to Bangalore. TN 58-AU-8289 Yamaha FZ motorcycle I was riding the motorcycle and sat behind the Thangpadi and at about 04-50 hrs in the evening N. H. 7 Hosur Bangalore main road driving on the left side of the road from the Hosur side and coming a little behind the Atthibele toll when my motorcycle was coming from the right side of the rear KA-59-1330 tipper lorry driver came at high speed and turned the lorry sharply to the left, the front of the lorry collided with my motorcycle, as a result I and Tangapandi fell on the road along with two motorcycles We got stuck under the lorry, I got a bruise on my left leg, Thangapandi got caught on the wheel and got severe bruises on his head, chest, hands and legs, both of them were treated by the bystanders, Hi Y Ambulance staff took us to Sri Sai Hospital for treatment, I was treated as an outpatient, admitted to the hospital. Thangapandi did not recover from the treatment and died at 05-30 in the evening, an accident KA-59-1330 seeking legal action against tipper lorry driver etc.", "Hit and Run": "Maybe", "Type of Collision": "Hit from Side", "Cause of Collision": "Overspeeding", "Road": "Main Road", "Context": "No Service and Main road segregation, After Attiblele Toll.", "Infrastructure No": "No Lane marking, No heavy vehicle Segregation, No signage, No Speed Calming", "Infrastructure Yes": null, "Additional": "Accused Sharp turn to the left", "General Comment": null, "Blackspot_Name": "Attibele Toll", "Added": null, "Type of Collision Cleaned": "Hit from Side", "Context Mapping": "Toll Booth", "Combinations": "Hit from Side,Toll Booth", "Time of Day": "Midday 2 (3-6)" }, "geometry": { "type": "Point", "coordinates": [ 77.7764, 12.7774 ] } },
{ "type": "Feature", "properties": { "fid": 211, "FIR_No": "0187/2021", "PolSt": "Attibele PS", "layer": "BR Vehicular Crash 2021", "ID": "0187/2021/Attibele PS", "Sub Division": "Anekal Sub Division", "Year": 2021, "Lat": 12.78543, "Long": 77.75102, "Count_Killed": 1, "Count_NonFatal": 1, "Total Victims": 2, "Victim Vehicle": "Lorry", "Victim Age": "Unknown", "Victim Gender": "Male", "Victim02 Age": "-", "Victim02 Gender": "-", "Victim03 Age": "-", "Victim03 Gender": "-", "Accused Vehicle": "Lorry", "Accused Age": "Unknown", "Accused Gender": "Male", "Accused Vehicle 02": "-", "Accused Age 02": "-", "Accused Gender 02": "-", "Day": "Tuesday", "Time Stamp": "23:50:00", "Full Address": "Nh-7 Hosur Bengaluru Rd, Near Mahadeshwar Temple, Yadavanahalli Village, Attibele Hobli, Anekal Tq,Bengaluru Dist , Karnataka,", "Road Name": "Hosur-Bangalore Main Road", "NH": "NH 44", "FIR Contents": " 15-06-2021 in a vehicle from Ammanimalapuram.., we left at 9-00 pm to take a load of coconuts to Bangalore Krishnarajapura market, Mariappan driving the vehicle and me in the cabin next to him. Sitting at night around 11-50 pm. N. H. 7 On the Hosur Bangalore main road from Hosur side towards Bangalore on the left side of the road straight to Mahadeshwar temple near Yadavanhalli, the driver of TN30-AV-0150 lorry, which was going right next to our vehicle, without any warning and without putting on the indicator, took a left turn to avoid hitting the Mariyappan lorry. Also, the front right side of our goods vehicle collided with the rear left side of the lorry, as a result our goods vehicle fell on its right side on the road, the right side of the cabin was completely destroyed, Mariappan got trapped in the cabin and fell on his head and died on the spot. I have a small scratch on my forehead, nose and back. The police reached the spot and removed Mariappan's body and sent it to the Oxford hospital mortuary in a highway ambulance. I phoned Mariappan's family about the accident. TN.30-AV-0150 The accident occurred because the driver of the lorry drove the lorry to the left without giving any warning. After the arrival of Mariappan's family, I have now come and lodged a complaint. What I said in Tamil was translated into Kannada, typed, a complaint was filed and a case was registered.", "Hit and Run": "Maybe", "Type of Collision": "Hit from Side", "Cause of Collision": "Rough Driving", "Road": "Main Road", "Context": "Near Bus stop, Sudden bulge in Carriage way", "Infrastructure No": "No Speed Calming Elements, No Signages", "Infrastructure Yes": null, "Additional": "Accused Sharp Left turn", "General Comment": "Speed Hump Installed in 2023", "Blackspot_Name": null, "Added": null, "Type of Collision Cleaned": "Hit from Side", "Context Mapping": "Bus Stop", "Combinations": "Hit from Side,Bus Stop", "Time of Day": "Late Night (9-12)" }, "geometry": { "type": "Point", "coordinates": [ 77.75102, 12.78543 ] } },
{ "type": "Feature", "properties": { "fid": 212, "FIR_No": "0194/2021", "PolSt": "Attibele PS", "layer": "BR Vehicular Crash 2021", "ID": "0194/2021/Attibele PS", "Sub Division": "Anekal Sub Division", "Year": 2021, "Lat": 12.78668, "Long": 77.73309, "Count_Killed": 1, "Count_NonFatal": 0, "Total Victims": 1, "Victim Vehicle": "2W", "Victim Age": "40", "Victim Gender": "Male", "Victim02 Age": "-", "Victim02 Gender": "-", "Victim03 Age": "-", "Victim03 Gender": "-", "Accused Vehicle": "2W", "Accused Age": "Unknown", "Accused Gender": "Unknown", "Accused Vehicle 02": "-", "Accused Age 02": "-", "Accused Gender 02": "-", "Day": "Sunday", "Time Stamp": "12:50:00", "Full Address": "BALAGARANAHALLI-BANDAPURA ROAD,, NEAR OM AND OM LAY OUT, BALAGARANAHALLI VILLAGE,,Bengaluru Dist , Karnataka, ", "Road Name": "Balagaranahalli Bandapura Road", "NH": null, "FIR Contents": "Date: 20-06-2021 at 4-30 pm in the evening the complainant appeared in the police station and the summary of the complaint is that my elder brother Gopal was working as centering mason and on this day date: 20-06-2021 at around 01-00 pm when he was near the house Bandapur- Balagaranahalli on Balagaranahalli Road, near Om and Om I came to know that there was an accident with my brother Gopal near the lay out and I immediately went to the spot and saw that it was true that my brother Gopal had fallen on the road and was unconscious. He had hit his head and blood was flowing on the road. My brother's motorcycle KA-51-V-4174 was lying on the road. Another bike was lying on the road. The wheeled vehicle KA-59-H-2960 TVS Jupiter has fallen into disrepair. Two persons were slightly injured near the Jupiter vehicle, my elder brother Gopal, who was seriously injured, was taken to Oxford Hospital in 108 Ambulance for treatment. On coming to know about the accident, my elder brother, Gopal, at around 12-50 noon, his Babu, KA-51-V-4174 was driving his motorcycle and was going to Bandapur from Balagaranahalli side, while KA-59-H-2960 TVS Jupiter was coming from Bandapur side towards Balagaranahalli two wheeler. There were two accused and one was driving the vehicle I came to know that my elder brother Gopal's motorcycle had hit the right side of the road at high speed and the two occupants of that vehicle had sustained minor injuries. Demanding legal action against the rider of KA-59-H-2960 TVS Jupiter two wheeler which caused the death of my elder brother Gopal due to accident etc.", "Hit and Run": "Maybe", "Type of Collision": "Head On", "Cause of Collision": "Overspeeding", "Road": "Local Road", "Context": "Two way Local Road", "Infrastructure No": "Faded Lane demarcation, No Lane Segregation Elements,", "Infrastructure Yes": "Streetlights (2022)", "Additional": null, "General Comment": null, "Blackspot_Name": null, "Added": "added", "Type of Collision Cleaned": "Head On", "Context Mapping": "Service Road Junction", "Combinations": "Head On,Service Road Junction", "Time of Day": "Midday 1 (12-3)" }, "geometry": { "type": "Point", "coordinates": [ 77.73309, 12.78668 ] } },
{ "type": "Feature", "properties": { "fid": 213, "FIR_No": "0214/2021", "PolSt": "Attibele PS", "layer": "BR Vehicular Crash 2021", "ID": "0214/2021/Attibele PS", "Sub Division": "Anekal Sub Division", "Year": 2021, "Lat": 12.78424, "Long": 77.75393, "Count_Killed": 1, "Count_NonFatal": 1, "Total Victims": 2, "Victim Vehicle": "2W", "Victim Age": "13", "Victim Gender": "Male", "Victim02 Age": "-", "Victim02 Gender": "-", "Victim03 Age": "-", "Victim03 Gender": "-", "Accused Vehicle": "Lorry", "Accused Age": "Unknown", "Accused Gender": "Unknown", "Accused Vehicle 02": "-", "Accused Age 02": "-", "Accused Gender 02": "-", "Day": "Sunday", "Time Stamp": "20:00:00", "Full Address": "Nh 7, Hosur Bangalore Main Road, Near Attibele Check Post, Opp. Jel Tek Company,,Bengaluru Dist , Karnata", "Road Name": "Hosur-Bangalore Main Road", "NH": "NH 44", "FIR Contents": "D11-07-2021 To come back to Bangalore I was driving a Honda Dio two wheeler, my son Deva was sitting behind me and Satish was sitting behind him and three people at night around 08-00 hours N. H. 7 On Hosur Bangalore main road, just ahead of Attibele Chuck Post, in the direction of Gel Tech Company, when I was going from Hosur towards Bangalore, the driver of the lorry coming behind my car drove his lorry at high speed, hit my car from behind and left without stopping. The lorry number is not known. When three people fell on the road along with the carriage, the wheel of the lorry hit my son Satish's head and he crushed his head and died on the spot. Sent to Port Hospital Mortuary, I received treatment at Atthibele Government Hospital. Demand that the driver of the lorry who caused the accident and the death of my son Satish be found and take legal action etc.", "Hit and Run": "Yes", "Type of Collision": "Hit from Back", "Cause of Collision": "Overspeeding", "Road": "Main Road", "Context": null, "Infrastructure No": "No Streetlights (2022), No Speed Calming, No Signages, No Segregation for Heavy Vehicles", "Infrastructure Yes": null, "Additional": null, "General Comment": "Streetlights installed in 2023", "Blackspot_Name": null, "Added": null, "Type of Collision Cleaned": "Hit from Back", "Context Mapping": "Along Main Road", "Combinations": "Hit from Back,Along Main Road", "Time of Day": "Evening Rush Hour (6-9)" }, "geometry": { "type": "Point", "coordinates": [ 77.75393, 12.78424 ] } },
{ "type": "Feature", "properties": { "fid": 214, "FIR_No": "0277/2021", "PolSt": "Attibele PS", "layer": "BR Vehicular Crash 2021", "ID": "0277/2021/Attibele PS", "Sub Division": "Anekal Sub Division", "Year": 2021, "Lat": 12.79147, "Long": 77.7304, "Count_Killed": 1, "Count_NonFatal": 0, "Total Victims": 1, "Victim Vehicle": "2W", "Victim Age": "58", "Victim Gender": "Male", "Victim02 Age": "-", "Victim02 Gender": "-", "Victim03 Age": "-", "Victim03 Gender": "-", "Accused Vehicle": "LMV", "Accused Age": "Unknown", "Accused Gender": "Unknown", "Accused Vehicle 02": "-", "Accused Age 02": "-", "Accused Gender 02": "-", "Day": "Thursday", "Time Stamp": "16:15:00", "Full Address": "Nh 7 Hosur Bangalore Main Road, Near Neralur Panchayath \nOffice, Attibele Hobli,,Bengaluru Dist , Karnataka,", "Road Name": "Hosur-Bangalore Main Road", "NH": "NH 44", "FIR Contents": "Date: 03-09-2021 at 9-00 am in the morning of the complaint filed by the complainant in the police station is that my brother Venkatesh bin Mariappa drove his Babu, KA-59-E-0780 TVS heavy duty moped vehicle to come to Thirumagondanahalli after work Date: 02 - On 09-2021 at around 04-45 hours in the evening on NH7 Hosur Bangalore main road near Neralur Gram Panchayat, office, while coming from Hosur side, the driver of an Echo Sport car from Hosur side towards Bangalore drove the car at a high speed and hit a TVS and went towards Bangalore without stopping. , As a result, my Bhav who was seriously injured was taken to the best hospital and the locals went to the best hospital. Seeking to trace the driver of the Echo Sport car that has left the accident and take legal action etc.", "Hit and Run": "Yes", "Type of Collision": "Hit from Back", "Cause of Collision": "Overspeeding", "Road": "Main Road", "Context": null, "Infrastructure No": "No Speed Calming Elements, No Signages", "Infrastructure Yes": null, "Additional": null, "General Comment": null, "Blackspot_Name": "Neraluru Bus Stop", "Added": null, "Type of Collision Cleaned": "Hit from Back", "Context Mapping": "Along Main Road", "Combinations": "Hit from Back,Along Main Road", "Time of Day": "Midday 2 (3-6)" }, "geometry": { "type": "Point", "coordinates": [ 77.7304, 12.79147 ] } },
{ "type": "Feature", "properties": { "fid": 215, "FIR_No": "0290/2021", "PolSt": "Attibele PS", "layer": "BR Vehicular Crash 2021", "ID": "0290/2021/Attibele PS", "Sub Division": "Anekal Sub Division", "Year": 2021, "Lat": 12.79229, "Long": 77.72829, "Count_Killed": 3, "Count_NonFatal": 0, "Total Victims": 3, "Victim Vehicle": "Lorry", "Victim Age": "Unknown", "Victim Gender": "Male", "Victim02 Age": "Unknown", "Victim02 Gender": "Male", "Victim03 Age": "-", "Victim03 Gender": "-", "Accused Vehicle": "LMV", "Accused Age": "Unknown", "Accused Gender": "Male", "Accused Vehicle 02": "-", "Accused Age 02": "-", "Accused Gender 02": "-", "Day": "Thursday", "Time Stamp": "05:30:00", "Full Address": "Infront Of Canara Bank Neraluru Gate, Bengaluru-Hosur Nh 7 Road,Bengaluru Dist , Karnataka, 5", "Road Name": "Hosur-Bangalore Main Road", "NH": "NH 44", "FIR Contents": "The gist of the complaint filed by the plaintiff at 8.30 am on 16/09/2021 is that the plaintiff was performing duty as NH7 Highway Route Patrolling Officer: On 16/09/2021 during the night shift, the plaintiff and his fellow staff Manjunath and the driver of the patrol vehicle Shivanna were driving from Chandapur side to Attibele. While patrolling towards and coming opposite Canara Bank near Neralur Gate at around 5.30 am, at the same time a lorry driver was driving his vehicle slowly on the left side of the road towards Hosur, an ambulance driver from Bangalore side towards Hosur came speeding and directly collided with the rear of the lorry, the plaintiff and The staff went there and saw that the front of the ambulance vehicle was completely bitten into the back of the lorry. The plaintiff and others joined the ambulance vehicle and took out the occupants. Ambulance number seen is MH-05-EL-1653 Lorry number seen is TN-52-J-8314 Ashok Leyland lorry, rear angle and head light of the said lorry is damaged Injured were admitted to hospital, deceased was sent to Oxford Medical Hospital, MH-05- EL-1653 Ambulance driver speeding and\nAccording to the complaint, legal action was taken against the driver of the said ambulance vehicle which caused the accident due to negligence.", "Hit and Run": "Maybe", "Type of Collision": "Hit from Back", "Cause of Collision": "Overspeeding", "Road": "Main Road", "Context": "Ambulance hit the back of a lorry", "Infrastructure No": "No Streetlights(2022), No Speed Calming, No Signages", "Infrastructure Yes": null, "Additional": null, "General Comment": "Streetlights installed in 2023", "Blackspot_Name": "Neraluru Bus Stop", "Added": null, "Type of Collision Cleaned": "Hit from Back", "Context Mapping": "Along Main Road", "Combinations": "Hit from Back,Along Main Road", "Time of Day": "Early Morning (4-7)" }, "geometry": { "type": "Point", "coordinates": [ 77.72829, 12.79229 ] } },
{ "type": "Feature", "properties": { "fid": 216, "FIR_No": "0292/2021", "PolSt": "Attibele PS", "layer": "BR Vehicular Crash 2021", "ID": "0292/2021/Attibele PS", "Sub Division": "Anekal Sub Division", "Year": 2021, "Lat": 12.78079, "Long": 77.76457, "Count_Killed": 1, "Count_NonFatal": 0, "Total Victims": 1, "Victim Vehicle": "2W", "Victim Age": "50", "Victim Gender": "Male", "Victim02 Age": "-", "Victim02 Gender": "-", "Victim03 Age": "-", "Victim03 Gender": "-", "Accused Vehicle": "Lorry", "Accused Age": "Unknown", "Accused Gender": "Male", "Accused Vehicle 02": "-", "Accused Age 02": "-", "Accused Gender 02": "-", "Day": "Friday", "Time Stamp": "09:00:00", "Full Address": "Hosur Bengaluru Road Nh 7, Infront Of Rtocheck Post Attibele,Bengaluru Dist , Karnataka, 5621", "Road Name": "Hosur-Bangalore Main Road", "NH": "NH 44", "FIR Contents": "On 17/09/2021 in the morning, at 11.00 a.m., the complainant appeared at the police station and the summary of the complaint is that on 17/09/2021 at 9.15 a.m. someone called the complainant at 9.00 a.m. near Attibele RTO Check Post, Hosur Bangalore NH 7 Road. TN-70-L-3511 TVS Super Excel moped which was going towards Bengaluru was hit by the driver of container lorry MH-13-CU-5487 which was going towards Bengaluru from Hosur direction and took a sharp left turn and collided with the moped. He told me that he died on the spot. I immediately went to the spot and found that the matter is true and the person lying dead on the road with blood is my father Karthikeyan. Our father worked as an assistant manager in Jet Logistics Company located on Hosur Road and used to go to work every day. As usual on this day too at 8.30 am when our Babu TN-70-L-3511 TVS Super Excel moped was leaving for work near Attibele RTO Chuck Post the driver of the above container lorry MH-13-CU-5487 caused this accident due to his over speeding and carelessness. Caused my father's death. MH-13-CU-5487 On a complaint seeking legal action against the driver of the said container lorry.", "Hit and Run": "Maybe", "Type of Collision": "Hit from Side", "Cause of Collision": "Overspeeding", "Road": "Main Road", "Context": "Merge Point at Attibele RTO Checkpost (Gateway)", "Infrastructure No": "No Segregation for Heavy Vehicles, No signage", "Infrastructure Yes": "Rumble Strips installed on the main road in 2023", "Additional": "Accused Sharp turn to the left. Undefined Merge Point", "General Comment": null, "Blackspot_Name": "Attibele Checkpost", "Added": null, "Type of Collision Cleaned": "Hit from Side", "Context Mapping": "Access Point", "Combinations": "Hit from Side,Access Point", "Time of Day": "Morning Rush Hour (7-12)" }, "geometry": { "type": "Point", "coordinates": [ 77.76457, 12.78079 ] } },
{ "type": "Feature", "properties": { "fid": 217, "FIR_No": "0303/2021", "PolSt": "Attibele PS", "layer": "BR Vehicular Crash 2021", "ID": "0303/2021/Attibele PS", "Sub Division": "Anekal Sub Division", "Year": 2021, "Lat": 12.78816, "Long": 77.7372, "Count_Killed": 1, "Count_NonFatal": 0, "Total Victims": 1, "Victim Vehicle": "Bicycle", "Victim Age": "24", "Victim Gender": "Male", "Victim02 Age": "-", "Victim02 Gender": "-", "Victim03 Age": "-", "Victim03 Gender": "-", "Accused Vehicle": "Lorry", "Accused Age": "Unknown", "Accused Gender": "Male", "Accused Vehicle 02": "-", "Accused Age 02": "-", "Accused Gender 02": "-", "Day": "Thursday", "Time Stamp": "08:15:00", "Full Address": "Nh 7 Guddatti Gate Service Road Sivam Timber Near, Bengaluru Hosur Road,Bengaluru Dist , Karnataka, 562107", "Road Name": "Hosur-Bangalore Service Road", "NH": "NH 44", "FIR Contents": "The gist of the complaint filed at the accused station on 30/09/2021 at 11.00 am is that I am working in Iwak Company near Guddatti and my brother Pankaj Yadav aged 24 years is working in SN Sharma Company at Attibele Industrial Area on 30/09/2021 in the morning as usual. Pankaj Yadav went to work on his bicycle in the morning At 8.30 a.m., Tunnu Kumar called me and said that at 8.15 a.m., the driver of KA-51-B-2870 water tanker vehicle, which was coming behind on the same road, was coming towards the guest line on the service road opposite Shivam Timbers near Guddatti Gate, Bangalore Hosur NH 7 Road. Pankaj Yadav was hit by a bicycle by driving the vehicle at high speed He was told that he died on the spot with head and other bleeding injuries. I went to the spot and found that it was true that my own bicycle had fallen on the spot and my own body had been taken to the Oxford Hospital Mortuary. On the complaint filed seeking legal action against the water tanker driver who caused the death of", "Hit and Run": "Maybe", "Type of Collision": "Hit from Back", "Cause of Collision": "Overspeeding", "Road": "Service Road", "Context": "At T junciton with Local Road", "Infrastructure No": "No Speed Calming, No Signages, No Heavy Vehicle Segregation", "Infrastructure Yes": null, "Additional": null, "General Comment": "Speed Hump Installed in 2023", "Blackspot_Name": "Guddahatti Gate", "Added": null, "Type of Collision Cleaned": "Hit from Back", "Context Mapping": "Service Road Junction", "Combinations": "Hit from Back,Service Road Junction", "Time of Day": "Morning Rush Hour (7-12)" }, "geometry": { "type": "Point", "coordinates": [ 77.7372, 12.78816 ] } },
{ "type": "Feature", "properties": { "fid": 218, "FIR_No": "0305/2021", "PolSt": "Attibele PS", "layer": "BR Vehicular Crash 2021", "ID": "0305/2021/Attibele PS", "Sub Division": "Anekal Sub Division", "Year": 2021, "Lat": 12.78663, "Long": 77.74174, "Count_Killed": 2, "Count_NonFatal": 0, "Total Victims": 2, "Victim Vehicle": "2W", "Victim Age": "27", "Victim Gender": "Male", "Victim02 Age": "28", "Victim02 Gender": "Male", "Victim03 Age": "-", "Victim03 Gender": "-", "Accused Vehicle": "Lorry", "Accused Age": "Unknown", "Accused Gender": "Unknown", "Accused Vehicle 02": "-", "Accused Age 02": "-", "Accused Gender 02": "-", "Day": "Sunday", "Time Stamp": "07:00:00", "Full Address": "Nh 7 Bangalore Hosur Main Road, Near Guest Line, Circle, Opp \nSk Bar, Yadavanahalli, Attibele Hobli,Bengaluru Dist , Karnataka,", "Road Name": "Hosur-Bangalore Main Road", "NH": "NH 44", "FIR Contents": "Date: 03-10-2021 from Kachanayakanahalli, my brother Tulsinathan. Babu, T.N.93-D-1361 TVS Jupiter two wheeler driving my Tulaseenathan vehicle I sat back and around 7-00 N.H. in the morning. 7 Bangalore Hosur Main Road Near Guest Line Circle S.K. On Bar Straight, while going towards Hosur from Bangalore side, the driver of TN96-C-1954 canter vehicle, who was going to the right side of our vehicle, was speeding and carelessly drove to the left without giving any warning, our vehicle collided with the rear of the canter vehicle and my Tulsinathan was injured in the head and chest. , suffered a severe blow to the stomach, I got bruises on my right forehead and two legs, two of them were treated by the locals and taken to Sri Sai Hospital near Ale, I received treatment, my brother Tulsinathan, who was severely injured, did not recover from the treatment and died today at 9-15 am, due to an accident. TN.96-C-1954 demanding legal action against the driver of the canter vehicle, etc.", "Hit and Run": "Maybe", "Type of Collision": "Hit from Back", "Cause of Collision": "Rough Driving", "Road": "Main Road", "Context": "At intersection and merge point to service road T intersection", "Infrastructure No": "No Signal, No Signages, No Speed Humps", "Infrastructure Yes": "Rumble Strips before the intersection", "Additional": "Accused Sharp turn to the left. Undefined Intersection", "General Comment": "Signal Installed in 2023", "Blackspot_Name": "Guddahatti Gate", "Added": null, "Type of Collision Cleaned": "Hit from Back", "Context Mapping": "Access Point", "Combinations": "Hit from Back,Access Point", "Time of Day": "Morning Rush Hour (7-12)" }, "geometry": { "type": "Point", "coordinates": [ 77.74174, 12.78663 ] } },
{ "type": "Feature", "properties": { "fid": 219, "FIR_No": "0365/2021", "PolSt": "Attibele PS", "layer": "BR Vehicular Crash 2021", "ID": "0365/2021/Attibele PS", "Sub Division": "Anekal Sub Division", "Year": 2021, "Lat": 12.78754, "Long": 77.73835, "Count_Killed": 1, "Count_NonFatal": 0, "Total Victims": 1, "Victim Vehicle": "2W", "Victim Age": "25", "Victim Gender": "Male", "Victim02 Age": "-", "Victim02 Gender": "-", "Victim03 Age": "-", "Victim03 Gender": "-", "Accused Vehicle": "Unknown", "Accused Age": "Unknown", "Accused Gender": "Unknown", "Accused Vehicle 02": "-", "Accused Age 02": "-", "Accused Gender 02": "-", "Day": "Sunday", "Time Stamp": "02:45:00", "Full Address": "Nh 7 Bangalore Hosur Service Road, Near Sushwani Mathaji \nTemple, Guddahatti Village,,Bengaluru Dist , Karnataka,", "Road Name": "Hosur-Bangalore Service Road", "NH": "NH 44", "FIR Contents": "21-11-2021 at 06-00 am Attibele police station called me and said that my son Christopher road, died in an accident and the body was deposited in Oxford hospital mortuary. . I came and saw my son Arun Mitran in the hospital. It was true that my son Christopher had died with a severe head injury. When I inquired about the accident to my son Christopher's friends Sudarshan, Mahalinga, Chandan, Nagendra, so many people, including my son, Sri Yallamma Devi Kalyana near Leechani. The marriage of his friend Shivakumar in Mandapke went to reception, and his friend Stephen also came to reception. Date: 21-11-2021 at 02-30 in the morning to go back after completing reception. Christopher on our motorcycle, Nagendra, Mahalinga on a motorcycle and Stephen on a bike came from Ghani, Nagendra, Mahalinga and Stephen were coming ahead and my Christopher was coming behind. When my son did not come, three people went back to look for my son and when they were searching, they came across Christopher's motorcycle in front of Susmani Mataji Temple near Guddahalli Gate on NH7 Bangalore Hosur Service Road and told that my son Christopher got a severe head injury and died on the spot. My son Christopher was driving a motorcycle from Bangalore side towards Hosur on NH7 Bangalore Hosur Service Road today at around 02-45 to 03-00 hrs when the driver of some vehicle over speeded his vehicle near Gudda Hatti Gate near Susthani Mataji Temple. A person who has driven recklessly and collided with his car and left without stopping his vehicle, the driver of the vehicle who caused an accident and left without stopping his vehicle and sought legal action, etc.", "Hit and Run": "Yes", "Type of Collision": "Hit from Back", "Cause of Collision": "Overspeeding", "Road": "Service Road", "Context": null, "Infrastructure No": "No Speed Calming, No Signages, No Streetlights", "Infrastructure Yes": null, "Additional": null, "General Comment": "Streetlights installed in 2023", "Blackspot_Name": "Guddahatti Gate", "Added": null, "Type of Collision Cleaned": "Hit from Back", "Context Mapping": "Along Service Road", "Combinations": "Hit from Back,Along Service Road", "Time of Day": "Mid Night(12-4)" }, "geometry": { "type": "Point", "coordinates": [ 77.73835, 12.78754 ] } },
{ "type": "Feature", "properties": { "fid": 220, "FIR_No": "0400/2021", "PolSt": "Attibele PS", "layer": "BR Vehicular Crash 2021", "ID": "0400/2021/Attibele PS", "Sub Division": "Anekal Sub Division", "Year": 2021, "Lat": 12.78423, "Long": 77.75389, "Count_Killed": 1, "Count_NonFatal": 0, "Total Victims": 1, "Victim Vehicle": "2W", "Victim Age": "Unknown", "Victim Gender": "Unknown", "Victim02 Age": "-", "Victim02 Gender": "-", "Victim03 Age": "-", "Victim03 Gender": "-", "Accused Vehicle": "Lorry", "Accused Age": "Unknown", "Accused Gender": "Unknown", "Accused Vehicle 02": "-", "Accused Age 02": "-", "Accused Gender 02": "-", "Day": "Sunday", "Time Stamp": "11:45:00", "Full Address": "Nh 7, Bangalore Hosur Main Road, Opp Geltec Company, Attibele Hobli,Bengaluru Dist , Karnat", "Road Name": "Hosur-Bangalore Main Road", "NH": "NH 44", "FIR Contents": "This day date: 26-12-2021 I went to Hosur for work at around 8-30 AM, at around 12-30 PM my neighbor called me and informed Senthil that he died on the spot due to a road accident in front of Gel Tech Company near Yadavanhalli, I I immediately went to the accident spot and found that Senthil's Honda Activa KA-51-HN-9615 was damaged, along with the lorry TN29-BZ-3619 which had collided with it. I went and saw the dead body of Bhava Senthil, the head was smashed and the brain and flesh came out. When I came to know about the accident, my Bhav Senthil was driving his Babu's Honda Dio vehicle on NH7 Bangalore Hosur main road from Bangalore side towards Hosur at around 11-45 this morning and TN29-BZ was going left while coming straight towards Gel Tech Company. -3619 When the driver of the lorry carelessly drove to the right, it collided with Senthil's Honda Dio vehicle near the right rear wheel of the lorry. When Senthil fell on the road along with the vehicle, it was learned that his head got crushed by the wheel of the lorry and he died on the spot. TN29-BZ-3619 demanding legal action against the lorry driver who caused the accident and death of my Bhav Senthil etc.", "Hit and Run": "Maybe", "Type of Collision": "Hit from Side", "Cause of Collision": "Rough Driving", "Road": "Main Road", "Context": null, "Infrastructure No": "No Speed Calming Elements, No Signages, No Segregation for Heavy Vehicles", "Infrastructure Yes": null, "Additional": "Accused Sharp turn to Right", "General Comment": null, "Blackspot_Name": null, "Added": null, "Type of Collision Cleaned": "Hit from Side", "Context Mapping": "Along Main Road", "Combinations": "Hit from Side,Along Main Road", "Time of Day": "Morning Rush Hour (7-12)" }, "geometry": { "type": "Point", "coordinates": [ 77.75389, 12.78423 ] } },
{ "type": "Feature", "properties": { "fid": 221, "FIR_No": "0031/2021", "PolSt": "Hebbagodi PS", "layer": "BR Vehicular Crash 2021", "ID": "0031/2021/Hebbagodi PS", "Sub Division": "Anekal Sub Division", "Year": 2021, "Lat": 12.81871, "Long": 77.68948, "Count_Killed": 1, "Count_NonFatal": 0, "Total Victims": 1, "Victim Vehicle": "2W", "Victim Age": "24", "Victim Gender": "Male", "Victim02 Age": "-", "Victim02 Gender": "-", "Victim03 Age": "-", "Victim03 Gender": "-", "Accused Vehicle": "Lorry", "Accused Age": "Unknown", "Accused Gender": "Male", "Accused Vehicle 02": "-", "Accused Age 02": "-", "Accused Gender 02": "-", "Day": "Saturday", "Time Stamp": "13:50:00", "Full Address": "Bang-Hosur Nh-7 Service Road, Near D Mart,, Bommasandra, Anekal \nTaluk,Bengaluru Dist , Karnataka,", "Road Name": "Hosur-Bangalore Service Road", "NH": "NH 44", "FIR Contents": "The gist of the complaint lodged by the complainant Rangaswamy at the police station on 10-01-2021 at 19-30 hrs is that on 30-01-2021 his son Suman R went on his Babu KA51 HL 3940 motorcycle saying that he was going out and around 2-00 pm. At the time, someone accessed the mobile phone of his son Suman and told Suman that he had an accident near Demart in Bommasandra and was admitted to Sparsha Hospital for treatment. Immediately he went to Sparsha Hospital and his son was treated in the emergency unit of the hospital with severe bleeding on his hip and other parts. On inquiry, at around 1-50 pm, his son Suman R., his father. While going towards Chandapur on KA51 HL 3940 motorcycle from Bommasandra Circle towards Bangalore-Hosur NH 7 Service Road, near Demart, it was learned that the driver of KA51 D 3115 tipper lorry from behind hit it at high speed and recklessly and hit Suman with severe bleeding. His son, who was being treated at Sparsha Hospital, died at 6-30 pm when the treatment was ineffective. Therefore I request legal action against the tipper lorry driver of KA51 D 3115 who caused this accident etc.", "Hit and Run": "Maybe", "Type of Collision": "Hit from Back", "Cause of Collision": "Overspeeding", "Road": "Service Road", "Context": null, "Infrastructure No": "No Segregation for Heavy Vehicles, No Signages, No Speed Calming", "Infrastructure Yes": null, "Additional": null, "General Comment": null, "Blackspot_Name": "Bommasandra Metro Station", "Added": null, "Type of Collision Cleaned": "Hit from Back", "Context Mapping": "Along Service Road", "Combinations": "Hit from Back,Along Service Road", "Time of Day": "Midday 1 (12-3)" }, "geometry": { "type": "Point", "coordinates": [ 77.68948, 12.81871 ] } },
{ "type": "Feature", "properties": { "fid": 222, "FIR_No": "0117/2021", "PolSt": "Hebbagodi PS", "layer": "BR Vehicular Crash 2021", "ID": "0117/2021/Hebbagodi PS", "Sub Division": "Anekal Sub Division", "Year": 2021, "Lat": 12.82969, "Long": 77.68147, "Count_Killed": 1, "Count_NonFatal": 0, "Total Victims": 1, "Victim Vehicle": "Self", "Victim Age": "Unknown", "Victim Gender": "Male", "Victim02 Age": "-", "Victim02 Gender": "-", "Victim03 Age": "-", "Victim03 Gender": "-", "Accused Vehicle": "2W", "Accused Age": "Self", "Accused Gender": "Self", "Accused Vehicle 02": "-", "Accused Age 02": null, "Accused Gender 02": "-", "Day": "Saturday", "Time Stamp": "18:30:00", "Full Address": "Bengaluru - Hosur Nh-07 Road, Near N.P.S School, Hebbagodi. Anekal \nTq,Bengaluru Dist , Karnataka,", "Road Name": "Hosur-Bangalore Main Road", "NH": "NH 44", "FIR Contents": "the date; On 20-03-2021 at 06.30 PM Saravanan, father-in-law of the complainant Mr. Nandakumar was going to his native place Betiyampatti, Krishnagiri District, State of Tamil Nadu on KA-02 JU-2546 Honda Activa motorcycle on Bangalore - Hosur NH-07 road, Hebbagodi. Saravanan drove his motorcycle at high speed and recklessly near the NPS School in the city, as a result of which he could not control the speed and fell down, the motorcycle overturned, Saravanan, who was driving the motorcycle, had blood injuries on his head, shoulder & other parts, and the injured Saravanan was admitted to Udbhava Hospital for treatment date without treatment; died on 23-03-2021, etc.,", "Hit and Run": "No", "Type of Collision": "Skidding", "Cause of Collision": "Overspeeding", "Road": "Main Road", "Context": null, "Infrastructure No": "No Signages, No Speed Calming Elements", "Infrastructure Yes": null, "Additional": null, "General Comment": null, "Blackspot_Name": "Hebbagodi Metro Station", "Added": null, "Type of Collision Cleaned": "Skidding", "Context Mapping": "Along Main Road", "Combinations": "Skidding,Along Main Road", "Time of Day": "Evening Rush Hour (6-9)" }, "geometry": { "type": "Point", "coordinates": [ 77.68147, 12.82969 ] } },
{ "type": "Feature", "properties": { "fid": 223, "FIR_No": "0199/2021", "PolSt": "Hebbagodi PS", "layer": "BR Vehicular Crash 2021", "ID": "0199/2021/Hebbagodi PS", "Sub Division": "Anekal Sub Division", "Year": 2021, "Lat": 12.82999, "Long": 77.68134, "Count_Killed": 1, "Count_NonFatal": 2, "Total Victims": 3, "Victim Vehicle": "Self", "Victim Age": "Unknown", "Victim Gender": "Male", "Victim02 Age": null, "Victim02 Gender": "Male", "Victim03 Age": "-", "Victim03 Gender": "-", "Accused Vehicle": "2W", "Accused Age": "Self", "Accused Gender": "Self", "Accused Vehicle 02": "-", "Accused Age 02": "-", "Accused Gender 02": "-", "Day": "Sunday", "Time Stamp": "14:00:00", "Full Address": "Bommasandra Industrial Area Sai vishram road, Moni, ar pvt ltd factory turnign\nroad, Anekal taluk,Bengaluru Dist , Karnataka, ", "Road Name": "Hosur-Bangalore Main Road", "NH": "NH 44", "FIR Contents": "Date: 30/5/2021 at 8-10 pm the complainant appeared at the police station and the summary of the complaint is that on the date: 30/5/2021 it was a holiday on Sunday, my friends Manu.V.K and Darshan who work in our company went to Vinayaka PG in Hebbagodi. was in I came around 10-00 am on my KA 51 EV 6015 Honda Shine motorcycle to talk to him. While the three people were talking in the PG, in the afternoon Chandan, a relative of Manu.V.K and a native of his town, who works in our company, said that we should come and have a special meal at his house. There was a rented room and we went to the Chandan room around 11-00 in the morning. Chandan cooked chicken there, three people finished their meal, left Chandan room at around 1-00 pm and returned to Vinayak PG in Hebbagodi when Darshan was driving my bike first from Chandan room in Tirupalaya to come back to Vinayaka PG in Hebbagodi. Manu took the bike from him saying that he would not come to ride the bike, while Darshan was behind the bike, I was behind While sitting, the three persons were coming towards Bommasandra Industrial Area, Sai Vishram Road, towards Hebbagodi, when Manu was speeding and carelessly driving the bike from Nadson Factory side and coming at Monier Pvt Ltd. While driving, control the motorcycle streak As a result of the road falling on the road, three people fell on the road. He was riding a bike\n\nManu was hit on the head and other parts and Darshan who was sitting in the middle of the bike was injured on his right hand and other parts. I was bruised, and when I was immediately taken to Prashar Hospital for treatment by public assistance, I was told that there was no bed arrangement. Then we went to the best hospital in Chandapur, when we went there, we were told that there are no beds due to corona disease. Later, when Anekal went to Vijayashree Hospital, the doctors there told him to take him to Nimans Hospital. Immediately from there he was taken to Nimans Hospital, Bangalore City and when he went at around 5-00 in the evening, Manu and Darshan were taken for treatment and when they were shown, the hospital doctors examined Manu and said that he was dead. Darshan has been admitted to Nimans Hospital for treatment.\n\nThis accident happened because the bike skidded out of control when I was driving my motorcycle with Manu, me and Darshan behind the bike and driving it at high speed and recklessly. Therefore Manu is the cause of this accident and has requested to take legal action. I can speak Kannada and I have typed this complaint in the police station. The summary of the case is given that I was late at the police station because I accompanied him to the hospital", "Hit and Run": "No", "Type of Collision": "Skidding", "Cause of Collision": "Overspeeding", "Road": "Main Road", "Context": null, "Infrastructure No": "No Speed Calming Elements, No Signages, No Streetlights", "Infrastructure Yes": null, "Additional": null, "General Comment": "Streetlights installed in 2023", "Blackspot_Name": "Hebbagodi Metro Station", "Added": null, "Type of Collision Cleaned": "Skidding", "Context Mapping": "Along Main Road", "Combinations": "Skidding,Along Main Road", "Time of Day": "Midday 1 (12-3)" }, "geometry": { "type": "Point", "coordinates": [ 77.68134, 12.82999 ] } },
{ "type": "Feature", "properties": { "fid": 224, "FIR_No": "0224/2021", "PolSt": "Hebbagodi PS", "layer": "BR Vehicular Crash 2021", "ID": "0224/2021/Hebbagodi PS", "Sub Division": "Anekal Sub Division", "Year": 2021, "Lat": 12.80778, "Long": 77.69805, "Count_Killed": 1, "Count_NonFatal": 0, "Total Victims": 1, "Victim Vehicle": "3W", "Victim Age": "40", "Victim Gender": "Male", "Victim02 Age": "-", "Victim02 Gender": "-", "Victim03 Age": "-", "Victim03 Gender": "-", "Accused Vehicle": "Lorry", "Accused Age": "Unknown", "Accused Gender": "Male", "Accused Vehicle 02": "-", "Accused Age 02": "-", "Accused Gender 02": "-", "Day": "Tuesday", "Time Stamp": "00:30:00", "Full Address": "Bengaluru - Hosur Nh-44 Road, Opp Shankar Kitchen, Hennagara \nGate,Bengaluru Dist , Karnataka,", "Road Name": "Hosur-Bangalore Main Road", "NH": "NH 44", "FIR Contents": "the date; On 28/29-06-2021 at 12.30 midnight the father-in-law of the complainant Shri Chandrasekhar Shri.\nRajasekhar was driving KA-01 AL-1725 auto, going towards Chandapur from Bengaluru on Bangalore - Hosur NH-44 road, when the driver of a lorry, which was going on the same route, drove the lorry at high speed and recklessly, and suddenly took a left turn without giving any warning. As a result of stopping the lorry, the auto driven by Rajasekhar collided with the rear of an unknown lorry parked in front, KA-01 AL-1725 auto got crushed, Rajasekhar, who was driving the auto, had blood injuries on his head, chest & other parts. He has left. The injured Rajashekhar was taken to Sparsh Hospital for treatment and the doctors who examined Rajashekhar N said that he was dead, etc.", "Hit and Run": "Maybe", "Type of Collision": "Hit from Back", "Cause of Collision": "Rough Driving", "Road": "Main Road", "Context": "At Merge Point", "Infrastructure No": "No Segregation for Heavy Vehicles, No Signages, No Speed Calming", "Infrastructure Yes": null, "Additional": "Accused Sharp turn to left. Undefined Merge Point", "General Comment": "Speed Hump near merge point installed in 2023", "Blackspot_Name": "Kithiganahalli Bus Stop", "Added": null, "Type of Collision Cleaned": "Hit from Back", "Context Mapping": "Access Point", "Combinations": "Hit from Back,Access Point", "Time of Day": "Mid Night(12-4)" }, "geometry": { "type": "Point", "coordinates": [ 77.69805, 12.80778 ] } },
{ "type": "Feature", "properties": { "fid": 225, "FIR_No": "0245/2021", "PolSt": "Hebbagodi PS", "layer": "BR Vehicular Crash 2021", "ID": "0245/2021/Hebbagodi PS", "Sub Division": "Anekal Sub Division", "Year": 2021, "Lat": 12.82978, "Long": 77.68126, "Count_Killed": 1, "Count_NonFatal": 0, "Total Victims": 1, "Victim Vehicle": "Self", "Victim Age": "30", "Victim Gender": "Male", "Victim02 Age": "-", "Victim02 Gender": "-", "Victim03 Age": "-", "Victim03 Gender": "-", "Accused Vehicle": "2W", "Accused Age": "30", "Accused Gender": "Male", "Accused Vehicle 02": "-", "Accused Age 02": "-", "Accused Gender 02": "-", "Day": "Sunday", "Time Stamp": "05:45:00", "Full Address": "Opp Nps School, Hebbagodi, Nh 44 Road, Attibele Hobali,Anekal Tq,Bengaluru \nDist , Karnataka,", "Road Name": "Hosur-Bangalore Main Road", "NH": "NH 44", "FIR Contents": "Date: 25/7/2021 Sunday is a holiday so we all talked in the night that we should go to Murree, so at around 4-30 in the morning we left the place where we were working, on my bike.. Me and Thangavelu, Muniswami's Prashan Pro motor belonging to him. Cycle no. From TN 29 AP 7168, take Bangalore-Chennai National Highway 44 to reach Dharmapuri, Tamil Nadu State. . When Thangavelu and I were coming towards Hosur on my bike, Muniswami was behind us on the above mentioned motorcycle.\n-2-\nWe immediately took him on my bike to the nearby Vimalaya Hospital for treatment. There.. the doctor told to take him to Oxford hospital, then he was taken to Oxford hospital in Yadavanhalli, Gate Nali.. in an ambulance. We immediately took him to Nimans Hospital in an ambulance at 8-45 am. When the doctor examined him and brought him to the hospital, the doctor told him that he had died.\nTherefore, Muniswami came riding his motorcycle from Bangalore direction with high speed and carelessness, and as a result of hitting the motorcycle with the road divider, he died of head injury and bleeding. So further legal action has been requested, the dead body will be at Niman Hospital, Bangalore. As I can speak Kannada, I have written the complaint in Kannada and typed it in the police station, got the complaint, filed a case and started the investigation.", "Hit and Run": "No", "Type of Collision": "Hit fixed object", "Cause of Collision": "Overspeeding", "Road": "Main Road", "Context": "Hit Median", "Infrastructure No": "No Streetlights", "Infrastructure Yes": null, "Additional": null, "General Comment": "Streetlights installed in 2023", "Blackspot_Name": "Hebbagodi Metro Station", "Added": null, "Type of Collision Cleaned": "Hit fixed object", "Context Mapping": "Along Main Road", "Combinations": "Hit fixed object,Along Main Road", "Time of Day": "Early Morning (4-7)" }, "geometry": { "type": "Point", "coordinates": [ 77.68126, 12.82978 ] } },
{ "type": "Feature", "properties": { "fid": 226, "FIR_No": "0252/2021", "PolSt": "Hebbagodi PS", "layer": "BR Vehicular Crash 2021", "ID": "0252/2021/Hebbagodi PS", "Sub Division": "Anekal Sub Division", "Year": 2021, "Lat": 12.80781, "Long": 77.69782, "Count_Killed": 1, "Count_NonFatal": 0, "Total Victims": 1, "Victim Vehicle": "2W", "Victim Age": "24", "Victim Gender": "Male", "Victim02 Age": "32", "Victim02 Gender": "Male", "Victim03 Age": "-", "Victim03 Gender": "-", "Accused Vehicle": "Bus", "Accused Age": "Unknown", "Accused Gender": "Male", "Accused Vehicle 02": "-", "Accused Age 02": "-", "Accused Gender 02": "-", "Day": "Tuesday", "Time Stamp": "19:30:00", "Full Address": "Hosur-Bang Nh 7 Road, Near A 2 B Hotel, Attibele Hobli Anekal Tq,Bengaluru \nDist , Karnataka", "Road Name": "Hosur-Bangalore Main Road", "NH": "NH 44", "FIR Contents": "On 04-08-2021 at 8-15 am HC 397 Kempanna received the statement of injured Ejaz Ansari at Parsha Hospital and brought him to the police station and registered the case. Haider Ali on KA05-HL-2985 Pulsar motorcycle with accused Ajaz Ansari riding on the back while going straight to A2B Hotel, Bommasandra Road, Hosur Bangalore NH 7, while driving KA57-F-3487 BMTC bus from behind, its driver was speeding and driving recklessly. As a result of the collision with the motorcycle the plaintiff was going to, the plaintiff suffered blood injuries on his left leg and both hands, the motorcycle rider Haider Shah suffered blood injuries on his head, abdomen and legs, and was admitted to the hospital for treatment. The summary of the complaint is that I want to take legal action against him etc.", "Hit and Run": "Maybe", "Type of Collision": "Hit from Back", "Cause of Collision": "Overspeeding", "Road": "Main Road", "Context": null, "Infrastructure No": "No Segregation for Heavy Vehicles, No Speed Calming Elements, No Signages, No Streetlights", "Infrastructure Yes": null, "Additional": null, "General Comment": "Streetlights installed in 2023", "Blackspot_Name": "Kithiganahalli Bus Stop", "Added": null, "Type of Collision Cleaned": "Hit from Back", "Context Mapping": "Along Main Road", "Combinations": "Hit from Back,Along Main Road", "Time of Day": "Evening Rush Hour (6-9)" }, "geometry": { "type": "Point", "coordinates": [ 77.69782, 12.80781 ] } },
{ "type": "Feature", "properties": { "fid": 227, "FIR_No": "0285/2021", "PolSt": "Hebbagodi PS", "layer": "BR Vehicular Crash 2021", "ID": "0285/2021/Hebbagodi PS", "Sub Division": "Anekal Sub Division", "Year": 2021, "Lat": 12.83066, "Long": 77.68103, "Count_Killed": 1, "Count_NonFatal": 1, "Total Victims": 2, "Victim Vehicle": "2W", "Victim Age": "19", "Victim Gender": "Male", "Victim02 Age": "Unknown", "Victim02 Gender": "Unknown", "Victim03 Age": "-", "Victim03 Gender": "-", "Accused Vehicle": "2W", "Accused Age": "Unknown", "Accused Gender": "Male", "Accused Vehicle 02": "-", "Accused Age 02": "-", "Accused Gender 02": "-", "Day": "Monday", "Time Stamp": "20:45:00", "Full Address": "Ban- Hosur Road Nh 7,Service Road, Hp Petrolbunk, Hebbagodi,Bengaluru Dist , Kar", "Road Name": "Hosur-Bangalore Main Road", "NH": "NH 44", "FIR Contents": "The gist of the complaint filed by the accused Manjanna at the police station on 24-08-2021 at 3-15 pm is that on 23-08-2021 at 8-40 pm when I was at home, Gautam, who lives in our street, came to your son Puneeth near Hebbagodi HP petrol station in panic. He said that it was an accident. Immediately I and Manjanna went to see, Puneetha had a blood wound on the other side of the head, immediately took my son to Sparsha Hospital in an ambulance, took him to the hospital for treatment and admitted him. Inquiries about the accident On 23-08-2021 at 8-30 pm, Puneeth was going to meet his friend on KA51 HP 8420 Pulsar motorcycle near HP Petrol Station, Bangalore - Hosur NH 7 Service Road, Hebbagodi when a KA29 W 9404 Honda Activa came from the opposite side. He said that the rider of the motorcycle was driving at high speed and recklessly and the motorcycle collided with it and my son Puneeth got a head injury and bleeding elsewhere. As my son Puneeth suffered a head injury, I took him to Nimans Hospital in Bangalore for further treatment and admitted him, got treatment and came late and complained. So I request legal action against the KA29 W 9404 Honda Activa motorcycle rider who caused this accident etc.", "Hit and Run": "Maybe", "Type of Collision": "Head On", "Cause of Collision": "Overspeeding", "Road": "Service Road", "Context": "Two way Service Road", "Infrastructure No": " No Speed Calming Elements, No Signages, No Streetlights, No lane demarcation", "Infrastructure Yes": null, "Additional": null, "General Comment": "Streetlights installed in 2023", "Blackspot_Name": "Hebbagodi Metro Station", "Added": null, "Type of Collision Cleaned": "Head On", "Context Mapping": "Along Service Road", "Combinations": "Head On,Along Service Road", "Time of Day": "Evening Rush Hour (6-9)" }, "geometry": { "type": "Point", "coordinates": [ 77.68103, 12.83066 ] } },
{ "type": "Feature", "properties": { "fid": 228, "FIR_No": "0300/2021", "PolSt": "Hebbagodi PS", "layer": "BR Vehicular Crash 2021", "ID": "0300/2021/Hebbagodi PS", "Sub Division": "Anekal Sub Division", "Year": 2021, "Lat": 12.81681, "Long": 77.69085, "Count_Killed": 1, "Count_NonFatal": 0, "Total Victims": 1, "Victim Vehicle": "2W", "Victim Age": "47", "Victim Gender": "Male", "Victim02 Age": "-", "Victim02 Gender": "-", "Victim03 Age": "-", "Victim03 Gender": "-", "Accused Vehicle": "Lorry", "Accused Age": "Unknown", "Accused Gender": "Unknown", "Accused Vehicle 02": "-", "Accused Age 02": "-", "Accused Gender 02": "-", "Day": "Thursday", "Time Stamp": "23:00:00", "Full Address": "Bommasandra Industrial Area Jigani Link Road Near, Bharath \nPetrol Bank Anekal Tq,Bengaluru Dist , Karnataka,", "Road Name": "Hosur-Bangalore Main Road", "NH": "NH 44", "FIR Contents": "In this case, yesterday on 09-09-2021, since our master did not come home until late at night, I called our master Ramesh's mobile number 9108619120 at around 11-30 hours. Someone, an ambulance driver, answered the phone. My name is Beerappa. I am an ambulance driver. In an industrial area. In front of Bharat Petrol Station on Jigani Link Road at around 11-00 at night, the driver of a lorry hit your owner and left. The public called our ambulance. Immediately I and Tulsiram both came to the spot and saw that our master's motorcycle KA51-EL-2181 was there and the vehicle was stolen. Ramesh was checked at around 11-45 pm and told me that he was dead on the way, our master who was lying down in the ambulance was seen and found to be dead due to severe bleeding injuries on the head and left side of the face. When our master Ramesh was coming home on a motorcycle from Bommasandra side, a lorry driver came from behind the motorcycle on Jigani Link Road, driving his vehicle at high speed and recklessly and hit the motorcycle vehicle, our master fell on the road along with the motorcycle and the motorcycle hit our master on the head and face. Died due to severe bleeding. The dead body of our master is in the Anekal Government Hospital mortuary. I informed our relatives about this accident and came to the police station late today to file a complaint. Therefore, the driver of the above unknown lorry caused an accident and left the vehicle without stopping the vehicle and left the place and requested to find the driver and take legal action.\nIt will be a summary of the problem.", "Hit and Run": "Yes", "Type of Collision": "Hit from Back", "Cause of Collision": "Overspeeding", "Road": "Service Road", "Context": null, "Infrastructure No": "No Speed Calming Elements, No Signages, No Segregation for Heavy Vehicles", "Infrastructure Yes": null, "Additional": null, "General Comment": null, "Blackspot_Name": "Bommasandra Metro Station", "Added": null, "Type of Collision Cleaned": "Hit from Back", "Context Mapping": "Along Service Road", "Combinations": "Hit from Back,Along Service Road", "Time of Day": "Late Night (9-12)" }, "geometry": { "type": "Point", "coordinates": [ 77.69085, 12.81681 ] } },
{ "type": "Feature", "properties": { "fid": 229, "FIR_No": "0036/2021", "PolSt": "Suryanagar PS", "layer": "BR Vehicular Crash 2021", "ID": "0036/2021/Suryanagar PS", "Sub Division": "Anekal Sub Division", "Year": 2021, "Lat": 12.80174, "Long": 77.71196, "Count_Killed": 1, "Count_NonFatal": 0, "Total Victims": 1, "Victim Vehicle": "2W", "Victim Age": "Unknown", "Victim Gender": "Female", "Victim02 Age": "-", "Victim02 Gender": "-", "Victim03 Age": "-", "Victim03 Gender": "-", "Accused Vehicle": "Lorry", "Accused Age": "Unknown", "Accused Gender": "Unknown", "Accused Vehicle 02": "-", "Accused Age 02": "-", "Accused Gender 02": "-", "Day": "Sunday", "Time Stamp": "23:00:00", "Full Address": "Bangalore Hosur N H 7 Service Road Infront Of The, B R \nEnter Prisess Hale Chandapura (V) Anekal Tq,Bengaluru Dist , Karnataka,", "Road Name": "Hosur-Bangalore Service Road", "NH": "NH 44", "FIR Contents": "Date: 07/02/2021 As it was Sunday, I called my friend Umesh to our house, I, our brother Darshan, Pavitra and my friend Umesh, 4 of us cooked and had dinner at our house. All four of us went on motorbikes, talking about going out for dinner. At night, after having dinner at RK Daba in Halechandapur, to go back home, our brother Darshan and Pavitra were on my Babu KA-09 HM-6093 motorcycle, our brother Darshan was driving the motorcycle and Pavitra was sitting on the back of the motorcycle. I was on another motorcycle.. and Umesh's bike was on a motorcycle along Bangalore - Hosur NH-7 main road, R.K. While walking on the service road in front of the dhaba, our elder brother Darshan was walking in front of him. Date: 07/02/2021 at around 11-00 PM... on the service road opposite Basavaraju's Babu BR Enterprises Parking Tiles Factory next to Old Chandapur Service Road. As a result of driving, the rear trailer of the canter vehicle parked on the side of the road collided, our elder brother Darshan and Pavitra fell on the road along with the motorcycle. Immediately I and my friend Umesh both stopped our motorbikes on the side of the road and went to the place where garbage had been dumped. Our brother Darshan had minor cuts. When Umesh and I took Pavitra to Best Hospital for treatment at night around 11-10 pm.\nDoctors at Best Hospital have examined Pavitra and said that he is dead, the above motorcycle which was being driven by our brother Darshan is registered in my name. I request legal action. I inform his parents, relatives and friends about the death of Pavitra. A case has been registered and investigation has been initiated after receiving the complaint that he had attended the police station late on this day and filed a complaint.", "Hit and Run": "No", "Type of Collision": "Hit from Back", "Cause of Collision": "Wrong Parking", "Road": "Service Road", "Context": null, "Infrastructure No": "No Designated Parking Area", "Infrastructure Yes": null, "Additional": null, "General Comment": "Lots of Lorries parked on the left side of the service road for a 145 m stretch. The service road bifurcates into two roadswith streetlights and shoulder in the middle and joins back after the 145m stretch. Lorries parked infront of shops and in the shoulder", "Blackspot_Name": "Chandapura Rail Bridge", "Added": null, "Type of Collision Cleaned": "Hit from Back", "Context Mapping": "Along Service Road", "Combinations": "Hit from Back,Along Service Road", "Time of Day": "Late Night (9-12)" }, "geometry": { "type": "Point", "coordinates": [ 77.71196, 12.80174 ] } },
{ "type": "Feature", "properties": { "fid": 230, "FIR_No": "0072/2021", "PolSt": "Suryanagar PS", "layer": "BR Vehicular Crash 2021", "ID": "0072/2021/Suryanagar PS", "Sub Division": "Anekal Sub Division", "Year": 2021, "Lat": 12.80006, "Long": 77.71486, "Count_Killed": 1, "Count_NonFatal": 1, "Total Victims": 2, "Victim Vehicle": "2W", "Victim Age": "37", "Victim Gender": "Female", "Victim02 Age": "Unknown", "Victim02 Gender": "Unknown", "Victim03 Age": "-", "Victim03 Gender": "-", "Accused Vehicle": "Lorry", "Accused Age": "Unknown", "Accused Gender": "Male", "Accused Vehicle 02": "-", "Accused Age 02": "-", "Accused Gender 02": "-", "Day": "Monday", "Time Stamp": "15:05:00", "Full Address": "Infront Of Naveen'S Jesus Granite Works, Hale Chandapura \nBangalore Hosur Nh-7 Road,Bengaluru Dist , Karnataka,", "Road Name": "Hosur-Bangalore Main Road", "NH": "NH 44", "FIR Contents": " Date: 08/03/2021 at about 3-05 PM Bangalore - Hosur NH-7 Main Road, Halechandapur Village Kamalamma Ravara Baytu Jagadali..Dhad Navin Ravara Bayuthu Jesus Granite Works Direct Road..Bommasandra While going towards Hosur from the side, a lorry behind me As a result of the driver driving his lorry at high speed and recklessly and hit the right side of my two wheeler, D., when the cycler lost control, my wife fell from the cycler to the right side on the road, the rear wheel of the lorry fell on my wife's head. I fell on the left side of the road along with the above mentioned two wheeler, my wife suffered a severe blow on her head and died on the spot due to profuse bleeding. For me right hand palm, left hand\nThere was a bruised and bleeding wound, a lacerated wound on the right shoulder near the right ankle. The number of the lorry at the spot, 5.2-734-1206, I request that legal action be taken against the above lorry driver, who is responsible, as I am not able to sign due to the injury on my right hand, I have signed the complaint with my left hand thumb, as I do not know how to write in Kannada, I said elsewhere. Typed. Then I read and heard, and I understood why I was not paying attention to the distance, but I was not able to see beyond the mind.", "Hit and Run": "Maybe", "Type of Collision": "Hit from Side", "Cause of Collision": "Overspeeding", "Road": "Main Road", "Context": "Near Bus Stop, Sudden Bulge in carriageway", "Infrastructure No": "No Segregation for Heavy Vehicles, No Speed Calming Elements, No Signages", "Infrastructure Yes": null, "Additional": null, "General Comment": null, "Blackspot_Name": "Chandapura Rail Bridge", "Added": null, "Type of Collision Cleaned": "Hit from Side", "Context Mapping": "Bus Stop", "Combinations": "Hit from Side,Bus Stop", "Time of Day": "Midday 2 (3-6)" }, "geometry": { "type": "Point", "coordinates": [ 77.71486, 12.80006 ] } },
{ "type": "Feature", "properties": { "fid": 231, "FIR_No": "0016/2022", "PolSt": "Attibele PS", "layer": "BR Vehicular Crash 2022", "ID": "0016/2022/Attibele PS", "Sub Division": "Anekal Sub Division", "Year": 2022, "Lat": 12.78171, "Long": 77.76316, "Count_Killed": 1, "Count_NonFatal": 1, "Total Victims": 2, "Victim Vehicle": "2W", "Victim Age": "38", "Victim Gender": "Female", "Victim02 Age": "43", "Victim02 Gender": "Male", "Victim03 Age": "-", "Victim03 Gender": "-", "Accused Vehicle": "Lorry", "Accused Age": "Unknown", "Accused Gender": "Unknown", "Accused Vehicle 02": "-", "Accused Age 02": "-", "Accused Gender 02": "-", "Day": "Saturday", "Time Stamp": "14:20:00", "Full Address": "NH 7, HOSUR BANGALORE MAIN ROAD, NEAR ATTIBELE CHECK POST, ATTIBELE,Bengaluru Dist , Karnata", "Road Name": "Hosur-Bangalore Main Road", "NH": "NH 44", "FIR Contents": "Dated: 22-01-2022 at 06-30 in the evening the complainant appeared in the police station in summary of the complaint that I, my wife Smt. Jayamala, age 38 years and living with sons Jeevika 12 years and Rohit 7 years, I worked at Chandra Engineering Company in Bommasandra and my wife worked in tailoring. Dated on this day: 22-01-2022 My Babu, T.N. 11-A-9601 Honda Activa two wheeler to go back home after tailoring mission I drove two wheeler with my wife Smt.Jaymala sitting behind NH7 Hosur Bangalore main road at about 02-20 noon in front of Attibele Chak Post Hosur The driver of a lorry which was going towards Bengaluru from Hosur side hit the lorry while going towards Bangalore He drove at high speed and carelessly and hit my vehicle from behind, as a result me ​​and my wife fell on the road along with the vehicle, the wheel of the lorry tore on the left leg and waist of my wife Jayamala and she got severely injured, I got minor injuries on my right hand and right leg. The lorry number is RJ-14-GK-6557 container. My wife Jayamala who was seriously injured was treated by me and the locals, I took her in an ambulance to Sri Sai Hospital, where the doctor treated her, as per the doctor's advice, my wife was taken to Best Hospital in Chandapur for further treatment.\nShe was taken and admitted, my wife died on the same day around 05-45 in the evening without being cured by the treatment. RJ-14-GK-6557 Seeking legal action against container lorry driver who caused accident and death of my wife etc.", "Hit and Run": "Maybe", "Type of Collision": "Hit from Back", "Cause of Collision": "Overspeeding", "Road": "Main Road", "Context": "Near Check post (Lorries parked), Near Merge Point", "Infrastructure No": "No Signage, No speed calming, No Segregation for Heavy Vehicles", "Infrastructure Yes": null, "Additional": null, "General Comment": null, "Blackspot_Name": "Attibele Checkpost", "Added": null, "Type of Collision Cleaned": "Hit from Back", "Context Mapping": "Access Point", "Combinations": "Hit from Back,Access Point", "Time of Day": "Midday 1 (12-3)" }, "geometry": { "type": "Point", "coordinates": [ 77.76316, 12.78171 ] } },
{ "type": "Feature", "properties": { "fid": 232, "FIR_No": "0094/2022", "PolSt": "Attibele PS", "layer": "BR Vehicular Crash 2022", "ID": "0094/2022/Attibele PS", "Sub Division": "Anekal Sub Division", "Year": 2022, "Lat": 12.79181, "Long": 77.7304, "Count_Killed": 1, "Count_NonFatal": 0, "Total Victims": 1, "Victim Vehicle": "2W", "Victim Age": "39", "Victim Gender": "Male", "Victim02 Age": "-", "Victim02 Gender": "-", "Victim03 Age": "-", "Victim03 Gender": "-", "Accused Vehicle": "LMV", "Accused Age": "Unknown", "Accused Gender": "Unknown", "Accused Vehicle 02": "-", "Accused Age 02": "-", "Accused Gender 02": "-", "Day": "Friday", "Time Stamp": "18:30:00", "Full Address": "NH 7 HOSUR BANGALORE MAIN ROAD, NEAR NERALURU GATE, ATTIBELE HOBLI,Bengaluru Dist , Karna", "Road Name": "Hosur-Bangalore Main Road", "NH": "NH 44", "FIR Contents": "Date: 01-04-2022 At 09-30 PM at night, the complaint filed by the complainant is that Mr. Palaniswami, whom I know, is 26 years old, lives in Bangalore Banasawadi and works as a project manager in Shri Ram Properties. His native place is Bodhinayakanur town, Theni district, Tamilnadu state. On this date: 01-04-2022 at around 07-30 in the evening Subramanian, the elder brother of Palaniswami's wife, called me and told me that Palaniswami had died on the spot in an accident near Neralur Gate on NH7 Hosur Bangalore main road. On investigation, the fact is true, Palaniswami's dead body is from Oxford Hospital In the mortuary, the head, hands and feet were hit and there were severe bleeding injuries. On learning about the accident, on this date: 01-04-2022 Palaniswami's Babu, TN 60-S-1953 Honda Unicorn motorcycle near Attibele, Go to Shriram Properties near Manchanahalli and finish work and return to Bangalore around evening. At 06-30 hours, a motor cycle was driving towards Bengaluru from Hosur side of Neralur gate on NH7 Hosur Bangalore main road, when a car driver who was going towards Bangalore from Hosur side drove at high speed and recklessly and hit Palaniswami's motorcycle from the rear and left without stopping his vehicle. As a result, Palaniswami fell on the road along with the motorcycle and sustained severe injuries It was learned that he bled to death on the spot. Demand that the driver of the car who caused the accident and death of Palaniswami be found and legal action taken etc.", "Hit and Run": "Yes", "Type of Collision": "Hit from Back", "Cause of Collision": "Overspeeding", "Road": "Main Road", "Context": "Near Bus Stop", "Infrastructure No": "No speed calming, No signage", "Infrastructure Yes": "Streetlights", "Additional": "Suddent Bulb out for bus stop.", "General Comment": "No streetlights in Feb 2022 street view", "Blackspot_Name": "Neraluru Bus Stop", "Added": null, "Type of Collision Cleaned": "Hit from Back", "Context Mapping": "Bus Stop", "Combinations": "Hit from Back,Bus Stop", "Time of Day": "Evening Rush Hour (6-9)" }, "geometry": { "type": "Point", "coordinates": [ 77.7304, 12.79181 ] } },
{ "type": "Feature", "properties": { "fid": 233, "FIR_No": "0215/2022", "PolSt": "Attibele PS", "layer": "BR Vehicular Crash 2022", "ID": "0215/2022/Attibele PS", "Sub Division": "Anekal Sub Division", "Year": 2022, "Lat": 12.78536, "Long": 77.75074, "Count_Killed": 1, "Count_NonFatal": 0, "Total Victims": 1, "Victim Vehicle": "Bicycle", "Victim Age": "38", "Victim Gender": "Male", "Victim02 Age": "-", "Victim02 Gender": "-", "Victim03 Age": "-", "Victim03 Gender": "-", "Accused Vehicle": "LMV", "Accused Age": "Unknown", "Accused Gender": "Unknown", "Accused Vehicle 02": "-", "Accused Age 02": "-", "Accused Gender 02": "-", "Day": "Wednesday", "Time Stamp": "20:45:00", "Full Address": "NH 7, HOSUR BANGALORE MAIN ROAD, NEAR YADAVANAHALLI BUS\nSTOP, ATTIBELE HOBLI,Bengaluru Dist , Karnataka, ", "Road Name": "Hosur-Bangalore Main Road", "NH": "NH 44", "FIR Contents": ": 08-06-2022 at 9-00 PM when I was at home, I came to know that my brother Parmanand Sharma had died on the spot in an accident near NH7 Bangalore Hosur Main Road, Yadavanhalli, Bus Stand. , got severe injuries on hand, leg and other parts and died on the spot. Sharma came to Yadavanhalli after finishing work at night around 08-45 hrs. 7 While riding a bicycle near Yadavanahalli Bus Stand on Bengaluru Hosur Main Road, the driver of KA-51-AB-5756 Boloro pick up goods vehicle, which was going towards Hosur from Bengaluru, drove at high speed and carelessly and hit the bicycle of Parmanand Sharma from behind, resulting in my death. It was learned that he died on the spot due to severe head injuries. Demanding legal action against the driver of the above Bolero Goods vehicle who caused the accident and my own death etc.", "Hit and Run": "Maybe", "Type of Collision": "Hit from Back", "Cause of Collision": "Overspeeding", "Road": "Main Road", "Context": "Near Bus Stop - Bulge in Carriageway", "Infrastructure No": "No Cycle Track, No Speed Calming, No Signages", "Infrastructure Yes": null, "Additional": null, "General Comment": null, "Blackspot_Name": null, "Added": null, "Type of Collision Cleaned": "Hit from Back", "Context Mapping": "Bus Stop", "Combinations": "Hit from Back,Bus Stop", "Time of Day": "Evening Rush Hour (6-9)" }, "geometry": { "type": "Point", "coordinates": [ 77.75074, 12.78536 ] } },
{ "type": "Feature", "properties": { "fid": 234, "FIR_No": "0276/2022", "PolSt": "Attibele PS", "layer": "BR Vehicular Crash 2022", "ID": "0276/2022/Attibele PS", "Sub Division": "Anekal Sub Division", "Year": 2022, "Lat": 12.78167, "Long": 77.76219, "Count_Killed": 1, "Count_NonFatal": 0, "Total Victims": 1, "Victim Vehicle": "2W", "Victim Age": "38", "Victim Gender": "Male", "Victim02 Age": "-", "Victim02 Gender": "-", "Victim03 Age": "-", "Victim03 Gender": "-", "Accused Vehicle": "Lorry", "Accused Age": "Unknown", "Accused Gender": "Unknown", "Accused Vehicle 02": "-", "Accused Age 02": "-", "Accused Gender 02": "-", "Day": "Friday", "Time Stamp": "13:45:00", "Full Address": "NH 7, HOSUR BANGALORE MAIN ROAD, NEAR RTO CHECK, POST, OPP \nUPKAR APPARTMENT, ATTIBELE,Bengaluru Dist , Karnataka,", "Road Name": "Hosur-Bangalore Main Road", "NH": "NH 44", "FIR Contents": "Date: 15-07-2022 at 02-45 PM, the complainant appeared in the police station and the gist of the complaint is that our own place is Ainolli village, Chincholi taluk, Gulbarga district, I live with my elder brother Rabindra Chincholikar, aged 38 years, in Attibele, I and my elder brother Ravindra. Atthibele by Chincholikar British Engines Inc. in the industrial area. Pvt. Ltd. We are working in the company, on this day date: 15-07-2022 I went to work in 1st shift and my elder brother Ravindra Chincholikar was working in 2nd shift. Around 01-55 in the afternoon when I was working in the company, I came to know that my elder brother Ravindra Chincholikar had died on the spot in an accident near Uppar apartment near Attibele Chak Post. On coming to know about the accident, my elder brother drove his Babu KA-51-HL-8525 Honda Shine motorcycle to go to his 2nd shift work on this day: 15-07-2022 at about 01-45 PM, NH. 7 On the Hosur Bangalore Main Road at Uppar Lay Out straight from Hosur towards Bengaluru, on the same road from Hosur towards Bengaluru. The lorry driver MH46-BM-8791, who was going towards, drove his lorry at high speed and recklessly and collided with my brother's motorcycle. As a result, the rear wheel of the lorry hit my brother's head and the motorcycle fell on the road. It was learned that he died on the spot. MH46-BM-8791 demanding legal action against the lorry driver who caused the accident etc.", "Hit and Run": "Maybe", "Type of Collision": "Hit from Back", "Cause of Collision": "Rough Driving", "Road": "Main Road", "Context": "Near Merge Point", "Infrastructure No": "No Signage, No speed calming, No Segregation for Heavy Vehicles", "Infrastructure Yes": "Streetlights", "Additional": null, "General Comment": null, "Blackspot_Name": "Attibele Checkpost", "Added": null, "Type of Collision Cleaned": "Hit from Back", "Context Mapping": "Access Point", "Combinations": "Hit from Back,Access Point", "Time of Day": "Midday 1 (12-3)" }, "geometry": { "type": "Point", "coordinates": [ 77.76219, 12.78167 ] } },
{ "type": "Feature", "properties": { "fid": 235, "FIR_No": "0361/2022", "PolSt": "Attibele PS", "layer": "BR Vehicular Crash 2022", "ID": "0361/2022/Attibele PS", "Sub Division": "Anekal Sub Division", "Year": 2022, "Lat": 12.78601, "Long": 77.74735, "Count_Killed": 1, "Count_NonFatal": 1, "Total Victims": 2, "Victim Vehicle": "Self", "Victim Age": "Self", "Victim Gender": "Self", "Victim02 Age": "-", "Victim02 Gender": "-", "Victim03 Age": "-", "Victim03 Gender": "-", "Accused Vehicle": "2W", "Accused Age": "27", "Accused Gender": "Male", "Accused Vehicle 02": "-", "Accused Age 02": "-", "Accused Gender 02": "-", "Day": "Friday", "Time Stamp": "00:00:00", "Full Address": "Hosur-Bengaluru NH 7 Service road,, Near Pointech company, Attibele Indl. area.,Bengaluru Dist , Karna", "Road Name": "Hosur-Bangalore Service Road", "NH": "NH 44", "FIR Contents": "On 23/09/2022 at 12-00 am, the friend of the complainant's son, Ashok Kumar, was coming from Malur to Bangalore on a Pulsar motorcycle AP02, CH-6903, with my son Ashok Kumar sitting on the back, and the boy drove the said motorcycle at high speed and Hosur-Bangalore N by reckless driving My son Ashok Kumar and the public gathered at the spot said that the motorcycle was thrown down near Pointech Company, Hatch 7 Road, Attibele Guestline and my son Ashok and children were injured. Then I took both of them to Prashar Hospital near Bomma Sandra and gave them first aid and took Bala and my son from the hospital that same night. Bala went to his house. As the pain of my son increased due to the injuries sustained in the accident, I admitted him again on Date:23/09/2022 afternoon to Kaveri Hospital, Agrahara, Konappa. My son Ashok Kumar was undergoing treatment in Kaveri Hospital, but died in the hospital on 26/09/2022 at 8-30 PM without getting cured. Therefore AP02, CH-6903 demanding legal action against the boy who caused the accident by driving at high speed and recklessly with my son Ashok Kumar on the back seat on the Pulsar motorcycle etc.", "Hit and Run": "No", "Type of Collision": "Skidding", "Cause of Collision": "Overspeeding", "Road": "Service Road", "Context": null, "Infrastructure No": "No speed calming, No signage", "Infrastructure Yes": "Streetlights", "Additional": null, "General Comment": "Late Night", "Blackspot_Name": null, "Added": null, "Type of Collision Cleaned": "Skidding", "Context Mapping": "Along Service Road", "Combinations": "Skidding,Along Service Road", "Time of Day": "Mid Night(12-4)" }, "geometry": { "type": "Point", "coordinates": [ 77.74735, 12.78601 ] } },
{ "type": "Feature", "properties": { "fid": 236, "FIR_No": "0393/2022", "PolSt": "Attibele PS", "layer": "BR Vehicular Crash 2022", "ID": "0393/2022/Attibele PS", "Sub Division": "Anekal Sub Division", "Year": 2022, "Lat": 12.77853, "Long": 77.76997, "Count_Killed": 1, "Count_NonFatal": 0, "Total Victims": 1, "Victim Vehicle": "2W", "Victim Age": "45", "Victim Gender": "Male", "Victim02 Age": "-", "Victim02 Gender": "-", "Victim03 Age": "-", "Victim03 Gender": "-", "Accused Vehicle": "Lorry", "Accused Age": "Unknown", "Accused Gender": "Unknown", "Accused Vehicle 02": "-", "Accused Age 02": "-", "Accused Gender 02": "-", "Day": "Saturday", "Time Stamp": "12:20:00", "Full Address": "near dream bakery attibele town, hosuru bengaluru road anekal tq,Bengaluru Dist , Karnataka, 562107", "Road Name": "Hosur-Bangalore Main Road", "NH": "NH 44", "FIR Contents": "The gist of the complaint filed on 22/10/2022 at 1.30 pm in the accused station is that my own brother Ayyappa lives in Parvati Nagar Atthibele and he earns his living by running a retail shop. His wife's name is Gayatri and he has two daughters, the first is Arini and the second is Darshini, both daughters are not married. I came to my brother's house today while he was at home\n\nAround 12-30 noon someone called my sister-in-law's mobile and said that today around 12-20 noon near Attibele Circle Cream Bakery Ayyappa was coming from Anekal side in his TVS moped number KA-59-E-6629 and a tipper lorry number KA from Anekal side. -51-AG-3996 Lorry driver is loud As a result of driving the tipper lorry and hitting the TVS, Iyappa fell down along with the TVS and the tipper lorry got caught in the wheel and he said that he had blood injuries on his head and other parts. My brother's TVS moped number KA-59-E-6629 is standing by the road. And the number of the tipper standing next to it was KA-51-AG-3996. He was immediately put in an ambulance and taken to Sai Hospital where the doctor checked him and told him that he died of alcoholism. Then we took my brother's dead body to Oxford Hospital and kept it there. On the complaint filed seeking legal action against the above tipper lorry driver who caused the death of my elder brother.", "Hit and Run": "Maybe", "Type of Collision": "Hit from Back", "Cause of Collision": "Rough Driving", "Road": "Main Road", "Context": "At Free Left, At Intersection", "Infrastructure No": "No Segregation for Heavy Vehicles, No Speed Calming elements, No Signages", "Infrastructure Yes": null, "Additional": null, "General Comment": null, "Blackspot_Name": "Attibele Intersection", "Added": "added", "Type of Collision Cleaned": "Hit from Back", "Context Mapping": "Intersection", "Combinations": "Hit from Back,Intersection", "Time of Day": "Midday 1 (12-3)" }, "geometry": { "type": "Point", "coordinates": [ 77.76997, 12.77853 ] } },
{ "type": "Feature", "properties": { "fid": 237, "FIR_No": "0071/2022", "PolSt": "Hebbagodi PS", "layer": "BR Vehicular Crash 2022", "ID": "0071/2022/Hebbagodi PS", "Sub Division": "Anekal Sub Division", "Year": 2022, "Lat": 12.81369, "Long": 77.69313, "Count_Killed": 1, "Count_NonFatal": 0, "Total Victims": 1, "Victim Vehicle": "2W", "Victim Age": "25", "Victim Gender": "Male", "Victim02 Age": "-", "Victim02 Gender": "-", "Victim03 Age": "-", "Victim03 Gender": "-", "Accused Vehicle": "Lorry", "Accused Age": "Unknown", "Accused Gender": "Male", "Accused Vehicle 02": "-", "Accused Age 02": "-", "Accused Gender 02": "-", "Day": "Saturday", "Time Stamp": "14:30:00", "Full Address": "NEAR SRINIDI HOTEL CIRCLE BOMMASANDRA, ATTIBELE HOBLI ANEKAL TQ,Bengaluru Dist , Karnataka,", "Road Name": "Hosur-Bangalore Service Road", "NH": "NH 44", "FIR Contents": "On 05-03-2022 at 8-00 PM in the night, the complainant appeared in the police station and the gist of the complaint is that I was staying in the house of my father-in-law Mudalagiriappa, mother-in-law Anusuyamma. Our mother-in-law has two children out of which 1st Ambaprasad is 25 years old and 2nd Soumya is 23 years old. Ambaprasad was working as a delivery boy in Brinkit Company in Ananthanagar. On 05-03-2022 at around 2-30 PM, Amba Prasad took the Deo Scooty two-wheeler vehicle No. KA51-H B-4279 in the name of our grandpa Ramakrishnappa. Shortly after he left, some stranger phoned me and told Ambaprasad that at around 2-50 in the afternoon, a tipper lorry had collided with a tipper lorry near the circle near Srinidhi Hotel in Bommasandra and he was admitted to Parsha Hospital. Then I immediately informed my father-in-law and took him to Parsha Hospital where Ambaprasad was seen with injuries on his neck and chest and was kept in the ICU. I and my father-in-law Mudalagiriappa went to the place and inquired side by side and our two wheeler and the tipper lorry which had hit Amba Prasad was there and the number was KA51-B-5846, then we came to the hospital. At that time, the medical officer was giving treatment to Ambaprasad and told him that he would have died at 4-20 pm without any benefit from the treatment. Ambaprasad was coming towards highway road from Shantini Ketan guest house road side on his two wheeler when the tipper lorry from Bommasandra side was driven too fast and carelessly by its driver and while turning Ambaprasad hit Ambaprasad and caused an accident. I asked for it It will be a summary of the problem.", "Hit and Run": "Maybe", "Type of Collision": "Unknown", "Cause of Collision": "Overspeeding", "Road": "Service Road", "Context": "Near NH7 Truck Parking Entrance/Exit", "Infrastructure No": "No Segregation for Heavy Vehicles, No Signages", "Infrastructure Yes": "Speed Hump wihtin 5 metres of crash location", "Additional": "While the lorry was turning it hit the 2W. Could be entering the NH7 Truck Parking", "General Comment": null, "Blackspot_Name": "Near BTL College Bus Stop", "Added": null, "Type of Collision Cleaned": "Unknown", "Context Mapping": "Along Service Road", "Combinations": "Unknown,Along Service Road", "Time of Day": "Midday 1 (12-3)" }, "geometry": { "type": "Point", "coordinates": [ 77.69313, 12.81369 ] } },
{ "type": "Feature", "properties": { "fid": 238, "FIR_No": "0090/2022", "PolSt": "Hebbagodi PS", "layer": "BR Vehicular Crash 2022", "ID": "0090/2022/Hebbagodi PS", "Sub Division": "Anekal Sub Division", "Year": 2022, "Lat": 12.83195, "Long": 77.68076, "Count_Killed": 1, "Count_NonFatal": 0, "Total Victims": 1, "Victim Vehicle": "2W", "Victim Age": "35", "Victim Gender": "Male", "Victim02 Age": "-", "Victim02 Gender": "-", "Victim03 Age": "-", "Victim03 Gender": "-", "Accused Vehicle": "LMV", "Accused Age": "Unknown", "Accused Gender": "Male", "Accused Vehicle 02": "-", "Accused Age 02": "-", "Accused Gender 02": "-", "Day": "Saturday", "Time Stamp": "00:00:00", "Full Address": "BANGALORE HOSUR N H 44 INFRONT OF THES F S COLLAGE, ROAD \nATTIBELE HOBLI ANEKAL TQ,Bengaluru Dist , Karnataka,", "Road Name": "Hosur-Bangalore Main Road", "NH": "NH 44", "FIR Contents": "The gist of the complaint filed by the complainant at the police station on 30-03-2022 at 2-30 pm is that my brother\nBabu of Bhadrareddy Building Muthurayappa Estate in Bommasandra Industrial Area by Anand SM.\nIn one of the rented houses, Igga lived in a rented house for 4 years and worked as a delivery boy in Denjo company.\nHe had done it. I often used to go to my elder brother's house. On 26-03-2022 around 10-30 PM\nYour Anna Anand call my mobile from Kaveri Nursing Home near Electronic City during the hour\nHe told that there was a road accident. I came to Kaveri nursing home from town after knowing the matter\nIt was seen that my elder brother was admitted to Prashar Hospital for further treatment, and then I was admitted to Prashar Hospital\nGo and see our brother.\nBengaluru Hosur NH at around 9-30 pm to return home on Yolo cycle.\nWhile approaching SFS College on road 44, Tata S vehicle no KA51-AG-4035 came from behind me.\nThe driver drove the vehicle too fast and recklessly and hit me, resulting in injuries to my head, back,\nI got bruised on my chest and hands and was admitted to Kaveri Hospital by a stranger.\nAfter that, he said that he had come to Prash Hospital for further treatment on the doctor's advice. Then I go to the place\nLook and discuss side by side and it is true that the Tata S vehicle that caused an accident at the place and\nYolo Cycle was also on site. Then I came back to the hospital and took care of my elder brother in the hospital\nI informed the family about the accident and came to the police station late today to file a complaint. Hence the cause of this accident\nLegal action should be taken against the driver of the above Tata S vehicle No. KA51-AG-4035.\nThe request will be a summary.", "Hit and Run": "Maybe", "Type of Collision": "Hit from Back", "Cause of Collision": "Overspeeding", "Road": "Main Road", "Context": null, "Infrastructure No": "No Speed Calming, No Signages", "Infrastructure Yes": null, "Additional": null, "General Comment": null, "Blackspot_Name": "Hebbagodi Metro Station", "Added": null, "Type of Collision Cleaned": "Hit from Back", "Context Mapping": "Along Main Road", "Combinations": "Hit from Back,Along Main Road", "Time of Day": "Mid Night(12-4)" }, "geometry": { "type": "Point", "coordinates": [ 77.68076, 12.83195 ] } },
{ "type": "Feature", "properties": { "fid": 239, "FIR_No": "0205/2022", "PolSt": "Hebbagodi PS", "layer": "BR Vehicular Crash 2022", "ID": "0205/2022/Hebbagodi PS", "Sub Division": "Anekal Sub Division", "Year": 2022, "Lat": 12.80829, "Long": 77.69762, "Count_Killed": 1, "Count_NonFatal": 0, "Total Victims": 1, "Victim Vehicle": "2W", "Victim Age": "Unknown", "Victim Gender": "Male", "Victim02 Age": "-", "Victim02 Gender": "-", "Victim03 Age": "-", "Victim03 Gender": "-", "Accused Vehicle": "Lorry", "Accused Age": "Unknown", "Accused Gender": "Male", "Accused Vehicle 02": "-", "Accused Age 02": "-", "Accused Gender 02": "-", "Day": "Friday", "Time Stamp": "10:15:00", "Full Address": "NEAR INDIAN OIL PETROL BUNK, NH 44 MAIN ROAD, BOMMASANDRA, ANEKAL TQ,Bengaluru Dist , Karnataka,", "Road Name": "Hosur-Bangalore Main Road", "NH": "NH 44", "FIR Contents": "Date;- On 15/07/2022 at 13-00 hrs in the afternoon the complainant appeared in the police station and the gist of the complaint is that on 15/07/2022 at around 10-15 hrs in the morning I, residing at the above address, along with his brother Sampath, the owner of garments Mr. Baskar, where I work. Motorcycle KA-51, EG-5653 In order to go to Hosur for work, I was sitting in the back and going straight to NH 44 main road, Bommasandra Indian Oil Petrol Station, the tipper lorry driver who was going in front of us on the same route stopped the vehicle without giving any warning, as a result of which Sampath, who was driving a motorcycle, collided with the back of the lorry and we were down with the vehicle. When we saw the number of the tipper lorry, it was a tipper lorry The driver left without stopping his lorry, as a result of which we fell down along with the vehicle, Sampath Kumar suffered severe blood injuries on his head and face and immediately the public was in the ambulance. I and Sampath Kumar, who had blood injuries, died on the way before being taken to the best hospital near Chandapur. Therefore, a case has been registered and investigation has been initiated against the tipper lorry driver who stopped at the road without warning and drove away without stopping and causing the accident.", "Hit and Run": "Yes", "Type of Collision": "Hit from Back", "Cause of Collision": "Wrong Parking", "Road": "Main Road", "Context": null, "Infrastructure No": "No parking zone, No signage, No segregation for heavy vehicles", "Infrastructure Yes": null, "Additional": null, "General Comment": null, "Blackspot_Name": "Kithiganahalli Bus Stop", "Added": null, "Type of Collision Cleaned": "Hit from Back", "Context Mapping": "Along Main Road", "Combinations": "Hit from Back,Along Main Road", "Time of Day": "Morning Rush Hour (7-12)" }, "geometry": { "type": "Point", "coordinates": [ 77.69762, 12.80829 ] } },
{ "type": "Feature", "properties": { "fid": 240, "FIR_No": "0229/2022", "PolSt": "Hebbagodi PS", "layer": "BR Vehicular Crash 2022", "ID": "0229/2022/Hebbagodi PS", "Sub Division": "Anekal Sub Division", "Year": 2022, "Lat": 12.81924, "Long": 77.68885, "Count_Killed": 1, "Count_NonFatal": 0, "Total Victims": 1, "Victim Vehicle": "2W", "Victim Age": "19", "Victim Gender": "Male", "Victim02 Age": "-", "Victim02 Gender": "-", "Victim03 Age": "-", "Victim03 Gender": "-", "Accused Vehicle": "Unknown", "Accused Age": "Unknown", "Accused Gender": "Male", "Accused Vehicle 02": "-", "Accused Age 02": "-", "Accused Gender 02": "-", "Day": "Friday", "Time Stamp": "16:30:00", "Full Address": "NH 44 SERVICE ROAD INFRONT OF HONDAI SHOWROOM, BOMMASANDRA VILLAGE ATTIBELE HOBLI,Bengaluru Dist , Karnataka,", "Road Name": "Hosur-Bangalore Service Road", "NH": "NH 44", "FIR Contents": "Date: 31-07-2022 Accused M. The summary of the complaint filed by Nagesh at the police station is that on 29-07-2022 at around 5.00 pm, Shashidhar@murthy, a friend of my brother's son, called me and told Manohar that there has been an accident in front of Bommasandra Bridge Honda showroom and that he has been admitted to the hospital, come immediately. After going to the hospital, the story was true and I told Murthy about the accident Date in question: On 29-07-2022 at 4.30 pm Manohar's friend Darshan took two wheeler number KA 51 HU 1645 to go from Kachanayakanahalli village to Hunnoor Gate for work from Bommasandra NH 44 Service Road, in front of Honda showroom i.e. Bangalore. from the side The driver of the Tata Ace vehicle drove his vehicle at a high speed and carelessly and collided with the two-wheeler driven by Manohar, as a result of which the vehicle fell down and there was blood on the head and face. Since Manohar does not have a father, he is being treated at the hospital and he is coming late today to complain, I request that the unknown Tata Ace driver who caused the accident and left without stopping the vehicle should be found and legal action should be taken.", "Hit and Run": "Yes", "Type of Collision": "Hit from Side", "Cause of Collision": "Overspeeding", "Road": "Service Road", "Context": "Near Showroom", "Infrastructure No": "No speed calming", "Infrastructure Yes": null, "Additional": null, "General Comment": null, "Blackspot_Name": "Bommasandra Metro Station", "Added": null, "Type of Collision Cleaned": "Hit from Side", "Context Mapping": "Along Service Road", "Combinations": "Hit from Side,Along Service Road", "Time of Day": "Midday 2 (3-6)" }, "geometry": { "type": "Point", "coordinates": [ 77.68885, 12.81924 ] } },
{ "type": "Feature", "properties": { "fid": 241, "FIR_No": "0264/2022", "PolSt": "Hebbagodi PS", "layer": "BR Vehicular Crash 2022", "ID": "0264/2022/Hebbagodi PS", "Sub Division": "Anekal Sub Division", "Year": 2022, "Lat": 12.81818, "Long": 77.68945, "Count_Killed": 1, "Count_NonFatal": 1, "Total Victims": 2, "Victim Vehicle": "2W", "Victim Age": "27", "Victim Gender": "Male", "Victim02 Age": "Unknown", "Victim02 Gender": "Female", "Victim03 Age": "-", "Victim03 Gender": "-", "Accused Vehicle": "Lorry", "Accused Age": "Unknown", "Accused Gender": "Male", "Accused Vehicle 02": "-", "Accused Age 02": "-", "Accused Gender 02": "-", "Day": "Tuesday", "Time Stamp": "20:50:00", "Full Address": "D MART NEAR, BANGALORE-Hosur SERVICE ROAD NEAR, BHARTH \nPETROL BUNK , BOMMASANDRA, ANEKAL TALUK,Bengaluru Dist", "Road Name": "Hosur-Bangalore Service Road", "NH": "NH 44", "FIR Contents": "Date:31/8/2022 at 9-00 am in the police station of the complainant, the gist of the complaint is that on date:30/8/2022 the complainant and husband Ravi G.M bought goods from D-mart near Bommasandra Priover on the occasion of Ganesha festival. To do so, K.A 51 Ex. belonging to the plaintiff 0534 Dio came on a two-wheeler, bought goods and went back home, came from Demart to Bangalore-Hosur NH service road, and while going on the two-wheeler to the road towards Service Road, Hosur, went to Bharat Petrol Station which is a little ahead of D. Mart and got petrol. The plaintiff and the plaintiff's husband on a two-wheeler came to the road and complained While the two were going, the driver of Icher Canter Vehicle No. KA 01 AC 2530 from Bangalore side drove at high speed and recklessly and hit the two-wheeler at around 8-50 pm. As a result of the fall, the plaintiff's husband was injured due to the wheel of the vehicle falling on his head The summary of the complaint given is that he died due to bleeding, the complainant also suffered head injuries.", "Hit and Run": "Maybe", "Type of Collision": "Head On", "Cause of Collision": "Overspeeding", "Road": "Service Road", "Context": "Near Petrol Pump", "Infrastructure No": "No Speed Calming, No Signages", "Infrastructure Yes": null, "Additional": "Two way movement in service road", "General Comment": null, "Blackspot_Name": "Bommasandra Metro Station", "Added": null, "Type of Collision Cleaned": "Head On", "Context Mapping": "Petrol Pump", "Combinations": "Head On,Petrol Pump", "Time of Day": "Evening Rush Hour (6-9)" }, "geometry": { "type": "Point", "coordinates": [ 77.68945, 12.81818 ] } },
{ "type": "Feature", "properties": { "fid": 242, "FIR_No": "0326/2022", "PolSt": "Hebbagodi PS", "layer": "BR Vehicular Crash 2022", "ID": "0326/2022/Hebbagodi PS", "Sub Division": "Anekal Sub Division", "Year": 2022, "Lat": 12.81891, "Long": 77.68922, "Count_Killed": 1, "Count_NonFatal": 1, "Total Victims": 2, "Victim Vehicle": "2W", "Victim Age": "Unknown", "Victim Gender": "Male", "Victim02 Age": "Unknown", "Victim02 Gender": "Male", "Victim03 Age": "-", "Victim03 Gender": "-", "Accused Vehicle": "Lorry", "Accused Age": "Unknown", "Accused Gender": "Unknown", "Accused Vehicle 02": "-", "Accused Age 02": "-", "Accused Gender 02": "-", "Day": "Saturday", "Time Stamp": "00:00:00", "Full Address": "HOSUR BANGALORE N H 44 ROAD BOMMASANDRA FLYOVER, ATTIBELE \nHOBLE ANEKAL TQ,Bengaluru Dist , Karnataka,", "Road Name": "Hosur-Bangalore Main Road", "NH": "NH 44", "FIR Contents": "On 22-10-2022 at 12-30 noon the complainant appeared at the police station and the gist of the complaint is that on 22-10-2022 at around 11-40 am Sun Sera Company called my mobile and said Santosh on Bommasandra Priover, Hosur Bangalore NH 44 Road. And the lorry collided with Somaiya's coming vehicle He said there has been an accident, come quickly. Immediately I left the house and came to the spot and found that my sister's son Santosh had fallen under the lorry, the wheel of the lorry had torn the left leg of Santosh and the muscles had come out and he was dead. Later on inquiry, my younger son Santosh and his friend Somaiya on his Babu KA32-A-0184 motorcycle.. In the morning, around 11-30 am Somaiya was driving and Santosh was sitting on the back seat while coming from Chandapur towards Hebbagodi a lorry no TN90 from Hosur side. -C-5347 Ashoka Leyland company lorry whose driver was over speeding and As a result of careless driving and hitting a motorcycle which was going on the left side of the road, Santosh and Somaiya along with the motorcycle fell on the road and the rear wheel of the lorry tore Santosh on his waist and left leg and died in Samla due to severe bleeding injuries. Somaiya was also sent to Kaveri Hospital in an ambulance as the wheel of the lorry was torn off and his legs were badly bruised. In place, motorcycle and\nThe truck will be there. Therefore, the above lorry was driven too fast and recklessly by its driver and hit the motorcycle of Santosh and Somiya, the wheel of which came on the body of Santosh and the body of Santosh was left with bleeding wounds. He said that he would like it to be done It will be a summary.", "Hit and Run": "Maybe", "Type of Collision": "Hit from Back", "Cause of Collision": "Rough Driving", "Road": "Main Road", "Context": "At intersection", "Infrastructure No": "No Signage, No speed calming, No Segregation for Heavy Vehicles", "Infrastructure Yes": null, "Additional": null, "General Comment": null, "Blackspot_Name": "Bommasandra Metro Station", "Added": null, "Type of Collision Cleaned": "Hit from Back", "Context Mapping": "Intersection", "Combinations": "Hit from Back,Intersection", "Time of Day": "Mid Night(12-4)" }, "geometry": { "type": "Point", "coordinates": [ 77.68922, 12.81891 ] } },
{ "type": "Feature", "properties": { "fid": 243, "FIR_No": "0051/2022", "PolSt": "Suryanagar PS", "layer": "BR Vehicular Crash 2022", "ID": "0051/2022/Suryanagar PS", "Sub Division": "Anekal Sub Division", "Year": 2022, "Lat": 12.79227, "Long": 77.72749, "Count_Killed": 1, "Count_NonFatal": 0, "Total Victims": 1, "Victim Vehicle": "2W", "Victim Age": "30", "Victim Gender": "Male", "Victim02 Age": "-", "Victim02 Gender": "-", "Victim03 Age": "-", "Victim03 Gender": "-", "Accused Vehicle": "Lorry", "Accused Age": "Unknown", "Accused Gender": "Male", "Accused Vehicle 02": "-", "Accused Age 02": "-", "Accused Gender 02": "-", "Day": "Thursday", "Time Stamp": "19:30:00", "Full Address": "INFRONT OF ASHOK LEYLAND SERVICE CENTRE NEAR, CHANDAPURA \nLAKE DOMMASANDRA - CHANDAPURA MAIN ROAD,Bengaluru Dist ,", "Road Name": "Hosur-Bangalore Main Road", "NH": "NH 44", "FIR Contents": "Date : 18/02/2022 at 10-00 am Complainant Mr. Venkatesh Bin Mariyappa, Mr. Venkatesh Bin Mariappa, is the summary of the computerized complaint filed at the police station, I am residing with my family at the above address. I have been working as an auto driver at Auto Sand in Chandapur for about 10 years now. In our house... Chintamani resident Murali has been living on rent for about 3 years, Murali has been living in Tember near Mohan for about 3 years. He worked as a wage earner filling husks. Date: 17/02/2022 night I got a rental from Chandapur to Heila accordingly I picked up passengers in my auto, went to Heila, ali., dropped passengers, then returned to Chandapur, Date: 17/02/2022 around 7-30 pm. During Dommasandra - Chandapur main road, SRT near Kere Aeri of Chandapur village When Suresh Babu was going from Heilali towards Chandapur on the road opposite ASHOK LEYLAND SERVICE CENTRE, a canter vehicle was coming in front of me, the driver of the canter vehicle was driving his canter vehicle at high speed and recklessly and came to the right side of the road and was coming from the opposite side of the canter vehicle i.e. from Chandapura towards Heilali, a two Impact of collision with two-wheeler driver, two-wheeler driver, He fell on the road along with his wheeler. I parked my auto on the side of the road, went to the spot and saw that the driver of the two wheeler was Murali, a resident of Chintamani who was staying in our house on rent. Murali had bruises on his head and chest and lacerations on his limbs. Immediately I called 108 Ambulance, took Murali in the ambulance which arrived at the spot and sent him to Parsha Hospital for treatment. The number of the canter vehicle was seen to be KA-52 7958. Therefore, on the basis of the computerized complaint, legal action should be taken against the driver of the above canter vehicle who caused this accident.\nAn investigation will be conducted.", "Hit and Run": "Maybe", "Type of Collision": "Head On", "Cause of Collision": "Overspeeding", "Road": "Service Road", "Context": "Local Road T intersection 700 m away. Nearest Intersection (opp direction of accused) ~1 kilometres away but no merge point on the way to go to the main road. Intersection in the direction of the accused is ~1.7 km away.", "Infrastructure No": "No Speed Calming, No Signages, No lane demarcation", "Infrastructure Yes": null, "Additional": "Two way movement in service road", "General Comment": null, "Blackspot_Name": "Neraluru Bus Stop", "Added": null, "Type of Collision Cleaned": "Head On", "Context Mapping": "T Junction", "Combinations": "Head On,T Junction", "Time of Day": "Evening Rush Hour (6-9)" }, "geometry": { "type": "Point", "coordinates": [ 77.72749, 12.79227 ] } },
{ "type": "Feature", "properties": { "fid": 244, "FIR_No": "0082/2022", "PolSt": "Suryanagar PS", "layer": "BR Vehicular Crash 2022", "ID": "0082/2022/Suryanagar PS", "Sub Division": "Anekal Sub Division", "Year": 2022, "Lat": 12.80209, "Long": 77.7094, "Count_Killed": 2, "Count_NonFatal": 0, "Total Victims": 2, "Victim Vehicle": "2W", "Victim Age": "Unknown", "Victim Gender": "Male", "Victim02 Age": "-", "Victim02 Gender": "-", "Victim03 Age": "-", "Victim03 Gender": "-", "Accused Vehicle": "Unknown", "Accused Age": "Unknown", "Accused Gender": "Unknown", "Accused Vehicle 02": "-", "Accused Age 02": "-", "Accused Gender 02": "-", "Day": "Saturday", "Time Stamp": "06:45:00", "Full Address": "BANGALORE HOSUR NH7 ROAD, NEAR RAILWAY TRACK, OLD \nCHANDAPURA, ANEKAL TALUK,Bengaluru Dist , Karnataka,", "Road Name": "Hosur-Bangalore Main Road", "NH": "NH 44", "FIR Contents": "Date: 19-03-2022 at 9-00 a.m. The summary of the complaint filed at the accused station is that I, my wife Chinnamma have three children, firstly Manjula, secondly Meenakshi, thirdly Srinivasa. My two daughters are married and stay in their husband's house. My son Srinivasa works as a water man in Chandapur municipality, my son got married to Lakshmi about 20 years ago and they have three children first Chandana, 2nd Nandita, 3rd Likhit. Like every day on this day 19-03-2022 my son said he is going to work in the morning and went on KA51 L 2809 CBZ motorcycle. When I was at home around 7-15 in the morning, the people from Namur came and told your son Srinivasa that there was an accident near the railway track of Old Chandapur. Immediately I went and saw that my son Srinivasa and another woman named Bhagamma died on the spot due to severe bleeding injuries on their head, arms and legs. Inquiring about the accident, this morning at around 6-45 am my son Srinivasa riding a KA51 L 2809 CBZ motorcycle with Bhagyamma on the back was going near the railway track of Bangalore - Hosur NH 7 road, Old Chandapur when an unknown vehicle was hit by an unknown vehicle due to excessive speed and carelessness. As a result of driving and hitting a collision and leaving without stopping, the motor He said that Bhagyamma, who was living on rent in Chandramma's house in Nammur, who was sitting on the back of the bicycle, my son Srinivasa and Bhagyamma died on the spot due to severe bleeding injuries on the head and hands. Therefore, a case has been registered after receiving the complaint that the above unknown vehicle and driver responsible for this accident should be found and legal action should be taken.", "Hit and Run": "Yes", "Type of Collision": "Hit from Back", "Cause of Collision": "Overspeeding", "Road": "Main Road", "Context": "Up ramp/Merge Point and MRP Liquour store 90 m behind", "Infrastructure No": "No Speed Calming, No Signages", "Infrastructure Yes": null, "Additional": "No speed calming near up ramp and merge point", "General Comment": null, "Blackspot_Name": null, "Added": null, "Type of Collision Cleaned": "Hit from Back", "Context Mapping": "Access Point", "Combinations": "Hit from Back,Access Point", "Time of Day": "Early Morning (4-7)" }, "geometry": { "type": "Point", "coordinates": [ 77.7094, 12.80209 ] } }
]
}
